xml:id,corresp
ATTENDANTS.0.1_R3,#ATTENDANTS_R3
ATTENDANTS.0_R3,#ATTENDANTS_R3
ATTENDANTS.RICHMOND.0.1_R3,#ATTENDANTS.RICHMOND_R3
ATTENDANTS.RICHMOND_R3,#ATTENDANTS_R3
ATTENDANTS_R3,
Archbishop_R3,
BISHOPS_R3,
BishopOfEly_R3,
Blunt_R3,
Brakenbury_R3,
Brandon_R3,
Buckingham_R3,
CITIZENS.0_R3,#CITIZENS_R3
CITIZENS.1_R3,#CITIZENS_R3
CITIZENS.2_R3,#CITIZENS_R3
CITIZENS.3_R3,#CITIZENS_R3
CITIZENS_R3,
Cardinal_R3,
Catesby_R3,
Clarence_3H6,
ClarencesBoy_R3,
ClarencesDaughter_R3,
Dorset_R3,
DuchessOfYork_R3,
EdwardIV_3H6,
EdwardV_R3,
GENTLEMEN.0.1_R3,#GENTLEMEN_R3
GENTLEMEN.0_R3,#GENTLEMEN_R3
GENTLEMEN_R3,
GHOSTS_R3,
GUARDS_R3,
Grey_R3,
Hastings_3H6,
HenryVII_R3,
HenryVI_1H6,
Herbert_R3,
Jailer_R3,
LadyAnne_R3,
Lovell_R3,
MESSENGERS.1_R3,#MESSENGERS_R3
MESSENGERS.2_R3,#MESSENGERS_R3
MESSENGERS.3_R3,#MESSENGERS_R3
MESSENGERS.4_R3,#MESSENGERS_R3
MESSENGERS.X.1_R3,#MESSENGERS_R3
MESSENGERS.X.2_R3,#MESSENGERS_R3
MESSENGERS.X.3_R3,#MESSENGERS_R3
MESSENGERS_R3,
MURDERERS.1_R3,#MURDERERS_R3
MURDERERS.2_R3,#MURDERERS_R3
MURDERERS_R3,
MayorOfLondon_R3,
Norfolk_R3,
Oxford_3H6,
PrinceEdward_3H6,
Pursuivant_R3,
QueenElizabeth_3H6,
QueenMargaret_1H6,
Ratcliffe_R3,
RichardIII_R3,
Rivers_3H6,
SOLDIERS.RICHARD.0_R3,#SOLDIERS.RICHARD_R3
SOLDIERS.RICHARD_R3,#SOLDIERS_R3
SOLDIERS.RICHMOND_R3,#SOLDIERS_R3
SOLDIERS_R3,
Scales_R3,
Scrivener_R3,
Sheriff_R3,
SirChristopher_R3,
SirJohn_R3,
Stanley_R3,
Surrey_R3,
Tyrrel_R3,
Vaughan_R3,
Woodeville_R3,
York_R3,
