act,scene,stagegroup,stagegroup_raw,setting,onstage,speaker,n_lines,n_tokens
1,1,1,1,1,#Archidamus_WT #Camillo_WT,#Archidamus_WT,4,34
1,1,1,1,2,#Archidamus_WT #Camillo_WT,#Camillo_WT,3,20
1,1,1,1,3,#Archidamus_WT #Camillo_WT,#Archidamus_WT,2,15
1,1,1,1,4,#Archidamus_WT #Camillo_WT,#Camillo_WT,1,2
1,1,1,1,5,#Archidamus_WT #Camillo_WT,#Archidamus_WT,6,47
1,1,1,1,6,#Archidamus_WT #Camillo_WT,#Camillo_WT,2,11
1,1,1,1,7,#Archidamus_WT #Camillo_WT,#Archidamus_WT,3,17
1,1,1,1,8,#Archidamus_WT #Camillo_WT,#Camillo_WT,12,89
1,1,1,1,9,#Archidamus_WT #Camillo_WT,#Archidamus_WT,5,39
1,1,1,1,10,#Archidamus_WT #Camillo_WT,#Camillo_WT,5,44
1,1,1,1,11,#Archidamus_WT #Camillo_WT,#Archidamus_WT,1,7
1,1,1,1,12,#Archidamus_WT #Camillo_WT,#Camillo_WT,2,13
1,1,1,1,13,#Archidamus_WT #Camillo_WT,#Archidamus_WT,2,17
1,2,2,3,14,#ATTENDANTS_WT #Camillo_WT #Hermione_WT #Leontes_WT #Mamillius_WT #Polixenes_WT,#Polixenes_WT,9,67
1,2,2,3,15,#ATTENDANTS_WT #Camillo_WT #Hermione_WT #Leontes_WT #Mamillius_WT #Polixenes_WT,#Leontes_WT,2,10
1,2,2,3,16,#ATTENDANTS_WT #Camillo_WT #Hermione_WT #Leontes_WT #Mamillius_WT #Polixenes_WT,#Polixenes_WT,6,44
1,2,2,3,17,#ATTENDANTS_WT #Camillo_WT #Hermione_WT #Leontes_WT #Mamillius_WT #Polixenes_WT,#Leontes_WT,2,11
1,2,2,3,18,#ATTENDANTS_WT #Camillo_WT #Hermione_WT #Leontes_WT #Mamillius_WT #Polixenes_WT,#Polixenes_WT,1,3
1,2,2,3,19,#ATTENDANTS_WT #Camillo_WT #Hermione_WT #Leontes_WT #Mamillius_WT #Polixenes_WT,#Leontes_WT,1,3
1,2,2,3,20,#ATTENDANTS_WT #Camillo_WT #Hermione_WT #Leontes_WT #Mamillius_WT #Polixenes_WT,#Polixenes_WT,1,3
1,2,2,3,21,#ATTENDANTS_WT #Camillo_WT #Hermione_WT #Leontes_WT #Mamillius_WT #Polixenes_WT,#Leontes_WT,2,13
1,2,2,3,22,#ATTENDANTS_WT #Camillo_WT #Hermione_WT #Leontes_WT #Mamillius_WT #Polixenes_WT,#Polixenes_WT,10,72
1,2,2,3,23,#ATTENDANTS_WT #Camillo_WT #Hermione_WT #Leontes_WT #Mamillius_WT #Polixenes_WT,#Leontes_WT,2,5
1,2,2,3,24,#ATTENDANTS_WT #Camillo_WT #Hermione_WT #Leontes_WT #Mamillius_WT #Polixenes_WT,#Hermione_WT,6,50
1,2,2,3,25,#ATTENDANTS_WT #Camillo_WT #Hermione_WT #Leontes_WT #Mamillius_WT #Polixenes_WT,#Leontes_WT,1,3
1,2,2,3,26,#ATTENDANTS_WT #Camillo_WT #Hermione_WT #Leontes_WT #Mamillius_WT #Polixenes_WT,#Hermione_WT,12,94
1,2,2,3,27,#ATTENDANTS_WT #Camillo_WT #Hermione_WT #Leontes_WT #Mamillius_WT #Polixenes_WT,#Polixenes_WT,1,2
1,2,2,3,28,#ATTENDANTS_WT #Camillo_WT #Hermione_WT #Leontes_WT #Mamillius_WT #Polixenes_WT,#Hermione_WT,1,4
1,2,2,3,29,#ATTENDANTS_WT #Camillo_WT #Hermione_WT #Leontes_WT #Mamillius_WT #Polixenes_WT,#Polixenes_WT,1,4
1,2,2,3,30,#ATTENDANTS_WT #Camillo_WT #Hermione_WT #Leontes_WT #Mamillius_WT #Polixenes_WT,#Hermione_WT,12,87
1,2,2,3,31,#ATTENDANTS_WT #Camillo_WT #Hermione_WT #Leontes_WT #Mamillius_WT #Polixenes_WT,#Polixenes_WT,4,23
1,2,2,3,32,#ATTENDANTS_WT #Camillo_WT #Hermione_WT #Leontes_WT #Mamillius_WT #Polixenes_WT,#Hermione_WT,4,27
1,2,2,3,33,#ATTENDANTS_WT #Camillo_WT #Hermione_WT #Leontes_WT #Mamillius_WT #Polixenes_WT,#Polixenes_WT,4,25
1,2,2,3,34,#ATTENDANTS_WT #Camillo_WT #Hermione_WT #Leontes_WT #Mamillius_WT #Polixenes_WT,#Hermione_WT,2,10
1,2,2,3,35,#ATTENDANTS_WT #Camillo_WT #Hermione_WT #Leontes_WT #Mamillius_WT #Polixenes_WT,#Polixenes_WT,10,66
1,2,2,3,36,#ATTENDANTS_WT #Camillo_WT #Hermione_WT #Leontes_WT #Mamillius_WT #Polixenes_WT,#Hermione_WT,2,8
1,2,2,3,37,#ATTENDANTS_WT #Camillo_WT #Hermione_WT #Leontes_WT #Mamillius_WT #Polixenes_WT,#Polixenes_WT,5,36
1,2,2,3,38,#ATTENDANTS_WT #Camillo_WT #Hermione_WT #Leontes_WT #Mamillius_WT #Polixenes_WT,#Hermione_WT,7,53
1,2,2,3,39,#ATTENDANTS_WT #Camillo_WT #Hermione_WT #Leontes_WT #Mamillius_WT #Polixenes_WT,#Leontes_WT,1,4
1,2,2,3,40,#ATTENDANTS_WT #Camillo_WT #Hermione_WT #Leontes_WT #Mamillius_WT #Polixenes_WT,#Hermione_WT,1,4
1,2,2,3,41,#ATTENDANTS_WT #Camillo_WT #Hermione_WT #Leontes_WT #Mamillius_WT #Polixenes_WT,#Leontes_WT,3,15
1,2,2,3,42,#ATTENDANTS_WT #Camillo_WT #Hermione_WT #Leontes_WT #Mamillius_WT #Polixenes_WT,#Hermione_WT,1,1
1,2,2,3,43,#ATTENDANTS_WT #Camillo_WT #Hermione_WT #Leontes_WT #Mamillius_WT #Polixenes_WT,#Leontes_WT,1,3
1,2,2,3,44,#ATTENDANTS_WT #Camillo_WT #Hermione_WT #Leontes_WT #Mamillius_WT #Polixenes_WT,#Hermione_WT,13,108
1,2,2,3,45,#ATTENDANTS_WT #Camillo_WT #Hermione_WT #Leontes_WT #Mamillius_WT #Polixenes_WT,#Leontes_WT,6,34
1,2,2,3,46,#ATTENDANTS_WT #Camillo_WT #Hermione_WT #Leontes_WT #Mamillius_WT #Polixenes_WT,#Hermione_WT,4,28
1,2,2,3,47,#ATTENDANTS_WT #Camillo_WT #Hermione_WT #Leontes_WT #Mamillius_WT #Polixenes_WT,#Leontes_WT,13,100
1,2,2,3,48,#ATTENDANTS_WT #Camillo_WT #Hermione_WT #Leontes_WT #Mamillius_WT #Polixenes_WT,#Mamillius_WT,1,4
1,2,2,3,49,#ATTENDANTS_WT #Camillo_WT #Hermione_WT #Leontes_WT #Mamillius_WT #Polixenes_WT,#Leontes_WT,9,58
1,2,2,3,50,#ATTENDANTS_WT #Camillo_WT #Hermione_WT #Leontes_WT #Mamillius_WT #Polixenes_WT,#Mamillius_WT,1,6
1,2,2,3,51,#ATTENDANTS_WT #Camillo_WT #Hermione_WT #Leontes_WT #Mamillius_WT #Polixenes_WT,#Leontes_WT,21,157
1,2,2,3,52,#ATTENDANTS_WT #Camillo_WT #Hermione_WT #Leontes_WT #Mamillius_WT #Polixenes_WT,#Polixenes_WT,1,3
1,2,2,3,53,#ATTENDANTS_WT #Camillo_WT #Hermione_WT #Leontes_WT #Mamillius_WT #Polixenes_WT,#Hermione_WT,1,4
1,2,2,3,54,#ATTENDANTS_WT #Camillo_WT #Hermione_WT #Leontes_WT #Mamillius_WT #Polixenes_WT,#Polixenes_WT,1,3
1,2,2,3,55,#ATTENDANTS_WT #Camillo_WT #Hermione_WT #Leontes_WT #Mamillius_WT #Polixenes_WT,#Leontes_WT,1,9
1,2,2,3,56,#ATTENDANTS_WT #Camillo_WT #Hermione_WT #Leontes_WT #Mamillius_WT #Polixenes_WT,#Hermione_WT,3,16
1,2,2,3,57,#ATTENDANTS_WT #Camillo_WT #Hermione_WT #Leontes_WT #Mamillius_WT #Polixenes_WT,#Leontes_WT,12,84
1,2,2,3,58,#ATTENDANTS_WT #Camillo_WT #Hermione_WT #Leontes_WT #Mamillius_WT #Polixenes_WT,#Mamillius_WT,1,5
1,2,2,3,59,#ATTENDANTS_WT #Camillo_WT #Hermione_WT #Leontes_WT #Mamillius_WT #Polixenes_WT,#Leontes_WT,3,26
1,2,2,3,60,#ATTENDANTS_WT #Camillo_WT #Hermione_WT #Leontes_WT #Mamillius_WT #Polixenes_WT,#Polixenes_WT,7,48
1,2,2,3,61,#ATTENDANTS_WT #Camillo_WT #Hermione_WT #Leontes_WT #Mamillius_WT #Polixenes_WT,#Leontes_WT,8,50
1,2,2,3,62,#ATTENDANTS_WT #Camillo_WT #Hermione_WT #Leontes_WT #Mamillius_WT #Polixenes_WT,#Hermione_WT,2,16
1,2,2,3,63,#ATTENDANTS_WT #Camillo_WT #Hermione_WT #Leontes_WT #Mamillius_WT #Polixenes_WT,#Leontes_WT,7,54
1,2,3,4,64,#Camillo_WT #Leontes_WT #Mamillius_WT,#Leontes_WT,26,198
1,2,3,4,65,#Camillo_WT #Leontes_WT #Mamillius_WT,#Mamillius_WT,1,6
1,2,3,4,66,#Camillo_WT #Leontes_WT #Mamillius_WT,#Leontes_WT,2,7
1,2,3,4,67,#Camillo_WT #Leontes_WT #Mamillius_WT,#Camillo_WT,1,4
1,2,3,4,68,#Camillo_WT #Leontes_WT #Mamillius_WT,#Leontes_WT,1,8
1,2,4,5,69,#Camillo_WT #Leontes_WT,#Leontes_WT,1,8
1,2,4,5,70,#Camillo_WT #Leontes_WT,#Camillo_WT,2,17
1,2,4,5,71,#Camillo_WT #Leontes_WT,#Leontes_WT,1,3
1,2,4,5,72,#Camillo_WT #Leontes_WT,#Camillo_WT,2,12
1,2,4,5,73,#Camillo_WT #Leontes_WT,#Leontes_WT,6,31
1,2,4,5,74,#Camillo_WT #Leontes_WT,#Camillo_WT,1,5
1,2,4,5,75,#Camillo_WT #Leontes_WT,#Leontes_WT,8,62
1,2,4,5,76,#Camillo_WT #Leontes_WT,#Camillo_WT,2,11
1,2,4,5,77,#Camillo_WT #Leontes_WT,#Leontes_WT,1,1
1,2,4,5,78,#Camillo_WT #Leontes_WT,#Camillo_WT,1,3
1,2,4,5,79,#Camillo_WT #Leontes_WT,#Leontes_WT,1,3
1,2,4,5,80,#Camillo_WT #Leontes_WT,#Camillo_WT,2,12
1,2,4,5,81,#Camillo_WT #Leontes_WT,#Leontes_WT,9,55
1,2,4,5,82,#Camillo_WT #Leontes_WT,#Camillo_WT,1,5
1,2,4,5,83,#Camillo_WT #Leontes_WT,#Leontes_WT,10,62
1,2,4,5,84,#Camillo_WT #Leontes_WT,#Camillo_WT,19,133
1,2,4,5,85,#Camillo_WT #Leontes_WT,#Leontes_WT,12,91
1,2,4,5,86,#Camillo_WT #Leontes_WT,#Camillo_WT,6,42
1,2,4,5,87,#Camillo_WT #Leontes_WT,#Leontes_WT,13,96
1,2,4,5,88,#Camillo_WT #Leontes_WT,#Camillo_WT,3,15
1,2,4,5,89,#Camillo_WT #Leontes_WT,#Leontes_WT,1,5
1,2,4,5,90,#Camillo_WT #Leontes_WT,#Camillo_WT,1,4
1,2,4,5,91,#Camillo_WT #Leontes_WT,#Leontes_WT,8,60
1,2,4,5,92,#Camillo_WT #Leontes_WT,#Camillo_WT,1,4
1,2,4,5,93,#Camillo_WT #Leontes_WT,#Leontes_WT,12,94
1,2,4,5,94,#Camillo_WT #Leontes_WT,#Camillo_WT,6,45
1,2,4,5,95,#Camillo_WT #Leontes_WT,#Leontes_WT,10,77
1,2,4,5,96,#Camillo_WT #Leontes_WT,#Camillo_WT,7,52
1,2,4,5,97,#Camillo_WT #Leontes_WT,#Leontes_WT,3,22
1,2,4,5,98,#Camillo_WT #Leontes_WT,#Camillo_WT,6,38
1,2,4,5,99,#Camillo_WT #Leontes_WT,#Leontes_WT,3,21
1,2,4,5,100,#Camillo_WT #Leontes_WT,#Camillo_WT,1,5
1,2,4,5,101,#Camillo_WT #Leontes_WT,#Leontes_WT,1,9
1,2,5,6,102,#Camillo_WT,#Camillo_WT,14,109
1,2,6,7,103,#Camillo_WT #Polixenes_WT,#Polixenes_WT,3,15
1,2,6,7,104,#Camillo_WT #Polixenes_WT,#Camillo_WT,1,4
1,2,6,7,105,#Camillo_WT #Polixenes_WT,#Polixenes_WT,1,7
1,2,6,7,106,#Camillo_WT #Polixenes_WT,#Camillo_WT,1,4
1,2,6,7,107,#Camillo_WT #Polixenes_WT,#Polixenes_WT,8,62
1,2,6,7,108,#Camillo_WT #Polixenes_WT,#Camillo_WT,2,6
1,2,6,7,109,#Camillo_WT #Polixenes_WT,#Polixenes_WT,8,63
1,2,6,7,110,#Camillo_WT #Polixenes_WT,#Camillo_WT,4,27
1,2,6,7,111,#Camillo_WT #Polixenes_WT,#Polixenes_WT,13,77
1,2,6,7,112,#Camillo_WT #Polixenes_WT,#Camillo_WT,1,4
1,2,6,7,113,#Camillo_WT #Polixenes_WT,#Polixenes_WT,9,73
1,2,6,7,114,#Camillo_WT #Polixenes_WT,#Camillo_WT,6,45
1,2,6,7,115,#Camillo_WT #Polixenes_WT,#Polixenes_WT,1,3
1,2,6,7,116,#Camillo_WT #Polixenes_WT,#Camillo_WT,1,7
1,2,6,7,117,#Camillo_WT #Polixenes_WT,#Polixenes_WT,1,3
1,2,6,7,118,#Camillo_WT #Polixenes_WT,#Camillo_WT,1,3
1,2,6,7,119,#Camillo_WT #Polixenes_WT,#Polixenes_WT,1,2
1,2,6,7,120,#Camillo_WT #Polixenes_WT,#Camillo_WT,4,29
1,2,6,7,121,#Camillo_WT #Polixenes_WT,#Polixenes_WT,8,58
1,2,6,7,122,#Camillo_WT #Polixenes_WT,#Camillo_WT,8,55
1,2,6,7,123,#Camillo_WT #Polixenes_WT,#Polixenes_WT,1,4
1,2,6,7,124,#Camillo_WT #Polixenes_WT,#Camillo_WT,16,119
1,2,6,7,125,#Camillo_WT #Polixenes_WT,#Polixenes_WT,17,132
1,2,6,7,126,#Camillo_WT #Polixenes_WT,#Camillo_WT,3,24
2,1,7,9,127,#Hermione_WT #LADIES_WT #Mamillius_WT,#Hermione_WT,2,12
2,1,8,10,128,#Hermione_WT #LADIES.0.1_WT #LADIES_WT #Mamillius_WT,#LADIES.0.1_WT,2,9
2,1,8,10,129,#Hermione_WT #LADIES.0.1_WT #LADIES_WT #Mamillius_WT,#Mamillius_WT,1,5
2,1,8,10,130,#Hermione_WT #LADIES.0.1_WT #LADIES_WT #Mamillius_WT,#LADIES.0.1_WT,1,4
2,1,8,10,131,#Hermione_WT #LADIES.0.1_WT #LADIES_WT #Mamillius_WT,#Mamillius_WT,2,19
2,1,9,11,132,#Hermione_WT #LADIES.0.1_WT #LADIES.0.2_WT #LADIES_WT #Mamillius_WT,#LADIES.0.2_WT,1,5
2,1,9,11,133,#Hermione_WT #LADIES.0.1_WT #LADIES.0.2_WT #LADIES_WT #Mamillius_WT,#Mamillius_WT,5,36
2,1,9,11,134,#Hermione_WT #LADIES.0.1_WT #LADIES.0.2_WT #LADIES_WT #Mamillius_WT,#LADIES.0.2_WT,1,3
2,1,9,11,135,#Hermione_WT #LADIES.0.1_WT #LADIES.0.2_WT #LADIES_WT #Mamillius_WT,#Mamillius_WT,2,14
2,1,9,11,136,#Hermione_WT #LADIES.0.1_WT #LADIES.0.2_WT #LADIES_WT #Mamillius_WT,#LADIES.0.1_WT,1,3
2,1,9,11,137,#Hermione_WT #LADIES.0.1_WT #LADIES.0.2_WT #LADIES_WT #Mamillius_WT,#Mamillius_WT,2,18
2,1,9,11,138,#Hermione_WT #LADIES.0.1_WT #LADIES.0.2_WT #LADIES_WT #Mamillius_WT,#LADIES.0.1_WT,5,33
2,1,9,11,139,#Hermione_WT #LADIES.0.1_WT #LADIES.0.2_WT #LADIES_WT #Mamillius_WT,#LADIES.0.2_WT,2,13
2,1,9,11,140,#Hermione_WT #LADIES.0.1_WT #LADIES.0.2_WT #LADIES_WT #Mamillius_WT,#Hermione_WT,3,23
2,1,9,11,141,#Hermione_WT #LADIES.0.1_WT #LADIES.0.2_WT #LADIES_WT #Mamillius_WT,#Mamillius_WT,1,6
2,1,9,11,142,#Hermione_WT #LADIES.0.1_WT #LADIES.0.2_WT #LADIES_WT #Mamillius_WT,#Hermione_WT,1,5
2,1,9,11,143,#Hermione_WT #LADIES.0.1_WT #LADIES.0.2_WT #LADIES_WT #Mamillius_WT,#Mamillius_WT,2,13
2,1,9,11,144,#Hermione_WT #LADIES.0.1_WT #LADIES.0.2_WT #LADIES_WT #Mamillius_WT,#Hermione_WT,3,25
2,1,9,11,145,#Hermione_WT #LADIES.0.1_WT #LADIES.0.2_WT #LADIES_WT #Mamillius_WT,#Mamillius_WT,1,4
2,1,9,11,146,#Hermione_WT #LADIES.0.1_WT #LADIES.0.2_WT #LADIES_WT #Mamillius_WT,#Hermione_WT,1,6
2,1,9,11,147,#Hermione_WT #LADIES.0.1_WT #LADIES.0.2_WT #LADIES_WT #Mamillius_WT,#Mamillius_WT,2,15
2,1,9,11,148,#Hermione_WT #LADIES.0.1_WT #LADIES.0.2_WT #LADIES_WT #Mamillius_WT,#Hermione_WT,1,10
2,1,10,12,149,#ATTENDANTS_WT #Antigonus_WT #Hermione_WT #LADIES.0.1_WT #LADIES.0.2_WT #LADIES_WT #Leontes_WT #Mamillius_WT,#Leontes_WT,1,9
2,1,11,13,150,#ATTENDANTS.0.1_WT #ATTENDANTS_WT #Antigonus_WT #Hermione_WT #LADIES.0.1_WT #LADIES.0.2_WT #LADIES_WT #Leontes_WT #Mamillius_WT,#ATTENDANTS.0.1_WT,3,24
2,1,11,13,151,#ATTENDANTS.0.1_WT #ATTENDANTS_WT #Antigonus_WT #Hermione_WT #LADIES.0.1_WT #LADIES.0.2_WT #LADIES_WT #Leontes_WT #Mamillius_WT,#Leontes_WT,18,139
2,1,11,13,152,#ATTENDANTS.0.1_WT #ATTENDANTS_WT #Antigonus_WT #Hermione_WT #LADIES.0.1_WT #LADIES.0.2_WT #LADIES_WT #Leontes_WT #Mamillius_WT,#ATTENDANTS.0.1_WT,3,15
2,1,11,13,153,#ATTENDANTS.0.1_WT #ATTENDANTS_WT #Antigonus_WT #Hermione_WT #LADIES.0.1_WT #LADIES.0.2_WT #LADIES_WT #Leontes_WT #Mamillius_WT,#Leontes_WT,5,33
2,1,11,13,154,#ATTENDANTS.0.1_WT #ATTENDANTS_WT #Antigonus_WT #Hermione_WT #LADIES.0.1_WT #LADIES.0.2_WT #LADIES_WT #Leontes_WT #Mamillius_WT,#Hermione_WT,1,4
2,1,11,13,155,#ATTENDANTS.0.1_WT #ATTENDANTS_WT #Antigonus_WT #Hermione_WT #LADIES.0.1_WT #LADIES.0.2_WT #LADIES_WT #Leontes_WT #Mamillius_WT,#Leontes_WT,5,31
2,1,12,14,156,#ATTENDANTS.0.1_WT #ATTENDANTS_WT #Antigonus_WT #Hermione_WT #LADIES.0.1_WT #LADIES.0.2_WT #LADIES_WT #Leontes_WT,#Hermione_WT,3,21
2,1,12,14,157,#ATTENDANTS.0.1_WT #ATTENDANTS_WT #Antigonus_WT #Hermione_WT #LADIES.0.1_WT #LADIES.0.2_WT #LADIES_WT #Leontes_WT,#Leontes_WT,16,115
2,1,12,14,158,#ATTENDANTS.0.1_WT #ATTENDANTS_WT #Antigonus_WT #Hermione_WT #LADIES.0.1_WT #LADIES.0.2_WT #LADIES_WT #Leontes_WT,#Hermione_WT,4,24
2,1,12,14,159,#ATTENDANTS.0.1_WT #ATTENDANTS_WT #Antigonus_WT #Hermione_WT #LADIES.0.1_WT #LADIES.0.2_WT #LADIES_WT #Leontes_WT,#Leontes_WT,15,105
2,1,12,14,160,#ATTENDANTS.0.1_WT #ATTENDANTS_WT #Antigonus_WT #Hermione_WT #LADIES.0.1_WT #LADIES.0.2_WT #LADIES_WT #Leontes_WT,#Hermione_WT,6,42
2,1,12,14,161,#ATTENDANTS.0.1_WT #ATTENDANTS_WT #Antigonus_WT #Hermione_WT #LADIES.0.1_WT #LADIES.0.2_WT #LADIES_WT #Leontes_WT,#Leontes_WT,6,41
2,1,12,14,162,#ATTENDANTS.0.1_WT #ATTENDANTS_WT #Antigonus_WT #Hermione_WT #LADIES.0.1_WT #LADIES.0.2_WT #LADIES_WT #Leontes_WT,#Hermione_WT,11,82
2,1,12,14,163,#ATTENDANTS.0.1_WT #ATTENDANTS_WT #Antigonus_WT #Hermione_WT #LADIES.0.1_WT #LADIES.0.2_WT #LADIES_WT #Leontes_WT,#Leontes_WT,1,4
2,1,12,14,164,#ATTENDANTS.0.1_WT #ATTENDANTS_WT #Antigonus_WT #Hermione_WT #LADIES.0.1_WT #LADIES.0.2_WT #LADIES_WT #Leontes_WT,#Hermione_WT,10,81
2,1,12,14,165,#ATTENDANTS.0.1_WT #ATTENDANTS_WT #Antigonus_WT #Hermione_WT #LADIES.0.1_WT #LADIES.0.2_WT #LADIES_WT #Leontes_WT,#Leontes_WT,1,5
2,1,13,15,166,#ATTENDANTS.0.1_WT #ATTENDANTS_WT #Antigonus_WT #LADIES.0.1_WT #LADIES.0.2_WT #Leontes_WT,#ATTENDANTS.0.1_WT,1,7
2,1,13,15,167,#ATTENDANTS.0.1_WT #ATTENDANTS_WT #Antigonus_WT #LADIES.0.1_WT #LADIES.0.2_WT #Leontes_WT,#Antigonus_WT,3,23
2,1,13,15,168,#ATTENDANTS.0.1_WT #ATTENDANTS_WT #Antigonus_WT #LADIES.0.1_WT #LADIES.0.2_WT #Leontes_WT,#ATTENDANTS.0.1_WT,5,41
2,1,13,15,169,#ATTENDANTS.0.1_WT #ATTENDANTS_WT #Antigonus_WT #LADIES.0.1_WT #LADIES.0.2_WT #Leontes_WT,#Antigonus_WT,7,50
2,1,13,15,170,#ATTENDANTS.0.1_WT #ATTENDANTS_WT #Antigonus_WT #LADIES.0.1_WT #LADIES.0.2_WT #Leontes_WT,#Leontes_WT,1,3
2,1,13,15,171,#ATTENDANTS.0.1_WT #ATTENDANTS_WT #Antigonus_WT #LADIES.0.1_WT #LADIES.0.2_WT #Leontes_WT,#ATTENDANTS.0.1_WT,1,3
2,1,13,15,172,#ATTENDANTS.0.1_WT #ATTENDANTS_WT #Antigonus_WT #LADIES.0.1_WT #LADIES.0.2_WT #Leontes_WT,#Antigonus_WT,12,91
2,1,13,15,173,#ATTENDANTS.0.1_WT #ATTENDANTS_WT #Antigonus_WT #LADIES.0.1_WT #LADIES.0.2_WT #Leontes_WT,#Leontes_WT,5,38
2,1,13,15,174,#ATTENDANTS.0.1_WT #ATTENDANTS_WT #Antigonus_WT #LADIES.0.1_WT #LADIES.0.2_WT #Leontes_WT,#Antigonus_WT,4,26
2,1,13,15,175,#ATTENDANTS.0.1_WT #ATTENDANTS_WT #Antigonus_WT #LADIES.0.1_WT #LADIES.0.2_WT #Leontes_WT,#Leontes_WT,1,4
2,1,13,15,176,#ATTENDANTS.0.1_WT #ATTENDANTS_WT #Antigonus_WT #LADIES.0.1_WT #LADIES.0.2_WT #Leontes_WT,#ATTENDANTS.0.1_WT,4,34
2,1,13,15,177,#ATTENDANTS.0.1_WT #ATTENDANTS_WT #Antigonus_WT #LADIES.0.1_WT #LADIES.0.2_WT #Leontes_WT,#Leontes_WT,10,69
2,1,13,15,178,#ATTENDANTS.0.1_WT #ATTENDANTS_WT #Antigonus_WT #LADIES.0.1_WT #LADIES.0.2_WT #Leontes_WT,#Antigonus_WT,3,17
2,1,13,15,179,#ATTENDANTS.0.1_WT #ATTENDANTS_WT #Antigonus_WT #LADIES.0.1_WT #LADIES.0.2_WT #Leontes_WT,#Leontes_WT,17,113
2,1,13,15,180,#ATTENDANTS.0.1_WT #ATTENDANTS_WT #Antigonus_WT #LADIES.0.1_WT #LADIES.0.2_WT #Leontes_WT,#ATTENDANTS.0.1_WT,2,4
2,1,13,15,181,#ATTENDANTS.0.1_WT #ATTENDANTS_WT #Antigonus_WT #LADIES.0.1_WT #LADIES.0.2_WT #Leontes_WT,#Leontes_WT,10,80
2,1,13,15,182,#ATTENDANTS.0.1_WT #ATTENDANTS_WT #Antigonus_WT #LADIES.0.1_WT #LADIES.0.2_WT #Leontes_WT,#Antigonus_WT,2,12
2,2,14,18,183,#ATTENDANTS.PAULINA_WT #Paulina_WT,#Paulina_WT,5,32
2,2,15,19,184,#ATTENDANTS.PAULINA.0.1_WT #ATTENDANTS.PAULINA_WT #Jailer_WT #Paulina_WT,#Paulina_WT,2,9
2,2,15,19,185,#ATTENDANTS.PAULINA.0.1_WT #ATTENDANTS.PAULINA_WT #Jailer_WT #Paulina_WT,#Jailer_WT,2,10
2,2,15,19,186,#ATTENDANTS.PAULINA.0.1_WT #ATTENDANTS.PAULINA_WT #Jailer_WT #Paulina_WT,#Paulina_WT,2,8
2,2,15,19,187,#ATTENDANTS.PAULINA.0.1_WT #ATTENDANTS.PAULINA_WT #Jailer_WT #Paulina_WT,#Jailer_WT,2,11
2,2,15,19,188,#ATTENDANTS.PAULINA.0.1_WT #ATTENDANTS.PAULINA_WT #Jailer_WT #Paulina_WT,#Paulina_WT,3,27
2,2,15,19,189,#ATTENDANTS.PAULINA.0.1_WT #ATTENDANTS.PAULINA_WT #Jailer_WT #Paulina_WT,#Jailer_WT,3,15
2,2,15,19,190,#ATTENDANTS.PAULINA.0.1_WT #ATTENDANTS.PAULINA_WT #Jailer_WT #Paulina_WT,#Paulina_WT,2,7
2,2,16,20,191,#ATTENDANTS.PAULINA.0.1_WT #Jailer_WT #Paulina_WT,#Jailer_WT,1,9
2,2,16,20,192,#ATTENDANTS.PAULINA.0.1_WT #Jailer_WT #Paulina_WT,#Paulina_WT,1,5
2,2,17,21,193,#ATTENDANTS.PAULINA.0.1_WT #Paulina_WT,#Paulina_WT,2,12
2,2,18,22,194,#ATTENDANTS.PAULINA.0.1_WT #Jailer_WT #LADIES.Emilia_WT #Paulina_WT,#Paulina_WT,2,7
2,2,18,22,195,#ATTENDANTS.PAULINA.0.1_WT #Jailer_WT #LADIES.Emilia_WT #Paulina_WT,#LADIES.Emilia_WT,4,31
2,2,18,22,196,#ATTENDANTS.PAULINA.0.1_WT #Jailer_WT #LADIES.Emilia_WT #Paulina_WT,#Paulina_WT,1,2
2,2,18,22,197,#ATTENDANTS.PAULINA.0.1_WT #Jailer_WT #LADIES.Emilia_WT #Paulina_WT,#LADIES.Emilia_WT,4,27
2,2,18,22,198,#ATTENDANTS.PAULINA.0.1_WT #Jailer_WT #LADIES.Emilia_WT #Paulina_WT,#Paulina_WT,15,108
2,2,18,22,199,#ATTENDANTS.PAULINA.0.1_WT #Jailer_WT #LADIES.Emilia_WT #Paulina_WT,#LADIES.Emilia_WT,10,69
2,2,18,22,200,#ATTENDANTS.PAULINA.0.1_WT #Jailer_WT #LADIES.Emilia_WT #Paulina_WT,#Paulina_WT,4,28
2,2,18,22,201,#ATTENDANTS.PAULINA.0.1_WT #Jailer_WT #LADIES.Emilia_WT #Paulina_WT,#LADIES.Emilia_WT,3,15
2,2,18,22,202,#ATTENDANTS.PAULINA.0.1_WT #Jailer_WT #LADIES.Emilia_WT #Paulina_WT,#Jailer_WT,3,23
2,2,18,22,203,#ATTENDANTS.PAULINA.0.1_WT #Jailer_WT #LADIES.Emilia_WT #Paulina_WT,#Paulina_WT,6,46
2,2,18,22,204,#ATTENDANTS.PAULINA.0.1_WT #Jailer_WT #LADIES.Emilia_WT #Paulina_WT,#Jailer_WT,1,4
2,2,18,22,205,#ATTENDANTS.PAULINA.0.1_WT #Jailer_WT #LADIES.Emilia_WT #Paulina_WT,#Paulina_WT,2,14
2,3,19,25,206,#Leontes_WT,#Leontes_WT,9,78
2,3,20,26,207,#Leontes_WT #SERVANTS.X.1_WT,#SERVANTS.X.1_WT,1,2
2,3,20,26,208,#Leontes_WT #SERVANTS.X.1_WT,#Leontes_WT,1,4
2,3,20,26,209,#Leontes_WT #SERVANTS.X.1_WT,#SERVANTS.X.1_WT,2,11
2,3,20,26,210,#Leontes_WT #SERVANTS.X.1_WT,#Leontes_WT,7,45
2,3,21,27,211,#Leontes_WT,#Leontes_WT,9,69
2,3,22,29,212,#ATTENDANTS.0.1_WT #ATTENDANTS_WT #Antigonus_WT #Leontes_WT #Paulina_WT #Perdita.Infant_WT #SERVANTS_WT,#ATTENDANTS.0.1_WT,1,4
2,3,22,29,213,#ATTENDANTS.0.1_WT #ATTENDANTS_WT #Antigonus_WT #Leontes_WT #Paulina_WT #Perdita.Infant_WT #SERVANTS_WT,#Paulina_WT,4,30
2,3,22,29,214,#ATTENDANTS.0.1_WT #ATTENDANTS_WT #Antigonus_WT #Leontes_WT #Paulina_WT #Perdita.Infant_WT #SERVANTS_WT,#Antigonus_WT,1,2
2,3,23,30,215,#ATTENDANTS.0.1_WT #ATTENDANTS_WT #Antigonus_WT #Leontes_WT #Paulina_WT #Perdita.Infant_WT #SERVANTS.0_WT #SERVANTS_WT,#SERVANTS.0_WT,2,12
2,3,23,30,216,#ATTENDANTS.0.1_WT #ATTENDANTS_WT #Antigonus_WT #Leontes_WT #Paulina_WT #Perdita.Infant_WT #SERVANTS.0_WT #SERVANTS_WT,#Paulina_WT,8,61
2,3,23,30,217,#ATTENDANTS.0.1_WT #ATTENDANTS_WT #Antigonus_WT #Leontes_WT #Paulina_WT #Perdita.Infant_WT #SERVANTS.0_WT #SERVANTS_WT,#Leontes_WT,1,4
2,3,23,30,218,#ATTENDANTS.0.1_WT #ATTENDANTS_WT #Antigonus_WT #Leontes_WT #Paulina_WT #Perdita.Infant_WT #SERVANTS.0_WT #SERVANTS_WT,#Paulina_WT,2,13
2,3,23,30,219,#ATTENDANTS.0.1_WT #ATTENDANTS_WT #Antigonus_WT #Leontes_WT #Paulina_WT #Perdita.Infant_WT #SERVANTS.0_WT #SERVANTS_WT,#Leontes_WT,4,21
2,3,23,30,220,#ATTENDANTS.0.1_WT #ATTENDANTS_WT #Antigonus_WT #Leontes_WT #Paulina_WT #Perdita.Infant_WT #SERVANTS.0_WT #SERVANTS_WT,#Antigonus_WT,3,18
2,3,23,30,221,#ATTENDANTS.0.1_WT #ATTENDANTS_WT #Antigonus_WT #Leontes_WT #Paulina_WT #Perdita.Infant_WT #SERVANTS.0_WT #SERVANTS_WT,#Leontes_WT,1,5
2,3,23,30,222,#ATTENDANTS.0.1_WT #ATTENDANTS_WT #Antigonus_WT #Leontes_WT #Paulina_WT #Perdita.Infant_WT #SERVANTS.0_WT #SERVANTS_WT,#Paulina_WT,4,28
2,3,23,30,223,#ATTENDANTS.0.1_WT #ATTENDANTS_WT #Antigonus_WT #Leontes_WT #Paulina_WT #Perdita.Infant_WT #SERVANTS.0_WT #SERVANTS_WT,#Antigonus_WT,3,19
2,3,23,30,224,#ATTENDANTS.0.1_WT #ATTENDANTS_WT #Antigonus_WT #Leontes_WT #Paulina_WT #Perdita.Infant_WT #SERVANTS.0_WT #SERVANTS_WT,#Paulina_WT,7,47
2,3,23,30,225,#ATTENDANTS.0.1_WT #ATTENDANTS_WT #Antigonus_WT #Leontes_WT #Paulina_WT #Perdita.Infant_WT #SERVANTS.0_WT #SERVANTS_WT,#Leontes_WT,1,2
2,3,23,30,226,#ATTENDANTS.0.1_WT #ATTENDANTS_WT #Antigonus_WT #Leontes_WT #Paulina_WT #Perdita.Infant_WT #SERVANTS.0_WT #SERVANTS_WT,#Paulina_WT,4,26
2,3,23,30,227,#ATTENDANTS.0.1_WT #ATTENDANTS_WT #Antigonus_WT #Leontes_WT #Paulina_WT #Perdita.Infant_WT #SERVANTS.0_WT #SERVANTS_WT,#Leontes_WT,1,3
2,3,23,30,228,#ATTENDANTS.0.1_WT #ATTENDANTS_WT #Antigonus_WT #Leontes_WT #Paulina_WT #Perdita.Infant_WT #SERVANTS.0_WT #SERVANTS_WT,#Paulina_WT,6,44
2,3,23,30,229,#ATTENDANTS.0.1_WT #ATTENDANTS_WT #Antigonus_WT #Leontes_WT #Paulina_WT #Perdita.Infant_WT #SERVANTS.0_WT #SERVANTS_WT,#Leontes_WT,3,14
2,3,23,30,230,#ATTENDANTS.0.1_WT #ATTENDANTS_WT #Antigonus_WT #Leontes_WT #Paulina_WT #Perdita.Infant_WT #SERVANTS.0_WT #SERVANTS_WT,#Paulina_WT,5,35
2,3,23,30,231,#ATTENDANTS.0.1_WT #ATTENDANTS_WT #Antigonus_WT #Leontes_WT #Paulina_WT #Perdita.Infant_WT #SERVANTS.0_WT #SERVANTS_WT,#Leontes_WT,6,36
2,3,23,30,232,#ATTENDANTS.0.1_WT #ATTENDANTS_WT #Antigonus_WT #Leontes_WT #Paulina_WT #Perdita.Infant_WT #SERVANTS.0_WT #SERVANTS_WT,#Paulina_WT,4,21
2,3,23,30,233,#ATTENDANTS.0.1_WT #ATTENDANTS_WT #Antigonus_WT #Leontes_WT #Paulina_WT #Perdita.Infant_WT #SERVANTS.0_WT #SERVANTS_WT,#Leontes_WT,1,4
2,3,23,30,234,#ATTENDANTS.0.1_WT #ATTENDANTS_WT #Antigonus_WT #Leontes_WT #Paulina_WT #Perdita.Infant_WT #SERVANTS.0_WT #SERVANTS_WT,#Paulina_WT,2,15
2,3,23,30,235,#ATTENDANTS.0.1_WT #ATTENDANTS_WT #Antigonus_WT #Leontes_WT #Paulina_WT #Perdita.Infant_WT #SERVANTS.0_WT #SERVANTS_WT,#Leontes_WT,1,4
2,3,23,30,236,#ATTENDANTS.0.1_WT #ATTENDANTS_WT #Antigonus_WT #Leontes_WT #Paulina_WT #Perdita.Infant_WT #SERVANTS.0_WT #SERVANTS_WT,#Antigonus_WT,1,7
2,3,23,30,237,#ATTENDANTS.0.1_WT #ATTENDANTS_WT #Antigonus_WT #Leontes_WT #Paulina_WT #Perdita.Infant_WT #SERVANTS.0_WT #SERVANTS_WT,#Paulina_WT,10,71
2,3,23,30,238,#ATTENDANTS.0.1_WT #ATTENDANTS_WT #Antigonus_WT #Leontes_WT #Paulina_WT #Perdita.Infant_WT #SERVANTS.0_WT #SERVANTS_WT,#Leontes_WT,7,40
2,3,23,30,239,#ATTENDANTS.0.1_WT #ATTENDANTS_WT #Antigonus_WT #Leontes_WT #Paulina_WT #Perdita.Infant_WT #SERVANTS.0_WT #SERVANTS_WT,#Paulina_WT,14,110
2,3,23,30,240,#ATTENDANTS.0.1_WT #ATTENDANTS_WT #Antigonus_WT #Leontes_WT #Paulina_WT #Perdita.Infant_WT #SERVANTS.0_WT #SERVANTS_WT,#Leontes_WT,3,17
2,3,23,30,241,#ATTENDANTS.0.1_WT #ATTENDANTS_WT #Antigonus_WT #Leontes_WT #Paulina_WT #Perdita.Infant_WT #SERVANTS.0_WT #SERVANTS_WT,#Antigonus_WT,3,15
2,3,23,30,242,#ATTENDANTS.0.1_WT #ATTENDANTS_WT #Antigonus_WT #Leontes_WT #Paulina_WT #Perdita.Infant_WT #SERVANTS.0_WT #SERVANTS_WT,#Leontes_WT,1,5
2,3,23,30,243,#ATTENDANTS.0.1_WT #ATTENDANTS_WT #Antigonus_WT #Leontes_WT #Paulina_WT #Perdita.Infant_WT #SERVANTS.0_WT #SERVANTS_WT,#Paulina_WT,2,10
2,3,23,30,244,#ATTENDANTS.0.1_WT #ATTENDANTS_WT #Antigonus_WT #Leontes_WT #Paulina_WT #Perdita.Infant_WT #SERVANTS.0_WT #SERVANTS_WT,#Leontes_WT,1,4
2,3,23,30,245,#ATTENDANTS.0.1_WT #ATTENDANTS_WT #Antigonus_WT #Leontes_WT #Paulina_WT #Perdita.Infant_WT #SERVANTS.0_WT #SERVANTS_WT,#Paulina_WT,9,55
2,3,23,30,246,#ATTENDANTS.0.1_WT #ATTENDANTS_WT #Antigonus_WT #Leontes_WT #Paulina_WT #Perdita.Infant_WT #SERVANTS.0_WT #SERVANTS_WT,#Leontes_WT,4,32
2,3,23,30,247,#ATTENDANTS.0.1_WT #ATTENDANTS_WT #Antigonus_WT #Leontes_WT #Paulina_WT #Perdita.Infant_WT #SERVANTS.0_WT #SERVANTS_WT,#Paulina_WT,6,53
2,3,24,31,248,#ATTENDANTS.0.1_WT #ATTENDANTS_WT #Antigonus_WT #Leontes_WT #Perdita.Infant_WT #SERVANTS.0_WT #SERVANTS_WT,#Leontes_WT,12,102
2,3,24,31,249,#ATTENDANTS.0.1_WT #ATTENDANTS_WT #Antigonus_WT #Leontes_WT #Perdita.Infant_WT #SERVANTS.0_WT #SERVANTS_WT,#Antigonus_WT,3,17
2,3,24,31,250,#ATTENDANTS.0.1_WT #ATTENDANTS_WT #Antigonus_WT #Leontes_WT #Perdita.Infant_WT #SERVANTS.0_WT #SERVANTS_WT,#ATTENDANTS_WT,2,13
2,3,24,31,251,#ATTENDANTS.0.1_WT #ATTENDANTS_WT #Antigonus_WT #Leontes_WT #Perdita.Infant_WT #SERVANTS.0_WT #SERVANTS_WT,#Leontes_WT,1,3
2,3,24,31,252,#ATTENDANTS.0.1_WT #ATTENDANTS_WT #Antigonus_WT #Leontes_WT #Perdita.Infant_WT #SERVANTS.0_WT #SERVANTS_WT,#ATTENDANTS.0.1_WT,7,58
2,3,24,31,253,#ATTENDANTS.0.1_WT #ATTENDANTS_WT #Antigonus_WT #Leontes_WT #Perdita.Infant_WT #SERVANTS.0_WT #SERVANTS_WT,#Leontes_WT,12,82
2,3,24,31,254,#ATTENDANTS.0.1_WT #ATTENDANTS_WT #Antigonus_WT #Leontes_WT #Perdita.Infant_WT #SERVANTS.0_WT #SERVANTS_WT,#Antigonus_WT,5,30
2,3,24,31,255,#ATTENDANTS.0.1_WT #ATTENDANTS_WT #Antigonus_WT #Leontes_WT #Perdita.Infant_WT #SERVANTS.0_WT #SERVANTS_WT,#Leontes_WT,2,13
2,3,24,31,256,#ATTENDANTS.0.1_WT #ATTENDANTS_WT #Antigonus_WT #Leontes_WT #Perdita.Infant_WT #SERVANTS.0_WT #SERVANTS_WT,#Antigonus_WT,1,4
2,3,24,31,257,#ATTENDANTS.0.1_WT #ATTENDANTS_WT #Antigonus_WT #Leontes_WT #Perdita.Infant_WT #SERVANTS.0_WT #SERVANTS_WT,#Leontes_WT,14,122
2,3,24,31,258,#ATTENDANTS.0.1_WT #ATTENDANTS_WT #Antigonus_WT #Leontes_WT #Perdita.Infant_WT #SERVANTS.0_WT #SERVANTS_WT,#Antigonus_WT,9,68
2,3,25,32,259,#ATTENDANTS.0.1_WT #ATTENDANTS_WT #Leontes_WT #SERVANTS.0_WT #SERVANTS_WT,#Leontes_WT,2,6
2,3,26,33,260,#ATTENDANTS.0.1_WT #ATTENDANTS_WT #Leontes_WT #SERVANTS.0_WT #SERVANTS.X.2_WT #SERVANTS_WT,#SERVANTS.X.2_WT,5,31
2,3,26,33,261,#ATTENDANTS.0.1_WT #ATTENDANTS_WT #Leontes_WT #SERVANTS.0_WT #SERVANTS.X.2_WT #SERVANTS_WT,#ATTENDANTS.0.1_WT,2,10
2,3,26,33,262,#ATTENDANTS.0.1_WT #ATTENDANTS_WT #Leontes_WT #SERVANTS.0_WT #SERVANTS.X.2_WT #SERVANTS_WT,#Leontes_WT,10,69
3,1,27,36,263,#Cleomenes_WT #Dion_WT,#Cleomenes_WT,3,19
3,1,27,36,264,#Cleomenes_WT #Dion_WT,#Dion_WT,6,37
3,1,27,36,265,#Cleomenes_WT #Dion_WT,#Cleomenes_WT,4,24
3,1,27,36,266,#Cleomenes_WT #Dion_WT,#Dion_WT,4,33
3,1,27,36,267,#Cleomenes_WT #Dion_WT,#Cleomenes_WT,4,17
3,1,27,36,268,#Cleomenes_WT #Dion_WT,#Dion_WT,6,41
3,2,28,38,269,#ATTENDANTS_WT #Leontes_WT #OFFICERS_WT,#Leontes_WT,8,59
3,2,29,39,270,#ATTENDANTS_WT #Leontes_WT #OFFICERS.0.1_WT #OFFICERS_WT,#OFFICERS.0.1_WT,2,14
3,2,30,40,271,#ATTENDANTS_WT #Hermione_WT #LADIES_WT #Leontes_WT #OFFICERS.0.1_WT #OFFICERS_WT #Paulina_WT,#OFFICERS.0.1_WT,1,1
3,2,30,40,272,#ATTENDANTS_WT #Hermione_WT #LADIES_WT #Leontes_WT #OFFICERS.0.1_WT #OFFICERS_WT #Paulina_WT,#Leontes_WT,1,3
3,2,30,40,273,#ATTENDANTS_WT #Hermione_WT #LADIES_WT #Leontes_WT #OFFICERS.0.1_WT #OFFICERS_WT #Paulina_WT,#OFFICERS.0.1_WT,10,79
3,2,30,40,274,#ATTENDANTS_WT #Hermione_WT #LADIES_WT #Leontes_WT #OFFICERS.0.1_WT #OFFICERS_WT #Paulina_WT,#Hermione_WT,33,263
3,2,30,40,275,#ATTENDANTS_WT #Hermione_WT #LADIES_WT #Leontes_WT #OFFICERS.0.1_WT #OFFICERS_WT #Paulina_WT,#Leontes_WT,4,23
3,2,30,40,276,#ATTENDANTS_WT #Hermione_WT #LADIES_WT #Leontes_WT #OFFICERS.0.1_WT #OFFICERS_WT #Paulina_WT,#Hermione_WT,2,12
3,2,30,40,277,#ATTENDANTS_WT #Hermione_WT #LADIES_WT #Leontes_WT #OFFICERS.0.1_WT #OFFICERS_WT #Paulina_WT,#Leontes_WT,1,5
3,2,30,40,278,#ATTENDANTS_WT #Hermione_WT #LADIES_WT #Leontes_WT #OFFICERS.0.1_WT #OFFICERS_WT #Paulina_WT,#Hermione_WT,19,145
3,2,30,40,279,#ATTENDANTS_WT #Hermione_WT #LADIES_WT #Leontes_WT #OFFICERS.0.1_WT #OFFICERS_WT #Paulina_WT,#Leontes_WT,2,17
3,2,30,40,280,#ATTENDANTS_WT #Hermione_WT #LADIES_WT #Leontes_WT #OFFICERS.0.1_WT #OFFICERS_WT #Paulina_WT,#Hermione_WT,4,22
3,2,30,40,281,#ATTENDANTS_WT #Hermione_WT #LADIES_WT #Leontes_WT #OFFICERS.0.1_WT #OFFICERS_WT #Paulina_WT,#Leontes_WT,10,79
3,2,30,40,282,#ATTENDANTS_WT #Hermione_WT #LADIES_WT #Leontes_WT #OFFICERS.0.1_WT #OFFICERS_WT #Paulina_WT,#Hermione_WT,26,204
3,2,31,41,283,#ATTENDANTS.0.1_WT #ATTENDANTS_WT #Hermione_WT #LADIES_WT #Leontes_WT #OFFICERS.0.1_WT #OFFICERS_WT #Paulina_WT,#ATTENDANTS.0.1_WT,3,15
3,2,32,42,284,#ATTENDANTS.0.1_WT #ATTENDANTS_WT #Hermione_WT #LADIES_WT #Leontes_WT #OFFICERS.0.1_WT #Paulina_WT,#Hermione_WT,5,35
3,2,33,43,285,#ATTENDANTS.0.1_WT #ATTENDANTS_WT #Cleomenes_WT #Dion_WT #Hermione_WT #LADIES_WT #Leontes_WT #OFFICERS.0.1_WT #OFFICERS_WT #Paulina_WT,#OFFICERS.0.1_WT,8,54
3,2,33,43,286,#ATTENDANTS.0.1_WT #ATTENDANTS_WT #Cleomenes_WT #Dion_WT #Hermione_WT #LADIES_WT #Leontes_WT #OFFICERS.0.1_WT #OFFICERS_WT #Paulina_WT,#Cleomenes_WT #Dion_WT,1,4
3,2,33,43,287,#ATTENDANTS.0.1_WT #ATTENDANTS_WT #Cleomenes_WT #Dion_WT #Hermione_WT #LADIES_WT #Leontes_WT #OFFICERS.0.1_WT #OFFICERS_WT #Paulina_WT,#Leontes_WT,1,6
3,2,33,43,288,#ATTENDANTS.0.1_WT #ATTENDANTS_WT #Cleomenes_WT #Dion_WT #Hermione_WT #LADIES_WT #Leontes_WT #OFFICERS.0.1_WT #OFFICERS_WT #Paulina_WT,#OFFICERS.0.1_WT,5,34
3,2,33,43,289,#ATTENDANTS.0.1_WT #ATTENDANTS_WT #Cleomenes_WT #Dion_WT #Hermione_WT #LADIES_WT #Leontes_WT #OFFICERS.0.1_WT #OFFICERS_WT #Paulina_WT,#ATTENDANTS_WT,1,6
3,2,33,43,290,#ATTENDANTS.0.1_WT #ATTENDANTS_WT #Cleomenes_WT #Dion_WT #Hermione_WT #LADIES_WT #Leontes_WT #OFFICERS.0.1_WT #OFFICERS_WT #Paulina_WT,#Hermione_WT,1,1
3,2,33,43,291,#ATTENDANTS.0.1_WT #ATTENDANTS_WT #Cleomenes_WT #Dion_WT #Hermione_WT #LADIES_WT #Leontes_WT #OFFICERS.0.1_WT #OFFICERS_WT #Paulina_WT,#Leontes_WT,1,4
3,2,33,43,292,#ATTENDANTS.0.1_WT #ATTENDANTS_WT #Cleomenes_WT #Dion_WT #Hermione_WT #LADIES_WT #Leontes_WT #OFFICERS.0.1_WT #OFFICERS_WT #Paulina_WT,#OFFICERS.0.1_WT,1,11
3,2,33,43,293,#ATTENDANTS.0.1_WT #ATTENDANTS_WT #Cleomenes_WT #Dion_WT #Hermione_WT #LADIES_WT #Leontes_WT #OFFICERS.0.1_WT #OFFICERS_WT #Paulina_WT,#Leontes_WT,2,17
3,2,34,44,294,#ATTENDANTS.0.1_WT #ATTENDANTS_WT #Cleomenes_WT #Dion_WT #Hermione_WT #LADIES_WT #Leontes_WT #OFFICERS.0.1_WT #OFFICERS_WT #Paulina_WT #SERVANTS.X.1_WT,#SERVANTS.X.1_WT,1,6
3,2,34,44,295,#ATTENDANTS.0.1_WT #ATTENDANTS_WT #Cleomenes_WT #Dion_WT #Hermione_WT #LADIES_WT #Leontes_WT #OFFICERS.0.1_WT #OFFICERS_WT #Paulina_WT #SERVANTS.X.1_WT,#Leontes_WT,1,4
3,2,34,44,296,#ATTENDANTS.0.1_WT #ATTENDANTS_WT #Cleomenes_WT #Dion_WT #Hermione_WT #LADIES_WT #Leontes_WT #OFFICERS.0.1_WT #OFFICERS_WT #Paulina_WT #SERVANTS.X.1_WT,#SERVANTS.X.1_WT,3,24
3,2,34,44,297,#ATTENDANTS.0.1_WT #ATTENDANTS_WT #Cleomenes_WT #Dion_WT #Hermione_WT #LADIES_WT #Leontes_WT #OFFICERS.0.1_WT #OFFICERS_WT #Paulina_WT #SERVANTS.X.1_WT,#Leontes_WT,1,2
3,2,34,44,298,#ATTENDANTS.0.1_WT #ATTENDANTS_WT #Cleomenes_WT #Dion_WT #Hermione_WT #LADIES_WT #Leontes_WT #OFFICERS.0.1_WT #OFFICERS_WT #Paulina_WT #SERVANTS.X.1_WT,#SERVANTS.X.1_WT,1,2
3,2,34,44,299,#ATTENDANTS.0.1_WT #ATTENDANTS_WT #Cleomenes_WT #Dion_WT #Hermione_WT #LADIES_WT #Leontes_WT #OFFICERS.0.1_WT #OFFICERS_WT #Paulina_WT #SERVANTS.X.1_WT,#Leontes_WT,3,14
3,2,34,44,300,#ATTENDANTS.0.1_WT #ATTENDANTS_WT #Cleomenes_WT #Dion_WT #Hermione_WT #LADIES_WT #Leontes_WT #OFFICERS.0.1_WT #OFFICERS_WT #Paulina_WT #SERVANTS.X.1_WT,#Paulina_WT,2,15
3,2,34,44,301,#ATTENDANTS.0.1_WT #ATTENDANTS_WT #Cleomenes_WT #Dion_WT #Hermione_WT #LADIES_WT #Leontes_WT #OFFICERS.0.1_WT #OFFICERS_WT #Paulina_WT #SERVANTS.X.1_WT,#Leontes_WT,5,29
3,2,35,45,302,#ATTENDANTS.0.1_WT #ATTENDANTS_WT #Cleomenes_WT #Dion_WT #LADIES_WT #Leontes_WT #OFFICERS.0.1_WT #SERVANTS.X.1_WT,#Leontes_WT,20,138
3,2,36,46,303,#ATTENDANTS.0.1_WT #ATTENDANTS_WT #Cleomenes_WT #Dion_WT #LADIES_WT #Leontes_WT #OFFICERS.0.1_WT #Paulina_WT #SERVANTS.X.1_WT,#Paulina_WT,3,14
3,2,36,46,304,#ATTENDANTS.0.1_WT #ATTENDANTS_WT #Cleomenes_WT #Dion_WT #LADIES_WT #Leontes_WT #OFFICERS.0.1_WT #Paulina_WT #SERVANTS.X.1_WT,#ATTENDANTS.0.1_WT,1,6
3,2,36,46,305,#ATTENDANTS.0.1_WT #ATTENDANTS_WT #Cleomenes_WT #Dion_WT #LADIES_WT #Leontes_WT #OFFICERS.0.1_WT #Paulina_WT #SERVANTS.X.1_WT,#Paulina_WT,29,223
3,2,36,46,306,#ATTENDANTS.0.1_WT #ATTENDANTS_WT #Cleomenes_WT #Dion_WT #LADIES_WT #Leontes_WT #OFFICERS.0.1_WT #Paulina_WT #SERVANTS.X.1_WT,#ATTENDANTS.0.1_WT,1,4
3,2,36,46,307,#ATTENDANTS.0.1_WT #ATTENDANTS_WT #Cleomenes_WT #Dion_WT #LADIES_WT #Leontes_WT #OFFICERS.0.1_WT #Paulina_WT #SERVANTS.X.1_WT,#Paulina_WT,12,98
3,2,36,46,308,#ATTENDANTS.0.1_WT #ATTENDANTS_WT #Cleomenes_WT #Dion_WT #LADIES_WT #Leontes_WT #OFFICERS.0.1_WT #Paulina_WT #SERVANTS.X.1_WT,#Leontes_WT,3,19
3,2,36,46,309,#ATTENDANTS.0.1_WT #ATTENDANTS_WT #Cleomenes_WT #Dion_WT #LADIES_WT #Leontes_WT #OFFICERS.0.1_WT #Paulina_WT #SERVANTS.X.1_WT,#ATTENDANTS.0.1_WT,3,17
3,2,36,46,310,#ATTENDANTS.0.1_WT #ATTENDANTS_WT #Cleomenes_WT #Dion_WT #LADIES_WT #Leontes_WT #OFFICERS.0.1_WT #Paulina_WT #SERVANTS.X.1_WT,#Paulina_WT,16,122
3,2,36,46,311,#ATTENDANTS.0.1_WT #ATTENDANTS_WT #Cleomenes_WT #Dion_WT #LADIES_WT #Leontes_WT #OFFICERS.0.1_WT #Paulina_WT #SERVANTS.X.1_WT,#Leontes_WT,12,94
3,3,37,49,312,#Antigonus_WT #Perdita.Infant_WT #Sailor_WT,#Antigonus_WT,2,13
3,3,37,49,313,#Antigonus_WT #Perdita.Infant_WT #Sailor_WT,#Sailor_WT,5,36
3,3,37,49,314,#Antigonus_WT #Perdita.Infant_WT #Sailor_WT,#Antigonus_WT,3,21
3,3,37,49,315,#Antigonus_WT #Perdita.Infant_WT #Sailor_WT,#Sailor_WT,4,32
3,3,37,49,316,#Antigonus_WT #Perdita.Infant_WT #Sailor_WT,#Antigonus_WT,2,6
3,3,37,49,317,#Antigonus_WT #Perdita.Infant_WT #Sailor_WT,#Sailor_WT,2,12
3,3,38,50,318,#Antigonus_WT #Perdita.Infant_WT,#Antigonus_WT,46,346
3,3,39,52,319,#Perdita.Infant_WT #Shepherd_WT,#Shepherd_WT,19,174
3,3,40,53,320,#Perdita.Infant_WT #Shepherd_WT #ShepherdsSon_WT,#ShepherdsSon_WT,1,2
3,3,40,53,321,#Perdita.Infant_WT #Shepherd_WT #ShepherdsSon_WT,#Shepherd_WT,3,25
3,3,40,53,322,#Perdita.Infant_WT #Shepherd_WT #ShepherdsSon_WT,#ShepherdsSon_WT,4,38
3,3,40,53,323,#Perdita.Infant_WT #Shepherd_WT #ShepherdsSon_WT,#Shepherd_WT,1,5
3,3,40,53,324,#Perdita.Infant_WT #Shepherd_WT #ShepherdsSon_WT,#ShepherdsSon_WT,15,142
3,3,40,53,325,#Perdita.Infant_WT #Shepherd_WT #ShepherdsSon_WT,#Shepherd_WT,1,7
3,3,40,53,326,#Perdita.Infant_WT #Shepherd_WT #ShepherdsSon_WT,#ShepherdsSon_WT,4,31
3,3,40,53,327,#Perdita.Infant_WT #Shepherd_WT #ShepherdsSon_WT,#Shepherd_WT,2,11
3,3,40,53,328,#Perdita.Infant_WT #Shepherd_WT #ShepherdsSon_WT,#ShepherdsSon_WT,3,20
3,3,40,53,329,#Perdita.Infant_WT #Shepherd_WT #ShepherdsSon_WT,#Shepherd_WT,8,68
3,3,40,53,330,#Perdita.Infant_WT #Shepherd_WT #ShepherdsSon_WT,#ShepherdsSon_WT,3,21
3,3,40,53,331,#Perdita.Infant_WT #Shepherd_WT #ShepherdsSon_WT,#Shepherd_WT,5,44
3,3,40,53,332,#Perdita.Infant_WT #Shepherd_WT #ShepherdsSon_WT,#ShepherdsSon_WT,5,44
3,3,40,53,333,#Perdita.Infant_WT #Shepherd_WT #ShepherdsSon_WT,#Shepherd_WT,3,25
3,3,40,53,334,#Perdita.Infant_WT #Shepherd_WT #ShepherdsSon_WT,#ShepherdsSon_WT,2,13
3,3,40,53,335,#Perdita.Infant_WT #Shepherd_WT #ShepherdsSon_WT,#Shepherd_WT,2,12
4,1,41,55,336,#Chorus_WT,#Chorus_WT,33,266
4,2,42,57,337,#Camillo_WT #Polixenes_WT,#Polixenes_WT,3,20
4,2,42,57,338,#Camillo_WT #Polixenes_WT,#Camillo_WT,6,58
4,2,42,57,339,#Camillo_WT #Polixenes_WT,#Polixenes_WT,20,176
4,2,42,57,340,#Camillo_WT #Polixenes_WT,#Camillo_WT,5,46
4,2,42,57,341,#Camillo_WT #Polixenes_WT,#Polixenes_WT,8,63
4,2,42,57,342,#Camillo_WT #Polixenes_WT,#Camillo_WT,4,33
4,2,42,57,343,#Camillo_WT #Polixenes_WT,#Polixenes_WT,8,69
4,2,42,57,344,#Camillo_WT #Polixenes_WT,#Camillo_WT,1,5
4,2,42,57,345,#Camillo_WT #Polixenes_WT,#Polixenes_WT,2,7
4,3,43,59,346,#Autolycus_WT,#Autolycus_WT,31,243
4,3,44,60,347,#Autolycus_WT #ShepherdsSon_WT,#ShepherdsSon_WT,3,22
4,3,44,60,348,#Autolycus_WT #ShepherdsSon_WT,#Autolycus_WT,2,7
4,3,44,60,349,#Autolycus_WT #ShepherdsSon_WT,#ShepherdsSon_WT,15,130
4,3,44,60,350,#Autolycus_WT #ShepherdsSon_WT,#Autolycus_WT,2,6
4,3,44,60,351,#Autolycus_WT #ShepherdsSon_WT,#ShepherdsSon_WT,1,5
4,3,44,60,352,#Autolycus_WT #ShepherdsSon_WT,#Autolycus_WT,2,14
4,3,44,60,353,#Autolycus_WT #ShepherdsSon_WT,#ShepherdsSon_WT,2,18
4,3,44,60,354,#Autolycus_WT #ShepherdsSon_WT,#Autolycus_WT,3,21
4,3,44,60,355,#Autolycus_WT #ShepherdsSon_WT,#ShepherdsSon_WT,2,13
4,3,44,60,356,#Autolycus_WT #ShepherdsSon_WT,#Autolycus_WT,3,20
4,3,44,60,357,#Autolycus_WT #ShepherdsSon_WT,#ShepherdsSon_WT,1,7
4,3,44,60,358,#Autolycus_WT #ShepherdsSon_WT,#Autolycus_WT,1,6
4,3,44,60,359,#Autolycus_WT #ShepherdsSon_WT,#ShepherdsSon_WT,5,38
4,3,44,60,360,#Autolycus_WT #ShepherdsSon_WT,#Autolycus_WT,1,5
4,3,44,60,361,#Autolycus_WT #ShepherdsSon_WT,#ShepherdsSon_WT,1,3
4,3,44,60,362,#Autolycus_WT #ShepherdsSon_WT,#Autolycus_WT,2,14
4,3,44,60,363,#Autolycus_WT #ShepherdsSon_WT,#ShepherdsSon_WT,1,4
4,3,44,60,364,#Autolycus_WT #ShepherdsSon_WT,#Autolycus_WT,3,13
4,3,44,60,365,#Autolycus_WT #ShepherdsSon_WT,#ShepherdsSon_WT,2,11
4,3,44,60,366,#Autolycus_WT #ShepherdsSon_WT,#Autolycus_WT,5,45
4,3,44,60,367,#Autolycus_WT #ShepherdsSon_WT,#ShepherdsSon_WT,2,9
4,3,44,60,368,#Autolycus_WT #ShepherdsSon_WT,#Autolycus_WT,5,42
4,3,44,60,369,#Autolycus_WT #ShepherdsSon_WT,#ShepherdsSon_WT,3,29
4,3,44,60,370,#Autolycus_WT #ShepherdsSon_WT,#Autolycus_WT,7,60
4,3,44,60,371,#Autolycus_WT #ShepherdsSon_WT,#ShepherdsSon_WT,2,14
4,3,44,60,372,#Autolycus_WT #ShepherdsSon_WT,#Autolycus_WT,2,15
4,3,44,60,373,#Autolycus_WT #ShepherdsSon_WT,#ShepherdsSon_WT,3,21
4,3,44,60,374,#Autolycus_WT #ShepherdsSon_WT,#Autolycus_WT,3,24
4,3,44,60,375,#Autolycus_WT #ShepherdsSon_WT,#ShepherdsSon_WT,1,4
4,3,44,60,376,#Autolycus_WT #ShepherdsSon_WT,#Autolycus_WT,3,26
4,3,44,60,377,#Autolycus_WT #ShepherdsSon_WT,#ShepherdsSon_WT,1,7
4,3,44,60,378,#Autolycus_WT #ShepherdsSon_WT,#Autolycus_WT,1,6
4,3,44,60,379,#Autolycus_WT #ShepherdsSon_WT,#ShepherdsSon_WT,2,12
4,3,44,60,380,#Autolycus_WT #ShepherdsSon_WT,#Autolycus_WT,1,4
4,3,45,61,381,#Autolycus_WT,#Autolycus_WT,9,70
4,4,46,63,382,#Florizell_WT #Perdita_WT,#Florizell_WT,5,38
4,4,46,63,383,#Florizell_WT #Perdita_WT,#Perdita_WT,10,77
4,4,46,63,384,#Florizell_WT #Perdita_WT,#Florizell_WT,3,15
4,4,46,63,385,#Florizell_WT #Perdita_WT,#Perdita_WT,9,72
4,4,46,63,386,#Florizell_WT #Perdita_WT,#Florizell_WT,12,79
4,4,46,63,387,#Florizell_WT #Perdita_WT,#Perdita_WT,7,41
4,4,46,63,388,#Florizell_WT #Perdita_WT,#Florizell_WT,12,91
4,4,46,63,389,#Florizell_WT #Perdita_WT,#Perdita_WT,2,6
4,4,46,63,390,#Florizell_WT #Perdita_WT,#Florizell_WT,3,16
4,4,47,64,391,#Camillo_WT #Dorcas_WT #Florizell_WT #MUSICIANS_WT #Mopsa_WT #Perdita_WT #Polixenes_WT #SERVANTS.SHEPHERD_WT #SHEPHERDS_WT #Shepherd_WT #ShepherdsSon_WT,#Shepherd_WT,16,136
4,4,47,64,392,#Camillo_WT #Dorcas_WT #Florizell_WT #MUSICIANS_WT #Mopsa_WT #Perdita_WT #Polixenes_WT #SERVANTS.SHEPHERD_WT #SHEPHERDS_WT #Shepherd_WT #ShepherdsSon_WT,#Perdita_WT,10,55
4,4,47,64,393,#Camillo_WT #Dorcas_WT #Florizell_WT #MUSICIANS_WT #Mopsa_WT #Perdita_WT #Polixenes_WT #SERVANTS.SHEPHERD_WT #SHEPHERDS_WT #Shepherd_WT #ShepherdsSon_WT,#Polixenes_WT,3,15
4,4,47,64,394,#Camillo_WT #Dorcas_WT #Florizell_WT #MUSICIANS_WT #Mopsa_WT #Perdita_WT #Polixenes_WT #SERVANTS.SHEPHERD_WT #SHEPHERDS_WT #Shepherd_WT #ShepherdsSon_WT,#Perdita_WT,7,50
4,4,47,64,395,#Camillo_WT #Dorcas_WT #Florizell_WT #MUSICIANS_WT #Mopsa_WT #Perdita_WT #Polixenes_WT #SERVANTS.SHEPHERD_WT #SHEPHERDS_WT #Shepherd_WT #ShepherdsSon_WT,#Polixenes_WT,2,7
4,4,47,64,396,#Camillo_WT #Dorcas_WT #Florizell_WT #MUSICIANS_WT #Mopsa_WT #Perdita_WT #Polixenes_WT #SERVANTS.SHEPHERD_WT #SHEPHERDS_WT #Shepherd_WT #ShepherdsSon_WT,#Perdita_WT,3,19
4,4,47,64,397,#Camillo_WT #Dorcas_WT #Florizell_WT #MUSICIANS_WT #Mopsa_WT #Perdita_WT #Polixenes_WT #SERVANTS.SHEPHERD_WT #SHEPHERDS_WT #Shepherd_WT #ShepherdsSon_WT,#Polixenes_WT,10,75
4,4,47,64,398,#Camillo_WT #Dorcas_WT #Florizell_WT #MUSICIANS_WT #Mopsa_WT #Perdita_WT #Polixenes_WT #SERVANTS.SHEPHERD_WT #SHEPHERDS_WT #Shepherd_WT #ShepherdsSon_WT,#Perdita_WT,1,3
4,4,47,64,399,#Camillo_WT #Dorcas_WT #Florizell_WT #MUSICIANS_WT #Mopsa_WT #Perdita_WT #Polixenes_WT #SERVANTS.SHEPHERD_WT #SHEPHERDS_WT #Shepherd_WT #ShepherdsSon_WT,#Polixenes_WT,2,13
4,4,47,64,400,#Camillo_WT #Dorcas_WT #Florizell_WT #MUSICIANS_WT #Mopsa_WT #Perdita_WT #Polixenes_WT #SERVANTS.SHEPHERD_WT #SHEPHERDS_WT #Shepherd_WT #ShepherdsSon_WT,#Perdita_WT,11,79
4,4,47,64,401,#Camillo_WT #Dorcas_WT #Florizell_WT #MUSICIANS_WT #Mopsa_WT #Perdita_WT #Polixenes_WT #SERVANTS.SHEPHERD_WT #SHEPHERDS_WT #Shepherd_WT #ShepherdsSon_WT,#Camillo_WT,2,14
4,4,47,64,402,#Camillo_WT #Dorcas_WT #Florizell_WT #MUSICIANS_WT #Mopsa_WT #Perdita_WT #Polixenes_WT #SERVANTS.SHEPHERD_WT #SHEPHERDS_WT #Shepherd_WT #ShepherdsSon_WT,#Perdita_WT,22,145
4,4,47,64,403,#Camillo_WT #Dorcas_WT #Florizell_WT #MUSICIANS_WT #Mopsa_WT #Perdita_WT #Polixenes_WT #SERVANTS.SHEPHERD_WT #SHEPHERDS_WT #Shepherd_WT #ShepherdsSon_WT,#Florizell_WT,1,4
4,4,47,64,404,#Camillo_WT #Dorcas_WT #Florizell_WT #MUSICIANS_WT #Mopsa_WT #Perdita_WT #Polixenes_WT #SERVANTS.SHEPHERD_WT #SHEPHERDS_WT #Shepherd_WT #ShepherdsSon_WT,#Perdita_WT,7,52
4,4,47,64,405,#Camillo_WT #Dorcas_WT #Florizell_WT #MUSICIANS_WT #Mopsa_WT #Perdita_WT #Polixenes_WT #SERVANTS.SHEPHERD_WT #SHEPHERDS_WT #Shepherd_WT #ShepherdsSon_WT,#Florizell_WT,12,95
4,4,47,64,406,#Camillo_WT #Dorcas_WT #Florizell_WT #MUSICIANS_WT #Mopsa_WT #Perdita_WT #Polixenes_WT #SERVANTS.SHEPHERD_WT #SHEPHERDS_WT #Shepherd_WT #ShepherdsSon_WT,#Perdita_WT,6,41
4,4,47,64,407,#Camillo_WT #Dorcas_WT #Florizell_WT #MUSICIANS_WT #Mopsa_WT #Perdita_WT #Polixenes_WT #SERVANTS.SHEPHERD_WT #SHEPHERDS_WT #Shepherd_WT #ShepherdsSon_WT,#Florizell_WT,5,36
4,4,47,64,408,#Camillo_WT #Dorcas_WT #Florizell_WT #MUSICIANS_WT #Mopsa_WT #Perdita_WT #Polixenes_WT #SERVANTS.SHEPHERD_WT #SHEPHERDS_WT #Shepherd_WT #ShepherdsSon_WT,#Perdita_WT,1,4
4,4,47,64,409,#Camillo_WT #Dorcas_WT #Florizell_WT #MUSICIANS_WT #Mopsa_WT #Perdita_WT #Polixenes_WT #SERVANTS.SHEPHERD_WT #SHEPHERDS_WT #Shepherd_WT #ShepherdsSon_WT,#Polixenes_WT,4,29
4,4,47,64,410,#Camillo_WT #Dorcas_WT #Florizell_WT #MUSICIANS_WT #Mopsa_WT #Perdita_WT #Polixenes_WT #SERVANTS.SHEPHERD_WT #SHEPHERDS_WT #Shepherd_WT #ShepherdsSon_WT,#Camillo_WT,3,20
4,4,47,64,411,#Camillo_WT #Dorcas_WT #Florizell_WT #MUSICIANS_WT #Mopsa_WT #Perdita_WT #Polixenes_WT #SERVANTS.SHEPHERD_WT #SHEPHERDS_WT #Shepherd_WT #ShepherdsSon_WT,#ShepherdsSon_WT,1,4
4,4,47,64,412,#Camillo_WT #Dorcas_WT #Florizell_WT #MUSICIANS_WT #Mopsa_WT #Perdita_WT #Polixenes_WT #SERVANTS.SHEPHERD_WT #SHEPHERDS_WT #Shepherd_WT #ShepherdsSon_WT,#Dorcas_WT,2,12
4,4,47,64,413,#Camillo_WT #Dorcas_WT #Florizell_WT #MUSICIANS_WT #Mopsa_WT #Perdita_WT #Polixenes_WT #SERVANTS.SHEPHERD_WT #SHEPHERDS_WT #Shepherd_WT #ShepherdsSon_WT,#Mopsa_WT,1,4
4,4,47,64,414,#Camillo_WT #Dorcas_WT #Florizell_WT #MUSICIANS_WT #Mopsa_WT #Perdita_WT #Polixenes_WT #SERVANTS.SHEPHERD_WT #SHEPHERDS_WT #Shepherd_WT #ShepherdsSon_WT,#ShepherdsSon_WT,2,13
4,4,47,64,415,#Camillo_WT #Dorcas_WT #Florizell_WT #MUSICIANS_WT #Mopsa_WT #Perdita_WT #Polixenes_WT #SERVANTS.SHEPHERD_WT #SHEPHERDS_WT #Shepherd_WT #ShepherdsSon_WT,#Polixenes_WT,2,13
4,4,47,64,416,#Camillo_WT #Dorcas_WT #Florizell_WT #MUSICIANS_WT #Mopsa_WT #Perdita_WT #Polixenes_WT #SERVANTS.SHEPHERD_WT #SHEPHERDS_WT #Shepherd_WT #ShepherdsSon_WT,#Shepherd_WT,9,74
4,4,47,64,417,#Camillo_WT #Dorcas_WT #Florizell_WT #MUSICIANS_WT #Mopsa_WT #Perdita_WT #Polixenes_WT #SERVANTS.SHEPHERD_WT #SHEPHERDS_WT #Shepherd_WT #ShepherdsSon_WT,#Polixenes_WT,1,3
4,4,47,64,418,#Camillo_WT #Dorcas_WT #Florizell_WT #MUSICIANS_WT #Mopsa_WT #Perdita_WT #Polixenes_WT #SERVANTS.SHEPHERD_WT #SHEPHERDS_WT #Shepherd_WT #ShepherdsSon_WT,#Shepherd_WT,4,29
4,4,48,65,419,#Camillo_WT #Dorcas_WT #Florizell_WT #MUSICIANS_WT #Mopsa_WT #Perdita_WT #Polixenes_WT #SERVANTS.SHEPHERD.1_WT #SERVANTS.SHEPHERD_WT #SHEPHERDS_WT #Shepherd_WT #ShepherdsSon_WT,#SERVANTS.SHEPHERD.1_WT,6,54
4,4,48,65,420,#Camillo_WT #Dorcas_WT #Florizell_WT #MUSICIANS_WT #Mopsa_WT #Perdita_WT #Polixenes_WT #SERVANTS.SHEPHERD.1_WT #SERVANTS.SHEPHERD_WT #SHEPHERDS_WT #Shepherd_WT #ShepherdsSon_WT,#ShepherdsSon_WT,4,34
4,4,48,65,421,#Camillo_WT #Dorcas_WT #Florizell_WT #MUSICIANS_WT #Mopsa_WT #Perdita_WT #Polixenes_WT #SERVANTS.SHEPHERD.1_WT #SERVANTS.SHEPHERD_WT #SHEPHERDS_WT #Shepherd_WT #ShepherdsSon_WT,#SERVANTS.SHEPHERD.1_WT,11,91
4,4,48,65,422,#Camillo_WT #Dorcas_WT #Florizell_WT #MUSICIANS_WT #Mopsa_WT #Perdita_WT #Polixenes_WT #SERVANTS.SHEPHERD.1_WT #SERVANTS.SHEPHERD_WT #SHEPHERDS_WT #Shepherd_WT #ShepherdsSon_WT,#Polixenes_WT,1,5
4,4,48,65,423,#Camillo_WT #Dorcas_WT #Florizell_WT #MUSICIANS_WT #Mopsa_WT #Perdita_WT #Polixenes_WT #SERVANTS.SHEPHERD.1_WT #SERVANTS.SHEPHERD_WT #SHEPHERDS_WT #Shepherd_WT #ShepherdsSon_WT,#ShepherdsSon_WT,3,14
4,4,48,65,424,#Camillo_WT #Dorcas_WT #Florizell_WT #MUSICIANS_WT #Mopsa_WT #Perdita_WT #Polixenes_WT #SERVANTS.SHEPHERD.1_WT #SERVANTS.SHEPHERD_WT #SHEPHERDS_WT #Shepherd_WT #ShepherdsSon_WT,#SERVANTS.SHEPHERD.1_WT,8,66
4,4,48,65,425,#Camillo_WT #Dorcas_WT #Florizell_WT #MUSICIANS_WT #Mopsa_WT #Perdita_WT #Polixenes_WT #SERVANTS.SHEPHERD.1_WT #SERVANTS.SHEPHERD_WT #SHEPHERDS_WT #Shepherd_WT #ShepherdsSon_WT,#ShepherdsSon_WT,2,9
4,4,48,65,426,#Camillo_WT #Dorcas_WT #Florizell_WT #MUSICIANS_WT #Mopsa_WT #Perdita_WT #Polixenes_WT #SERVANTS.SHEPHERD.1_WT #SERVANTS.SHEPHERD_WT #SHEPHERDS_WT #Shepherd_WT #ShepherdsSon_WT,#Perdita_WT,2,11
4,4,49,66,427,#Camillo_WT #Dorcas_WT #Florizell_WT #MUSICIANS_WT #Mopsa_WT #Perdita_WT #Polixenes_WT #SERVANTS.SHEPHERD_WT #SHEPHERDS_WT #Shepherd_WT #ShepherdsSon_WT,#ShepherdsSon_WT,2,14
4,4,49,66,428,#Camillo_WT #Dorcas_WT #Florizell_WT #MUSICIANS_WT #Mopsa_WT #Perdita_WT #Polixenes_WT #SERVANTS.SHEPHERD_WT #SHEPHERDS_WT #Shepherd_WT #ShepherdsSon_WT,#Perdita_WT,1,8
4,4,50,67,429,#Autolycus_WT #Camillo_WT #Dorcas_WT #Florizell_WT #MUSICIANS_WT #Mopsa_WT #Perdita_WT #Polixenes_WT #SERVANTS.SHEPHERD_WT #SHEPHERDS_WT #Shepherd_WT #ShepherdsSon_WT,#Autolycus_WT,13,74
4,4,50,67,430,#Autolycus_WT #Camillo_WT #Dorcas_WT #Florizell_WT #MUSICIANS_WT #Mopsa_WT #Perdita_WT #Polixenes_WT #SERVANTS.SHEPHERD_WT #SHEPHERDS_WT #Shepherd_WT #ShepherdsSon_WT,#ShepherdsSon_WT,4,32
4,4,50,67,431,#Autolycus_WT #Camillo_WT #Dorcas_WT #Florizell_WT #MUSICIANS_WT #Mopsa_WT #Perdita_WT #Polixenes_WT #SERVANTS.SHEPHERD_WT #SHEPHERDS_WT #Shepherd_WT #ShepherdsSon_WT,#Mopsa_WT,2,14
4,4,50,67,432,#Autolycus_WT #Camillo_WT #Dorcas_WT #Florizell_WT #MUSICIANS_WT #Mopsa_WT #Perdita_WT #Polixenes_WT #SERVANTS.SHEPHERD_WT #SHEPHERDS_WT #Shepherd_WT #ShepherdsSon_WT,#Dorcas_WT,2,11
4,4,50,67,433,#Autolycus_WT #Camillo_WT #Dorcas_WT #Florizell_WT #MUSICIANS_WT #Mopsa_WT #Perdita_WT #Polixenes_WT #SERVANTS.SHEPHERD_WT #SHEPHERDS_WT #Shepherd_WT #ShepherdsSon_WT,#Mopsa_WT,3,22
4,4,50,67,434,#Autolycus_WT #Camillo_WT #Dorcas_WT #Florizell_WT #MUSICIANS_WT #Mopsa_WT #Perdita_WT #Polixenes_WT #SERVANTS.SHEPHERD_WT #SHEPHERDS_WT #Shepherd_WT #ShepherdsSon_WT,#ShepherdsSon_WT,7,58
4,4,50,67,435,#Autolycus_WT #Camillo_WT #Dorcas_WT #Florizell_WT #MUSICIANS_WT #Mopsa_WT #Perdita_WT #Polixenes_WT #SERVANTS.SHEPHERD_WT #SHEPHERDS_WT #Shepherd_WT #ShepherdsSon_WT,#Mopsa_WT,2,16
4,4,50,67,436,#Autolycus_WT #Camillo_WT #Dorcas_WT #Florizell_WT #MUSICIANS_WT #Mopsa_WT #Perdita_WT #Polixenes_WT #SERVANTS.SHEPHERD_WT #SHEPHERDS_WT #Shepherd_WT #ShepherdsSon_WT,#ShepherdsSon_WT,2,17
4,4,50,67,437,#Autolycus_WT #Camillo_WT #Dorcas_WT #Florizell_WT #MUSICIANS_WT #Mopsa_WT #Perdita_WT #Polixenes_WT #SERVANTS.SHEPHERD_WT #SHEPHERDS_WT #Shepherd_WT #ShepherdsSon_WT,#Autolycus_WT,2,14
4,4,50,67,438,#Autolycus_WT #Camillo_WT #Dorcas_WT #Florizell_WT #MUSICIANS_WT #Mopsa_WT #Perdita_WT #Polixenes_WT #SERVANTS.SHEPHERD_WT #SHEPHERDS_WT #Shepherd_WT #ShepherdsSon_WT,#ShepherdsSon_WT,2,9
4,4,50,67,439,#Autolycus_WT #Camillo_WT #Dorcas_WT #Florizell_WT #MUSICIANS_WT #Mopsa_WT #Perdita_WT #Polixenes_WT #SERVANTS.SHEPHERD_WT #SHEPHERDS_WT #Shepherd_WT #ShepherdsSon_WT,#Autolycus_WT,2,13
4,4,50,67,440,#Autolycus_WT #Camillo_WT #Dorcas_WT #Florizell_WT #MUSICIANS_WT #Mopsa_WT #Perdita_WT #Polixenes_WT #SERVANTS.SHEPHERD_WT #SHEPHERDS_WT #Shepherd_WT #ShepherdsSon_WT,#ShepherdsSon_WT,1,4
4,4,50,67,441,#Autolycus_WT #Camillo_WT #Dorcas_WT #Florizell_WT #MUSICIANS_WT #Mopsa_WT #Perdita_WT #Polixenes_WT #SERVANTS.SHEPHERD_WT #SHEPHERDS_WT #Shepherd_WT #ShepherdsSon_WT,#Mopsa_WT,2,19
4,4,50,67,442,#Autolycus_WT #Camillo_WT #Dorcas_WT #Florizell_WT #MUSICIANS_WT #Mopsa_WT #Perdita_WT #Polixenes_WT #SERVANTS.SHEPHERD_WT #SHEPHERDS_WT #Shepherd_WT #ShepherdsSon_WT,#Autolycus_WT,4,32
4,4,50,67,443,#Autolycus_WT #Camillo_WT #Dorcas_WT #Florizell_WT #MUSICIANS_WT #Mopsa_WT #Perdita_WT #Polixenes_WT #SERVANTS.SHEPHERD_WT #SHEPHERDS_WT #Shepherd_WT #ShepherdsSon_WT,#Mopsa_WT,1,5
4,4,50,67,444,#Autolycus_WT #Camillo_WT #Dorcas_WT #Florizell_WT #MUSICIANS_WT #Mopsa_WT #Perdita_WT #Polixenes_WT #SERVANTS.SHEPHERD_WT #SHEPHERDS_WT #Shepherd_WT #ShepherdsSon_WT,#Autolycus_WT,1,7
4,4,50,67,445,#Autolycus_WT #Camillo_WT #Dorcas_WT #Florizell_WT #MUSICIANS_WT #Mopsa_WT #Perdita_WT #Polixenes_WT #SERVANTS.SHEPHERD_WT #SHEPHERDS_WT #Shepherd_WT #ShepherdsSon_WT,#Dorcas_WT,1,6
4,4,50,67,446,#Autolycus_WT #Camillo_WT #Dorcas_WT #Florizell_WT #MUSICIANS_WT #Mopsa_WT #Perdita_WT #Polixenes_WT #SERVANTS.SHEPHERD_WT #SHEPHERDS_WT #Shepherd_WT #ShepherdsSon_WT,#Autolycus_WT,3,24
4,4,50,67,447,#Autolycus_WT #Camillo_WT #Dorcas_WT #Florizell_WT #MUSICIANS_WT #Mopsa_WT #Perdita_WT #Polixenes_WT #SERVANTS.SHEPHERD_WT #SHEPHERDS_WT #Shepherd_WT #ShepherdsSon_WT,#Mopsa_WT,1,5
4,4,50,67,448,#Autolycus_WT #Camillo_WT #Dorcas_WT #Florizell_WT #MUSICIANS_WT #Mopsa_WT #Perdita_WT #Polixenes_WT #SERVANTS.SHEPHERD_WT #SHEPHERDS_WT #Shepherd_WT #ShepherdsSon_WT,#ShepherdsSon_WT,3,17
4,4,50,67,449,#Autolycus_WT #Camillo_WT #Dorcas_WT #Florizell_WT #MUSICIANS_WT #Mopsa_WT #Perdita_WT #Polixenes_WT #SERVANTS.SHEPHERD_WT #SHEPHERDS_WT #Shepherd_WT #ShepherdsSon_WT,#Autolycus_WT,8,65
4,4,50,67,450,#Autolycus_WT #Camillo_WT #Dorcas_WT #Florizell_WT #MUSICIANS_WT #Mopsa_WT #Perdita_WT #Polixenes_WT #SERVANTS.SHEPHERD_WT #SHEPHERDS_WT #Shepherd_WT #ShepherdsSon_WT,#Dorcas_WT,1,6
4,4,50,67,451,#Autolycus_WT #Camillo_WT #Dorcas_WT #Florizell_WT #MUSICIANS_WT #Mopsa_WT #Perdita_WT #Polixenes_WT #SERVANTS.SHEPHERD_WT #SHEPHERDS_WT #Shepherd_WT #ShepherdsSon_WT,#Autolycus_WT,2,13
4,4,50,67,452,#Autolycus_WT #Camillo_WT #Dorcas_WT #Florizell_WT #MUSICIANS_WT #Mopsa_WT #Perdita_WT #Polixenes_WT #SERVANTS.SHEPHERD_WT #SHEPHERDS_WT #Shepherd_WT #ShepherdsSon_WT,#ShepherdsSon_WT,1,5
4,4,50,67,453,#Autolycus_WT #Camillo_WT #Dorcas_WT #Florizell_WT #MUSICIANS_WT #Mopsa_WT #Perdita_WT #Polixenes_WT #SERVANTS.SHEPHERD_WT #SHEPHERDS_WT #Shepherd_WT #ShepherdsSon_WT,#Autolycus_WT,2,10
4,4,50,67,454,#Autolycus_WT #Camillo_WT #Dorcas_WT #Florizell_WT #MUSICIANS_WT #Mopsa_WT #Perdita_WT #Polixenes_WT #SERVANTS.SHEPHERD_WT #SHEPHERDS_WT #Shepherd_WT #ShepherdsSon_WT,#Mopsa_WT,1,5
4,4,50,67,455,#Autolycus_WT #Camillo_WT #Dorcas_WT #Florizell_WT #MUSICIANS_WT #Mopsa_WT #Perdita_WT #Polixenes_WT #SERVANTS.SHEPHERD_WT #SHEPHERDS_WT #Shepherd_WT #ShepherdsSon_WT,#Autolycus_WT,4,34
4,4,50,67,456,#Autolycus_WT #Camillo_WT #Dorcas_WT #Florizell_WT #MUSICIANS_WT #Mopsa_WT #Perdita_WT #Polixenes_WT #SERVANTS.SHEPHERD_WT #SHEPHERDS_WT #Shepherd_WT #ShepherdsSon_WT,#Mopsa_WT,2,18
4,4,50,67,457,#Autolycus_WT #Camillo_WT #Dorcas_WT #Florizell_WT #MUSICIANS_WT #Mopsa_WT #Perdita_WT #Polixenes_WT #SERVANTS.SHEPHERD_WT #SHEPHERDS_WT #Shepherd_WT #ShepherdsSon_WT,#Dorcas_WT,1,9
4,4,50,67,458,#Autolycus_WT #Camillo_WT #Dorcas_WT #Florizell_WT #MUSICIANS_WT #Mopsa_WT #Perdita_WT #Polixenes_WT #SERVANTS.SHEPHERD_WT #SHEPHERDS_WT #Shepherd_WT #ShepherdsSon_WT,#Autolycus_WT,4,30
4,4,50,67,459,#Autolycus_WT #Camillo_WT #Dorcas_WT #Florizell_WT #MUSICIANS_WT #Mopsa_WT #Perdita_WT #Polixenes_WT #SERVANTS.SHEPHERD_WT #SHEPHERDS_WT #Shepherd_WT #ShepherdsSon_WT,#Dorcas_WT,1,1
4,4,50,67,460,#Autolycus_WT #Camillo_WT #Dorcas_WT #Florizell_WT #MUSICIANS_WT #Mopsa_WT #Perdita_WT #Polixenes_WT #SERVANTS.SHEPHERD_WT #SHEPHERDS_WT #Shepherd_WT #ShepherdsSon_WT,#Mopsa_WT,1,2
4,4,50,67,461,#Autolycus_WT #Camillo_WT #Dorcas_WT #Florizell_WT #MUSICIANS_WT #Mopsa_WT #Perdita_WT #Polixenes_WT #SERVANTS.SHEPHERD_WT #SHEPHERDS_WT #Shepherd_WT #ShepherdsSon_WT,#Dorcas_WT,1,1
4,4,50,67,462,#Autolycus_WT #Camillo_WT #Dorcas_WT #Florizell_WT #MUSICIANS_WT #Mopsa_WT #Perdita_WT #Polixenes_WT #SERVANTS.SHEPHERD_WT #SHEPHERDS_WT #Shepherd_WT #ShepherdsSon_WT,#Mopsa_WT,2,12
4,4,50,67,463,#Autolycus_WT #Camillo_WT #Dorcas_WT #Florizell_WT #MUSICIANS_WT #Mopsa_WT #Perdita_WT #Polixenes_WT #SERVANTS.SHEPHERD_WT #SHEPHERDS_WT #Shepherd_WT #ShepherdsSon_WT,#Dorcas_WT,1,6
4,4,50,67,464,#Autolycus_WT #Camillo_WT #Dorcas_WT #Florizell_WT #MUSICIANS_WT #Mopsa_WT #Perdita_WT #Polixenes_WT #SERVANTS.SHEPHERD_WT #SHEPHERDS_WT #Shepherd_WT #ShepherdsSon_WT,#Mopsa_WT,1,8
4,4,50,67,465,#Autolycus_WT #Camillo_WT #Dorcas_WT #Florizell_WT #MUSICIANS_WT #Mopsa_WT #Perdita_WT #Polixenes_WT #SERVANTS.SHEPHERD_WT #SHEPHERDS_WT #Shepherd_WT #ShepherdsSon_WT,#Dorcas_WT,1,6
4,4,50,67,466,#Autolycus_WT #Camillo_WT #Dorcas_WT #Florizell_WT #MUSICIANS_WT #Mopsa_WT #Perdita_WT #Polixenes_WT #SERVANTS.SHEPHERD_WT #SHEPHERDS_WT #Shepherd_WT #ShepherdsSon_WT,#Autolycus_WT,1,1
4,4,50,67,467,#Autolycus_WT #Camillo_WT #Dorcas_WT #Florizell_WT #MUSICIANS_WT #Mopsa_WT #Perdita_WT #Polixenes_WT #SERVANTS.SHEPHERD_WT #SHEPHERDS_WT #Shepherd_WT #ShepherdsSon_WT,#Dorcas_WT,1,2
4,4,50,67,468,#Autolycus_WT #Camillo_WT #Dorcas_WT #Florizell_WT #MUSICIANS_WT #Mopsa_WT #Perdita_WT #Polixenes_WT #SERVANTS.SHEPHERD_WT #SHEPHERDS_WT #Shepherd_WT #ShepherdsSon_WT,#Autolycus_WT,1,1
4,4,50,67,469,#Autolycus_WT #Camillo_WT #Dorcas_WT #Florizell_WT #MUSICIANS_WT #Mopsa_WT #Perdita_WT #Polixenes_WT #SERVANTS.SHEPHERD_WT #SHEPHERDS_WT #Shepherd_WT #ShepherdsSon_WT,#Dorcas_WT,1,7
4,4,50,67,470,#Autolycus_WT #Camillo_WT #Dorcas_WT #Florizell_WT #MUSICIANS_WT #Mopsa_WT #Perdita_WT #Polixenes_WT #SERVANTS.SHEPHERD_WT #SHEPHERDS_WT #Shepherd_WT #ShepherdsSon_WT,#Mopsa_WT,2,12
4,4,50,67,471,#Autolycus_WT #Camillo_WT #Dorcas_WT #Florizell_WT #MUSICIANS_WT #Mopsa_WT #Perdita_WT #Polixenes_WT #SERVANTS.SHEPHERD_WT #SHEPHERDS_WT #Shepherd_WT #ShepherdsSon_WT,#ShepherdsSon_WT,6,44
4,4,51,68,472,#Autolycus_WT #Camillo_WT #Florizell_WT #MUSICIANS_WT #Perdita_WT #Polixenes_WT #SERVANTS.SHEPHERD_WT #Shepherd_WT,#Autolycus_WT,10,51
4,4,52,70,473,#Camillo_WT #Florizell_WT #MUSICIANS_WT #Perdita_WT #Polixenes_WT #SERVANTS.SHEPHERD.1_WT #SERVANTS.SHEPHERD_WT #Shepherd_WT,#SERVANTS.SHEPHERD.1_WT,9,67
4,4,52,70,474,#Camillo_WT #Florizell_WT #MUSICIANS_WT #Perdita_WT #Polixenes_WT #SERVANTS.SHEPHERD.1_WT #SERVANTS.SHEPHERD_WT #Shepherd_WT,#Shepherd_WT,3,19
4,4,52,70,475,#Camillo_WT #Florizell_WT #MUSICIANS_WT #Perdita_WT #Polixenes_WT #SERVANTS.SHEPHERD.1_WT #SERVANTS.SHEPHERD_WT #Shepherd_WT,#Polixenes_WT,2,14
4,4,52,70,476,#Camillo_WT #Florizell_WT #MUSICIANS_WT #Perdita_WT #Polixenes_WT #SERVANTS.SHEPHERD.1_WT #SERVANTS.SHEPHERD_WT #Shepherd_WT,#SERVANTS.SHEPHERD.1_WT,4,31
4,4,52,70,477,#Camillo_WT #Florizell_WT #MUSICIANS_WT #Perdita_WT #Polixenes_WT #SERVANTS.SHEPHERD.1_WT #SERVANTS.SHEPHERD_WT #Shepherd_WT,#Shepherd_WT,2,16
4,4,52,70,478,#Camillo_WT #Florizell_WT #MUSICIANS_WT #Perdita_WT #Polixenes_WT #SERVANTS.SHEPHERD.1_WT #SERVANTS.SHEPHERD_WT #Shepherd_WT,#SERVANTS.SHEPHERD.1_WT,1,6
4,4,53,72,479,#Camillo_WT #Florizell_WT #Perdita_WT #Polixenes_WT #Shepherd_WT,#Polixenes_WT,16,118
4,4,53,72,480,#Camillo_WT #Florizell_WT #Perdita_WT #Polixenes_WT #Shepherd_WT,#Florizell_WT,12,82
4,4,53,72,481,#Camillo_WT #Florizell_WT #Perdita_WT #Polixenes_WT #Shepherd_WT,#Polixenes_WT,5,31
4,4,53,72,482,#Camillo_WT #Florizell_WT #Perdita_WT #Polixenes_WT #Shepherd_WT,#Florizell_WT,1,6
4,4,53,72,483,#Camillo_WT #Florizell_WT #Perdita_WT #Polixenes_WT #Shepherd_WT,#Polixenes_WT,1,5
4,4,53,72,484,#Camillo_WT #Florizell_WT #Perdita_WT #Polixenes_WT #Shepherd_WT,#Florizell_WT,10,70
4,4,53,72,485,#Camillo_WT #Florizell_WT #Perdita_WT #Polixenes_WT #Shepherd_WT,#Polixenes_WT,1,2
4,4,53,72,486,#Camillo_WT #Florizell_WT #Perdita_WT #Polixenes_WT #Shepherd_WT,#Camillo_WT,1,5
4,4,53,72,487,#Camillo_WT #Florizell_WT #Perdita_WT #Polixenes_WT #Shepherd_WT,#Shepherd_WT,2,9
4,4,53,72,488,#Camillo_WT #Florizell_WT #Perdita_WT #Polixenes_WT #Shepherd_WT,#Perdita_WT,4,26
4,4,53,72,489,#Camillo_WT #Florizell_WT #Perdita_WT #Polixenes_WT #Shepherd_WT,#Shepherd_WT,4,26
4,4,53,72,490,#Camillo_WT #Florizell_WT #Perdita_WT #Polixenes_WT #Shepherd_WT,#Florizell_WT,5,36
4,4,53,72,491,#Camillo_WT #Florizell_WT #Perdita_WT #Polixenes_WT #Shepherd_WT,#Shepherd_WT,2,6
4,4,53,72,492,#Camillo_WT #Florizell_WT #Perdita_WT #Polixenes_WT #Shepherd_WT,#Polixenes_WT,3,9
4,4,53,72,493,#Camillo_WT #Florizell_WT #Perdita_WT #Polixenes_WT #Shepherd_WT,#Florizell_WT,1,6
4,4,53,72,494,#Camillo_WT #Florizell_WT #Perdita_WT #Polixenes_WT #Shepherd_WT,#Polixenes_WT,1,4
4,4,53,72,495,#Camillo_WT #Florizell_WT #Perdita_WT #Polixenes_WT #Shepherd_WT,#Florizell_WT,1,5
4,4,53,72,496,#Camillo_WT #Florizell_WT #Perdita_WT #Polixenes_WT #Shepherd_WT,#Polixenes_WT,9,65
4,4,53,72,497,#Camillo_WT #Florizell_WT #Perdita_WT #Polixenes_WT #Shepherd_WT,#Florizell_WT,3,17
4,4,53,72,498,#Camillo_WT #Florizell_WT #Perdita_WT #Polixenes_WT #Shepherd_WT,#Polixenes_WT,7,46
4,4,53,72,499,#Camillo_WT #Florizell_WT #Perdita_WT #Polixenes_WT #Shepherd_WT,#Florizell_WT,4,26
4,4,53,72,500,#Camillo_WT #Florizell_WT #Perdita_WT #Polixenes_WT #Shepherd_WT,#Polixenes_WT,1,4
4,4,53,72,501,#Camillo_WT #Florizell_WT #Perdita_WT #Polixenes_WT #Shepherd_WT,#Florizell_WT,1,3
4,4,53,72,502,#Camillo_WT #Florizell_WT #Perdita_WT #Polixenes_WT #Shepherd_WT,#Polixenes_WT,1,3
4,4,53,72,503,#Camillo_WT #Florizell_WT #Perdita_WT #Polixenes_WT #Shepherd_WT,#Florizell_WT,1,4
4,4,53,72,504,#Camillo_WT #Florizell_WT #Perdita_WT #Polixenes_WT #Shepherd_WT,#Shepherd_WT,2,15
4,4,53,72,505,#Camillo_WT #Florizell_WT #Perdita_WT #Polixenes_WT #Shepherd_WT,#Florizell_WT,2,8
4,4,53,72,506,#Camillo_WT #Florizell_WT #Perdita_WT #Polixenes_WT #Shepherd_WT,#Polixenes_WT,10,63
4,4,53,72,507,#Camillo_WT #Florizell_WT #Perdita_WT #Polixenes_WT #Shepherd_WT,#Shepherd_WT,1,3
4,4,53,72,508,#Camillo_WT #Florizell_WT #Perdita_WT #Polixenes_WT #Shepherd_WT,#Polixenes_WT,18,143
4,4,54,73,509,#Camillo_WT #Florizell_WT #Perdita_WT #Shepherd_WT,#Perdita_WT,11,82
4,4,54,73,510,#Camillo_WT #Florizell_WT #Perdita_WT #Shepherd_WT,#Camillo_WT,2,8
4,4,54,73,511,#Camillo_WT #Florizell_WT #Perdita_WT #Shepherd_WT,#Shepherd_WT,15,99
4,4,55,74,512,#Camillo_WT #Florizell_WT #Perdita_WT,#Florizell_WT,5,32
4,4,55,74,513,#Camillo_WT #Florizell_WT #Perdita_WT,#Camillo_WT,7,50
4,4,55,74,514,#Camillo_WT #Florizell_WT #Perdita_WT,#Florizell_WT,2,7
4,4,55,74,515,#Camillo_WT #Florizell_WT #Perdita_WT,#Camillo_WT,1,4
4,4,55,74,516,#Camillo_WT #Florizell_WT #Perdita_WT,#Perdita_WT,3,20
4,4,55,74,517,#Camillo_WT #Florizell_WT #Perdita_WT,#Florizell_WT,6,42
4,4,55,74,518,#Camillo_WT #Florizell_WT #Perdita_WT,#Camillo_WT,1,2
4,4,55,74,519,#Camillo_WT #Florizell_WT #Perdita_WT,#Florizell_WT,4,28
4,4,55,74,520,#Camillo_WT #Florizell_WT #Perdita_WT,#Camillo_WT,1,4
4,4,55,74,521,#Camillo_WT #Florizell_WT #Perdita_WT,#Florizell_WT,19,156
4,4,55,74,522,#Camillo_WT #Florizell_WT #Perdita_WT,#Camillo_WT,3,16
4,4,55,74,523,#Camillo_WT #Florizell_WT #Perdita_WT,#Florizell_WT,2,8
4,4,55,74,524,#Camillo_WT #Florizell_WT #Perdita_WT,#Camillo_WT,7,48
4,4,55,74,525,#Camillo_WT #Florizell_WT #Perdita_WT,#Florizell_WT,3,15
4,4,55,74,526,#Camillo_WT #Florizell_WT #Perdita_WT,#Camillo_WT,3,19
4,4,55,74,527,#Camillo_WT #Florizell_WT #Perdita_WT,#Florizell_WT,4,26
4,4,55,74,528,#Camillo_WT #Florizell_WT #Perdita_WT,#Camillo_WT,15,102
4,4,55,74,529,#Camillo_WT #Florizell_WT #Perdita_WT,#Florizell_WT,4,24
4,4,55,74,530,#Camillo_WT #Florizell_WT #Perdita_WT,#Camillo_WT,2,9
4,4,55,74,531,#Camillo_WT #Florizell_WT #Perdita_WT,#Florizell_WT,5,32
4,4,55,74,532,#Camillo_WT #Florizell_WT #Perdita_WT,#Camillo_WT,14,107
4,4,55,74,533,#Camillo_WT #Florizell_WT #Perdita_WT,#Florizell_WT,3,13
4,4,55,74,534,#Camillo_WT #Florizell_WT #Perdita_WT,#Camillo_WT,9,71
4,4,55,74,535,#Camillo_WT #Florizell_WT #Perdita_WT,#Florizell_WT,2,11
4,4,55,74,536,#Camillo_WT #Florizell_WT #Perdita_WT,#Camillo_WT,12,75
4,4,55,74,537,#Camillo_WT #Florizell_WT #Perdita_WT,#Perdita_WT,3,18
4,4,55,74,538,#Camillo_WT #Florizell_WT #Perdita_WT,#Camillo_WT,4,18
4,4,55,74,539,#Camillo_WT #Florizell_WT #Perdita_WT,#Florizell_WT,3,17
4,4,55,74,540,#Camillo_WT #Florizell_WT #Perdita_WT,#Camillo_WT,3,17
4,4,55,74,541,#Camillo_WT #Florizell_WT #Perdita_WT,#Perdita_WT,2,9
4,4,55,74,542,#Camillo_WT #Florizell_WT #Perdita_WT,#Florizell_WT,6,39
4,4,55,74,543,#Camillo_WT #Florizell_WT #Perdita_WT,#Camillo_WT,6,48
4,4,56,75,544,#Autolycus_WT #Camillo_WT #Florizell_WT #Perdita_WT,#Autolycus_WT,24,235
4,4,56,75,545,#Autolycus_WT #Camillo_WT #Florizell_WT #Perdita_WT,#Camillo_WT,2,18
4,4,56,75,546,#Autolycus_WT #Camillo_WT #Florizell_WT #Perdita_WT,#Florizell_WT,1,8
4,4,56,75,547,#Autolycus_WT #Camillo_WT #Florizell_WT #Perdita_WT,#Camillo_WT,1,4
4,4,56,75,548,#Autolycus_WT #Camillo_WT #Florizell_WT #Perdita_WT,#Perdita_WT,2,9
4,4,56,75,549,#Autolycus_WT #Camillo_WT #Florizell_WT #Perdita_WT,#Camillo_WT,3,16
4,4,56,75,550,#Autolycus_WT #Camillo_WT #Florizell_WT #Perdita_WT,#Autolycus_WT,1,8
4,4,56,75,551,#Autolycus_WT #Camillo_WT #Florizell_WT #Perdita_WT,#Camillo_WT,2,17
4,4,56,75,552,#Autolycus_WT #Camillo_WT #Florizell_WT #Perdita_WT,#Autolycus_WT,1,6
4,4,56,75,553,#Autolycus_WT #Camillo_WT #Florizell_WT #Perdita_WT,#Camillo_WT,7,56
4,4,56,75,554,#Autolycus_WT #Camillo_WT #Florizell_WT #Perdita_WT,#Autolycus_WT,2,11
4,4,56,75,555,#Autolycus_WT #Camillo_WT #Florizell_WT #Perdita_WT,#Camillo_WT,2,9
4,4,56,75,556,#Autolycus_WT #Camillo_WT #Florizell_WT #Perdita_WT,#Autolycus_WT,2,11
4,4,56,75,557,#Autolycus_WT #Camillo_WT #Florizell_WT #Perdita_WT,#Florizell_WT,1,3
4,4,56,75,558,#Autolycus_WT #Camillo_WT #Florizell_WT #Perdita_WT,#Autolycus_WT,2,12
4,4,56,75,559,#Autolycus_WT #Camillo_WT #Florizell_WT #Perdita_WT,#Camillo_WT,9,57
4,4,56,75,560,#Autolycus_WT #Camillo_WT #Florizell_WT #Perdita_WT,#Perdita_WT,2,12
4,4,56,75,561,#Autolycus_WT #Camillo_WT #Florizell_WT #Perdita_WT,#Camillo_WT,2,6
4,4,56,75,562,#Autolycus_WT #Camillo_WT #Florizell_WT #Perdita_WT,#Florizell_WT,2,12
4,4,56,75,563,#Autolycus_WT #Camillo_WT #Florizell_WT #Perdita_WT,#Camillo_WT,2,12
4,4,56,75,564,#Autolycus_WT #Camillo_WT #Florizell_WT #Perdita_WT,#Autolycus_WT,1,2
4,4,56,75,565,#Autolycus_WT #Camillo_WT #Florizell_WT #Perdita_WT,#Florizell_WT,2,11
4,4,56,75,566,#Autolycus_WT #Camillo_WT #Florizell_WT #Perdita_WT,#Camillo_WT,6,45
4,4,56,75,567,#Autolycus_WT #Camillo_WT #Florizell_WT #Perdita_WT,#Florizell_WT,2,11
4,4,56,75,568,#Autolycus_WT #Camillo_WT #Florizell_WT #Perdita_WT,#Camillo_WT,1,5
4,4,57,76,569,#Autolycus_WT,#Autolycus_WT,14,137
4,4,58,77,570,#Autolycus_WT #Shepherd_WT #ShepherdsSon_WT,#Autolycus_WT,3,23
4,4,58,77,571,#Autolycus_WT #Shepherd_WT #ShepherdsSon_WT,#ShepherdsSon_WT,4,28
4,4,58,77,572,#Autolycus_WT #Shepherd_WT #ShepherdsSon_WT,#Shepherd_WT,1,4
4,4,58,77,573,#Autolycus_WT #Shepherd_WT #ShepherdsSon_WT,#ShepherdsSon_WT,1,4
4,4,58,77,574,#Autolycus_WT #Shepherd_WT #ShepherdsSon_WT,#Shepherd_WT,1,3
4,4,58,77,575,#Autolycus_WT #Shepherd_WT #ShepherdsSon_WT,#ShepherdsSon_WT,7,58
4,4,58,77,576,#Autolycus_WT #Shepherd_WT #ShepherdsSon_WT,#Shepherd_WT,4,38
4,4,58,77,577,#Autolycus_WT #Shepherd_WT #ShepherdsSon_WT,#ShepherdsSon_WT,4,27
4,4,58,77,578,#Autolycus_WT #Shepherd_WT #ShepherdsSon_WT,#Autolycus_WT,1,3
4,4,58,77,579,#Autolycus_WT #Shepherd_WT #ShepherdsSon_WT,#Shepherd_WT,2,18
4,4,58,77,580,#Autolycus_WT #Shepherd_WT #ShepherdsSon_WT,#Autolycus_WT,2,15
4,4,58,77,581,#Autolycus_WT #Shepherd_WT #ShepherdsSon_WT,#ShepherdsSon_WT,1,6
4,4,58,77,582,#Autolycus_WT #Shepherd_WT #ShepherdsSon_WT,#Autolycus_WT,4,26
4,4,58,77,583,#Autolycus_WT #Shepherd_WT #ShepherdsSon_WT,#Shepherd_WT,1,8
4,4,58,77,584,#Autolycus_WT #Shepherd_WT #ShepherdsSon_WT,#Autolycus_WT,4,33
4,4,58,77,585,#Autolycus_WT #Shepherd_WT #ShepherdsSon_WT,#ShepherdsSon_WT,1,6
4,4,58,77,586,#Autolycus_WT #Shepherd_WT #ShepherdsSon_WT,#Autolycus_WT,5,45
4,4,58,77,587,#Autolycus_WT #Shepherd_WT #ShepherdsSon_WT,#ShepherdsSon_WT,3,18
4,4,58,77,588,#Autolycus_WT #Shepherd_WT #ShepherdsSon_WT,#Shepherd_WT,1,9
4,4,58,77,589,#Autolycus_WT #Shepherd_WT #ShepherdsSon_WT,#Autolycus_WT,10,90
4,4,58,77,590,#Autolycus_WT #Shepherd_WT #ShepherdsSon_WT,#Shepherd_WT,1,7
4,4,58,77,591,#Autolycus_WT #Shepherd_WT #ShepherdsSon_WT,#Autolycus_WT,1,6
4,4,58,77,592,#Autolycus_WT #Shepherd_WT #ShepherdsSon_WT,#Shepherd_WT,1,7
4,4,58,77,593,#Autolycus_WT #Shepherd_WT #ShepherdsSon_WT,#ShepherdsSon_WT,2,11
4,4,58,77,594,#Autolycus_WT #Shepherd_WT #ShepherdsSon_WT,#Shepherd_WT,2,9
4,4,58,77,595,#Autolycus_WT #Shepherd_WT #ShepherdsSon_WT,#Autolycus_WT,3,23
4,4,58,77,596,#Autolycus_WT #Shepherd_WT #ShepherdsSon_WT,#ShepherdsSon_WT,2,7
4,4,58,77,597,#Autolycus_WT #Shepherd_WT #ShepherdsSon_WT,#Shepherd_WT,2,10
4,4,58,77,598,#Autolycus_WT #Shepherd_WT #ShepherdsSon_WT,#ShepherdsSon_WT,3,23
4,4,58,77,599,#Autolycus_WT #Shepherd_WT #ShepherdsSon_WT,#Autolycus_WT,2,10
4,4,58,77,600,#Autolycus_WT #Shepherd_WT #ShepherdsSon_WT,#Shepherd_WT,4,34
4,4,58,77,601,#Autolycus_WT #Shepherd_WT #ShepherdsSon_WT,#Autolycus_WT,1,6
4,4,58,77,602,#Autolycus_WT #Shepherd_WT #ShepherdsSon_WT,#Shepherd_WT,1,2
4,4,58,77,603,#Autolycus_WT #Shepherd_WT #ShepherdsSon_WT,#Autolycus_WT,4,37
4,4,58,77,604,#Autolycus_WT #Shepherd_WT #ShepherdsSon_WT,#Shepherd_WT,2,14
4,4,58,77,605,#Autolycus_WT #Shepherd_WT #ShepherdsSon_WT,#Autolycus_WT,4,30
4,4,58,77,606,#Autolycus_WT #Shepherd_WT #ShepherdsSon_WT,#ShepherdsSon_WT,1,4
4,4,58,77,607,#Autolycus_WT #Shepherd_WT #ShepherdsSon_WT,#Autolycus_WT,10,87
4,4,58,77,608,#Autolycus_WT #Shepherd_WT #ShepherdsSon_WT,#ShepherdsSon_WT,2,16
4,4,58,77,609,#Autolycus_WT #Shepherd_WT #ShepherdsSon_WT,#Autolycus_WT,17,159
4,4,58,77,610,#Autolycus_WT #Shepherd_WT #ShepherdsSon_WT,#ShepherdsSon_WT,6,51
4,4,58,77,611,#Autolycus_WT #Shepherd_WT #ShepherdsSon_WT,#Shepherd_WT,4,35
4,4,58,77,612,#Autolycus_WT #Shepherd_WT #ShepherdsSon_WT,#Autolycus_WT,1,7
4,4,58,77,613,#Autolycus_WT #Shepherd_WT #ShepherdsSon_WT,#Shepherd_WT,1,2
4,4,58,77,614,#Autolycus_WT #Shepherd_WT #ShepherdsSon_WT,#Autolycus_WT,2,12
4,4,58,77,615,#Autolycus_WT #Shepherd_WT #ShepherdsSon_WT,#ShepherdsSon_WT,2,22
4,4,58,77,616,#Autolycus_WT #Shepherd_WT #ShepherdsSon_WT,#Autolycus_WT,2,15
4,4,58,77,617,#Autolycus_WT #Shepherd_WT #ShepherdsSon_WT,#ShepherdsSon_WT,7,57
4,4,58,77,618,#Autolycus_WT #Shepherd_WT #ShepherdsSon_WT,#Autolycus_WT,3,24
4,4,58,77,619,#Autolycus_WT #Shepherd_WT #ShepherdsSon_WT,#ShepherdsSon_WT,2,12
4,4,58,77,620,#Autolycus_WT #Shepherd_WT #ShepherdsSon_WT,#Shepherd_WT,2,13
4,4,59,78,621,#Autolycus_WT,#Autolycus_WT,12,119
5,1,60,80,622,#Cleomenes_WT #Dion_WT #Leontes_WT #Paulina_WT #SERVANTS_WT,#Cleomenes_WT,6,45
5,1,60,80,623,#Cleomenes_WT #Dion_WT #Leontes_WT #Paulina_WT #SERVANTS_WT,#Leontes_WT,7,48
5,1,60,80,624,#Cleomenes_WT #Dion_WT #Leontes_WT #Paulina_WT #SERVANTS_WT,#Paulina_WT,5,34
5,1,60,80,625,#Cleomenes_WT #Dion_WT #Leontes_WT #Paulina_WT #SERVANTS_WT,#Leontes_WT,5,37
5,1,60,80,626,#Cleomenes_WT #Dion_WT #Leontes_WT #Paulina_WT #SERVANTS_WT,#Cleomenes_WT,5,25
5,1,60,80,627,#Cleomenes_WT #Dion_WT #Leontes_WT #Paulina_WT #SERVANTS_WT,#Paulina_WT,2,10
5,1,60,80,628,#Cleomenes_WT #Dion_WT #Leontes_WT #Paulina_WT #SERVANTS_WT,#Dion_WT,11,75
5,1,60,80,629,#Cleomenes_WT #Dion_WT #Leontes_WT #Paulina_WT #SERVANTS_WT,#Paulina_WT,16,120
5,1,60,80,630,#Cleomenes_WT #Dion_WT #Leontes_WT #Paulina_WT #SERVANTS_WT,#Leontes_WT,6,40
5,1,60,80,631,#Cleomenes_WT #Dion_WT #Leontes_WT #Paulina_WT #SERVANTS_WT,#Paulina_WT,2,9
5,1,60,80,632,#Cleomenes_WT #Dion_WT #Leontes_WT #Paulina_WT #SERVANTS_WT,#Leontes_WT,6,39
5,1,60,80,633,#Cleomenes_WT #Dion_WT #Leontes_WT #Paulina_WT #SERVANTS_WT,#Paulina_WT,2,8
5,1,60,80,634,#Cleomenes_WT #Dion_WT #Leontes_WT #Paulina_WT #SERVANTS_WT,#Leontes_WT,2,11
5,1,60,80,635,#Cleomenes_WT #Dion_WT #Leontes_WT #Paulina_WT #SERVANTS_WT,#Paulina_WT,6,48
5,1,60,80,636,#Cleomenes_WT #Dion_WT #Leontes_WT #Paulina_WT #SERVANTS_WT,#Leontes_WT,3,17
5,1,60,80,637,#Cleomenes_WT #Dion_WT #Leontes_WT #Paulina_WT #SERVANTS_WT,#Paulina_WT,2,11
5,1,60,80,638,#Cleomenes_WT #Dion_WT #Leontes_WT #Paulina_WT #SERVANTS_WT,#Leontes_WT,1,7
5,1,60,80,639,#Cleomenes_WT #Dion_WT #Leontes_WT #Paulina_WT #SERVANTS_WT,#Paulina_WT,1,9
5,1,60,80,640,#Cleomenes_WT #Dion_WT #Leontes_WT #Paulina_WT #SERVANTS_WT,#Cleomenes_WT,1,4
5,1,60,80,641,#Cleomenes_WT #Dion_WT #Leontes_WT #Paulina_WT #SERVANTS_WT,#Paulina_WT,3,12
5,1,60,80,642,#Cleomenes_WT #Dion_WT #Leontes_WT #Paulina_WT #SERVANTS_WT,#Cleomenes_WT,1,2
5,1,60,80,643,#Cleomenes_WT #Dion_WT #Leontes_WT #Paulina_WT #SERVANTS_WT,#Paulina_WT,8,58
5,1,60,80,644,#Cleomenes_WT #Dion_WT #Leontes_WT #Paulina_WT #SERVANTS_WT,#Leontes_WT,2,11
5,1,60,80,645,#Cleomenes_WT #Dion_WT #Leontes_WT #Paulina_WT #SERVANTS_WT,#Paulina_WT,3,13
5,1,61,81,646,#Cleomenes_WT #Dion_WT #Leontes_WT #Paulina_WT #SERVANTS.X.3_WT #SERVANTS_WT,#SERVANTS.X.3_WT,4,26
5,1,61,81,647,#Cleomenes_WT #Dion_WT #Leontes_WT #Paulina_WT #SERVANTS.X.3_WT #SERVANTS_WT,#Leontes_WT,5,34
5,1,61,81,648,#Cleomenes_WT #Dion_WT #Leontes_WT #Paulina_WT #SERVANTS.X.3_WT #SERVANTS_WT,#SERVANTS.X.3_WT,2,6
5,1,61,81,649,#Cleomenes_WT #Dion_WT #Leontes_WT #Paulina_WT #SERVANTS.X.3_WT #SERVANTS_WT,#Leontes_WT,1,6
5,1,61,81,650,#Cleomenes_WT #Dion_WT #Leontes_WT #Paulina_WT #SERVANTS.X.3_WT #SERVANTS_WT,#SERVANTS.X.3_WT,2,16
5,1,61,81,651,#Cleomenes_WT #Dion_WT #Leontes_WT #Paulina_WT #SERVANTS.X.3_WT #SERVANTS_WT,#Paulina_WT,10,68
5,1,61,81,652,#Cleomenes_WT #Dion_WT #Leontes_WT #Paulina_WT #SERVANTS.X.3_WT #SERVANTS_WT,#SERVANTS.X.3_WT,7,48
5,1,61,81,653,#Cleomenes_WT #Dion_WT #Leontes_WT #Paulina_WT #SERVANTS.X.3_WT #SERVANTS_WT,#Paulina_WT,1,3
5,1,61,81,654,#Cleomenes_WT #Dion_WT #Leontes_WT #Paulina_WT #SERVANTS.X.3_WT #SERVANTS_WT,#SERVANTS.X.3_WT,3,23
5,1,61,81,655,#Cleomenes_WT #Dion_WT #Leontes_WT #Paulina_WT #SERVANTS.X.3_WT #SERVANTS_WT,#Leontes_WT,3,13
5,1,62,82,656,#Dion_WT #Leontes_WT #Paulina_WT,#Leontes_WT,2,9
5,1,62,82,657,#Dion_WT #Leontes_WT #Paulina_WT,#Paulina_WT,4,25
5,1,62,82,658,#Dion_WT #Leontes_WT #Paulina_WT,#Leontes_WT,6,38
5,1,63,83,659,#Cleomenes_WT #Dion_WT #Florizell_WT #Leontes_WT #Paulina_WT #Perdita_WT #SERVANTS_WT,#Leontes_WT,15,112
5,1,63,83,660,#Cleomenes_WT #Dion_WT #Florizell_WT #Leontes_WT #Paulina_WT #Perdita_WT #SERVANTS_WT,#Florizell_WT,11,74
5,1,63,83,661,#Cleomenes_WT #Dion_WT #Florizell_WT #Leontes_WT #Paulina_WT #Perdita_WT #SERVANTS_WT,#Leontes_WT,10,71
5,1,63,83,662,#Cleomenes_WT #Dion_WT #Florizell_WT #Leontes_WT #Paulina_WT #Perdita_WT #SERVANTS_WT,#Florizell_WT,2,7
5,1,63,83,663,#Cleomenes_WT #Dion_WT #Florizell_WT #Leontes_WT #Paulina_WT #Perdita_WT #SERVANTS_WT,#Leontes_WT,2,12
5,1,63,83,664,#Cleomenes_WT #Dion_WT #Florizell_WT #Leontes_WT #Paulina_WT #Perdita_WT #SERVANTS_WT,#Florizell_WT,11,72
5,1,63,83,665,#Cleomenes_WT #Dion_WT #Florizell_WT #Leontes_WT #Paulina_WT #Perdita_WT #SERVANTS_WT,#Leontes_WT,11,80
5,1,64,84,666,#ATTENDANTS.X_WT #Cleomenes_WT #Dion_WT #Florizell_WT #Leontes_WT #Paulina_WT #Perdita_WT #SERVANTS_WT,#ATTENDANTS.X_WT,8,56
5,1,64,84,667,#ATTENDANTS.X_WT #Cleomenes_WT #Dion_WT #Florizell_WT #Leontes_WT #Paulina_WT #Perdita_WT #SERVANTS_WT,#Leontes_WT,1,3
5,1,64,84,668,#ATTENDANTS.X_WT #Cleomenes_WT #Dion_WT #Florizell_WT #Leontes_WT #Paulina_WT #Perdita_WT #SERVANTS_WT,#ATTENDANTS.X_WT,8,59
5,1,64,84,669,#ATTENDANTS.X_WT #Cleomenes_WT #Dion_WT #Florizell_WT #Leontes_WT #Paulina_WT #Perdita_WT #SERVANTS_WT,#Florizell_WT,3,14
5,1,64,84,670,#ATTENDANTS.X_WT #Cleomenes_WT #Dion_WT #Florizell_WT #Leontes_WT #Paulina_WT #Perdita_WT #SERVANTS_WT,#ATTENDANTS.X_WT,2,12
5,1,64,84,671,#ATTENDANTS.X_WT #Cleomenes_WT #Dion_WT #Florizell_WT #Leontes_WT #Paulina_WT #Perdita_WT #SERVANTS_WT,#Leontes_WT,1,2
5,1,64,84,672,#ATTENDANTS.X_WT #Cleomenes_WT #Dion_WT #Florizell_WT #Leontes_WT #Paulina_WT #Perdita_WT #SERVANTS_WT,#ATTENDANTS.X_WT,6,45
5,1,64,84,673,#ATTENDANTS.X_WT #Cleomenes_WT #Dion_WT #Florizell_WT #Leontes_WT #Paulina_WT #Perdita_WT #SERVANTS_WT,#Perdita_WT,3,16
5,1,64,84,674,#ATTENDANTS.X_WT #Cleomenes_WT #Dion_WT #Florizell_WT #Leontes_WT #Paulina_WT #Perdita_WT #SERVANTS_WT,#Leontes_WT,1,3
5,1,64,84,675,#ATTENDANTS.X_WT #Cleomenes_WT #Dion_WT #Florizell_WT #Leontes_WT #Paulina_WT #Perdita_WT #SERVANTS_WT,#Florizell_WT,3,26
5,1,64,84,676,#ATTENDANTS.X_WT #Cleomenes_WT #Dion_WT #Florizell_WT #Leontes_WT #Paulina_WT #Perdita_WT #SERVANTS_WT,#Leontes_WT,2,9
5,1,64,84,677,#ATTENDANTS.X_WT #Cleomenes_WT #Dion_WT #Florizell_WT #Leontes_WT #Paulina_WT #Perdita_WT #SERVANTS_WT,#Florizell_WT,2,8
5,1,64,84,678,#ATTENDANTS.X_WT #Cleomenes_WT #Dion_WT #Florizell_WT #Leontes_WT #Paulina_WT #Perdita_WT #SERVANTS_WT,#Leontes_WT,6,50
5,1,64,84,679,#ATTENDANTS.X_WT #Cleomenes_WT #Dion_WT #Florizell_WT #Leontes_WT #Paulina_WT #Perdita_WT #SERVANTS_WT,#Florizell_WT,8,58
5,1,64,84,680,#ATTENDANTS.X_WT #Cleomenes_WT #Dion_WT #Florizell_WT #Leontes_WT #Paulina_WT #Perdita_WT #SERVANTS_WT,#Leontes_WT,2,15
5,1,64,84,681,#ATTENDANTS.X_WT #Cleomenes_WT #Dion_WT #Florizell_WT #Leontes_WT #Paulina_WT #Perdita_WT #SERVANTS_WT,#Paulina_WT,5,30
5,1,64,84,682,#ATTENDANTS.X_WT #Cleomenes_WT #Dion_WT #Florizell_WT #Leontes_WT #Paulina_WT #Perdita_WT #SERVANTS_WT,#Leontes_WT,8,56
5,2,65,86,683,#ATTENDANTS.1_WT #Autolycus_WT,#Autolycus_WT,2,9
5,2,65,86,684,#ATTENDANTS.1_WT #Autolycus_WT,#ATTENDANTS.1_WT,6,45
5,2,65,86,685,#ATTENDANTS.1_WT #Autolycus_WT,#Autolycus_WT,1,9
5,2,65,86,686,#ATTENDANTS.1_WT #Autolycus_WT,#ATTENDANTS.1_WT,12,101
5,2,66,87,687,#ATTENDANTS.1_WT #ATTENDANTS.2_WT #Autolycus_WT,#ATTENDANTS.1_WT,2,11
5,2,66,87,688,#ATTENDANTS.1_WT #ATTENDANTS.2_WT #Autolycus_WT,#ATTENDANTS.2_WT,4,32
5,2,67,88,689,#ATTENDANTS.1_WT #ATTENDANTS.2_WT #ATTENDANTS.3_WT #Autolycus_WT,#ATTENDANTS.2_WT,5,43
5,2,67,88,690,#ATTENDANTS.1_WT #ATTENDANTS.2_WT #ATTENDANTS.3_WT #Autolycus_WT,#ATTENDANTS.3_WT,11,93
5,2,67,88,691,#ATTENDANTS.1_WT #ATTENDANTS.2_WT #ATTENDANTS.3_WT #Autolycus_WT,#ATTENDANTS.2_WT,1,1
5,2,67,88,692,#ATTENDANTS.1_WT #ATTENDANTS.2_WT #ATTENDANTS.3_WT #Autolycus_WT,#ATTENDANTS.3_WT,18,154
5,2,67,88,693,#ATTENDANTS.1_WT #ATTENDANTS.2_WT #ATTENDANTS.3_WT #Autolycus_WT,#ATTENDANTS.2_WT,2,11
5,2,67,88,694,#ATTENDANTS.1_WT #ATTENDANTS.2_WT #ATTENDANTS.3_WT #Autolycus_WT,#ATTENDANTS.3_WT,7,55
5,2,67,88,695,#ATTENDANTS.1_WT #ATTENDANTS.2_WT #ATTENDANTS.3_WT #Autolycus_WT,#ATTENDANTS.1_WT,2,8
5,2,67,88,696,#ATTENDANTS.1_WT #ATTENDANTS.2_WT #ATTENDANTS.3_WT #Autolycus_WT,#ATTENDANTS.3_WT,11,98
5,2,67,88,697,#ATTENDANTS.1_WT #ATTENDANTS.2_WT #ATTENDANTS.3_WT #Autolycus_WT,#ATTENDANTS.1_WT,3,19
5,2,67,88,698,#ATTENDANTS.1_WT #ATTENDANTS.2_WT #ATTENDANTS.3_WT #Autolycus_WT,#ATTENDANTS.3_WT,12,101
5,2,67,88,699,#ATTENDANTS.1_WT #ATTENDANTS.2_WT #ATTENDANTS.3_WT #Autolycus_WT,#ATTENDANTS.1_WT,1,6
5,2,67,88,700,#ATTENDANTS.1_WT #ATTENDANTS.2_WT #ATTENDANTS.3_WT #Autolycus_WT,#ATTENDANTS.3_WT,11,93
5,2,67,88,701,#ATTENDANTS.1_WT #ATTENDANTS.2_WT #ATTENDANTS.3_WT #Autolycus_WT,#ATTENDANTS.2_WT,5,39
5,2,67,88,702,#ATTENDANTS.1_WT #ATTENDANTS.2_WT #ATTENDANTS.3_WT #Autolycus_WT,#ATTENDANTS.1_WT,4,31
5,2,68,89,703,#Autolycus_WT,#Autolycus_WT,12,102
5,2,69,90,704,#Autolycus_WT #Shepherd_WT #ShepherdsSon_WT,#Autolycus_WT,3,20
5,2,69,90,705,#Autolycus_WT #Shepherd_WT #ShepherdsSon_WT,#Shepherd_WT,2,17
5,2,69,90,706,#Autolycus_WT #Shepherd_WT #ShepherdsSon_WT,#ShepherdsSon_WT,7,61
5,2,69,90,707,#Autolycus_WT #Shepherd_WT #ShepherdsSon_WT,#Autolycus_WT,1,9
5,2,69,90,708,#Autolycus_WT #Shepherd_WT #ShepherdsSon_WT,#ShepherdsSon_WT,2,10
5,2,69,90,709,#Autolycus_WT #Shepherd_WT #ShepherdsSon_WT,#Shepherd_WT,1,5
5,2,69,90,710,#Autolycus_WT #Shepherd_WT #ShepherdsSon_WT,#ShepherdsSon_WT,7,64
5,2,69,90,711,#Autolycus_WT #Shepherd_WT #ShepherdsSon_WT,#Shepherd_WT,1,8
5,2,69,90,712,#Autolycus_WT #Shepherd_WT #ShepherdsSon_WT,#ShepherdsSon_WT,2,14
5,2,69,90,713,#Autolycus_WT #Shepherd_WT #ShepherdsSon_WT,#Autolycus_WT,3,29
5,2,69,90,714,#Autolycus_WT #Shepherd_WT #ShepherdsSon_WT,#Shepherd_WT,2,12
5,2,69,90,715,#Autolycus_WT #Shepherd_WT #ShepherdsSon_WT,#ShepherdsSon_WT,2,5
5,2,69,90,716,#Autolycus_WT #Shepherd_WT #ShepherdsSon_WT,#Autolycus_WT,1,7
5,2,69,90,717,#Autolycus_WT #Shepherd_WT #ShepherdsSon_WT,#ShepherdsSon_WT,3,22
5,2,69,90,718,#Autolycus_WT #Shepherd_WT #ShepherdsSon_WT,#Shepherd_WT,1,8
5,2,69,90,719,#Autolycus_WT #Shepherd_WT #ShepherdsSon_WT,#ShepherdsSon_WT,2,17
5,2,69,90,720,#Autolycus_WT #Shepherd_WT #ShepherdsSon_WT,#Shepherd_WT,1,6
5,2,69,90,721,#Autolycus_WT #Shepherd_WT #ShepherdsSon_WT,#ShepherdsSon_WT,7,72
5,2,69,90,722,#Autolycus_WT #Shepherd_WT #ShepherdsSon_WT,#Autolycus_WT,1,8
5,2,69,90,723,#Autolycus_WT #Shepherd_WT #ShepherdsSon_WT,#ShepherdsSon_WT,6,50
5,3,70,92,724,#ATTENDANTS_WT #Camillo_WT #Florizell_WT #Leontes_WT #Paulina_WT #Perdita_WT #Polixenes_WT,#Leontes_WT,2,14
5,3,70,92,725,#ATTENDANTS_WT #Camillo_WT #Florizell_WT #Leontes_WT #Paulina_WT #Perdita_WT #Polixenes_WT,#Paulina_WT,7,54
5,3,70,92,726,#ATTENDANTS_WT #Camillo_WT #Florizell_WT #Leontes_WT #Paulina_WT #Perdita_WT #Polixenes_WT,#Leontes_WT,7,47
5,3,70,92,727,#ATTENDANTS_WT #Camillo_WT #Florizell_WT #Leontes_WT #Paulina_WT #Perdita_WT #Polixenes_WT,#Paulina_WT,7,53
5,3,71,93,728,#ATTENDANTS_WT #Camillo_WT #Florizell_WT #Hermione_WT #Leontes_WT #Paulina_WT #Perdita_WT #Polixenes_WT,#Paulina_WT,3,23
5,3,71,93,729,#ATTENDANTS_WT #Camillo_WT #Florizell_WT #Hermione_WT #Leontes_WT #Paulina_WT #Perdita_WT #Polixenes_WT,#Leontes_WT,7,48
5,3,71,93,730,#ATTENDANTS_WT #Camillo_WT #Florizell_WT #Hermione_WT #Leontes_WT #Paulina_WT #Perdita_WT #Polixenes_WT,#Polixenes_WT,1,4
5,3,71,93,731,#ATTENDANTS_WT #Camillo_WT #Florizell_WT #Hermione_WT #Leontes_WT #Paulina_WT #Perdita_WT #Polixenes_WT,#Paulina_WT,3,21
5,3,71,93,732,#ATTENDANTS_WT #Camillo_WT #Florizell_WT #Hermione_WT #Leontes_WT #Paulina_WT #Perdita_WT #Polixenes_WT,#Leontes_WT,11,85
5,3,71,93,733,#ATTENDANTS_WT #Camillo_WT #Florizell_WT #Hermione_WT #Leontes_WT #Paulina_WT #Perdita_WT #Polixenes_WT,#Perdita_WT,6,35
5,3,71,93,734,#ATTENDANTS_WT #Camillo_WT #Florizell_WT #Hermione_WT #Leontes_WT #Paulina_WT #Perdita_WT #Polixenes_WT,#Paulina_WT,3,12
5,3,71,93,735,#ATTENDANTS_WT #Camillo_WT #Florizell_WT #Hermione_WT #Leontes_WT #Paulina_WT #Perdita_WT #Polixenes_WT,#Camillo_WT,5,34
5,3,71,93,736,#ATTENDANTS_WT #Camillo_WT #Florizell_WT #Hermione_WT #Leontes_WT #Paulina_WT #Perdita_WT #Polixenes_WT,#Polixenes_WT,4,28
5,3,71,93,737,#ATTENDANTS_WT #Camillo_WT #Florizell_WT #Hermione_WT #Leontes_WT #Paulina_WT #Perdita_WT #Polixenes_WT,#Paulina_WT,5,28
5,3,71,93,738,#ATTENDANTS_WT #Camillo_WT #Florizell_WT #Hermione_WT #Leontes_WT #Paulina_WT #Perdita_WT #Polixenes_WT,#Leontes_WT,1,5
5,3,71,93,739,#ATTENDANTS_WT #Camillo_WT #Florizell_WT #Hermione_WT #Leontes_WT #Paulina_WT #Perdita_WT #Polixenes_WT,#Paulina_WT,2,15
5,3,71,93,740,#ATTENDANTS_WT #Camillo_WT #Florizell_WT #Hermione_WT #Leontes_WT #Paulina_WT #Perdita_WT #Polixenes_WT,#Leontes_WT,6,36
5,3,71,93,741,#ATTENDANTS_WT #Camillo_WT #Florizell_WT #Hermione_WT #Leontes_WT #Paulina_WT #Perdita_WT #Polixenes_WT,#Polixenes_WT,2,10
5,3,71,93,742,#ATTENDANTS_WT #Camillo_WT #Florizell_WT #Hermione_WT #Leontes_WT #Paulina_WT #Perdita_WT #Polixenes_WT,#Leontes_WT,2,15
5,3,71,93,743,#ATTENDANTS_WT #Camillo_WT #Florizell_WT #Hermione_WT #Leontes_WT #Paulina_WT #Perdita_WT #Polixenes_WT,#Paulina_WT,3,16
5,3,71,93,744,#ATTENDANTS_WT #Camillo_WT #Florizell_WT #Hermione_WT #Leontes_WT #Paulina_WT #Perdita_WT #Polixenes_WT,#Leontes_WT,4,27
5,3,71,93,745,#ATTENDANTS_WT #Camillo_WT #Florizell_WT #Hermione_WT #Leontes_WT #Paulina_WT #Perdita_WT #Polixenes_WT,#Paulina_WT,2,16
5,3,71,93,746,#ATTENDANTS_WT #Camillo_WT #Florizell_WT #Hermione_WT #Leontes_WT #Paulina_WT #Perdita_WT #Polixenes_WT,#Leontes_WT,6,41
5,3,71,93,747,#ATTENDANTS_WT #Camillo_WT #Florizell_WT #Hermione_WT #Leontes_WT #Paulina_WT #Perdita_WT #Polixenes_WT,#Paulina_WT,4,29
5,3,71,93,748,#ATTENDANTS_WT #Camillo_WT #Florizell_WT #Hermione_WT #Leontes_WT #Paulina_WT #Perdita_WT #Polixenes_WT,#Leontes_WT,1,5
5,3,71,93,749,#ATTENDANTS_WT #Camillo_WT #Florizell_WT #Hermione_WT #Leontes_WT #Paulina_WT #Perdita_WT #Polixenes_WT,#Perdita_WT,2,8
5,3,71,93,750,#ATTENDANTS_WT #Camillo_WT #Florizell_WT #Hermione_WT #Leontes_WT #Paulina_WT #Perdita_WT #Polixenes_WT,#Paulina_WT,7,44
5,3,71,93,751,#ATTENDANTS_WT #Camillo_WT #Florizell_WT #Hermione_WT #Leontes_WT #Paulina_WT #Perdita_WT #Polixenes_WT,#Leontes_WT,4,30
5,3,71,93,752,#ATTENDANTS_WT #Camillo_WT #Florizell_WT #Hermione_WT #Leontes_WT #Paulina_WT #Perdita_WT #Polixenes_WT,#Paulina_WT,4,26
5,3,71,93,753,#ATTENDANTS_WT #Camillo_WT #Florizell_WT #Hermione_WT #Leontes_WT #Paulina_WT #Perdita_WT #Polixenes_WT,#Leontes_WT,2,5
5,3,71,93,754,#ATTENDANTS_WT #Camillo_WT #Florizell_WT #Hermione_WT #Leontes_WT #Paulina_WT #Perdita_WT #Polixenes_WT,#Paulina_WT,12,94
5,3,71,93,755,#ATTENDANTS_WT #Camillo_WT #Florizell_WT #Hermione_WT #Leontes_WT #Paulina_WT #Perdita_WT #Polixenes_WT,#Leontes_WT,3,15
5,3,71,93,756,#ATTENDANTS_WT #Camillo_WT #Florizell_WT #Hermione_WT #Leontes_WT #Paulina_WT #Perdita_WT #Polixenes_WT,#Polixenes_WT,1,3
5,3,71,93,757,#ATTENDANTS_WT #Camillo_WT #Florizell_WT #Hermione_WT #Leontes_WT #Paulina_WT #Perdita_WT #Polixenes_WT,#Camillo_WT,2,14
5,3,71,93,758,#ATTENDANTS_WT #Camillo_WT #Florizell_WT #Hermione_WT #Leontes_WT #Paulina_WT #Perdita_WT #Polixenes_WT,#Polixenes_WT,2,15
5,3,71,93,759,#ATTENDANTS_WT #Camillo_WT #Florizell_WT #Hermione_WT #Leontes_WT #Paulina_WT #Perdita_WT #Polixenes_WT,#Paulina_WT,9,50
5,3,71,93,760,#ATTENDANTS_WT #Camillo_WT #Florizell_WT #Hermione_WT #Leontes_WT #Paulina_WT #Perdita_WT #Polixenes_WT,#Hermione_WT,9,57
5,3,71,93,761,#ATTENDANTS_WT #Camillo_WT #Florizell_WT #Hermione_WT #Leontes_WT #Paulina_WT #Perdita_WT #Polixenes_WT,#Paulina_WT,8,55
5,3,71,93,762,#ATTENDANTS_WT #Camillo_WT #Florizell_WT #Hermione_WT #Leontes_WT #Paulina_WT #Perdita_WT #Polixenes_WT,#Leontes_WT,23,169
