act,scene,stagegroup,stagegroup_raw,setting,onstage,speaker,n_lines,n_tokens
1,1,1,1,1,#Bassianus_Tit #Marcus_Tit #ROMANS_Tit #SENATORS_Tit #Saturninus_Tit #TRIBUNES_Tit,#Saturninus_Tit,8,57
1,1,1,1,2,#Bassianus_Tit #Marcus_Tit #ROMANS_Tit #SENATORS_Tit #Saturninus_Tit #TRIBUNES_Tit,#Bassianus_Tit,9,59
1,1,1,1,3,#Bassianus_Tit #Marcus_Tit #ROMANS_Tit #SENATORS_Tit #Saturninus_Tit #TRIBUNES_Tit,#Marcus_Tit,28,200
1,1,1,1,4,#Bassianus_Tit #Marcus_Tit #ROMANS_Tit #SENATORS_Tit #Saturninus_Tit #TRIBUNES_Tit,#Saturninus_Tit,1,9
1,1,1,1,5,#Bassianus_Tit #Marcus_Tit #ROMANS_Tit #SENATORS_Tit #Saturninus_Tit #TRIBUNES_Tit,#Bassianus_Tit,9,65
1,1,1,1,6,#Bassianus_Tit #Marcus_Tit #ROMANS_Tit #SENATORS_Tit #Saturninus_Tit #TRIBUNES_Tit,#Saturninus_Tit,7,57
1,1,1,1,7,#Bassianus_Tit #Marcus_Tit #ROMANS_Tit #SENATORS_Tit #Saturninus_Tit #TRIBUNES_Tit,#Bassianus_Tit,1,6
1,1,2,3,8,#Captain_Tit #ROMANS_Tit,#Captain_Tit,6,41
1,1,3,4,9,#Aaron_Tit #Alarbus_Tit #Captain_Tit #Chiron_Tit #Demetrius_Tit #Lucius_Tit #Martius_Tit #Mutius_Tit #Quintus_Tit #ROMANS.0_Tit #ROMANS_Tit #Tamora_Tit #Titus_Tit,#Titus_Tit,26,195
1,1,3,4,10,#Aaron_Tit #Alarbus_Tit #Captain_Tit #Chiron_Tit #Demetrius_Tit #Lucius_Tit #Martius_Tit #Mutius_Tit #Quintus_Tit #ROMANS.0_Tit #ROMANS_Tit #Tamora_Tit #Titus_Tit,#Lucius_Tit,6,45
1,1,3,4,11,#Aaron_Tit #Alarbus_Tit #Captain_Tit #Chiron_Tit #Demetrius_Tit #Lucius_Tit #Martius_Tit #Mutius_Tit #Quintus_Tit #ROMANS.0_Tit #ROMANS_Tit #Tamora_Tit #Titus_Tit,#Titus_Tit,2,15
1,1,3,4,12,#Aaron_Tit #Alarbus_Tit #Captain_Tit #Chiron_Tit #Demetrius_Tit #Lucius_Tit #Martius_Tit #Mutius_Tit #Quintus_Tit #ROMANS.0_Tit #ROMANS_Tit #Tamora_Tit #Titus_Tit,#Tamora_Tit,17,128
1,1,3,4,13,#Aaron_Tit #Alarbus_Tit #Captain_Tit #Chiron_Tit #Demetrius_Tit #Lucius_Tit #Martius_Tit #Mutius_Tit #Quintus_Tit #ROMANS.0_Tit #ROMANS_Tit #Tamora_Tit #Titus_Tit,#Titus_Tit,6,45
1,1,3,4,14,#Aaron_Tit #Alarbus_Tit #Captain_Tit #Chiron_Tit #Demetrius_Tit #Lucius_Tit #Martius_Tit #Mutius_Tit #Quintus_Tit #ROMANS.0_Tit #ROMANS_Tit #Tamora_Tit #Titus_Tit,#Lucius_Tit,3,26
1,1,4,5,15,#Aaron_Tit #Captain_Tit #Chiron_Tit #Demetrius_Tit #ROMANS.0_Tit #ROMANS_Tit #Tamora_Tit #Titus_Tit,#Tamora_Tit,1,4
1,1,4,5,16,#Aaron_Tit #Captain_Tit #Chiron_Tit #Demetrius_Tit #ROMANS.0_Tit #ROMANS_Tit #Tamora_Tit #Titus_Tit,#Chiron_Tit,1,6
1,1,4,5,17,#Aaron_Tit #Captain_Tit #Chiron_Tit #Demetrius_Tit #ROMANS.0_Tit #ROMANS_Tit #Tamora_Tit #Titus_Tit,#Demetrius_Tit,10,70
1,1,5,6,18,#Aaron_Tit #Captain_Tit #Chiron_Tit #Demetrius_Tit #Lucius_Tit #Martius_Tit #Mutius_Tit #Quintus_Tit #ROMANS.0_Tit #ROMANS_Tit #Tamora_Tit #Titus_Tit,#Lucius_Tit,6,44
1,1,5,6,19,#Aaron_Tit #Captain_Tit #Chiron_Tit #Demetrius_Tit #Lucius_Tit #Martius_Tit #Mutius_Tit #Quintus_Tit #ROMANS.0_Tit #ROMANS_Tit #Tamora_Tit #Titus_Tit,#Titus_Tit,9,71
1,1,6,7,20,#Aaron_Tit #Captain_Tit #Chiron_Tit #Demetrius_Tit #Lavinia_Tit #Lucius_Tit #Martius_Tit #Mutius_Tit #Quintus_Tit #ROMANS.0_Tit #ROMANS_Tit #Tamora_Tit #Titus_Tit,#Lavinia_Tit,8,62
1,1,6,7,21,#Aaron_Tit #Captain_Tit #Chiron_Tit #Demetrius_Tit #Lavinia_Tit #Lucius_Tit #Martius_Tit #Mutius_Tit #Quintus_Tit #ROMANS.0_Tit #ROMANS_Tit #Tamora_Tit #Titus_Tit,#Titus_Tit,4,29
1,1,7,8,22,#Aaron_Tit #Bassianus_Tit #Captain_Tit #Chiron_Tit #Demetrius_Tit #GUARDS_Tit #Lavinia_Tit #Lucius_Tit #Marcus_Tit #Martius_Tit #Mutius_Tit #Quintus_Tit #ROMANS.0_Tit #ROMANS_Tit #SENATORS_Tit #Saturninus_Tit #TRIBUNES_Tit #Tamora_Tit #Titus_Tit,#Marcus_Tit,2,14
1,1,7,8,23,#Aaron_Tit #Bassianus_Tit #Captain_Tit #Chiron_Tit #Demetrius_Tit #GUARDS_Tit #Lavinia_Tit #Lucius_Tit #Marcus_Tit #Martius_Tit #Mutius_Tit #Quintus_Tit #ROMANS.0_Tit #ROMANS_Tit #SENATORS_Tit #Saturninus_Tit #TRIBUNES_Tit #Tamora_Tit #Titus_Tit,#Titus_Tit,1,6
1,1,7,8,24,#Aaron_Tit #Bassianus_Tit #Captain_Tit #Chiron_Tit #Demetrius_Tit #GUARDS_Tit #Lavinia_Tit #Lucius_Tit #Marcus_Tit #Martius_Tit #Mutius_Tit #Quintus_Tit #ROMANS.0_Tit #ROMANS_Tit #SENATORS_Tit #Saturninus_Tit #TRIBUNES_Tit #Tamora_Tit #Titus_Tit,#Marcus_Tit,15,112
1,1,7,8,25,#Aaron_Tit #Bassianus_Tit #Captain_Tit #Chiron_Tit #Demetrius_Tit #GUARDS_Tit #Lavinia_Tit #Lucius_Tit #Marcus_Tit #Martius_Tit #Mutius_Tit #Quintus_Tit #ROMANS.0_Tit #ROMANS_Tit #SENATORS_Tit #Saturninus_Tit #TRIBUNES_Tit #Tamora_Tit #Titus_Tit,#Titus_Tit,15,106
1,1,7,8,26,#Aaron_Tit #Bassianus_Tit #Captain_Tit #Chiron_Tit #Demetrius_Tit #GUARDS_Tit #Lavinia_Tit #Lucius_Tit #Marcus_Tit #Martius_Tit #Mutius_Tit #Quintus_Tit #ROMANS.0_Tit #ROMANS_Tit #SENATORS_Tit #Saturninus_Tit #TRIBUNES_Tit #Tamora_Tit #Titus_Tit,#Marcus_Tit,1,8
1,1,7,8,27,#Aaron_Tit #Bassianus_Tit #Captain_Tit #Chiron_Tit #Demetrius_Tit #GUARDS_Tit #Lavinia_Tit #Lucius_Tit #Marcus_Tit #Martius_Tit #Mutius_Tit #Quintus_Tit #ROMANS.0_Tit #ROMANS_Tit #SENATORS_Tit #Saturninus_Tit #TRIBUNES_Tit #Tamora_Tit #Titus_Tit,#Saturninus_Tit,1,7
1,1,7,8,28,#Aaron_Tit #Bassianus_Tit #Captain_Tit #Chiron_Tit #Demetrius_Tit #GUARDS_Tit #Lavinia_Tit #Lucius_Tit #Marcus_Tit #Martius_Tit #Mutius_Tit #Quintus_Tit #ROMANS.0_Tit #ROMANS_Tit #SENATORS_Tit #Saturninus_Tit #TRIBUNES_Tit #Tamora_Tit #Titus_Tit,#Titus_Tit,1,3
1,1,7,8,29,#Aaron_Tit #Bassianus_Tit #Captain_Tit #Chiron_Tit #Demetrius_Tit #GUARDS_Tit #Lavinia_Tit #Lucius_Tit #Marcus_Tit #Martius_Tit #Mutius_Tit #Quintus_Tit #ROMANS.0_Tit #ROMANS_Tit #SENATORS_Tit #Saturninus_Tit #TRIBUNES_Tit #Tamora_Tit #Titus_Tit,#Saturninus_Tit,5,32
1,1,7,8,30,#Aaron_Tit #Bassianus_Tit #Captain_Tit #Chiron_Tit #Demetrius_Tit #GUARDS_Tit #Lavinia_Tit #Lucius_Tit #Marcus_Tit #Martius_Tit #Mutius_Tit #Quintus_Tit #ROMANS.0_Tit #ROMANS_Tit #SENATORS_Tit #Saturninus_Tit #TRIBUNES_Tit #Tamora_Tit #Titus_Tit,#Lucius_Tit,2,12
1,1,7,8,31,#Aaron_Tit #Bassianus_Tit #Captain_Tit #Chiron_Tit #Demetrius_Tit #GUARDS_Tit #Lavinia_Tit #Lucius_Tit #Marcus_Tit #Martius_Tit #Mutius_Tit #Quintus_Tit #ROMANS.0_Tit #ROMANS_Tit #SENATORS_Tit #Saturninus_Tit #TRIBUNES_Tit #Tamora_Tit #Titus_Tit,#Titus_Tit,2,16
1,1,7,8,32,#Aaron_Tit #Bassianus_Tit #Captain_Tit #Chiron_Tit #Demetrius_Tit #GUARDS_Tit #Lavinia_Tit #Lucius_Tit #Marcus_Tit #Martius_Tit #Mutius_Tit #Quintus_Tit #ROMANS.0_Tit #ROMANS_Tit #SENATORS_Tit #Saturninus_Tit #TRIBUNES_Tit #Tamora_Tit #Titus_Tit,#Bassianus_Tit,5,38
1,1,7,8,33,#Aaron_Tit #Bassianus_Tit #Captain_Tit #Chiron_Tit #Demetrius_Tit #GUARDS_Tit #Lavinia_Tit #Lucius_Tit #Marcus_Tit #Martius_Tit #Mutius_Tit #Quintus_Tit #ROMANS.0_Tit #ROMANS_Tit #SENATORS_Tit #Saturninus_Tit #TRIBUNES_Tit #Tamora_Tit #Titus_Tit,#Titus_Tit,3,21
1,1,7,8,34,#Aaron_Tit #Bassianus_Tit #Captain_Tit #Chiron_Tit #Demetrius_Tit #GUARDS_Tit #Lavinia_Tit #Lucius_Tit #Marcus_Tit #Martius_Tit #Mutius_Tit #Quintus_Tit #ROMANS.0_Tit #ROMANS_Tit #SENATORS_Tit #Saturninus_Tit #TRIBUNES_Tit #Tamora_Tit #Titus_Tit,#TRIBUNES_Tit,3,19
1,1,7,8,35,#Aaron_Tit #Bassianus_Tit #Captain_Tit #Chiron_Tit #Demetrius_Tit #GUARDS_Tit #Lavinia_Tit #Lucius_Tit #Marcus_Tit #Martius_Tit #Mutius_Tit #Quintus_Tit #ROMANS.0_Tit #ROMANS_Tit #SENATORS_Tit #Saturninus_Tit #TRIBUNES_Tit #Tamora_Tit #Titus_Tit,#Titus_Tit,7,53
1,1,7,8,36,#Aaron_Tit #Bassianus_Tit #Captain_Tit #Chiron_Tit #Demetrius_Tit #GUARDS_Tit #Lavinia_Tit #Lucius_Tit #Marcus_Tit #Martius_Tit #Mutius_Tit #Quintus_Tit #ROMANS.0_Tit #ROMANS_Tit #SENATORS_Tit #Saturninus_Tit #TRIBUNES_Tit #Tamora_Tit #Titus_Tit,#Marcus_Tit,4,24
1,1,7,8,37,#Aaron_Tit #Bassianus_Tit #Captain_Tit #Chiron_Tit #Demetrius_Tit #GUARDS_Tit #Lavinia_Tit #Lucius_Tit #Marcus_Tit #Martius_Tit #Mutius_Tit #Quintus_Tit #ROMANS.0_Tit #ROMANS_Tit #SENATORS_Tit #Saturninus_Tit #TRIBUNES_Tit #Tamora_Tit #Titus_Tit,#Saturninus_Tit,10,69
1,1,7,8,38,#Aaron_Tit #Bassianus_Tit #Captain_Tit #Chiron_Tit #Demetrius_Tit #GUARDS_Tit #Lavinia_Tit #Lucius_Tit #Marcus_Tit #Martius_Tit #Mutius_Tit #Quintus_Tit #ROMANS.0_Tit #ROMANS_Tit #SENATORS_Tit #Saturninus_Tit #TRIBUNES_Tit #Tamora_Tit #Titus_Tit,#Titus_Tit,9,66
1,1,7,8,39,#Aaron_Tit #Bassianus_Tit #Captain_Tit #Chiron_Tit #Demetrius_Tit #GUARDS_Tit #Lavinia_Tit #Lucius_Tit #Marcus_Tit #Martius_Tit #Mutius_Tit #Quintus_Tit #ROMANS.0_Tit #ROMANS_Tit #SENATORS_Tit #Saturninus_Tit #TRIBUNES_Tit #Tamora_Tit #Titus_Tit,#Saturninus_Tit,5,37
1,1,7,8,40,#Aaron_Tit #Bassianus_Tit #Captain_Tit #Chiron_Tit #Demetrius_Tit #GUARDS_Tit #Lavinia_Tit #Lucius_Tit #Marcus_Tit #Martius_Tit #Mutius_Tit #Quintus_Tit #ROMANS.0_Tit #ROMANS_Tit #SENATORS_Tit #Saturninus_Tit #TRIBUNES_Tit #Tamora_Tit #Titus_Tit,#Titus_Tit,3,24
1,1,7,8,41,#Aaron_Tit #Bassianus_Tit #Captain_Tit #Chiron_Tit #Demetrius_Tit #GUARDS_Tit #Lavinia_Tit #Lucius_Tit #Marcus_Tit #Martius_Tit #Mutius_Tit #Quintus_Tit #ROMANS.0_Tit #ROMANS_Tit #SENATORS_Tit #Saturninus_Tit #TRIBUNES_Tit #Tamora_Tit #Titus_Tit,#Saturninus_Tit,11,83
1,1,7,8,42,#Aaron_Tit #Bassianus_Tit #Captain_Tit #Chiron_Tit #Demetrius_Tit #GUARDS_Tit #Lavinia_Tit #Lucius_Tit #Marcus_Tit #Martius_Tit #Mutius_Tit #Quintus_Tit #ROMANS.0_Tit #ROMANS_Tit #SENATORS_Tit #Saturninus_Tit #TRIBUNES_Tit #Tamora_Tit #Titus_Tit,#Lavinia_Tit,2,13
1,1,7,8,43,#Aaron_Tit #Bassianus_Tit #Captain_Tit #Chiron_Tit #Demetrius_Tit #GUARDS_Tit #Lavinia_Tit #Lucius_Tit #Marcus_Tit #Martius_Tit #Mutius_Tit #Quintus_Tit #ROMANS.0_Tit #ROMANS_Tit #SENATORS_Tit #Saturninus_Tit #TRIBUNES_Tit #Tamora_Tit #Titus_Tit,#Saturninus_Tit,3,22
1,1,8,9,44,#Aaron_Tit #Bassianus_Tit #Captain_Tit #Chiron_Tit #Demetrius_Tit #Lavinia_Tit #Lucius_Tit #Marcus_Tit #Martius_Tit #Mutius_Tit #Quintus_Tit #ROMANS.0_Tit #ROMANS_Tit #Tamora_Tit #Titus_Tit,#Bassianus_Tit,1,9
1,1,8,9,45,#Aaron_Tit #Bassianus_Tit #Captain_Tit #Chiron_Tit #Demetrius_Tit #Lavinia_Tit #Lucius_Tit #Marcus_Tit #Martius_Tit #Mutius_Tit #Quintus_Tit #ROMANS.0_Tit #ROMANS_Tit #Tamora_Tit #Titus_Tit,#Titus_Tit,1,9
1,1,8,9,46,#Aaron_Tit #Bassianus_Tit #Captain_Tit #Chiron_Tit #Demetrius_Tit #Lavinia_Tit #Lucius_Tit #Marcus_Tit #Martius_Tit #Mutius_Tit #Quintus_Tit #ROMANS.0_Tit #ROMANS_Tit #Tamora_Tit #Titus_Tit,#Bassianus_Tit,2,14
1,1,8,9,47,#Aaron_Tit #Bassianus_Tit #Captain_Tit #Chiron_Tit #Demetrius_Tit #Lavinia_Tit #Lucius_Tit #Marcus_Tit #Martius_Tit #Mutius_Tit #Quintus_Tit #ROMANS.0_Tit #ROMANS_Tit #Tamora_Tit #Titus_Tit,#Marcus_Tit,2,14
1,1,8,9,48,#Aaron_Tit #Bassianus_Tit #Captain_Tit #Chiron_Tit #Demetrius_Tit #Lavinia_Tit #Lucius_Tit #Marcus_Tit #Martius_Tit #Mutius_Tit #Quintus_Tit #ROMANS.0_Tit #ROMANS_Tit #Tamora_Tit #Titus_Tit,#Lucius_Tit,1,9
1,1,8,9,49,#Aaron_Tit #Bassianus_Tit #Captain_Tit #Chiron_Tit #Demetrius_Tit #Lavinia_Tit #Lucius_Tit #Marcus_Tit #Martius_Tit #Mutius_Tit #Quintus_Tit #ROMANS.0_Tit #ROMANS_Tit #Tamora_Tit #Titus_Tit,#Titus_Tit,1,7
1,1,9,10,50,#Aaron_Tit #Bassianus_Tit #Captain_Tit #Chiron_Tit #Demetrius_Tit #GUARDS_Tit #Lavinia_Tit #Lucius_Tit #Marcus_Tit #Martius_Tit #Mutius_Tit #Quintus_Tit #ROMANS.0_Tit #ROMANS_Tit #Saturninus_Tit #Tamora_Tit #Titus_Tit,#Titus_Tit,1,6
1,1,9,10,51,#Aaron_Tit #Bassianus_Tit #Captain_Tit #Chiron_Tit #Demetrius_Tit #GUARDS_Tit #Lavinia_Tit #Lucius_Tit #Marcus_Tit #Martius_Tit #Mutius_Tit #Quintus_Tit #ROMANS.0_Tit #ROMANS_Tit #Saturninus_Tit #Tamora_Tit #Titus_Tit,#Saturninus_Tit,1,3
1,1,9,10,52,#Aaron_Tit #Bassianus_Tit #Captain_Tit #Chiron_Tit #Demetrius_Tit #GUARDS_Tit #Lavinia_Tit #Lucius_Tit #Marcus_Tit #Martius_Tit #Mutius_Tit #Quintus_Tit #ROMANS.0_Tit #ROMANS_Tit #Saturninus_Tit #Tamora_Tit #Titus_Tit,#Bassianus_Tit,2,13
1,1,9,10,53,#Aaron_Tit #Bassianus_Tit #Captain_Tit #Chiron_Tit #Demetrius_Tit #GUARDS_Tit #Lavinia_Tit #Lucius_Tit #Marcus_Tit #Martius_Tit #Mutius_Tit #Quintus_Tit #ROMANS.0_Tit #ROMANS_Tit #Saturninus_Tit #Tamora_Tit #Titus_Tit,#Mutius_Tit,2,16
1,1,10,11,54,#Aaron_Tit #Captain_Tit #Chiron_Tit #Demetrius_Tit #GUARDS_Tit #Mutius_Tit #ROMANS.0_Tit #ROMANS_Tit #Saturninus_Tit #Tamora_Tit #Titus_Tit,#Titus_Tit,1,9
1,1,11,12,55,#Captain_Tit #Mutius_Tit #ROMANS.0_Tit #ROMANS_Tit #Titus_Tit,#Mutius_Tit,1,6
1,1,11,12,56,#Captain_Tit #Mutius_Tit #ROMANS.0_Tit #ROMANS_Tit #Titus_Tit,#Titus_Tit,2,9
1,1,11,12,57,#Captain_Tit #Mutius_Tit #ROMANS.0_Tit #ROMANS_Tit #Titus_Tit,#Mutius_Tit,1,3
1,1,12,13,58,#Captain_Tit #Lucius_Tit #Mutius_Tit #ROMANS.0_Tit #ROMANS_Tit #Titus_Tit,#Lucius_Tit,2,17
1,1,12,13,59,#Captain_Tit #Lucius_Tit #Mutius_Tit #ROMANS.0_Tit #ROMANS_Tit #Titus_Tit,#Titus_Tit,3,22
1,1,13,14,60,#Aaron_Tit #Captain_Tit #Chiron_Tit #Demetrius_Tit #Lucius_Tit #Mutius_Tit #ROMANS.0_Tit #ROMANS_Tit #Saturninus_Tit #Tamora_Tit #Titus_Tit,#Lucius_Tit,2,16
1,1,14,15,61,#Aaron_Tit #Captain_Tit #Chiron_Tit #Demetrius_Tit #Mutius_Tit #ROMANS.0_Tit #ROMANS_Tit #Saturninus_Tit #Tamora_Tit #Titus_Tit,#Saturninus_Tit,9,70
1,1,14,15,62,#Aaron_Tit #Captain_Tit #Chiron_Tit #Demetrius_Tit #Mutius_Tit #ROMANS.0_Tit #ROMANS_Tit #Saturninus_Tit #Tamora_Tit #Titus_Tit,#Titus_Tit,1,7
1,1,14,15,63,#Aaron_Tit #Captain_Tit #Chiron_Tit #Demetrius_Tit #Mutius_Tit #ROMANS.0_Tit #ROMANS_Tit #Saturninus_Tit #Tamora_Tit #Titus_Tit,#Saturninus_Tit,5,39
1,1,14,15,64,#Aaron_Tit #Captain_Tit #Chiron_Tit #Demetrius_Tit #Mutius_Tit #ROMANS.0_Tit #ROMANS_Tit #Saturninus_Tit #Tamora_Tit #Titus_Tit,#Titus_Tit,1,8
1,1,14,15,65,#Aaron_Tit #Captain_Tit #Chiron_Tit #Demetrius_Tit #Mutius_Tit #ROMANS.0_Tit #ROMANS_Tit #Saturninus_Tit #Tamora_Tit #Titus_Tit,#Saturninus_Tit,15,109
1,1,14,15,66,#Aaron_Tit #Captain_Tit #Chiron_Tit #Demetrius_Tit #Mutius_Tit #ROMANS.0_Tit #ROMANS_Tit #Saturninus_Tit #Tamora_Tit #Titus_Tit,#Tamora_Tit,4,33
1,1,14,15,67,#Aaron_Tit #Captain_Tit #Chiron_Tit #Demetrius_Tit #Mutius_Tit #ROMANS.0_Tit #ROMANS_Tit #Saturninus_Tit #Tamora_Tit #Titus_Tit,#Saturninus_Tit,5,34
1,1,15,16,68,#Mutius_Tit #ROMANS.0_Tit #Titus_Tit,#Titus_Tit,3,23
1,1,16,17,69,#Lucius_Tit #Marcus_Tit #Martius_Tit #Mutius_Tit #Quintus_Tit #ROMANS.0_Tit #Titus_Tit,#Marcus_Tit,2,17
1,1,16,17,70,#Lucius_Tit #Marcus_Tit #Martius_Tit #Mutius_Tit #Quintus_Tit #ROMANS.0_Tit #Titus_Tit,#Titus_Tit,4,27
1,1,16,17,71,#Lucius_Tit #Marcus_Tit #Martius_Tit #Mutius_Tit #Quintus_Tit #ROMANS.0_Tit #Titus_Tit,#Lucius_Tit,2,14
1,1,16,17,72,#Lucius_Tit #Marcus_Tit #Martius_Tit #Mutius_Tit #Quintus_Tit #ROMANS.0_Tit #Titus_Tit,#Titus_Tit,6,44
1,1,16,17,73,#Lucius_Tit #Marcus_Tit #Martius_Tit #Mutius_Tit #Quintus_Tit #ROMANS.0_Tit #Titus_Tit,#Marcus_Tit,3,22
1,1,16,17,74,#Lucius_Tit #Marcus_Tit #Martius_Tit #Mutius_Tit #Quintus_Tit #ROMANS.0_Tit #Titus_Tit,#Martius_Tit,1,7
1,1,16,17,75,#Lucius_Tit #Marcus_Tit #Martius_Tit #Mutius_Tit #Quintus_Tit #ROMANS.0_Tit #Titus_Tit,#Titus_Tit,1,9
1,1,16,17,76,#Lucius_Tit #Marcus_Tit #Martius_Tit #Mutius_Tit #Quintus_Tit #ROMANS.0_Tit #Titus_Tit,#Martius_Tit,1,10
1,1,16,17,77,#Lucius_Tit #Marcus_Tit #Martius_Tit #Mutius_Tit #Quintus_Tit #ROMANS.0_Tit #Titus_Tit,#Titus_Tit,1,8
1,1,16,17,78,#Lucius_Tit #Marcus_Tit #Martius_Tit #Mutius_Tit #Quintus_Tit #ROMANS.0_Tit #Titus_Tit,#Marcus_Tit,2,14
1,1,16,17,79,#Lucius_Tit #Marcus_Tit #Martius_Tit #Mutius_Tit #Quintus_Tit #ROMANS.0_Tit #Titus_Tit,#Titus_Tit,4,34
1,1,16,17,80,#Lucius_Tit #Marcus_Tit #Martius_Tit #Mutius_Tit #Quintus_Tit #ROMANS.0_Tit #Titus_Tit,#Quintus_Tit,1,8
1,1,16,17,81,#Lucius_Tit #Marcus_Tit #Martius_Tit #Mutius_Tit #Quintus_Tit #ROMANS.0_Tit #Titus_Tit,#Martius_Tit,1,7
1,1,16,17,82,#Lucius_Tit #Marcus_Tit #Martius_Tit #Mutius_Tit #Quintus_Tit #ROMANS.0_Tit #Titus_Tit,#Marcus_Tit,1,8
1,1,16,17,83,#Lucius_Tit #Marcus_Tit #Martius_Tit #Mutius_Tit #Quintus_Tit #ROMANS.0_Tit #Titus_Tit,#Martius_Tit,1,8
1,1,16,17,84,#Lucius_Tit #Marcus_Tit #Martius_Tit #Mutius_Tit #Quintus_Tit #ROMANS.0_Tit #Titus_Tit,#Titus_Tit,1,10
1,1,16,17,85,#Lucius_Tit #Marcus_Tit #Martius_Tit #Mutius_Tit #Quintus_Tit #ROMANS.0_Tit #Titus_Tit,#Marcus_Tit,1,7
1,1,16,17,86,#Lucius_Tit #Marcus_Tit #Martius_Tit #Mutius_Tit #Quintus_Tit #ROMANS.0_Tit #Titus_Tit,#Lucius_Tit,1,8
1,1,16,17,87,#Lucius_Tit #Marcus_Tit #Martius_Tit #Mutius_Tit #Quintus_Tit #ROMANS.0_Tit #Titus_Tit,#Marcus_Tit,9,61
1,1,16,17,88,#Lucius_Tit #Marcus_Tit #Martius_Tit #Mutius_Tit #Quintus_Tit #ROMANS.0_Tit #Titus_Tit,#Titus_Tit,4,28
1,1,17,18,89,#Lucius_Tit #Marcus_Tit #Martius_Tit #Quintus_Tit #ROMANS.0_Tit #Titus_Tit,#Lucius_Tit,2,17
1,1,17,18,90,#Lucius_Tit #Marcus_Tit #Martius_Tit #Quintus_Tit #ROMANS.0_Tit #Titus_Tit,#Lucius_Tit #Marcus_Tit #Martius_Tit #Quintus_Tit,2,16
1,1,18,19,91,#Marcus_Tit #ROMANS.0_Tit #Titus_Tit,#Marcus_Tit,3,26
1,1,18,19,92,#Marcus_Tit #ROMANS.0_Tit #Titus_Tit,#Titus_Tit,5,42
1,1,19,20,93,#Aaron_Tit #Bassianus_Tit #Chiron_Tit #Demetrius_Tit #Lavinia_Tit #Lucius_Tit #Marcus_Tit #Martius_Tit #Quintus_Tit #ROMANS.0_Tit #Saturninus_Tit #Tamora_Tit #Titus_Tit,#Saturninus_Tit,2,16
1,1,19,20,94,#Aaron_Tit #Bassianus_Tit #Chiron_Tit #Demetrius_Tit #Lavinia_Tit #Lucius_Tit #Marcus_Tit #Martius_Tit #Quintus_Tit #ROMANS.0_Tit #Saturninus_Tit #Tamora_Tit #Titus_Tit,#Bassianus_Tit,2,20
1,1,19,20,95,#Aaron_Tit #Bassianus_Tit #Chiron_Tit #Demetrius_Tit #Lavinia_Tit #Lucius_Tit #Marcus_Tit #Martius_Tit #Quintus_Tit #ROMANS.0_Tit #Saturninus_Tit #Tamora_Tit #Titus_Tit,#Saturninus_Tit,2,17
1,1,19,20,96,#Aaron_Tit #Bassianus_Tit #Chiron_Tit #Demetrius_Tit #Lavinia_Tit #Lucius_Tit #Marcus_Tit #Martius_Tit #Quintus_Tit #ROMANS.0_Tit #Saturninus_Tit #Tamora_Tit #Titus_Tit,#Bassianus_Tit,4,34
1,1,19,20,97,#Aaron_Tit #Bassianus_Tit #Chiron_Tit #Demetrius_Tit #Lavinia_Tit #Lucius_Tit #Marcus_Tit #Martius_Tit #Quintus_Tit #ROMANS.0_Tit #Saturninus_Tit #Tamora_Tit #Titus_Tit,#Saturninus_Tit,2,19
1,1,19,20,98,#Aaron_Tit #Bassianus_Tit #Chiron_Tit #Demetrius_Tit #Lavinia_Tit #Lucius_Tit #Marcus_Tit #Martius_Tit #Quintus_Tit #ROMANS.0_Tit #Saturninus_Tit #Tamora_Tit #Titus_Tit,#Bassianus_Tit,13,105
1,1,19,20,99,#Aaron_Tit #Bassianus_Tit #Chiron_Tit #Demetrius_Tit #Lavinia_Tit #Lucius_Tit #Marcus_Tit #Martius_Tit #Quintus_Tit #ROMANS.0_Tit #Saturninus_Tit #Tamora_Tit #Titus_Tit,#Titus_Tit,4,30
1,1,19,20,100,#Aaron_Tit #Bassianus_Tit #Chiron_Tit #Demetrius_Tit #Lavinia_Tit #Lucius_Tit #Marcus_Tit #Martius_Tit #Quintus_Tit #ROMANS.0_Tit #Saturninus_Tit #Tamora_Tit #Titus_Tit,#Tamora_Tit,4,30
1,1,19,20,101,#Aaron_Tit #Bassianus_Tit #Chiron_Tit #Demetrius_Tit #Lavinia_Tit #Lucius_Tit #Marcus_Tit #Martius_Tit #Quintus_Tit #ROMANS.0_Tit #Saturninus_Tit #Tamora_Tit #Titus_Tit,#Saturninus_Tit,2,12
1,1,19,20,102,#Aaron_Tit #Bassianus_Tit #Chiron_Tit #Demetrius_Tit #Lavinia_Tit #Lucius_Tit #Marcus_Tit #Martius_Tit #Quintus_Tit #ROMANS.0_Tit #Saturninus_Tit #Tamora_Tit #Titus_Tit,#Tamora_Tit,27,197
1,1,19,20,103,#Aaron_Tit #Bassianus_Tit #Chiron_Tit #Demetrius_Tit #Lavinia_Tit #Lucius_Tit #Marcus_Tit #Martius_Tit #Quintus_Tit #ROMANS.0_Tit #Saturninus_Tit #Tamora_Tit #Titus_Tit,#Saturninus_Tit,1,7
1,1,19,20,104,#Aaron_Tit #Bassianus_Tit #Chiron_Tit #Demetrius_Tit #Lavinia_Tit #Lucius_Tit #Marcus_Tit #Martius_Tit #Quintus_Tit #ROMANS.0_Tit #Saturninus_Tit #Tamora_Tit #Titus_Tit,#Titus_Tit,2,17
1,1,19,20,105,#Aaron_Tit #Bassianus_Tit #Chiron_Tit #Demetrius_Tit #Lavinia_Tit #Lucius_Tit #Marcus_Tit #Martius_Tit #Quintus_Tit #ROMANS.0_Tit #Saturninus_Tit #Tamora_Tit #Titus_Tit,#Tamora_Tit,12,86
1,1,19,20,106,#Aaron_Tit #Bassianus_Tit #Chiron_Tit #Demetrius_Tit #Lavinia_Tit #Lucius_Tit #Marcus_Tit #Martius_Tit #Quintus_Tit #ROMANS.0_Tit #Saturninus_Tit #Tamora_Tit #Titus_Tit,#Lucius_Tit,3,26
1,1,19,20,107,#Aaron_Tit #Bassianus_Tit #Chiron_Tit #Demetrius_Tit #Lavinia_Tit #Lucius_Tit #Marcus_Tit #Martius_Tit #Quintus_Tit #ROMANS.0_Tit #Saturninus_Tit #Tamora_Tit #Titus_Tit,#Marcus_Tit,1,8
1,1,19,20,108,#Aaron_Tit #Bassianus_Tit #Chiron_Tit #Demetrius_Tit #Lavinia_Tit #Lucius_Tit #Marcus_Tit #Martius_Tit #Quintus_Tit #ROMANS.0_Tit #Saturninus_Tit #Tamora_Tit #Titus_Tit,#Saturninus_Tit,1,8
1,1,19,20,109,#Aaron_Tit #Bassianus_Tit #Chiron_Tit #Demetrius_Tit #Lavinia_Tit #Lucius_Tit #Marcus_Tit #Martius_Tit #Quintus_Tit #ROMANS.0_Tit #Saturninus_Tit #Tamora_Tit #Titus_Tit,#Tamora_Tit,3,25
1,1,19,20,110,#Aaron_Tit #Bassianus_Tit #Chiron_Tit #Demetrius_Tit #Lavinia_Tit #Lucius_Tit #Marcus_Tit #Martius_Tit #Quintus_Tit #ROMANS.0_Tit #Saturninus_Tit #Tamora_Tit #Titus_Tit,#Saturninus_Tit,10,75
1,1,19,20,111,#Aaron_Tit #Bassianus_Tit #Chiron_Tit #Demetrius_Tit #Lavinia_Tit #Lucius_Tit #Marcus_Tit #Martius_Tit #Quintus_Tit #ROMANS.0_Tit #Saturninus_Tit #Tamora_Tit #Titus_Tit,#Titus_Tit,3,24
1,1,19,20,112,#Aaron_Tit #Bassianus_Tit #Chiron_Tit #Demetrius_Tit #Lavinia_Tit #Lucius_Tit #Marcus_Tit #Martius_Tit #Quintus_Tit #ROMANS.0_Tit #Saturninus_Tit #Tamora_Tit #Titus_Tit,#Saturninus_Tit,1,7
2,1,20,23,113,#Aaron_Tit,#Aaron_Tit,25,173
2,1,21,24,114,#Aaron_Tit #Chiron_Tit #Demetrius_Tit,#Demetrius_Tit,3,25
2,1,21,24,115,#Aaron_Tit #Chiron_Tit #Demetrius_Tit,#Chiron_Tit,8,65
2,1,21,24,116,#Aaron_Tit #Chiron_Tit #Demetrius_Tit,#Aaron_Tit,1,9
2,1,21,24,117,#Aaron_Tit #Chiron_Tit #Demetrius_Tit,#Demetrius_Tit,5,40
2,1,21,24,118,#Aaron_Tit #Chiron_Tit #Demetrius_Tit,#Chiron_Tit,2,17
2,1,21,24,119,#Aaron_Tit #Chiron_Tit #Demetrius_Tit,#Demetrius_Tit,1,6
2,1,21,24,120,#Aaron_Tit #Chiron_Tit #Demetrius_Tit,#Aaron_Tit,9,65
2,1,21,24,121,#Aaron_Tit #Chiron_Tit #Demetrius_Tit,#Demetrius_Tit,4,28
2,1,21,24,122,#Aaron_Tit #Chiron_Tit #Demetrius_Tit,#Chiron_Tit,3,22
2,1,21,24,123,#Aaron_Tit #Chiron_Tit #Demetrius_Tit,#Aaron_Tit,11,75
2,1,21,24,124,#Aaron_Tit #Chiron_Tit #Demetrius_Tit,#Chiron_Tit,2,18
2,1,21,24,125,#Aaron_Tit #Chiron_Tit #Demetrius_Tit,#Demetrius_Tit,2,14
2,1,21,24,126,#Aaron_Tit #Chiron_Tit #Demetrius_Tit,#Aaron_Tit,5,35
2,1,21,24,127,#Aaron_Tit #Chiron_Tit #Demetrius_Tit,#Chiron_Tit,2,13
2,1,21,24,128,#Aaron_Tit #Chiron_Tit #Demetrius_Tit,#Aaron_Tit,1,4
2,1,21,24,129,#Aaron_Tit #Chiron_Tit #Demetrius_Tit,#Demetrius_Tit,9,69
2,1,21,24,130,#Aaron_Tit #Chiron_Tit #Demetrius_Tit,#Aaron_Tit,1,7
2,1,21,24,131,#Aaron_Tit #Chiron_Tit #Demetrius_Tit,#Demetrius_Tit,4,33
2,1,21,24,132,#Aaron_Tit #Chiron_Tit #Demetrius_Tit,#Aaron_Tit,2,13
2,1,21,24,133,#Aaron_Tit #Chiron_Tit #Demetrius_Tit,#Chiron_Tit,1,6
2,1,21,24,134,#Aaron_Tit #Chiron_Tit #Demetrius_Tit,#Demetrius_Tit,1,5
2,1,21,24,135,#Aaron_Tit #Chiron_Tit #Demetrius_Tit,#Aaron_Tit,5,38
2,1,21,24,136,#Aaron_Tit #Chiron_Tit #Demetrius_Tit,#Chiron_Tit,1,3
2,1,21,24,137,#Aaron_Tit #Chiron_Tit #Demetrius_Tit,#Demetrius_Tit,1,6
2,1,21,24,138,#Aaron_Tit #Chiron_Tit #Demetrius_Tit,#Aaron_Tit,30,223
2,1,21,24,139,#Aaron_Tit #Chiron_Tit #Demetrius_Tit,#Chiron_Tit,1,7
2,1,21,24,140,#Aaron_Tit #Chiron_Tit #Demetrius_Tit,#Demetrius_Tit,3,24
2,2,22,26,141,#Lucius_Tit #Marcus_Tit #Martius_Tit #Quintus_Tit #Titus_Tit,#Titus_Tit,10,85
2,2,23,27,142,#ATTENDANTS_Tit #Bassianus_Tit #Chiron_Tit #Demetrius_Tit #Lavinia_Tit #Lucius_Tit #Marcus_Tit #Martius_Tit #Quintus_Tit #Saturninus_Tit #Tamora_Tit #Titus_Tit,#Titus_Tit,3,21
2,2,23,27,143,#ATTENDANTS_Tit #Bassianus_Tit #Chiron_Tit #Demetrius_Tit #Lavinia_Tit #Lucius_Tit #Marcus_Tit #Martius_Tit #Quintus_Tit #Saturninus_Tit #Tamora_Tit #Titus_Tit,#Saturninus_Tit,2,14
2,2,23,27,144,#ATTENDANTS_Tit #Bassianus_Tit #Chiron_Tit #Demetrius_Tit #Lavinia_Tit #Lucius_Tit #Marcus_Tit #Martius_Tit #Quintus_Tit #Saturninus_Tit #Tamora_Tit #Titus_Tit,#Bassianus_Tit,1,4
2,2,23,27,145,#ATTENDANTS_Tit #Bassianus_Tit #Chiron_Tit #Demetrius_Tit #Lavinia_Tit #Lucius_Tit #Marcus_Tit #Martius_Tit #Quintus_Tit #Saturninus_Tit #Tamora_Tit #Titus_Tit,#Lavinia_Tit,2,12
2,2,23,27,146,#ATTENDANTS_Tit #Bassianus_Tit #Chiron_Tit #Demetrius_Tit #Lavinia_Tit #Lucius_Tit #Marcus_Tit #Martius_Tit #Quintus_Tit #Saturninus_Tit #Tamora_Tit #Titus_Tit,#Saturninus_Tit,4,21
2,2,23,27,147,#ATTENDANTS_Tit #Bassianus_Tit #Chiron_Tit #Demetrius_Tit #Lavinia_Tit #Lucius_Tit #Marcus_Tit #Martius_Tit #Quintus_Tit #Saturninus_Tit #Tamora_Tit #Titus_Tit,#Marcus_Tit,3,19
2,2,23,27,148,#ATTENDANTS_Tit #Bassianus_Tit #Chiron_Tit #Demetrius_Tit #Lavinia_Tit #Lucius_Tit #Marcus_Tit #Martius_Tit #Quintus_Tit #Saturninus_Tit #Tamora_Tit #Titus_Tit,#Titus_Tit,2,18
2,2,23,27,149,#ATTENDANTS_Tit #Bassianus_Tit #Chiron_Tit #Demetrius_Tit #Lavinia_Tit #Lucius_Tit #Marcus_Tit #Martius_Tit #Quintus_Tit #Saturninus_Tit #Tamora_Tit #Titus_Tit,#Demetrius_Tit,2,18
2,3,24,29,150,#Aaron_Tit,#Aaron_Tit,9,68
2,3,25,30,151,#Aaron_Tit #Tamora_Tit,#Tamora_Tit,20,151
2,3,25,30,152,#Aaron_Tit #Tamora_Tit,#Aaron_Tit,21,153
2,3,26,31,153,#Aaron_Tit #Bassianus_Tit #Lavinia_Tit #Tamora_Tit,#Tamora_Tit,1,9
2,3,26,31,154,#Aaron_Tit #Bassianus_Tit #Lavinia_Tit #Tamora_Tit,#Aaron_Tit,3,23
2,3,27,32,155,#Bassianus_Tit #Lavinia_Tit #Tamora_Tit,#Bassianus_Tit,5,33
2,3,27,32,156,#Bassianus_Tit #Lavinia_Tit #Tamora_Tit,#Tamora_Tit,6,40
2,3,27,32,157,#Bassianus_Tit #Lavinia_Tit #Tamora_Tit,#Lavinia_Tit,6,46
2,3,27,32,158,#Bassianus_Tit #Lavinia_Tit #Tamora_Tit,#Bassianus_Tit,8,52
2,3,27,32,159,#Bassianus_Tit #Lavinia_Tit #Tamora_Tit,#Lavinia_Tit,5,36
2,3,27,32,160,#Bassianus_Tit #Lavinia_Tit #Tamora_Tit,#Bassianus_Tit,1,9
2,3,27,32,161,#Bassianus_Tit #Lavinia_Tit #Tamora_Tit,#Lavinia_Tit,2,16
2,3,27,32,162,#Bassianus_Tit #Lavinia_Tit #Tamora_Tit,#Tamora_Tit,1,8
2,3,28,33,163,#Bassianus_Tit #Chiron_Tit #Demetrius_Tit #Lavinia_Tit #Tamora_Tit,#Demetrius_Tit,2,17
2,3,28,33,164,#Bassianus_Tit #Chiron_Tit #Demetrius_Tit #Lavinia_Tit #Tamora_Tit,#Tamora_Tit,25,193
2,3,28,33,165,#Bassianus_Tit #Chiron_Tit #Demetrius_Tit #Lavinia_Tit #Tamora_Tit,#Demetrius_Tit,1,9
2,3,28,33,166,#Bassianus_Tit #Chiron_Tit #Demetrius_Tit #Lavinia_Tit #Tamora_Tit,#Chiron_Tit,1,10
2,3,28,33,167,#Bassianus_Tit #Chiron_Tit #Demetrius_Tit #Lavinia_Tit #Tamora_Tit,#Lavinia_Tit,2,15
2,3,28,33,168,#Bassianus_Tit #Chiron_Tit #Demetrius_Tit #Lavinia_Tit #Tamora_Tit,#Tamora_Tit,2,17
2,3,28,33,169,#Bassianus_Tit #Chiron_Tit #Demetrius_Tit #Lavinia_Tit #Tamora_Tit,#Demetrius_Tit,6,45
2,3,28,33,170,#Bassianus_Tit #Chiron_Tit #Demetrius_Tit #Lavinia_Tit #Tamora_Tit,#Chiron_Tit,3,27
2,3,28,33,171,#Bassianus_Tit #Chiron_Tit #Demetrius_Tit #Lavinia_Tit #Tamora_Tit,#Tamora_Tit,2,17
2,3,28,33,172,#Bassianus_Tit #Chiron_Tit #Demetrius_Tit #Lavinia_Tit #Tamora_Tit,#Chiron_Tit,3,21
2,3,28,33,173,#Bassianus_Tit #Chiron_Tit #Demetrius_Tit #Lavinia_Tit #Tamora_Tit,#Lavinia_Tit,1,7
2,3,28,33,174,#Bassianus_Tit #Chiron_Tit #Demetrius_Tit #Lavinia_Tit #Tamora_Tit,#Tamora_Tit,1,9
2,3,28,33,175,#Bassianus_Tit #Chiron_Tit #Demetrius_Tit #Lavinia_Tit #Tamora_Tit,#Lavinia_Tit,1,9
2,3,28,33,176,#Bassianus_Tit #Chiron_Tit #Demetrius_Tit #Lavinia_Tit #Tamora_Tit,#Demetrius_Tit,3,25
2,3,28,33,177,#Bassianus_Tit #Chiron_Tit #Demetrius_Tit #Lavinia_Tit #Tamora_Tit,#Lavinia_Tit,6,52
2,3,28,33,178,#Bassianus_Tit #Chiron_Tit #Demetrius_Tit #Lavinia_Tit #Tamora_Tit,#Chiron_Tit,1,9
2,3,28,33,179,#Bassianus_Tit #Chiron_Tit #Demetrius_Tit #Lavinia_Tit #Tamora_Tit,#Lavinia_Tit,8,66
2,3,28,33,180,#Bassianus_Tit #Chiron_Tit #Demetrius_Tit #Lavinia_Tit #Tamora_Tit,#Tamora_Tit,1,9
2,3,28,33,181,#Bassianus_Tit #Chiron_Tit #Demetrius_Tit #Lavinia_Tit #Tamora_Tit,#Lavinia_Tit,3,27
2,3,28,33,182,#Bassianus_Tit #Chiron_Tit #Demetrius_Tit #Lavinia_Tit #Tamora_Tit,#Tamora_Tit,7,54
2,3,28,33,183,#Bassianus_Tit #Chiron_Tit #Demetrius_Tit #Lavinia_Tit #Tamora_Tit,#Lavinia_Tit,4,34
2,3,28,33,184,#Bassianus_Tit #Chiron_Tit #Demetrius_Tit #Lavinia_Tit #Tamora_Tit,#Tamora_Tit,1,9
2,3,28,33,185,#Bassianus_Tit #Chiron_Tit #Demetrius_Tit #Lavinia_Tit #Tamora_Tit,#Lavinia_Tit,6,45
2,3,28,33,186,#Bassianus_Tit #Chiron_Tit #Demetrius_Tit #Lavinia_Tit #Tamora_Tit,#Tamora_Tit,2,18
2,3,28,33,187,#Bassianus_Tit #Chiron_Tit #Demetrius_Tit #Lavinia_Tit #Tamora_Tit,#Demetrius_Tit,1,9
2,3,28,33,188,#Bassianus_Tit #Chiron_Tit #Demetrius_Tit #Lavinia_Tit #Tamora_Tit,#Lavinia_Tit,3,17
2,3,28,33,189,#Bassianus_Tit #Chiron_Tit #Demetrius_Tit #Lavinia_Tit #Tamora_Tit,#Chiron_Tit,3,20
2,3,29,34,190,#Bassianus_Tit #Tamora_Tit,#Tamora_Tit,5,41
2,3,30,36,191,#Aaron_Tit #Bassianus_Tit #Martius_Tit #Quintus_Tit,#Aaron_Tit,3,24
2,3,30,36,192,#Aaron_Tit #Bassianus_Tit #Martius_Tit #Quintus_Tit,#Quintus_Tit,1,8
2,3,30,36,193,#Aaron_Tit #Bassianus_Tit #Martius_Tit #Quintus_Tit,#Martius_Tit,2,19
2,3,30,36,194,#Aaron_Tit #Bassianus_Tit #Martius_Tit #Quintus_Tit,#Quintus_Tit,6,49
2,3,30,36,195,#Aaron_Tit #Bassianus_Tit #Martius_Tit #Quintus_Tit,#Martius_Tit,2,15
2,3,30,36,196,#Aaron_Tit #Bassianus_Tit #Martius_Tit #Quintus_Tit,#Aaron_Tit,3,27
2,3,31,37,197,#Bassianus_Tit #Martius_Tit #Quintus_Tit,#Martius_Tit,2,15
2,3,31,37,198,#Bassianus_Tit #Martius_Tit #Quintus_Tit,#Quintus_Tit,3,23
2,3,31,37,199,#Bassianus_Tit #Martius_Tit #Quintus_Tit,#Martius_Tit,3,24
2,3,31,37,200,#Bassianus_Tit #Martius_Tit #Quintus_Tit,#Quintus_Tit,5,42
2,3,31,37,201,#Bassianus_Tit #Martius_Tit #Quintus_Tit,#Martius_Tit,3,21
2,3,31,37,202,#Bassianus_Tit #Martius_Tit #Quintus_Tit,#Quintus_Tit,1,10
2,3,31,37,203,#Bassianus_Tit #Martius_Tit #Quintus_Tit,#Martius_Tit,11,85
2,3,31,37,204,#Bassianus_Tit #Martius_Tit #Quintus_Tit,#Quintus_Tit,5,44
2,3,31,37,205,#Bassianus_Tit #Martius_Tit #Quintus_Tit,#Martius_Tit,1,9
2,3,31,37,206,#Bassianus_Tit #Martius_Tit #Quintus_Tit,#Quintus_Tit,3,27
2,3,32,38,207,#ATTENDANTS_Tit #Aaron_Tit #Bassianus_Tit #Martius_Tit #Quintus_Tit #Saturninus_Tit,#Saturninus_Tit,4,34
2,3,32,38,208,#ATTENDANTS_Tit #Aaron_Tit #Bassianus_Tit #Martius_Tit #Quintus_Tit #Saturninus_Tit,#Martius_Tit,3,19
2,3,32,38,209,#ATTENDANTS_Tit #Aaron_Tit #Bassianus_Tit #Martius_Tit #Quintus_Tit #Saturninus_Tit,#Saturninus_Tit,4,35
2,3,32,38,210,#ATTENDANTS_Tit #Aaron_Tit #Bassianus_Tit #Martius_Tit #Quintus_Tit #Saturninus_Tit,#Martius_Tit,2,18
2,3,33,39,211,#ATTENDANTS_Tit #Aaron_Tit #Bassianus_Tit #Lucius_Tit #Martius_Tit #Quintus_Tit #Saturninus_Tit #Tamora_Tit #Titus_Tit,#Tamora_Tit,1,6
2,3,33,39,212,#ATTENDANTS_Tit #Aaron_Tit #Bassianus_Tit #Lucius_Tit #Martius_Tit #Quintus_Tit #Saturninus_Tit #Tamora_Tit #Titus_Tit,#Saturninus_Tit,1,7
2,3,33,39,213,#ATTENDANTS_Tit #Aaron_Tit #Bassianus_Tit #Lucius_Tit #Martius_Tit #Quintus_Tit #Saturninus_Tit #Tamora_Tit #Titus_Tit,#Tamora_Tit,1,5
2,3,33,39,214,#ATTENDANTS_Tit #Aaron_Tit #Bassianus_Tit #Lucius_Tit #Martius_Tit #Quintus_Tit #Saturninus_Tit #Tamora_Tit #Titus_Tit,#Saturninus_Tit,2,14
2,3,33,39,215,#ATTENDANTS_Tit #Aaron_Tit #Bassianus_Tit #Lucius_Tit #Martius_Tit #Quintus_Tit #Saturninus_Tit #Tamora_Tit #Titus_Tit,#Tamora_Tit,4,29
2,3,33,39,216,#ATTENDANTS_Tit #Aaron_Tit #Bassianus_Tit #Lucius_Tit #Martius_Tit #Quintus_Tit #Saturninus_Tit #Tamora_Tit #Titus_Tit,#Saturninus_Tit,12,92
2,3,33,39,217,#ATTENDANTS_Tit #Aaron_Tit #Bassianus_Tit #Lucius_Tit #Martius_Tit #Quintus_Tit #Saturninus_Tit #Tamora_Tit #Titus_Tit,#Aaron_Tit,1,9
2,3,33,39,218,#ATTENDANTS_Tit #Aaron_Tit #Bassianus_Tit #Lucius_Tit #Martius_Tit #Quintus_Tit #Saturninus_Tit #Tamora_Tit #Titus_Tit,#Saturninus_Tit,5,40
2,3,33,39,219,#ATTENDANTS_Tit #Aaron_Tit #Bassianus_Tit #Lucius_Tit #Martius_Tit #Quintus_Tit #Saturninus_Tit #Tamora_Tit #Titus_Tit,#Tamora_Tit,2,14
2,3,33,39,220,#ATTENDANTS_Tit #Aaron_Tit #Bassianus_Tit #Lucius_Tit #Martius_Tit #Quintus_Tit #Saturninus_Tit #Tamora_Tit #Titus_Tit,#Titus_Tit,4,31
2,3,33,39,221,#ATTENDANTS_Tit #Aaron_Tit #Bassianus_Tit #Lucius_Tit #Martius_Tit #Quintus_Tit #Saturninus_Tit #Tamora_Tit #Titus_Tit,#Saturninus_Tit,2,17
2,3,33,39,222,#ATTENDANTS_Tit #Aaron_Tit #Bassianus_Tit #Lucius_Tit #Martius_Tit #Quintus_Tit #Saturninus_Tit #Tamora_Tit #Titus_Tit,#Tamora_Tit,1,6
2,3,33,39,223,#ATTENDANTS_Tit #Aaron_Tit #Bassianus_Tit #Lucius_Tit #Martius_Tit #Quintus_Tit #Saturninus_Tit #Tamora_Tit #Titus_Tit,#Titus_Tit,4,33
2,3,33,39,224,#ATTENDANTS_Tit #Aaron_Tit #Bassianus_Tit #Lucius_Tit #Martius_Tit #Quintus_Tit #Saturninus_Tit #Tamora_Tit #Titus_Tit,#Saturninus_Tit,5,44
2,3,33,39,225,#ATTENDANTS_Tit #Aaron_Tit #Bassianus_Tit #Lucius_Tit #Martius_Tit #Quintus_Tit #Saturninus_Tit #Tamora_Tit #Titus_Tit,#Tamora_Tit,2,15
2,3,33,39,226,#ATTENDANTS_Tit #Aaron_Tit #Bassianus_Tit #Lucius_Tit #Martius_Tit #Quintus_Tit #Saturninus_Tit #Tamora_Tit #Titus_Tit,#Titus_Tit,1,9
2,4,34,41,227,#Chiron_Tit #Demetrius_Tit #Lavinia_Tit,#Demetrius_Tit,2,19
2,4,34,41,228,#Chiron_Tit #Demetrius_Tit #Lavinia_Tit,#Chiron_Tit,2,18
2,4,34,41,229,#Chiron_Tit #Demetrius_Tit #Lavinia_Tit,#Demetrius_Tit,1,9
2,4,34,41,230,#Chiron_Tit #Demetrius_Tit #Lavinia_Tit,#Chiron_Tit,1,9
2,4,34,41,231,#Chiron_Tit #Demetrius_Tit #Lavinia_Tit,#Demetrius_Tit,2,19
2,4,34,41,232,#Chiron_Tit #Demetrius_Tit #Lavinia_Tit,#Chiron_Tit,1,9
2,4,34,41,233,#Chiron_Tit #Demetrius_Tit #Lavinia_Tit,#Demetrius_Tit,1,10
2,4,35,43,234,#Lavinia_Tit #Marcus_Tit,#Marcus_Tit,47,387
3,1,36,45,235,#Martius_Tit #Quintus_Tit #SENATORS_Tit #TRIBUNES_Tit #Titus_Tit,#Titus_Tit,11,84
3,1,37,46,236,#Titus_Tit,#Titus_Tit,11,93
3,1,38,47,237,#Lucius_Tit #Titus_Tit,#Titus_Tit,4,29
3,1,38,47,238,#Lucius_Tit #Titus_Tit,#Lucius_Tit,3,24
3,1,38,47,239,#Lucius_Tit #Titus_Tit,#Titus_Tit,2,16
3,1,38,47,240,#Lucius_Tit #Titus_Tit,#Lucius_Tit,1,8
3,1,38,47,241,#Lucius_Tit #Titus_Tit,#Titus_Tit,17,133
3,1,38,47,242,#Lucius_Tit #Titus_Tit,#Lucius_Tit,3,20
3,1,38,47,243,#Lucius_Tit #Titus_Tit,#Titus_Tit,7,53
3,1,39,48,244,#Lavinia_Tit #Lucius_Tit #Marcus_Tit #Titus_Tit,#Marcus_Tit,3,23
3,1,39,48,245,#Lavinia_Tit #Lucius_Tit #Marcus_Tit #Titus_Tit,#Titus_Tit,1,9
3,1,39,48,246,#Lavinia_Tit #Lucius_Tit #Marcus_Tit #Titus_Tit,#Marcus_Tit,1,4
3,1,39,48,247,#Lavinia_Tit #Lucius_Tit #Marcus_Tit #Titus_Tit,#Titus_Tit,1,5
3,1,39,48,248,#Lavinia_Tit #Lucius_Tit #Marcus_Tit #Titus_Tit,#Lucius_Tit,1,6
3,1,39,48,249,#Lavinia_Tit #Lucius_Tit #Marcus_Tit #Titus_Tit,#Titus_Tit,16,131
3,1,39,48,250,#Lavinia_Tit #Lucius_Tit #Marcus_Tit #Titus_Tit,#Lucius_Tit,1,7
3,1,39,48,251,#Lavinia_Tit #Lucius_Tit #Marcus_Tit #Titus_Tit,#Marcus_Tit,5,36
3,1,39,48,252,#Lavinia_Tit #Lucius_Tit #Marcus_Tit #Titus_Tit,#Lucius_Tit,1,10
3,1,39,48,253,#Lavinia_Tit #Lucius_Tit #Marcus_Tit #Titus_Tit,#Marcus_Tit,3,23
3,1,39,48,254,#Lavinia_Tit #Lucius_Tit #Marcus_Tit #Titus_Tit,#Titus_Tit,23,188
3,1,39,48,255,#Lavinia_Tit #Lucius_Tit #Marcus_Tit #Titus_Tit,#Marcus_Tit,2,14
3,1,39,48,256,#Lavinia_Tit #Lucius_Tit #Marcus_Tit #Titus_Tit,#Titus_Tit,20,171
3,1,39,48,257,#Lavinia_Tit #Lucius_Tit #Marcus_Tit #Titus_Tit,#Lucius_Tit,2,17
3,1,39,48,258,#Lavinia_Tit #Lucius_Tit #Marcus_Tit #Titus_Tit,#Marcus_Tit,1,8
3,1,39,48,259,#Lavinia_Tit #Lucius_Tit #Marcus_Tit #Titus_Tit,#Titus_Tit,3,25
3,1,39,48,260,#Lavinia_Tit #Lucius_Tit #Marcus_Tit #Titus_Tit,#Lucius_Tit,1,8
3,1,39,48,261,#Lavinia_Tit #Lucius_Tit #Marcus_Tit #Titus_Tit,#Titus_Tit,7,59
3,1,40,49,262,#Aaron_Tit #Lavinia_Tit #Lucius_Tit #Marcus_Tit #Titus_Tit,#Aaron_Tit,7,59
3,1,40,49,263,#Aaron_Tit #Lavinia_Tit #Lucius_Tit #Marcus_Tit #Titus_Tit,#Titus_Tit,5,41
3,1,40,49,264,#Aaron_Tit #Lavinia_Tit #Lucius_Tit #Marcus_Tit #Titus_Tit,#Lucius_Tit,5,42
3,1,40,49,265,#Aaron_Tit #Lavinia_Tit #Lucius_Tit #Marcus_Tit #Titus_Tit,#Marcus_Tit,7,55
3,1,40,49,266,#Aaron_Tit #Lavinia_Tit #Lucius_Tit #Marcus_Tit #Titus_Tit,#Aaron_Tit,2,16
3,1,40,49,267,#Aaron_Tit #Lavinia_Tit #Lucius_Tit #Marcus_Tit #Titus_Tit,#Marcus_Tit,1,4
3,1,40,49,268,#Aaron_Tit #Lavinia_Tit #Lucius_Tit #Marcus_Tit #Titus_Tit,#Lucius_Tit,1,6
3,1,40,49,269,#Aaron_Tit #Lavinia_Tit #Lucius_Tit #Marcus_Tit #Titus_Tit,#Titus_Tit,2,17
3,1,40,49,270,#Aaron_Tit #Lavinia_Tit #Lucius_Tit #Marcus_Tit #Titus_Tit,#Lucius_Tit,2,17
3,1,40,49,271,#Aaron_Tit #Lavinia_Tit #Lucius_Tit #Marcus_Tit #Titus_Tit,#Marcus_Tit,2,17
3,1,40,49,272,#Aaron_Tit #Lavinia_Tit #Lucius_Tit #Marcus_Tit #Titus_Tit,#Titus_Tit,1,8
3,1,40,49,273,#Aaron_Tit #Lavinia_Tit #Lucius_Tit #Marcus_Tit #Titus_Tit,#Lucius_Tit,1,6
3,1,40,49,274,#Aaron_Tit #Lavinia_Tit #Lucius_Tit #Marcus_Tit #Titus_Tit,#Marcus_Tit,1,6
3,1,41,50,275,#Aaron_Tit #Lavinia_Tit #Titus_Tit,#Titus_Tit,2,17
3,1,41,50,276,#Aaron_Tit #Lavinia_Tit #Titus_Tit,#Aaron_Tit,4,33
3,1,42,51,277,#Aaron_Tit #Lavinia_Tit #Lucius_Tit #Marcus_Tit #Titus_Tit,#Titus_Tit,8,65
3,1,42,51,278,#Aaron_Tit #Lavinia_Tit #Lucius_Tit #Marcus_Tit #Titus_Tit,#Aaron_Tit,6,53
3,1,43,52,279,#Lavinia_Tit #Lucius_Tit #Marcus_Tit #Titus_Tit,#Titus_Tit,10,71
3,1,43,52,280,#Lavinia_Tit #Lucius_Tit #Marcus_Tit #Titus_Tit,#Marcus_Tit,2,13
3,1,43,52,281,#Lavinia_Tit #Lucius_Tit #Marcus_Tit #Titus_Tit,#Titus_Tit,2,15
3,1,43,52,282,#Lavinia_Tit #Lucius_Tit #Marcus_Tit #Titus_Tit,#Marcus_Tit,1,7
3,1,43,52,283,#Lavinia_Tit #Lucius_Tit #Marcus_Tit #Titus_Tit,#Titus_Tit,15,123
3,1,44,53,284,#Lavinia_Tit #Lucius_Tit #Marcus_Tit #Messenger_Tit #Titus_Tit,#Messenger_Tit,7,56
3,1,45,54,285,#Lavinia_Tit #Lucius_Tit #Marcus_Tit #Titus_Tit,#Marcus_Tit,5,39
3,1,45,54,286,#Lavinia_Tit #Lucius_Tit #Marcus_Tit #Titus_Tit,#Lucius_Tit,4,35
3,1,45,54,287,#Lavinia_Tit #Lucius_Tit #Marcus_Tit #Titus_Tit,#Marcus_Tit,2,14
3,1,45,54,288,#Lavinia_Tit #Lucius_Tit #Marcus_Tit #Titus_Tit,#Titus_Tit,1,8
3,1,45,54,289,#Lavinia_Tit #Lucius_Tit #Marcus_Tit #Titus_Tit,#Marcus_Tit,11,89
3,1,45,54,290,#Lavinia_Tit #Lucius_Tit #Marcus_Tit #Titus_Tit,#Titus_Tit,1,3
3,1,45,54,291,#Lavinia_Tit #Lucius_Tit #Marcus_Tit #Titus_Tit,#Marcus_Tit,1,10
3,1,45,54,292,#Lavinia_Tit #Lucius_Tit #Marcus_Tit #Titus_Tit,#Titus_Tit,23,189
3,1,46,55,293,#Lucius_Tit,#Lucius_Tit,13,96
3,2,47,57,294,#Lavinia_Tit #Marcus_Tit #SERVANTS_Tit #Titus_Tit #YoungLucius_Tit,#Titus_Tit,20,164
3,2,47,57,295,#Lavinia_Tit #Marcus_Tit #SERVANTS_Tit #Titus_Tit #YoungLucius_Tit,#Marcus_Tit,2,16
3,2,47,57,296,#Lavinia_Tit #Marcus_Tit #SERVANTS_Tit #Titus_Tit #YoungLucius_Tit,#Titus_Tit,23,196
3,2,47,57,297,#Lavinia_Tit #Marcus_Tit #SERVANTS_Tit #Titus_Tit #YoungLucius_Tit,#YoungLucius_Tit,2,15
3,2,47,57,298,#Lavinia_Tit #Marcus_Tit #SERVANTS_Tit #Titus_Tit #YoungLucius_Tit,#Marcus_Tit,2,14
3,2,47,57,299,#Lavinia_Tit #Marcus_Tit #SERVANTS_Tit #Titus_Tit #YoungLucius_Tit,#Titus_Tit,3,25
3,2,47,57,300,#Lavinia_Tit #Marcus_Tit #SERVANTS_Tit #Titus_Tit #YoungLucius_Tit,#Marcus_Tit,1,10
3,2,47,57,301,#Lavinia_Tit #Marcus_Tit #SERVANTS_Tit #Titus_Tit #YoungLucius_Tit,#Titus_Tit,5,39
3,2,47,57,302,#Lavinia_Tit #Marcus_Tit #SERVANTS_Tit #Titus_Tit #YoungLucius_Tit,#Marcus_Tit,1,9
3,2,47,57,303,#Lavinia_Tit #Marcus_Tit #SERVANTS_Tit #Titus_Tit #YoungLucius_Tit,#Titus_Tit,7,45
3,2,47,57,304,#Lavinia_Tit #Marcus_Tit #SERVANTS_Tit #Titus_Tit #YoungLucius_Tit,#Marcus_Tit,2,18
3,2,47,57,305,#Lavinia_Tit #Marcus_Tit #SERVANTS_Tit #Titus_Tit #YoungLucius_Tit,#Titus_Tit,11,74
3,2,47,57,306,#Lavinia_Tit #Marcus_Tit #SERVANTS_Tit #Titus_Tit #YoungLucius_Tit,#Marcus_Tit,2,16
3,2,47,57,307,#Lavinia_Tit #Marcus_Tit #SERVANTS_Tit #Titus_Tit #YoungLucius_Tit,#Titus_Tit,5,43
4,1,48,59,308,#Lavinia_Tit #Marcus_Tit #Titus_Tit #YoungLucius_Tit,#YoungLucius_Tit,4,30
4,1,48,59,309,#Lavinia_Tit #Marcus_Tit #Titus_Tit #YoungLucius_Tit,#Marcus_Tit,1,9
4,1,48,59,310,#Lavinia_Tit #Marcus_Tit #Titus_Tit #YoungLucius_Tit,#Titus_Tit,1,10
4,1,48,59,311,#Lavinia_Tit #Marcus_Tit #Titus_Tit #YoungLucius_Tit,#YoungLucius_Tit,1,9
4,1,48,59,312,#Lavinia_Tit #Marcus_Tit #Titus_Tit #YoungLucius_Tit,#Marcus_Tit,1,8
4,1,48,59,313,#Lavinia_Tit #Marcus_Tit #Titus_Tit #YoungLucius_Tit,#Titus_Tit,6,47
4,1,48,59,314,#Lavinia_Tit #Marcus_Tit #Titus_Tit #YoungLucius_Tit,#Marcus_Tit,1,9
4,1,48,59,315,#Lavinia_Tit #Marcus_Tit #Titus_Tit #YoungLucius_Tit,#YoungLucius_Tit,13,108
4,1,48,59,316,#Lavinia_Tit #Marcus_Tit #Titus_Tit #YoungLucius_Tit,#Marcus_Tit,1,3
4,1,48,59,317,#Lavinia_Tit #Marcus_Tit #Titus_Tit #YoungLucius_Tit,#Titus_Tit,9,65
4,1,48,59,318,#Lavinia_Tit #Marcus_Tit #Titus_Tit #YoungLucius_Tit,#Marcus_Tit,3,27
4,1,48,59,319,#Lavinia_Tit #Marcus_Tit #Titus_Tit #YoungLucius_Tit,#Titus_Tit,1,8
4,1,48,59,320,#Lavinia_Tit #Marcus_Tit #Titus_Tit #YoungLucius_Tit,#YoungLucius_Tit,2,9
4,1,48,59,321,#Lavinia_Tit #Marcus_Tit #Titus_Tit #YoungLucius_Tit,#Marcus_Tit,2,14
4,1,48,59,322,#Lavinia_Tit #Marcus_Tit #Titus_Tit #YoungLucius_Tit,#Titus_Tit,5,41
4,1,48,59,323,#Lavinia_Tit #Marcus_Tit #Titus_Tit #YoungLucius_Tit,#Marcus_Tit,1,9
4,1,48,59,324,#Lavinia_Tit #Marcus_Tit #Titus_Tit #YoungLucius_Tit,#Titus_Tit,7,55
4,1,48,59,325,#Lavinia_Tit #Marcus_Tit #Titus_Tit #YoungLucius_Tit,#Marcus_Tit,2,15
4,1,48,59,326,#Lavinia_Tit #Marcus_Tit #Titus_Tit #YoungLucius_Tit,#Titus_Tit,4,35
4,1,48,59,327,#Lavinia_Tit #Marcus_Tit #Titus_Tit #YoungLucius_Tit,#Marcus_Tit,13,108
4,1,48,59,328,#Lavinia_Tit #Marcus_Tit #Titus_Tit #YoungLucius_Tit,#Titus_Tit,1,3
4,1,48,59,329,#Lavinia_Tit #Marcus_Tit #Titus_Tit #YoungLucius_Tit,#Marcus_Tit,2,13
4,1,48,59,330,#Lavinia_Tit #Marcus_Tit #Titus_Tit #YoungLucius_Tit,#Titus_Tit,2,10
4,1,48,59,331,#Lavinia_Tit #Marcus_Tit #Titus_Tit #YoungLucius_Tit,#Marcus_Tit,12,92
4,1,48,59,332,#Lavinia_Tit #Marcus_Tit #Titus_Tit #YoungLucius_Tit,#Titus_Tit,12,105
4,1,48,59,333,#Lavinia_Tit #Marcus_Tit #Titus_Tit #YoungLucius_Tit,#YoungLucius_Tit,3,26
4,1,48,59,334,#Lavinia_Tit #Marcus_Tit #Titus_Tit #YoungLucius_Tit,#Marcus_Tit,2,16
4,1,48,59,335,#Lavinia_Tit #Marcus_Tit #Titus_Tit #YoungLucius_Tit,#YoungLucius_Tit,1,9
4,1,48,59,336,#Lavinia_Tit #Marcus_Tit #Titus_Tit #YoungLucius_Tit,#Titus_Tit,5,41
4,1,48,59,337,#Lavinia_Tit #Marcus_Tit #Titus_Tit #YoungLucius_Tit,#YoungLucius_Tit,1,8
4,1,48,59,338,#Lavinia_Tit #Marcus_Tit #Titus_Tit #YoungLucius_Tit,#Titus_Tit,4,35
4,1,49,60,339,#Marcus_Tit,#Marcus_Tit,7,53
4,2,50,62,340,#Aaron_Tit #Chiron_Tit #Demetrius_Tit #SERVANTS_Tit #YoungLucius_Tit,#Chiron_Tit,2,13
4,2,50,62,341,#Aaron_Tit #Chiron_Tit #Demetrius_Tit #SERVANTS_Tit #YoungLucius_Tit,#Aaron_Tit,1,8
4,2,50,62,342,#Aaron_Tit #Chiron_Tit #Demetrius_Tit #SERVANTS_Tit #YoungLucius_Tit,#YoungLucius_Tit,3,22
4,2,50,62,343,#Aaron_Tit #Chiron_Tit #Demetrius_Tit #SERVANTS_Tit #YoungLucius_Tit,#Demetrius_Tit,1,6
4,2,50,62,344,#Aaron_Tit #Chiron_Tit #Demetrius_Tit #SERVANTS_Tit #YoungLucius_Tit,#YoungLucius_Tit,10,78
4,2,51,63,345,#Aaron_Tit #Chiron_Tit #Demetrius_Tit,#Demetrius_Tit,4,20
4,2,51,63,346,#Aaron_Tit #Chiron_Tit #Demetrius_Tit,#Chiron_Tit,2,18
4,2,51,63,347,#Aaron_Tit #Chiron_Tit #Demetrius_Tit,#Aaron_Tit,14,109
4,2,51,63,348,#Aaron_Tit #Chiron_Tit #Demetrius_Tit,#Demetrius_Tit,2,16
4,2,51,63,349,#Aaron_Tit #Chiron_Tit #Demetrius_Tit,#Aaron_Tit,2,14
4,2,51,63,350,#Aaron_Tit #Chiron_Tit #Demetrius_Tit,#Demetrius_Tit,2,18
4,2,51,63,351,#Aaron_Tit #Chiron_Tit #Demetrius_Tit,#Chiron_Tit,1,7
4,2,51,63,352,#Aaron_Tit #Chiron_Tit #Demetrius_Tit,#Aaron_Tit,1,9
4,2,51,63,353,#Aaron_Tit #Chiron_Tit #Demetrius_Tit,#Chiron_Tit,1,8
4,2,51,63,354,#Aaron_Tit #Chiron_Tit #Demetrius_Tit,#Demetrius_Tit,2,17
4,2,51,63,355,#Aaron_Tit #Chiron_Tit #Demetrius_Tit,#Aaron_Tit,1,10
4,2,51,63,356,#Aaron_Tit #Chiron_Tit #Demetrius_Tit,#Demetrius_Tit,1,7
4,2,51,63,357,#Aaron_Tit #Chiron_Tit #Demetrius_Tit,#Chiron_Tit,1,8
4,2,51,63,358,#Aaron_Tit #Chiron_Tit #Demetrius_Tit,#Demetrius_Tit,1,4
4,2,52,64,359,#Aaron_Tit #Chiron_Tit #Demetrius_Tit #Infant_Tit #Nurse_Tit,#Nurse_Tit,2,12
4,2,52,64,360,#Aaron_Tit #Chiron_Tit #Demetrius_Tit #Infant_Tit #Nurse_Tit,#Aaron_Tit,2,18
4,2,52,64,361,#Aaron_Tit #Chiron_Tit #Demetrius_Tit #Infant_Tit #Nurse_Tit,#Nurse_Tit,2,14
4,2,52,64,362,#Aaron_Tit #Chiron_Tit #Demetrius_Tit #Infant_Tit #Nurse_Tit,#Aaron_Tit,2,16
4,2,52,64,363,#Aaron_Tit #Chiron_Tit #Demetrius_Tit #Infant_Tit #Nurse_Tit,#Nurse_Tit,3,23
4,2,52,64,364,#Aaron_Tit #Chiron_Tit #Demetrius_Tit #Infant_Tit #Nurse_Tit,#Aaron_Tit,1,2
4,2,52,64,365,#Aaron_Tit #Chiron_Tit #Demetrius_Tit #Infant_Tit #Nurse_Tit,#Nurse_Tit,1,6
4,2,52,64,366,#Aaron_Tit #Chiron_Tit #Demetrius_Tit #Infant_Tit #Nurse_Tit,#Aaron_Tit,1,11
4,2,52,64,367,#Aaron_Tit #Chiron_Tit #Demetrius_Tit #Infant_Tit #Nurse_Tit,#Nurse_Tit,1,2
4,2,52,64,368,#Aaron_Tit #Chiron_Tit #Demetrius_Tit #Infant_Tit #Nurse_Tit,#Aaron_Tit,1,10
4,2,52,64,369,#Aaron_Tit #Chiron_Tit #Demetrius_Tit #Infant_Tit #Nurse_Tit,#Nurse_Tit,5,41
4,2,52,64,370,#Aaron_Tit #Chiron_Tit #Demetrius_Tit #Infant_Tit #Nurse_Tit,#Aaron_Tit,3,17
4,2,52,64,371,#Aaron_Tit #Chiron_Tit #Demetrius_Tit #Infant_Tit #Nurse_Tit,#Demetrius_Tit,1,5
4,2,52,64,372,#Aaron_Tit #Chiron_Tit #Demetrius_Tit #Infant_Tit #Nurse_Tit,#Aaron_Tit,1,6
4,2,52,64,373,#Aaron_Tit #Chiron_Tit #Demetrius_Tit #Infant_Tit #Nurse_Tit,#Chiron_Tit,1,5
4,2,52,64,374,#Aaron_Tit #Chiron_Tit #Demetrius_Tit #Infant_Tit #Nurse_Tit,#Aaron_Tit,1,6
4,2,52,64,375,#Aaron_Tit #Chiron_Tit #Demetrius_Tit #Infant_Tit #Nurse_Tit,#Demetrius_Tit,3,25
4,2,52,64,376,#Aaron_Tit #Chiron_Tit #Demetrius_Tit #Infant_Tit #Nurse_Tit,#Chiron_Tit,1,4
4,2,52,64,377,#Aaron_Tit #Chiron_Tit #Demetrius_Tit #Infant_Tit #Nurse_Tit,#Aaron_Tit,1,4
4,2,52,64,378,#Aaron_Tit #Chiron_Tit #Demetrius_Tit #Infant_Tit #Nurse_Tit,#Nurse_Tit,1,8
4,2,52,64,379,#Aaron_Tit #Chiron_Tit #Demetrius_Tit #Infant_Tit #Nurse_Tit,#Aaron_Tit,2,17
4,2,52,64,380,#Aaron_Tit #Chiron_Tit #Demetrius_Tit #Infant_Tit #Nurse_Tit,#Demetrius_Tit,2,18
4,2,52,64,381,#Aaron_Tit #Chiron_Tit #Demetrius_Tit #Infant_Tit #Nurse_Tit,#Aaron_Tit,19,148
4,2,52,64,382,#Aaron_Tit #Chiron_Tit #Demetrius_Tit #Infant_Tit #Nurse_Tit,#Demetrius_Tit,1,7
4,2,52,64,383,#Aaron_Tit #Chiron_Tit #Demetrius_Tit #Infant_Tit #Nurse_Tit,#Aaron_Tit,5,42
4,2,52,64,384,#Aaron_Tit #Chiron_Tit #Demetrius_Tit #Infant_Tit #Nurse_Tit,#Demetrius_Tit,1,7
4,2,52,64,385,#Aaron_Tit #Chiron_Tit #Demetrius_Tit #Infant_Tit #Nurse_Tit,#Chiron_Tit,1,8
4,2,52,64,386,#Aaron_Tit #Chiron_Tit #Demetrius_Tit #Infant_Tit #Nurse_Tit,#Nurse_Tit,1,9
4,2,52,64,387,#Aaron_Tit #Chiron_Tit #Demetrius_Tit #Infant_Tit #Nurse_Tit,#Chiron_Tit,1,7
4,2,52,64,388,#Aaron_Tit #Chiron_Tit #Demetrius_Tit #Infant_Tit #Nurse_Tit,#Aaron_Tit,12,99
4,2,52,64,389,#Aaron_Tit #Chiron_Tit #Demetrius_Tit #Infant_Tit #Nurse_Tit,#Nurse_Tit,1,8
4,2,52,64,390,#Aaron_Tit #Chiron_Tit #Demetrius_Tit #Infant_Tit #Nurse_Tit,#Demetrius_Tit,3,26
4,2,52,64,391,#Aaron_Tit #Chiron_Tit #Demetrius_Tit #Infant_Tit #Nurse_Tit,#Aaron_Tit,3,28
4,2,52,64,392,#Aaron_Tit #Chiron_Tit #Demetrius_Tit #Infant_Tit #Nurse_Tit,#Demetrius_Tit,1,8
4,2,52,64,393,#Aaron_Tit #Chiron_Tit #Demetrius_Tit #Infant_Tit #Nurse_Tit,#Aaron_Tit,6,41
4,2,52,64,394,#Aaron_Tit #Chiron_Tit #Demetrius_Tit #Infant_Tit #Nurse_Tit,#Nurse_Tit,2,13
4,2,52,64,395,#Aaron_Tit #Chiron_Tit #Demetrius_Tit #Infant_Tit #Nurse_Tit,#Aaron_Tit,4,33
4,2,52,64,396,#Aaron_Tit #Chiron_Tit #Demetrius_Tit #Infant_Tit #Nurse_Tit,#Demetrius_Tit,1,8
4,2,52,64,397,#Aaron_Tit #Chiron_Tit #Demetrius_Tit #Infant_Tit #Nurse_Tit,#Aaron_Tit,21,173
4,2,52,64,398,#Aaron_Tit #Chiron_Tit #Demetrius_Tit #Infant_Tit #Nurse_Tit,#Chiron_Tit,2,11
4,2,52,64,399,#Aaron_Tit #Chiron_Tit #Demetrius_Tit #Infant_Tit #Nurse_Tit,#Demetrius_Tit,2,13
4,2,53,65,400,#Aaron_Tit #Infant_Tit,#Aaron_Tit,9,79
4,3,54,67,401,#Caius_Tit #Marcus_Tit #Publius_Tit #Sempronius_Tit #Titus_Tit #YoungLucius_Tit,#Titus_Tit,24,185
4,3,54,67,402,#Caius_Tit #Marcus_Tit #Publius_Tit #Sempronius_Tit #Titus_Tit #YoungLucius_Tit,#Marcus_Tit,2,15
4,3,54,67,403,#Caius_Tit #Marcus_Tit #Publius_Tit #Sempronius_Tit #Titus_Tit #YoungLucius_Tit,#Publius_Tit,4,29
4,3,54,67,404,#Caius_Tit #Marcus_Tit #Publius_Tit #Sempronius_Tit #Titus_Tit #YoungLucius_Tit,#Marcus_Tit,5,28
4,3,54,67,405,#Caius_Tit #Marcus_Tit #Publius_Tit #Sempronius_Tit #Titus_Tit #YoungLucius_Tit,#Titus_Tit,2,13
4,3,54,67,406,#Caius_Tit #Marcus_Tit #Publius_Tit #Sempronius_Tit #Titus_Tit #YoungLucius_Tit,#Publius_Tit,5,43
4,3,54,67,407,#Caius_Tit #Marcus_Tit #Publius_Tit #Sempronius_Tit #Titus_Tit #YoungLucius_Tit,#Titus_Tit,20,152
4,3,54,67,408,#Caius_Tit #Marcus_Tit #Publius_Tit #Sempronius_Tit #Titus_Tit #YoungLucius_Tit,#Marcus_Tit,2,16
4,3,54,67,409,#Caius_Tit #Marcus_Tit #Publius_Tit #Sempronius_Tit #Titus_Tit #YoungLucius_Tit,#Titus_Tit,3,15
4,3,54,67,410,#Caius_Tit #Marcus_Tit #Publius_Tit #Sempronius_Tit #Titus_Tit #YoungLucius_Tit,#Marcus_Tit,2,16
4,3,54,67,411,#Caius_Tit #Marcus_Tit #Publius_Tit #Sempronius_Tit #Titus_Tit #YoungLucius_Tit,#Titus_Tit,2,18
4,3,54,67,412,#Caius_Tit #Marcus_Tit #Publius_Tit #Sempronius_Tit #Titus_Tit #YoungLucius_Tit,#Marcus_Tit,6,56
4,3,54,67,413,#Caius_Tit #Marcus_Tit #Publius_Tit #Sempronius_Tit #Titus_Tit #YoungLucius_Tit,#Titus_Tit,1,9
4,3,55,68,414,#Caius_Tit #CountryFellow_Tit #Marcus_Tit #Publius_Tit #Sempronius_Tit #Titus_Tit #YoungLucius_Tit,#Titus_Tit,4,23
4,3,55,68,415,#Caius_Tit #CountryFellow_Tit #Marcus_Tit #Publius_Tit #Sempronius_Tit #Titus_Tit #YoungLucius_Tit,#CountryFellow_Tit,3,23
4,3,55,68,416,#Caius_Tit #CountryFellow_Tit #Marcus_Tit #Publius_Tit #Sempronius_Tit #Titus_Tit #YoungLucius_Tit,#Titus_Tit,1,7
4,3,55,68,417,#Caius_Tit #CountryFellow_Tit #Marcus_Tit #Publius_Tit #Sempronius_Tit #Titus_Tit #YoungLucius_Tit,#CountryFellow_Tit,2,15
4,3,55,68,418,#Caius_Tit #CountryFellow_Tit #Marcus_Tit #Publius_Tit #Sempronius_Tit #Titus_Tit #YoungLucius_Tit,#Titus_Tit,1,7
4,3,55,68,419,#Caius_Tit #CountryFellow_Tit #Marcus_Tit #Publius_Tit #Sempronius_Tit #Titus_Tit #YoungLucius_Tit,#CountryFellow_Tit,1,7
4,3,55,68,420,#Caius_Tit #CountryFellow_Tit #Marcus_Tit #Publius_Tit #Sempronius_Tit #Titus_Tit #YoungLucius_Tit,#Titus_Tit,1,7
4,3,55,68,421,#Caius_Tit #CountryFellow_Tit #Marcus_Tit #Publius_Tit #Sempronius_Tit #Titus_Tit #YoungLucius_Tit,#CountryFellow_Tit,6,50
4,3,55,68,422,#Caius_Tit #CountryFellow_Tit #Marcus_Tit #Publius_Tit #Sempronius_Tit #Titus_Tit #YoungLucius_Tit,#Marcus_Tit,3,25
4,3,55,68,423,#Caius_Tit #CountryFellow_Tit #Marcus_Tit #Publius_Tit #Sempronius_Tit #Titus_Tit #YoungLucius_Tit,#Titus_Tit,2,13
4,3,55,68,424,#Caius_Tit #CountryFellow_Tit #Marcus_Tit #Publius_Tit #Sempronius_Tit #Titus_Tit #YoungLucius_Tit,#CountryFellow_Tit,2,12
4,3,55,68,425,#Caius_Tit #CountryFellow_Tit #Marcus_Tit #Publius_Tit #Sempronius_Tit #Titus_Tit #YoungLucius_Tit,#Titus_Tit,6,46
4,3,55,68,426,#Caius_Tit #CountryFellow_Tit #Marcus_Tit #Publius_Tit #Sempronius_Tit #Titus_Tit #YoungLucius_Tit,#CountryFellow_Tit,1,2
4,3,55,68,427,#Caius_Tit #CountryFellow_Tit #Marcus_Tit #Publius_Tit #Sempronius_Tit #Titus_Tit #YoungLucius_Tit,#Titus_Tit,5,45
4,3,55,68,428,#Caius_Tit #CountryFellow_Tit #Marcus_Tit #Publius_Tit #Sempronius_Tit #Titus_Tit #YoungLucius_Tit,#CountryFellow_Tit,1,7
4,3,55,68,429,#Caius_Tit #CountryFellow_Tit #Marcus_Tit #Publius_Tit #Sempronius_Tit #Titus_Tit #YoungLucius_Tit,#Titus_Tit,5,45
4,3,55,68,430,#Caius_Tit #CountryFellow_Tit #Marcus_Tit #Publius_Tit #Sempronius_Tit #Titus_Tit #YoungLucius_Tit,#CountryFellow_Tit,1,7
4,3,56,69,431,#Caius_Tit #Marcus_Tit #Publius_Tit #Sempronius_Tit #Titus_Tit #YoungLucius_Tit,#Titus_Tit,1,8
4,4,57,71,432,#ATTENDANTS_Tit #Chiron_Tit #Demetrius_Tit #Saturninus_Tit #Tamora_Tit,#Saturninus_Tit,26,199
4,4,57,71,433,#ATTENDANTS_Tit #Chiron_Tit #Demetrius_Tit #Saturninus_Tit #Tamora_Tit,#Tamora_Tit,14,94
4,4,58,72,434,#ATTENDANTS_Tit #Chiron_Tit #CountryFellow_Tit #Demetrius_Tit #Saturninus_Tit #Tamora_Tit,#Tamora_Tit,1,9
4,4,58,72,435,#ATTENDANTS_Tit #Chiron_Tit #CountryFellow_Tit #Demetrius_Tit #Saturninus_Tit #Tamora_Tit,#CountryFellow_Tit,2,7
4,4,58,72,436,#ATTENDANTS_Tit #Chiron_Tit #CountryFellow_Tit #Demetrius_Tit #Saturninus_Tit #Tamora_Tit,#Tamora_Tit,1,8
4,4,58,72,437,#ATTENDANTS_Tit #Chiron_Tit #CountryFellow_Tit #Demetrius_Tit #Saturninus_Tit #Tamora_Tit,#CountryFellow_Tit,3,22
4,4,58,72,438,#ATTENDANTS_Tit #Chiron_Tit #CountryFellow_Tit #Demetrius_Tit #Saturninus_Tit #Tamora_Tit,#Saturninus_Tit,1,8
4,4,58,72,439,#ATTENDANTS_Tit #Chiron_Tit #CountryFellow_Tit #Demetrius_Tit #Saturninus_Tit #Tamora_Tit,#CountryFellow_Tit,1,6
4,4,58,72,440,#ATTENDANTS_Tit #Chiron_Tit #CountryFellow_Tit #Demetrius_Tit #Saturninus_Tit #Tamora_Tit,#Tamora_Tit,1,6
4,4,58,72,441,#ATTENDANTS_Tit #Chiron_Tit #CountryFellow_Tit #Demetrius_Tit #Saturninus_Tit #Tamora_Tit,#CountryFellow_Tit,2,15
4,4,59,73,442,#ATTENDANTS_Tit #Chiron_Tit #Demetrius_Tit #Saturninus_Tit #Tamora_Tit,#Saturninus_Tit,11,83
4,4,60,74,443,#ATTENDANTS_Tit #Aemilius_Tit #Chiron_Tit #Demetrius_Tit #Saturninus_Tit #Tamora_Tit,#Saturninus_Tit,1,5
4,4,60,74,444,#ATTENDANTS_Tit #Aemilius_Tit #Chiron_Tit #Demetrius_Tit #Saturninus_Tit #Tamora_Tit,#Aemilius_Tit,7,51
4,4,60,74,445,#ATTENDANTS_Tit #Aemilius_Tit #Chiron_Tit #Demetrius_Tit #Saturninus_Tit #Tamora_Tit,#Saturninus_Tit,9,69
4,4,60,74,446,#ATTENDANTS_Tit #Aemilius_Tit #Chiron_Tit #Demetrius_Tit #Saturninus_Tit #Tamora_Tit,#Tamora_Tit,1,9
4,4,60,74,447,#ATTENDANTS_Tit #Aemilius_Tit #Chiron_Tit #Demetrius_Tit #Saturninus_Tit #Tamora_Tit,#Saturninus_Tit,2,14
4,4,60,74,448,#ATTENDANTS_Tit #Aemilius_Tit #Chiron_Tit #Demetrius_Tit #Saturninus_Tit #Tamora_Tit,#Tamora_Tit,13,101
4,4,60,74,449,#ATTENDANTS_Tit #Aemilius_Tit #Chiron_Tit #Demetrius_Tit #Saturninus_Tit #Tamora_Tit,#Saturninus_Tit,1,9
4,4,60,74,450,#ATTENDANTS_Tit #Aemilius_Tit #Chiron_Tit #Demetrius_Tit #Saturninus_Tit #Tamora_Tit,#Tamora_Tit,9,67
4,4,60,74,451,#ATTENDANTS_Tit #Aemilius_Tit #Chiron_Tit #Demetrius_Tit #Saturninus_Tit #Tamora_Tit,#Saturninus_Tit,3,23
4,4,60,74,452,#ATTENDANTS_Tit #Aemilius_Tit #Chiron_Tit #Demetrius_Tit #Saturninus_Tit #Tamora_Tit,#Aemilius_Tit,1,6
4,4,61,75,453,#ATTENDANTS_Tit #Chiron_Tit #Demetrius_Tit #Saturninus_Tit #Tamora_Tit,#Tamora_Tit,5,39
4,4,61,75,454,#ATTENDANTS_Tit #Chiron_Tit #Demetrius_Tit #Saturninus_Tit #Tamora_Tit,#Saturninus_Tit,1,7
5,1,62,77,455,#GOTHS_Tit #Lucius_Tit,#Lucius_Tit,8,56
5,1,63,78,456,#GOTHS.0.1_Tit #GOTHS_Tit #Lucius_Tit,#GOTHS.0.1_Tit,8,58
5,1,63,78,457,#GOTHS.0.1_Tit #GOTHS_Tit #Lucius_Tit,#GOTHS_Tit,1,10
5,1,63,78,458,#GOTHS.0.1_Tit #GOTHS_Tit #Lucius_Tit,#Lucius_Tit,2,18
5,1,64,79,459,#Aaron_Tit #GOTHS.0.1_Tit #GOTHS.0.2_Tit #GOTHS_Tit #Infant_Tit #Lucius_Tit,#GOTHS.0.2_Tit,20,160
5,1,64,79,460,#Aaron_Tit #GOTHS.0.1_Tit #GOTHS.0.2_Tit #GOTHS_Tit #Infant_Tit #Lucius_Tit,#Lucius_Tit,9,72
5,1,64,79,461,#Aaron_Tit #GOTHS.0.1_Tit #GOTHS.0.2_Tit #GOTHS_Tit #Infant_Tit #Lucius_Tit,#Aaron_Tit,1,9
5,1,64,79,462,#Aaron_Tit #GOTHS.0.1_Tit #GOTHS.0.2_Tit #GOTHS_Tit #Infant_Tit #Lucius_Tit,#Lucius_Tit,4,30
5,1,64,79,463,#Aaron_Tit #GOTHS.0.1_Tit #GOTHS.0.2_Tit #GOTHS_Tit #Infant_Tit #Lucius_Tit,#Aaron_Tit,6,45
5,1,64,79,464,#Aaron_Tit #GOTHS.0.1_Tit #GOTHS.0.2_Tit #GOTHS_Tit #Infant_Tit #Lucius_Tit,#Lucius_Tit,2,20
5,1,64,79,465,#Aaron_Tit #GOTHS.0.1_Tit #GOTHS.0.2_Tit #GOTHS_Tit #Infant_Tit #Lucius_Tit,#Aaron_Tit,8,63
5,1,64,79,466,#Aaron_Tit #GOTHS.0.1_Tit #GOTHS.0.2_Tit #GOTHS_Tit #Infant_Tit #Lucius_Tit,#Lucius_Tit,1,10
5,1,64,79,467,#Aaron_Tit #GOTHS.0.1_Tit #GOTHS.0.2_Tit #GOTHS_Tit #Infant_Tit #Lucius_Tit,#Aaron_Tit,1,9
5,1,64,79,468,#Aaron_Tit #GOTHS.0.1_Tit #GOTHS.0.2_Tit #GOTHS_Tit #Infant_Tit #Lucius_Tit,#Lucius_Tit,2,17
5,1,64,79,469,#Aaron_Tit #GOTHS.0.1_Tit #GOTHS.0.2_Tit #GOTHS_Tit #Infant_Tit #Lucius_Tit,#Aaron_Tit,13,109
5,1,64,79,470,#Aaron_Tit #GOTHS.0.1_Tit #GOTHS.0.2_Tit #GOTHS_Tit #Infant_Tit #Lucius_Tit,#Lucius_Tit,1,10
5,1,64,79,471,#Aaron_Tit #GOTHS.0.1_Tit #GOTHS.0.2_Tit #GOTHS_Tit #Infant_Tit #Lucius_Tit,#Aaron_Tit,1,9
5,1,64,79,472,#Aaron_Tit #GOTHS.0.1_Tit #GOTHS.0.2_Tit #GOTHS_Tit #Infant_Tit #Lucius_Tit,#Lucius_Tit,1,6
5,1,64,79,473,#Aaron_Tit #GOTHS.0.1_Tit #GOTHS.0.2_Tit #GOTHS_Tit #Infant_Tit #Lucius_Tit,#Aaron_Tit,5,43
5,1,64,79,474,#Aaron_Tit #GOTHS.0.1_Tit #GOTHS.0.2_Tit #GOTHS_Tit #Infant_Tit #Lucius_Tit,#Lucius_Tit,1,7
5,1,64,79,475,#Aaron_Tit #GOTHS.0.1_Tit #GOTHS.0.2_Tit #GOTHS_Tit #Infant_Tit #Lucius_Tit,#Aaron_Tit,3,20
5,1,64,79,476,#Aaron_Tit #GOTHS.0.1_Tit #GOTHS.0.2_Tit #GOTHS_Tit #Infant_Tit #Lucius_Tit,#Lucius_Tit,1,6
5,1,64,79,477,#Aaron_Tit #GOTHS.0.1_Tit #GOTHS.0.2_Tit #GOTHS_Tit #Infant_Tit #Lucius_Tit,#Aaron_Tit,23,193
5,1,65,80,478,#Aaron_Tit #GOTHS.0.1_Tit #GOTHS.0.2_Tit #GOTHS.0_Tit #GOTHS_Tit #Infant_Tit #Lucius_Tit,#GOTHS.0_Tit,1,9
5,1,65,80,479,#Aaron_Tit #GOTHS.0.1_Tit #GOTHS.0.2_Tit #GOTHS.0_Tit #GOTHS_Tit #Infant_Tit #Lucius_Tit,#Aaron_Tit,1,9
5,1,65,80,480,#Aaron_Tit #GOTHS.0.1_Tit #GOTHS.0.2_Tit #GOTHS.0_Tit #GOTHS_Tit #Infant_Tit #Lucius_Tit,#Lucius_Tit,1,8
5,1,65,80,481,#Aaron_Tit #GOTHS.0.1_Tit #GOTHS.0.2_Tit #GOTHS.0_Tit #GOTHS_Tit #Infant_Tit #Lucius_Tit,#Aaron_Tit,21,173
5,1,65,80,482,#Aaron_Tit #GOTHS.0.1_Tit #GOTHS.0.2_Tit #GOTHS.0_Tit #GOTHS_Tit #Infant_Tit #Lucius_Tit,#Lucius_Tit,2,16
5,1,65,80,483,#Aaron_Tit #GOTHS.0.1_Tit #GOTHS.0.2_Tit #GOTHS.0_Tit #GOTHS_Tit #Infant_Tit #Lucius_Tit,#Aaron_Tit,4,32
5,1,65,80,484,#Aaron_Tit #GOTHS.0.1_Tit #GOTHS.0.2_Tit #GOTHS.0_Tit #GOTHS_Tit #Infant_Tit #Lucius_Tit,#Lucius_Tit,1,10
5,1,66,81,485,#Aaron_Tit #Aemilius_Tit #GOTHS.0.1_Tit #GOTHS.0.2_Tit #GOTHS.0_Tit #GOTHS_Tit #Infant_Tit #Lucius_Tit,#GOTHS.0_Tit,2,15
5,1,66,81,486,#Aaron_Tit #Aemilius_Tit #GOTHS.0.1_Tit #GOTHS.0.2_Tit #GOTHS.0_Tit #GOTHS_Tit #Infant_Tit #Lucius_Tit,#Lucius_Tit,2,11
5,1,66,81,487,#Aaron_Tit #Aemilius_Tit #GOTHS.0.1_Tit #GOTHS.0.2_Tit #GOTHS.0_Tit #GOTHS_Tit #Infant_Tit #Lucius_Tit,#Aemilius_Tit,6,44
5,1,66,81,488,#Aaron_Tit #Aemilius_Tit #GOTHS.0.1_Tit #GOTHS.0.2_Tit #GOTHS.0_Tit #GOTHS_Tit #Infant_Tit #Lucius_Tit,#GOTHS.0_Tit,1,4
5,1,66,81,489,#Aaron_Tit #Aemilius_Tit #GOTHS.0.1_Tit #GOTHS.0.2_Tit #GOTHS.0_Tit #GOTHS_Tit #Infant_Tit #Lucius_Tit,#Lucius_Tit,3,20
5,2,67,84,490,#Chiron_Tit #Demetrius_Tit #Tamora_Tit,#Tamora_Tit,8,60
5,2,68,85,491,#Chiron_Tit #Demetrius_Tit #Tamora_Tit #Titus_Tit,#Titus_Tit,7,56
5,2,68,85,492,#Chiron_Tit #Demetrius_Tit #Tamora_Tit #Titus_Tit,#Tamora_Tit,1,8
5,2,68,85,493,#Chiron_Tit #Demetrius_Tit #Tamora_Tit #Titus_Tit,#Titus_Tit,3,26
5,2,68,85,494,#Chiron_Tit #Demetrius_Tit #Tamora_Tit #Titus_Tit,#Tamora_Tit,1,10
5,2,68,85,495,#Chiron_Tit #Demetrius_Tit #Tamora_Tit #Titus_Tit,#Titus_Tit,8,54
5,2,68,85,496,#Chiron_Tit #Demetrius_Tit #Tamora_Tit #Titus_Tit,#Tamora_Tit,13,101
5,2,68,85,497,#Chiron_Tit #Demetrius_Tit #Tamora_Tit #Titus_Tit,#Titus_Tit,2,16
5,2,68,85,498,#Chiron_Tit #Demetrius_Tit #Tamora_Tit #Titus_Tit,#Tamora_Tit,1,8
5,2,68,85,499,#Chiron_Tit #Demetrius_Tit #Tamora_Tit #Titus_Tit,#Titus_Tit,16,129
5,2,68,85,500,#Chiron_Tit #Demetrius_Tit #Tamora_Tit #Titus_Tit,#Tamora_Tit,1,8
5,2,68,85,501,#Chiron_Tit #Demetrius_Tit #Tamora_Tit #Titus_Tit,#Titus_Tit,1,8
5,2,68,85,502,#Chiron_Tit #Demetrius_Tit #Tamora_Tit #Titus_Tit,#Tamora_Tit,2,15
5,2,68,85,503,#Chiron_Tit #Demetrius_Tit #Tamora_Tit #Titus_Tit,#Titus_Tit,6,48
5,2,69,86,504,#Chiron_Tit #Demetrius_Tit #Tamora_Tit,#Tamora_Tit,11,88
5,2,70,87,505,#Chiron_Tit #Demetrius_Tit #Tamora_Tit #Titus_Tit,#Titus_Tit,11,90
5,2,70,87,506,#Chiron_Tit #Demetrius_Tit #Tamora_Tit #Titus_Tit,#Tamora_Tit,1,7
5,2,70,87,507,#Chiron_Tit #Demetrius_Tit #Tamora_Tit #Titus_Tit,#Demetrius_Tit,1,8
5,2,70,87,508,#Chiron_Tit #Demetrius_Tit #Tamora_Tit #Titus_Tit,#Chiron_Tit,2,18
5,2,70,87,509,#Chiron_Tit #Demetrius_Tit #Tamora_Tit #Titus_Tit,#Tamora_Tit,2,17
5,2,70,87,510,#Chiron_Tit #Demetrius_Tit #Tamora_Tit #Titus_Tit,#Titus_Tit,14,101
5,2,70,87,511,#Chiron_Tit #Demetrius_Tit #Tamora_Tit #Titus_Tit,#Tamora_Tit,11,90
5,2,70,87,512,#Chiron_Tit #Demetrius_Tit #Tamora_Tit #Titus_Tit,#Titus_Tit,1,7
5,2,71,88,513,#Chiron_Tit #Demetrius_Tit #Marcus_Tit #Tamora_Tit #Titus_Tit,#Titus_Tit,9,75
5,2,71,88,514,#Chiron_Tit #Demetrius_Tit #Marcus_Tit #Tamora_Tit #Titus_Tit,#Marcus_Tit,1,8
5,2,72,89,515,#Chiron_Tit #Demetrius_Tit #Tamora_Tit #Titus_Tit,#Tamora_Tit,2,14
5,2,72,89,516,#Chiron_Tit #Demetrius_Tit #Tamora_Tit #Titus_Tit,#Titus_Tit,3,24
5,2,72,89,517,#Chiron_Tit #Demetrius_Tit #Tamora_Tit #Titus_Tit,#Tamora_Tit,5,41
5,2,72,89,518,#Chiron_Tit #Demetrius_Tit #Tamora_Tit #Titus_Tit,#Titus_Tit,3,25
5,2,72,89,519,#Chiron_Tit #Demetrius_Tit #Tamora_Tit #Titus_Tit,#Demetrius_Tit,1,7
5,2,72,89,520,#Chiron_Tit #Demetrius_Tit #Tamora_Tit #Titus_Tit,#Tamora_Tit,2,13
5,2,72,89,521,#Chiron_Tit #Demetrius_Tit #Tamora_Tit #Titus_Tit,#Titus_Tit,1,8
5,2,73,90,522,#Chiron_Tit #Demetrius_Tit #Titus_Tit,#Chiron_Tit,1,9
5,2,73,90,523,#Chiron_Tit #Demetrius_Tit #Titus_Tit,#Titus_Tit,2,15
5,2,74,91,524,#Caius_Tit #Chiron_Tit #Demetrius_Tit #Publius_Tit #Titus_Tit #Valentine_Tit,#Publius_Tit,1,4
5,2,74,91,525,#Caius_Tit #Chiron_Tit #Demetrius_Tit #Publius_Tit #Titus_Tit #Valentine_Tit,#Titus_Tit,1,4
5,2,74,91,526,#Caius_Tit #Chiron_Tit #Demetrius_Tit #Publius_Tit #Titus_Tit #Valentine_Tit,#Publius_Tit,1,8
5,2,74,91,527,#Caius_Tit #Chiron_Tit #Demetrius_Tit #Publius_Tit #Titus_Tit #Valentine_Tit,#Titus_Tit,7,59
5,2,75,92,528,#Caius_Tit #Chiron_Tit #Demetrius_Tit #Publius_Tit #Valentine_Tit,#Chiron_Tit,1,7
5,2,75,92,529,#Caius_Tit #Chiron_Tit #Demetrius_Tit #Publius_Tit #Valentine_Tit,#Publius_Tit,3,28
5,2,76,93,530,#Caius_Tit #Chiron_Tit #Demetrius_Tit #Lavinia_Tit #Publius_Tit #Titus_Tit #Valentine_Tit,#Titus_Tit,42,334
5,3,77,95,531,#Aaron_Tit #GOTHS_Tit #Infant_Tit #Lucius_Tit #Marcus_Tit,#Lucius_Tit,2,15
5,3,78,96,532,#Aaron_Tit #GOTHS.0.1_Tit #GOTHS_Tit #Infant_Tit #Lucius_Tit #Marcus_Tit,#GOTHS.0.1_Tit,1,8
5,3,78,96,533,#Aaron_Tit #GOTHS.0.1_Tit #GOTHS_Tit #Infant_Tit #Lucius_Tit #Marcus_Tit,#Lucius_Tit,7,53
5,3,78,96,534,#Aaron_Tit #GOTHS.0.1_Tit #GOTHS_Tit #Infant_Tit #Lucius_Tit #Marcus_Tit,#Aaron_Tit,3,23
5,3,78,96,535,#Aaron_Tit #GOTHS.0.1_Tit #GOTHS_Tit #Infant_Tit #Lucius_Tit #Marcus_Tit,#Lucius_Tit,3,21
5,3,79,98,536,#ATTENDANTS_Tit #Aemilius_Tit #GOTHS.0.1_Tit #GOTHS_Tit #Infant_Tit #Lucius_Tit #Marcus_Tit #Saturninus_Tit #TRIBUNES_Tit #Tamora_Tit,#Saturninus_Tit,1,8
5,3,79,98,537,#ATTENDANTS_Tit #Aemilius_Tit #GOTHS.0.1_Tit #GOTHS_Tit #Infant_Tit #Lucius_Tit #Marcus_Tit #Saturninus_Tit #TRIBUNES_Tit #Tamora_Tit,#Lucius_Tit,1,9
5,3,79,98,538,#ATTENDANTS_Tit #Aemilius_Tit #GOTHS.0.1_Tit #GOTHS_Tit #Infant_Tit #Lucius_Tit #Marcus_Tit #Saturninus_Tit #TRIBUNES_Tit #Tamora_Tit,#Marcus_Tit,6,46
5,3,79,98,539,#ATTENDANTS_Tit #Aemilius_Tit #GOTHS.0.1_Tit #GOTHS_Tit #Infant_Tit #Lucius_Tit #Marcus_Tit #Saturninus_Tit #TRIBUNES_Tit #Tamora_Tit,#Saturninus_Tit,1,3
5,3,80,99,540,#ATTENDANTS_Tit #Aemilius_Tit #GOTHS.0.1_Tit #GOTHS_Tit #Infant_Tit #Lavinia_Tit #Lucius_Tit #Marcus_Tit #SERVANTS_Tit #Saturninus_Tit #TRIBUNES_Tit #Tamora_Tit #Titus_Tit #YoungLucius_Tit,#Titus_Tit,4,29
5,3,80,99,541,#ATTENDANTS_Tit #Aemilius_Tit #GOTHS.0.1_Tit #GOTHS_Tit #Infant_Tit #Lavinia_Tit #Lucius_Tit #Marcus_Tit #SERVANTS_Tit #Saturninus_Tit #TRIBUNES_Tit #Tamora_Tit #Titus_Tit #YoungLucius_Tit,#Saturninus_Tit,1,6
5,3,80,99,542,#ATTENDANTS_Tit #Aemilius_Tit #GOTHS.0.1_Tit #GOTHS_Tit #Infant_Tit #Lavinia_Tit #Lucius_Tit #Marcus_Tit #SERVANTS_Tit #Saturninus_Tit #TRIBUNES_Tit #Tamora_Tit #Titus_Tit #YoungLucius_Tit,#Titus_Tit,2,16
5,3,80,99,543,#ATTENDANTS_Tit #Aemilius_Tit #GOTHS.0.1_Tit #GOTHS_Tit #Infant_Tit #Lavinia_Tit #Lucius_Tit #Marcus_Tit #SERVANTS_Tit #Saturninus_Tit #TRIBUNES_Tit #Tamora_Tit #Titus_Tit #YoungLucius_Tit,#Tamora_Tit,1,7
5,3,80,99,544,#ATTENDANTS_Tit #Aemilius_Tit #GOTHS.0.1_Tit #GOTHS_Tit #Infant_Tit #Lavinia_Tit #Lucius_Tit #Marcus_Tit #SERVANTS_Tit #Saturninus_Tit #TRIBUNES_Tit #Tamora_Tit #Titus_Tit #YoungLucius_Tit,#Titus_Tit,5,39
5,3,80,99,545,#ATTENDANTS_Tit #Aemilius_Tit #GOTHS.0.1_Tit #GOTHS_Tit #Infant_Tit #Lavinia_Tit #Lucius_Tit #Marcus_Tit #SERVANTS_Tit #Saturninus_Tit #TRIBUNES_Tit #Tamora_Tit #Titus_Tit #YoungLucius_Tit,#Saturninus_Tit,1,3
5,3,80,99,546,#ATTENDANTS_Tit #Aemilius_Tit #GOTHS.0.1_Tit #GOTHS_Tit #Infant_Tit #Lavinia_Tit #Lucius_Tit #Marcus_Tit #SERVANTS_Tit #Saturninus_Tit #TRIBUNES_Tit #Tamora_Tit #Titus_Tit #YoungLucius_Tit,#Titus_Tit,1,4
5,3,80,99,547,#ATTENDANTS_Tit #Aemilius_Tit #GOTHS.0.1_Tit #GOTHS_Tit #Infant_Tit #Lavinia_Tit #Lucius_Tit #Marcus_Tit #SERVANTS_Tit #Saturninus_Tit #TRIBUNES_Tit #Tamora_Tit #Titus_Tit #YoungLucius_Tit,#Saturninus_Tit,2,16
5,3,80,99,548,#ATTENDANTS_Tit #Aemilius_Tit #GOTHS.0.1_Tit #GOTHS_Tit #Infant_Tit #Lavinia_Tit #Lucius_Tit #Marcus_Tit #SERVANTS_Tit #Saturninus_Tit #TRIBUNES_Tit #Tamora_Tit #Titus_Tit #YoungLucius_Tit,#Titus_Tit,5,36
5,3,80,99,549,#ATTENDANTS_Tit #Aemilius_Tit #GOTHS.0.1_Tit #GOTHS_Tit #Infant_Tit #Lavinia_Tit #Lucius_Tit #Marcus_Tit #SERVANTS_Tit #Saturninus_Tit #TRIBUNES_Tit #Tamora_Tit #Titus_Tit #YoungLucius_Tit,#Saturninus_Tit,1,7
5,3,80,99,550,#ATTENDANTS_Tit #Aemilius_Tit #GOTHS.0.1_Tit #GOTHS_Tit #Infant_Tit #Lavinia_Tit #Lucius_Tit #Marcus_Tit #SERVANTS_Tit #Saturninus_Tit #TRIBUNES_Tit #Tamora_Tit #Titus_Tit #YoungLucius_Tit,#Titus_Tit,4,35
5,3,80,99,551,#ATTENDANTS_Tit #Aemilius_Tit #GOTHS.0.1_Tit #GOTHS_Tit #Infant_Tit #Lavinia_Tit #Lucius_Tit #Marcus_Tit #SERVANTS_Tit #Saturninus_Tit #TRIBUNES_Tit #Tamora_Tit #Titus_Tit #YoungLucius_Tit,#Saturninus_Tit,1,9
5,3,80,99,552,#ATTENDANTS_Tit #Aemilius_Tit #GOTHS.0.1_Tit #GOTHS_Tit #Infant_Tit #Lavinia_Tit #Lucius_Tit #Marcus_Tit #SERVANTS_Tit #Saturninus_Tit #TRIBUNES_Tit #Tamora_Tit #Titus_Tit #YoungLucius_Tit,#Titus_Tit,2,11
5,3,80,99,553,#ATTENDANTS_Tit #Aemilius_Tit #GOTHS.0.1_Tit #GOTHS_Tit #Infant_Tit #Lavinia_Tit #Lucius_Tit #Marcus_Tit #SERVANTS_Tit #Saturninus_Tit #TRIBUNES_Tit #Tamora_Tit #Titus_Tit #YoungLucius_Tit,#Tamora_Tit,1,8
5,3,80,99,554,#ATTENDANTS_Tit #Aemilius_Tit #GOTHS.0.1_Tit #GOTHS_Tit #Infant_Tit #Lavinia_Tit #Lucius_Tit #Marcus_Tit #SERVANTS_Tit #Saturninus_Tit #TRIBUNES_Tit #Tamora_Tit #Titus_Tit #YoungLucius_Tit,#Titus_Tit,3,24
5,3,80,99,555,#ATTENDANTS_Tit #Aemilius_Tit #GOTHS.0.1_Tit #GOTHS_Tit #Infant_Tit #Lavinia_Tit #Lucius_Tit #Marcus_Tit #SERVANTS_Tit #Saturninus_Tit #TRIBUNES_Tit #Tamora_Tit #Titus_Tit #YoungLucius_Tit,#Saturninus_Tit,1,7
5,3,80,99,556,#ATTENDANTS_Tit #Aemilius_Tit #GOTHS.0.1_Tit #GOTHS_Tit #Infant_Tit #Lavinia_Tit #Lucius_Tit #Marcus_Tit #SERVANTS_Tit #Saturninus_Tit #TRIBUNES_Tit #Tamora_Tit #Titus_Tit #YoungLucius_Tit,#Titus_Tit,4,32
5,3,80,99,557,#ATTENDANTS_Tit #Aemilius_Tit #GOTHS.0.1_Tit #GOTHS_Tit #Infant_Tit #Lavinia_Tit #Lucius_Tit #Marcus_Tit #SERVANTS_Tit #Saturninus_Tit #TRIBUNES_Tit #Tamora_Tit #Titus_Tit #YoungLucius_Tit,#Saturninus_Tit,1,7
5,3,80,99,558,#ATTENDANTS_Tit #Aemilius_Tit #GOTHS.0.1_Tit #GOTHS_Tit #Infant_Tit #Lavinia_Tit #Lucius_Tit #Marcus_Tit #SERVANTS_Tit #Saturninus_Tit #TRIBUNES_Tit #Tamora_Tit #Titus_Tit #YoungLucius_Tit,#Lucius_Tit,2,17
5,3,80,99,559,#ATTENDANTS_Tit #Aemilius_Tit #GOTHS.0.1_Tit #GOTHS_Tit #Infant_Tit #Lavinia_Tit #Lucius_Tit #Marcus_Tit #SERVANTS_Tit #Saturninus_Tit #TRIBUNES_Tit #Tamora_Tit #Titus_Tit #YoungLucius_Tit,#Marcus_Tit,29,218
5,3,80,99,560,#ATTENDANTS_Tit #Aemilius_Tit #GOTHS.0.1_Tit #GOTHS_Tit #Infant_Tit #Lavinia_Tit #Lucius_Tit #Marcus_Tit #SERVANTS_Tit #Saturninus_Tit #TRIBUNES_Tit #Tamora_Tit #Titus_Tit #YoungLucius_Tit,#Lucius_Tit,23,178
5,3,80,99,561,#ATTENDANTS_Tit #Aemilius_Tit #GOTHS.0.1_Tit #GOTHS_Tit #Infant_Tit #Lavinia_Tit #Lucius_Tit #Marcus_Tit #SERVANTS_Tit #Saturninus_Tit #TRIBUNES_Tit #Tamora_Tit #Titus_Tit #YoungLucius_Tit,#Marcus_Tit,19,139
5,3,80,99,562,#ATTENDANTS_Tit #Aemilius_Tit #GOTHS.0.1_Tit #GOTHS_Tit #Infant_Tit #Lavinia_Tit #Lucius_Tit #Marcus_Tit #SERVANTS_Tit #Saturninus_Tit #TRIBUNES_Tit #Tamora_Tit #Titus_Tit #YoungLucius_Tit,#Aemilius_Tit,4,31
5,3,80,99,563,#ATTENDANTS_Tit #Aemilius_Tit #GOTHS.0.1_Tit #GOTHS_Tit #Infant_Tit #Lavinia_Tit #Lucius_Tit #Marcus_Tit #SERVANTS_Tit #Saturninus_Tit #TRIBUNES_Tit #Tamora_Tit #Titus_Tit #YoungLucius_Tit,#ATTENDANTS_Tit #TRIBUNES_Tit,1,6
5,3,80,99,564,#ATTENDANTS_Tit #Aemilius_Tit #GOTHS.0.1_Tit #GOTHS_Tit #Infant_Tit #Lavinia_Tit #Lucius_Tit #Marcus_Tit #SERVANTS_Tit #Saturninus_Tit #TRIBUNES_Tit #Tamora_Tit #Titus_Tit #YoungLucius_Tit,#Marcus_Tit,4,27
5,3,81,100,565,#ATTENDANTS_Tit #Aemilius_Tit #GOTHS.0.1_Tit #GOTHS_Tit #Infant_Tit #Lavinia_Tit #Lucius_Tit #Marcus_Tit #Saturninus_Tit #TRIBUNES_Tit #Tamora_Tit #Titus_Tit #YoungLucius_Tit,#ATTENDANTS_Tit #TRIBUNES_Tit,1,6
5,3,81,100,566,#ATTENDANTS_Tit #Aemilius_Tit #GOTHS.0.1_Tit #GOTHS_Tit #Infant_Tit #Lavinia_Tit #Lucius_Tit #Marcus_Tit #Saturninus_Tit #TRIBUNES_Tit #Tamora_Tit #Titus_Tit #YoungLucius_Tit,#Lucius_Tit,9,71
5,3,81,100,567,#ATTENDANTS_Tit #Aemilius_Tit #GOTHS.0.1_Tit #GOTHS_Tit #Infant_Tit #Lavinia_Tit #Lucius_Tit #Marcus_Tit #Saturninus_Tit #TRIBUNES_Tit #Tamora_Tit #Titus_Tit #YoungLucius_Tit,#Marcus_Tit,4,33
5,3,81,100,568,#ATTENDANTS_Tit #Aemilius_Tit #GOTHS.0.1_Tit #GOTHS_Tit #Infant_Tit #Lavinia_Tit #Lucius_Tit #Marcus_Tit #Saturninus_Tit #TRIBUNES_Tit #Tamora_Tit #Titus_Tit #YoungLucius_Tit,#Lucius_Tit,7,62
5,3,81,100,569,#ATTENDANTS_Tit #Aemilius_Tit #GOTHS.0.1_Tit #GOTHS_Tit #Infant_Tit #Lavinia_Tit #Lucius_Tit #Marcus_Tit #Saturninus_Tit #TRIBUNES_Tit #Tamora_Tit #Titus_Tit #YoungLucius_Tit,#Marcus_Tit,5,42
5,3,81,100,570,#ATTENDANTS_Tit #Aemilius_Tit #GOTHS.0.1_Tit #GOTHS_Tit #Infant_Tit #Lavinia_Tit #Lucius_Tit #Marcus_Tit #Saturninus_Tit #TRIBUNES_Tit #Tamora_Tit #Titus_Tit #YoungLucius_Tit,#YoungLucius_Tit,4,36
5,3,82,102,571,#ATTENDANTS_Tit #Aaron_Tit #Aemilius_Tit #GOTHS.0.1_Tit #GOTHS.0_Tit #GOTHS_Tit #Infant_Tit #Lavinia_Tit #Lucius_Tit #Marcus_Tit #Saturninus_Tit #TRIBUNES.0.1_Tit #TRIBUNES_Tit #Tamora_Tit #Titus_Tit #YoungLucius_Tit,#TRIBUNES.0.1_Tit,3,21
5,3,82,102,572,#ATTENDANTS_Tit #Aaron_Tit #Aemilius_Tit #GOTHS.0.1_Tit #GOTHS.0_Tit #GOTHS_Tit #Infant_Tit #Lavinia_Tit #Lucius_Tit #Marcus_Tit #Saturninus_Tit #TRIBUNES.0.1_Tit #TRIBUNES_Tit #Tamora_Tit #Titus_Tit #YoungLucius_Tit,#Lucius_Tit,5,42
5,3,82,102,573,#ATTENDANTS_Tit #Aaron_Tit #Aemilius_Tit #GOTHS.0.1_Tit #GOTHS.0_Tit #GOTHS_Tit #Infant_Tit #Lavinia_Tit #Lucius_Tit #Marcus_Tit #Saturninus_Tit #TRIBUNES.0.1_Tit #TRIBUNES_Tit #Tamora_Tit #Titus_Tit #YoungLucius_Tit,#Aaron_Tit,7,61
5,3,83,103,574,#ATTENDANTS_Tit #Aemilius_Tit #GOTHS.0.1_Tit #GOTHS_Tit #Infant_Tit #Lavinia_Tit #Lucius_Tit #Marcus_Tit #Saturninus_Tit #TRIBUNES.0.1_Tit #TRIBUNES_Tit #Tamora_Tit #Titus_Tit #YoungLucius_Tit,#Lucius_Tit,10,75
