node1,node2,count
#ATTENDANTS_MND,#Bottom_MND,10
#ATTENDANTS_MND,#Demetrius_MND,20
#ATTENDANTS_MND,#Egeus_MND,4
#ATTENDANTS_MND,#Flute_MND,4
#ATTENDANTS_MND,#Helena_MND,18
#ATTENDANTS_MND,#Hermia_MND,19
#ATTENDANTS_MND,#Hippolyta_MND,25
#ATTENDANTS_MND,#Lysander_MND,21
#ATTENDANTS_MND,#Philostrate_MND,19
#ATTENDANTS_MND,#Quince_MND,2
#ATTENDANTS_MND,#Snout_MND,4
#ATTENDANTS_MND,#Snug_MND,5
#ATTENDANTS_MND,#Starveling_MND,6
#ATTENDANTS_MND,#Theseus_MND,25
#Bottom_MND,#FAIRIES.TITANIA.Cobweb_MND,2
#Bottom_MND,#FAIRIES.TITANIA.Mote_MND,3
#Bottom_MND,#FAIRIES.TITANIA.Mustardseed_MND,3
#Bottom_MND,#FAIRIES.TITANIA.Peaseblossom_MND,3
#Bottom_MND,#Flute_MND,8
#Bottom_MND,#Helena_MND,8
#Bottom_MND,#Oberon_MND,4
#Bottom_MND,#Quince_MND,7
#Bottom_MND,#RobinGoodfellow_MND,4
#Bottom_MND,#Snout_MND,9
#Bottom_MND,#Snug_MND,7
#Bottom_MND,#Starveling_MND,8
#Bottom_MND,#Titania_MND,6
#Demetrius_MND,#Bottom_MND,11
#Demetrius_MND,#Egeus_MND,2
#Demetrius_MND,#FAIRIES.OBERON_MND,1
#Demetrius_MND,#FAIRIES.TITANIA.0.1_MND,1
#Demetrius_MND,#FAIRIES.TITANIA.0.2_MND,1
#Demetrius_MND,#Flute_MND,4
#Demetrius_MND,#Helena_MND,25
#Demetrius_MND,#Hermia_MND,25
#Demetrius_MND,#Lysander_MND,29
#Demetrius_MND,#Oberon_MND,7
#Demetrius_MND,#Quince_MND,2
#Demetrius_MND,#RobinGoodfellow_MND,9
#Demetrius_MND,#Snout_MND,4
#Demetrius_MND,#Snug_MND,5
#Demetrius_MND,#Starveling_MND,6
#Demetrius_MND,#Titania_MND,1
#Egeus_MND,#Bottom_MND,3
#Egeus_MND,#Hermia_MND,1
#Egeus_MND,#Lysander_MND,3
#FAIRIES.OBERON_MND,#FAIRIES.TITANIA.1_MND,1
#FAIRIES.OBERON_MND,#FAIRIES.TITANIA_MND,1
#FAIRIES.OBERON_MND,#Oberon_MND,7
#FAIRIES.OBERON_MND,#RobinGoodfellow_MND,3
#FAIRIES.OBERON_MND,#Titania_MND,1
#FAIRIES.TITANIA.0.1_MND,#FAIRIES.TITANIA.0.2_MND,8
#FAIRIES.TITANIA.0.1_MND,#FAIRIES.TITANIA_MND,2
#FAIRIES.TITANIA.0.1_MND,#RobinGoodfellow_MND,1
#FAIRIES.TITANIA.0.1_MND,#Titania_MND,9
#FAIRIES.TITANIA.0.2_MND,#FAIRIES.TITANIA_MND,1
#FAIRIES.TITANIA.0.2_MND,#RobinGoodfellow_MND,1
#FAIRIES.TITANIA.0.2_MND,#Titania_MND,8
#FAIRIES.TITANIA.1_MND,#FAIRIES.TITANIA_MND,1
#FAIRIES.TITANIA.Cobweb_MND,#FAIRIES.TITANIA.Mote_MND,2
#FAIRIES.TITANIA.Cobweb_MND,#FAIRIES.TITANIA.Mustardseed_MND,2
#FAIRIES.TITANIA.Cobweb_MND,#FAIRIES.TITANIA.Peaseblossom_MND,2
#FAIRIES.TITANIA.Mote_MND,#FAIRIES.TITANIA.Mustardseed_MND,3
#FAIRIES.TITANIA.Mote_MND,#FAIRIES.TITANIA.Peaseblossom_MND,3
#FAIRIES.TITANIA.Mustardseed_MND,#FAIRIES.TITANIA.Peaseblossom_MND,3
#Flute_MND,#RobinGoodfellow_MND,3
#Flute_MND,#Snout_MND,11
#Flute_MND,#Snug_MND,10
#Flute_MND,#Starveling_MND,11
#Helena_MND,#FAIRIES.OBERON_MND,2
#Helena_MND,#FAIRIES.TITANIA.0.1_MND,2
#Helena_MND,#FAIRIES.TITANIA.0.2_MND,2
#Helena_MND,#Flute_MND,4
#Helena_MND,#Oberon_MND,5
#Helena_MND,#Quince_MND,2
#Helena_MND,#RobinGoodfellow_MND,5
#Helena_MND,#Snout_MND,4
#Helena_MND,#Snug_MND,5
#Helena_MND,#Starveling_MND,6
#Helena_MND,#Titania_MND,2
#Hermia_MND,#Bottom_MND,9
#Hermia_MND,#FAIRIES.TITANIA.0.1_MND,6
#Hermia_MND,#FAIRIES.TITANIA.0.2_MND,6
#Hermia_MND,#Flute_MND,4
#Hermia_MND,#Helena_MND,25
#Hermia_MND,#Lysander_MND,30
#Hermia_MND,#Oberon_MND,4
#Hermia_MND,#Quince_MND,2
#Hermia_MND,#RobinGoodfellow_MND,6
#Hermia_MND,#Snout_MND,4
#Hermia_MND,#Snug_MND,5
#Hermia_MND,#Starveling_MND,6
#Hermia_MND,#Titania_MND,6
#Hippolyta_MND,#Bottom_MND,10
#Hippolyta_MND,#Demetrius_MND,20
#Hippolyta_MND,#Egeus_MND,4
#Hippolyta_MND,#Flute_MND,4
#Hippolyta_MND,#Helena_MND,18
#Hippolyta_MND,#Hermia_MND,19
#Hippolyta_MND,#Lysander_MND,21
#Hippolyta_MND,#Philostrate_MND,19
#Hippolyta_MND,#Quince_MND,2
#Hippolyta_MND,#Snout_MND,4
#Hippolyta_MND,#Snug_MND,5
#Hippolyta_MND,#Starveling_MND,6
#Hippolyta_MND,#Theseus_MND,25
#Lysander_MND,#Bottom_MND,12
#Lysander_MND,#FAIRIES.TITANIA.0.1_MND,5
#Lysander_MND,#FAIRIES.TITANIA.0.2_MND,5
#Lysander_MND,#Flute_MND,4
#Lysander_MND,#Helena_MND,27
#Lysander_MND,#Oberon_MND,2
#Lysander_MND,#Quince_MND,2
#Lysander_MND,#RobinGoodfellow_MND,7
#Lysander_MND,#Snout_MND,4
#Lysander_MND,#Snug_MND,5
#Lysander_MND,#Starveling_MND,6
#Lysander_MND,#Titania_MND,5
#Oberon_MND,#FAIRIES.TITANIA.0.1_MND,1
#Oberon_MND,#FAIRIES.TITANIA.0.2_MND,1
#Oberon_MND,#FAIRIES.TITANIA.1_MND,1
#Oberon_MND,#FAIRIES.TITANIA.Cobweb_MND,1
#Oberon_MND,#FAIRIES.TITANIA.Mote_MND,2
#Oberon_MND,#FAIRIES.TITANIA.Mustardseed_MND,2
#Oberon_MND,#FAIRIES.TITANIA.Peaseblossom_MND,2
#Oberon_MND,#FAIRIES.TITANIA_MND,1
#Oberon_MND,#FAIRIES_MND,1
#Oberon_MND,#RobinGoodfellow_MND,14
#Oberon_MND,#Titania_MND,7
#Philostrate_MND,#Bottom_MND,7
#Philostrate_MND,#Demetrius_MND,17
#Philostrate_MND,#Flute_MND,4
#Philostrate_MND,#Helena_MND,17
#Philostrate_MND,#Hermia_MND,17
#Philostrate_MND,#Lysander_MND,17
#Philostrate_MND,#Quince_MND,2
#Philostrate_MND,#Snout_MND,4
#Philostrate_MND,#Snug_MND,5
#Philostrate_MND,#Starveling_MND,6
#Philostrate_MND,#Theseus_MND,19
#Quince_MND,#Flute_MND,10
#Quince_MND,#RobinGoodfellow_MND,3
#Quince_MND,#Snout_MND,10
#Quince_MND,#Snug_MND,9
#Quince_MND,#Starveling_MND,10
#RobinGoodfellow_MND,#FAIRIES.TITANIA.1_MND,2
#RobinGoodfellow_MND,#FAIRIES.TITANIA_MND,1
#RobinGoodfellow_MND,#FAIRIES_MND,1
#Snout_MND,#RobinGoodfellow_MND,3
#Snout_MND,#Snug_MND,9
#Snout_MND,#Starveling_MND,10
#Snug_MND,#RobinGoodfellow_MND,3
#Snug_MND,#Starveling_MND,13
#Starveling_MND,#RobinGoodfellow_MND,3
#Theseus_MND,#Bottom_MND,10
#Theseus_MND,#Demetrius_MND,20
#Theseus_MND,#Egeus_MND,4
#Theseus_MND,#Flute_MND,4
#Theseus_MND,#Helena_MND,18
#Theseus_MND,#Hermia_MND,19
#Theseus_MND,#Lysander_MND,21
#Theseus_MND,#Quince_MND,2
#Theseus_MND,#Snout_MND,4
#Theseus_MND,#Snug_MND,5
#Theseus_MND,#Starveling_MND,6
#Titania_MND,#FAIRIES.TITANIA.1_MND,1
#Titania_MND,#FAIRIES.TITANIA.Cobweb_MND,2
#Titania_MND,#FAIRIES.TITANIA.Mote_MND,3
#Titania_MND,#FAIRIES.TITANIA.Mustardseed_MND,3
#Titania_MND,#FAIRIES.TITANIA.Peaseblossom_MND,3
#Titania_MND,#FAIRIES.TITANIA_MND,4
#Titania_MND,#FAIRIES_MND,1
#Titania_MND,#RobinGoodfellow_MND,4
