node1,node2,key,act,scene,n_tokens,n_lines,edge_index
#Alexas_Ant,#Antony_JC,0,1,1,497,72,1
#Alexas_Ant,#Charmian_Ant,0,1,1,497,72,1
#Alexas_Ant,#Cleopatra_Ant,0,1,1,497,72,1
#Alexas_Ant,#Demetrius_Ant,0,1,1,497,72,1
#Alexas_Ant,#EUNUCHS_Ant,0,1,1,497,72,1
#Alexas_Ant,#Iras_Ant,0,1,1,497,72,1
#Alexas_Ant,#MESSENGERS.X.1_Ant,0,1,1,497,72,1
#Alexas_Ant,#Mardian_Ant,0,1,1,497,72,1
#Alexas_Ant,#Philo_Ant,0,1,1,497,72,1
#Antony_JC,#Charmian_Ant,0,1,1,497,72,1
#Antony_JC,#Cleopatra_Ant,0,1,1,497,72,1
#Antony_JC,#Demetrius_Ant,0,1,1,497,72,1
#Antony_JC,#EUNUCHS_Ant,0,1,1,497,72,1
#Antony_JC,#Iras_Ant,0,1,1,497,72,1
#Antony_JC,#MESSENGERS.X.1_Ant,0,1,1,497,72,1
#Antony_JC,#Mardian_Ant,0,1,1,497,72,1
#Antony_JC,#Philo_Ant,0,1,1,497,72,1
#Charmian_Ant,#Cleopatra_Ant,0,1,1,497,72,1
#Charmian_Ant,#Demetrius_Ant,0,1,1,497,72,1
#Charmian_Ant,#EUNUCHS_Ant,0,1,1,497,72,1
#Charmian_Ant,#Iras_Ant,0,1,1,497,72,1
#Charmian_Ant,#MESSENGERS.X.1_Ant,0,1,1,497,72,1
#Charmian_Ant,#Mardian_Ant,0,1,1,497,72,1
#Charmian_Ant,#Philo_Ant,0,1,1,497,72,1
#Cleopatra_Ant,#Demetrius_Ant,0,1,1,497,72,1
#Cleopatra_Ant,#EUNUCHS_Ant,0,1,1,497,72,1
#Cleopatra_Ant,#Iras_Ant,0,1,1,497,72,1
#Cleopatra_Ant,#MESSENGERS.X.1_Ant,0,1,1,497,72,1
#Cleopatra_Ant,#Mardian_Ant,0,1,1,497,72,1
#Cleopatra_Ant,#Philo_Ant,0,1,1,497,72,1
#Demetrius_Ant,#EUNUCHS_Ant,0,1,1,497,72,1
#Demetrius_Ant,#Iras_Ant,0,1,1,497,72,1
#Demetrius_Ant,#MESSENGERS.X.1_Ant,0,1,1,497,72,1
#Demetrius_Ant,#Mardian_Ant,0,1,1,497,72,1
#Demetrius_Ant,#Philo_Ant,0,1,1,497,72,1
#EUNUCHS_Ant,#Iras_Ant,0,1,1,497,72,1
#EUNUCHS_Ant,#MESSENGERS.X.1_Ant,0,1,1,497,72,1
#EUNUCHS_Ant,#Mardian_Ant,0,1,1,497,72,1
#EUNUCHS_Ant,#Philo_Ant,0,1,1,497,72,1
#Iras_Ant,#MESSENGERS.X.1_Ant,0,1,1,497,72,1
#Iras_Ant,#Mardian_Ant,0,1,1,497,72,1
#Iras_Ant,#Philo_Ant,0,1,1,497,72,1
#MESSENGERS.X.1_Ant,#Mardian_Ant,0,1,1,497,72,1
#MESSENGERS.X.1_Ant,#Philo_Ant,0,1,1,497,72,1
#Mardian_Ant,#Philo_Ant,0,1,1,497,72,1
#Alexas_Ant,#Antony_JC,1,1,2,1419,214,2
#Alexas_Ant,#Charmian_Ant,1,1,2,1419,214,2
#Alexas_Ant,#Cleopatra_Ant,1,1,2,1419,214,2
#Alexas_Ant,#Enobarbus_Ant,0,1,2,1419,214,2
#Alexas_Ant,#Iras_Ant,1,1,2,1419,214,2
#Alexas_Ant,#MESSENGERS.ANTONY.1_Ant,0,1,2,1419,214,2
#Alexas_Ant,#MESSENGERS.ANTONY.2_Ant,0,1,2,1419,214,2
#Alexas_Ant,#MESSENGERS.ANTONY.3_Ant,0,1,2,1419,214,2
#Alexas_Ant,#Mardian_Ant,1,1,2,1419,214,2
#Alexas_Ant,#SERVANTS.Lamprius_Ant,0,1,2,1419,214,2
#Alexas_Ant,#SERVANTS.Lucillius_Ant,0,1,2,1419,214,2
#Alexas_Ant,#SERVANTS.Rannius_Ant,0,1,2,1419,214,2
#Alexas_Ant,#Soothsayer_Ant,0,1,2,1419,214,2
#Antony_JC,#Charmian_Ant,1,1,2,1419,214,2
#Antony_JC,#Cleopatra_Ant,1,1,2,1419,214,2
#Antony_JC,#Enobarbus_Ant,0,1,2,1419,214,2
#Antony_JC,#Iras_Ant,1,1,2,1419,214,2
#Antony_JC,#MESSENGERS.ANTONY.1_Ant,0,1,2,1419,214,2
#Antony_JC,#MESSENGERS.ANTONY.2_Ant,0,1,2,1419,214,2
#Antony_JC,#MESSENGERS.ANTONY.3_Ant,0,1,2,1419,214,2
#Antony_JC,#Mardian_Ant,1,1,2,1419,214,2
#Antony_JC,#SERVANTS.Lamprius_Ant,0,1,2,1419,214,2
#Antony_JC,#SERVANTS.Lucillius_Ant,0,1,2,1419,214,2
#Antony_JC,#SERVANTS.Rannius_Ant,0,1,2,1419,214,2
#Antony_JC,#Soothsayer_Ant,0,1,2,1419,214,2
#Charmian_Ant,#Cleopatra_Ant,1,1,2,1419,214,2
#Charmian_Ant,#Enobarbus_Ant,0,1,2,1419,214,2
#Charmian_Ant,#Iras_Ant,1,1,2,1419,214,2
#Charmian_Ant,#MESSENGERS.ANTONY.1_Ant,0,1,2,1419,214,2
#Charmian_Ant,#MESSENGERS.ANTONY.2_Ant,0,1,2,1419,214,2
#Charmian_Ant,#MESSENGERS.ANTONY.3_Ant,0,1,2,1419,214,2
#Charmian_Ant,#Mardian_Ant,1,1,2,1419,214,2
#Charmian_Ant,#SERVANTS.Lamprius_Ant,0,1,2,1419,214,2
#Charmian_Ant,#SERVANTS.Lucillius_Ant,0,1,2,1419,214,2
#Charmian_Ant,#SERVANTS.Rannius_Ant,0,1,2,1419,214,2
#Charmian_Ant,#Soothsayer_Ant,0,1,2,1419,214,2
#Cleopatra_Ant,#Enobarbus_Ant,0,1,2,1419,214,2
#Cleopatra_Ant,#Iras_Ant,1,1,2,1419,214,2
#Cleopatra_Ant,#MESSENGERS.ANTONY.1_Ant,0,1,2,1419,214,2
#Cleopatra_Ant,#MESSENGERS.ANTONY.2_Ant,0,1,2,1419,214,2
#Cleopatra_Ant,#MESSENGERS.ANTONY.3_Ant,0,1,2,1419,214,2
#Cleopatra_Ant,#Mardian_Ant,1,1,2,1419,214,2
#Cleopatra_Ant,#SERVANTS.Lamprius_Ant,0,1,2,1419,214,2
#Cleopatra_Ant,#SERVANTS.Lucillius_Ant,0,1,2,1419,214,2
#Cleopatra_Ant,#SERVANTS.Rannius_Ant,0,1,2,1419,214,2
#Cleopatra_Ant,#Soothsayer_Ant,0,1,2,1419,214,2
#Enobarbus_Ant,#MESSENGERS.ANTONY.1_Ant,0,1,2,1419,214,2
#Enobarbus_Ant,#MESSENGERS.ANTONY.2_Ant,0,1,2,1419,214,2
#Enobarbus_Ant,#MESSENGERS.ANTONY.3_Ant,0,1,2,1419,214,2
#Enobarbus_Ant,#SERVANTS.Lamprius_Ant,0,1,2,1419,214,2
#Enobarbus_Ant,#SERVANTS.Lucillius_Ant,0,1,2,1419,214,2
#Enobarbus_Ant,#SERVANTS.Rannius_Ant,0,1,2,1419,214,2
#Enobarbus_Ant,#Soothsayer_Ant,0,1,2,1419,214,2
#Iras_Ant,#Enobarbus_Ant,0,1,2,1419,214,2
#Iras_Ant,#MESSENGERS.ANTONY.1_Ant,0,1,2,1419,214,2
#Iras_Ant,#MESSENGERS.ANTONY.2_Ant,0,1,2,1419,214,2
#Iras_Ant,#MESSENGERS.ANTONY.3_Ant,0,1,2,1419,214,2
#Iras_Ant,#Mardian_Ant,1,1,2,1419,214,2
#Iras_Ant,#SERVANTS.Lamprius_Ant,0,1,2,1419,214,2
#Iras_Ant,#SERVANTS.Lucillius_Ant,0,1,2,1419,214,2
#Iras_Ant,#SERVANTS.Rannius_Ant,0,1,2,1419,214,2
#Iras_Ant,#Soothsayer_Ant,0,1,2,1419,214,2
#MESSENGERS.ANTONY.1_Ant,#MESSENGERS.ANTONY.2_Ant,0,1,2,1419,214,2
#MESSENGERS.ANTONY.1_Ant,#MESSENGERS.ANTONY.3_Ant,0,1,2,1419,214,2
#MESSENGERS.ANTONY.1_Ant,#SERVANTS.Lamprius_Ant,0,1,2,1419,214,2
#MESSENGERS.ANTONY.1_Ant,#SERVANTS.Lucillius_Ant,0,1,2,1419,214,2
#MESSENGERS.ANTONY.1_Ant,#SERVANTS.Rannius_Ant,0,1,2,1419,214,2
#MESSENGERS.ANTONY.1_Ant,#Soothsayer_Ant,0,1,2,1419,214,2
#MESSENGERS.ANTONY.2_Ant,#MESSENGERS.ANTONY.3_Ant,0,1,2,1419,214,2
#MESSENGERS.ANTONY.2_Ant,#SERVANTS.Lamprius_Ant,0,1,2,1419,214,2
#MESSENGERS.ANTONY.2_Ant,#SERVANTS.Lucillius_Ant,0,1,2,1419,214,2
#MESSENGERS.ANTONY.2_Ant,#SERVANTS.Rannius_Ant,0,1,2,1419,214,2
#MESSENGERS.ANTONY.2_Ant,#Soothsayer_Ant,0,1,2,1419,214,2
#MESSENGERS.ANTONY.3_Ant,#SERVANTS.Lamprius_Ant,0,1,2,1419,214,2
#MESSENGERS.ANTONY.3_Ant,#SERVANTS.Lucillius_Ant,0,1,2,1419,214,2
#MESSENGERS.ANTONY.3_Ant,#SERVANTS.Rannius_Ant,0,1,2,1419,214,2
#MESSENGERS.ANTONY.3_Ant,#Soothsayer_Ant,0,1,2,1419,214,2
#Mardian_Ant,#Enobarbus_Ant,0,1,2,1419,214,2
#Mardian_Ant,#MESSENGERS.ANTONY.1_Ant,0,1,2,1419,214,2
#Mardian_Ant,#MESSENGERS.ANTONY.2_Ant,0,1,2,1419,214,2
#Mardian_Ant,#MESSENGERS.ANTONY.3_Ant,0,1,2,1419,214,2
#Mardian_Ant,#SERVANTS.Lamprius_Ant,0,1,2,1419,214,2
#Mardian_Ant,#SERVANTS.Lucillius_Ant,0,1,2,1419,214,2
#Mardian_Ant,#SERVANTS.Rannius_Ant,0,1,2,1419,214,2
#Mardian_Ant,#Soothsayer_Ant,0,1,2,1419,214,2
#SERVANTS.Lamprius_Ant,#SERVANTS.Lucillius_Ant,0,1,2,1419,214,2
#SERVANTS.Lamprius_Ant,#SERVANTS.Rannius_Ant,0,1,2,1419,214,2
#SERVANTS.Lamprius_Ant,#Soothsayer_Ant,0,1,2,1419,214,2
#SERVANTS.Lucillius_Ant,#SERVANTS.Rannius_Ant,0,1,2,1419,214,2
#SERVANTS.Lucillius_Ant,#Soothsayer_Ant,0,1,2,1419,214,2
#SERVANTS.Rannius_Ant,#Soothsayer_Ant,0,1,2,1419,214,2
#Alexas_Ant,#Antony_JC,2,1,3,851,127,3
#Alexas_Ant,#Charmian_Ant,2,1,3,851,127,3
#Alexas_Ant,#Cleopatra_Ant,2,1,3,851,127,3
#Alexas_Ant,#Iras_Ant,2,1,3,851,127,3
#Antony_JC,#Charmian_Ant,2,1,3,851,127,3
#Antony_JC,#Cleopatra_Ant,2,1,3,851,127,3
#Antony_JC,#Iras_Ant,2,1,3,851,127,3
#Charmian_Ant,#Cleopatra_Ant,2,1,3,851,127,3
#Charmian_Ant,#Iras_Ant,2,1,3,851,127,3
#Cleopatra_Ant,#Iras_Ant,2,1,3,851,127,3
#ATTENDANTS.ROMAN_Ant,#Lepidus_JC,0,1,4,677,97,4
#ATTENDANTS.ROMAN_Ant,#MESSENGERS.CAESAR.1_Ant,0,1,4,677,97,4
#ATTENDANTS.ROMAN_Ant,#MESSENGERS.CAESAR.2_Ant,0,1,4,677,97,4
#ATTENDANTS.ROMAN_Ant,#Octavius_JC,0,1,4,677,97,4
#Lepidus_JC,#MESSENGERS.CAESAR.1_Ant,0,1,4,677,97,4
#Lepidus_JC,#MESSENGERS.CAESAR.2_Ant,0,1,4,677,97,4
#Lepidus_JC,#Octavius_JC,0,1,4,677,97,4
#MESSENGERS.CAESAR.1_Ant,#MESSENGERS.CAESAR.2_Ant,0,1,4,677,97,4
#MESSENGERS.CAESAR.1_Ant,#Octavius_JC,0,1,4,677,97,4
#MESSENGERS.CAESAR.2_Ant,#Octavius_JC,0,1,4,677,97,4
#Alexas_Ant,#Charmian_Ant,3,1,5,599,93,5
#Alexas_Ant,#Cleopatra_Ant,3,1,5,599,93,5
#Alexas_Ant,#Iras_Ant,3,1,5,599,93,5
#Alexas_Ant,#Mardian_Ant,2,1,5,599,93,5
#Charmian_Ant,#Cleopatra_Ant,3,1,5,599,93,5
#Charmian_Ant,#Iras_Ant,3,1,5,599,93,5
#Charmian_Ant,#Mardian_Ant,2,1,5,599,93,5
#Cleopatra_Ant,#Iras_Ant,3,1,5,599,93,5
#Cleopatra_Ant,#Mardian_Ant,2,1,5,599,93,5
#Iras_Ant,#Mardian_Ant,2,1,5,599,93,5
#Menas_Ant,#Menecrates_Ant,0,2,1,414,62,6
#Menas_Ant,#Pompey_Ant,0,2,1,414,62,6
#Menas_Ant,#Varrius_Ant,0,2,1,414,62,6
#Menecrates_Ant,#Pompey_Ant,0,2,1,414,62,6
#Menecrates_Ant,#Varrius_Ant,0,2,1,414,62,6
#Pompey_Ant,#Varrius_Ant,0,2,1,414,62,6
#Agrippa_Ant,#Maecenas_Ant,0,2,2,1910,288,7
#Agrippa_Ant,#Ventidius_Ant,0,2,2,1910,288,7
#Antony_JC,#Agrippa_Ant,0,2,2,1910,288,7
#Antony_JC,#Enobarbus_Ant,1,2,2,1910,288,7
#Antony_JC,#Lepidus_JC,0,2,2,1910,288,7
#Antony_JC,#Maecenas_Ant,0,2,2,1910,288,7
#Antony_JC,#Octavius_JC,0,2,2,1910,288,7
#Antony_JC,#Ventidius_Ant,0,2,2,1910,288,7
#Enobarbus_Ant,#Agrippa_Ant,0,2,2,1910,288,7
#Enobarbus_Ant,#Lepidus_JC,0,2,2,1910,288,7
#Enobarbus_Ant,#Maecenas_Ant,0,2,2,1910,288,7
#Enobarbus_Ant,#Octavius_JC,0,2,2,1910,288,7
#Enobarbus_Ant,#Ventidius_Ant,0,2,2,1910,288,7
#Lepidus_JC,#Agrippa_Ant,0,2,2,1910,288,7
#Lepidus_JC,#Maecenas_Ant,0,2,2,1910,288,7
#Lepidus_JC,#Octavius_JC,1,2,2,1910,288,7
#Lepidus_JC,#Ventidius_Ant,0,2,2,1910,288,7
#Maecenas_Ant,#Ventidius_Ant,0,2,2,1910,288,7
#Octavius_JC,#Agrippa_Ant,0,2,2,1910,288,7
#Octavius_JC,#Maecenas_Ant,0,2,2,1910,288,7
#Octavius_JC,#Ventidius_Ant,0,2,2,1910,288,7
#Antony_JC,#Octavia_Ant,0,2,3,329,49,8
#Antony_JC,#Octavius_JC,1,2,3,329,49,8
#Antony_JC,#Soothsayer_Ant,1,2,3,329,49,8
#Antony_JC,#Ventidius_Ant,1,2,3,329,49,8
#Octavius_JC,#Octavia_Ant,0,2,3,329,49,8
#Octavius_JC,#Ventidius_Ant,1,2,3,329,49,8
#Soothsayer_Ant,#Octavia_Ant,0,2,3,329,49,8
#Soothsayer_Ant,#Octavius_JC,0,2,3,329,49,8
#Soothsayer_Ant,#Ventidius_Ant,0,2,3,329,49,8
#Ventidius_Ant,#Octavia_Ant,0,2,3,329,49,8
#Agrippa_Ant,#Maecenas_Ant,1,2,4,71,14,9
#Lepidus_JC,#Agrippa_Ant,1,2,4,71,14,9
#Lepidus_JC,#Maecenas_Ant,1,2,4,71,14,9
#Alexas_Ant,#Charmian_Ant,4,2,5,987,149,10
#Alexas_Ant,#Cleopatra_Ant,4,2,5,987,149,10
#Alexas_Ant,#Iras_Ant,4,2,5,987,149,10
#Alexas_Ant,#MESSENGERS.X.2_Ant,0,2,5,987,149,10
#Alexas_Ant,#Mardian_Ant,3,2,5,987,149,10
#Charmian_Ant,#Cleopatra_Ant,4,2,5,987,149,10
#Charmian_Ant,#Iras_Ant,4,2,5,987,149,10
#Charmian_Ant,#MESSENGERS.X.2_Ant,0,2,5,987,149,10
#Charmian_Ant,#Mardian_Ant,3,2,5,987,149,10
#Cleopatra_Ant,#Iras_Ant,4,2,5,987,149,10
#Cleopatra_Ant,#MESSENGERS.X.2_Ant,0,2,5,987,149,10
#Cleopatra_Ant,#Mardian_Ant,3,2,5,987,149,10
#Iras_Ant,#MESSENGERS.X.2_Ant,0,2,5,987,149,10
#Iras_Ant,#Mardian_Ant,3,2,5,987,149,10
#Mardian_Ant,#MESSENGERS.X.2_Ant,0,2,5,987,149,10
#Agrippa_Ant,#Maecenas_Ant,2,2,6,1066,166,11
#Agrippa_Ant,#SOLDIERS_Ant,0,2,6,1066,166,11
#Antony_JC,#Agrippa_Ant,1,2,6,1066,166,11
#Antony_JC,#Enobarbus_Ant,2,2,6,1066,166,11
#Antony_JC,#Lepidus_JC,1,2,6,1066,166,11
#Antony_JC,#Maecenas_Ant,1,2,6,1066,166,11
#Antony_JC,#Menas_Ant,0,2,6,1066,166,11
#Antony_JC,#Octavius_JC,2,2,6,1066,166,11
#Antony_JC,#Pompey_Ant,0,2,6,1066,166,11
#Antony_JC,#SOLDIERS_Ant,0,2,6,1066,166,11
#Enobarbus_Ant,#Agrippa_Ant,1,2,6,1066,166,11
#Enobarbus_Ant,#Lepidus_JC,1,2,6,1066,166,11
#Enobarbus_Ant,#Maecenas_Ant,1,2,6,1066,166,11
#Enobarbus_Ant,#Menas_Ant,0,2,6,1066,166,11
#Enobarbus_Ant,#Octavius_JC,1,2,6,1066,166,11
#Enobarbus_Ant,#Pompey_Ant,0,2,6,1066,166,11
#Enobarbus_Ant,#SOLDIERS_Ant,0,2,6,1066,166,11
#Lepidus_JC,#Agrippa_Ant,2,2,6,1066,166,11
#Lepidus_JC,#Maecenas_Ant,2,2,6,1066,166,11
#Lepidus_JC,#Menas_Ant,0,2,6,1066,166,11
#Lepidus_JC,#Octavius_JC,2,2,6,1066,166,11
#Lepidus_JC,#Pompey_Ant,0,2,6,1066,166,11
#Lepidus_JC,#SOLDIERS_Ant,0,2,6,1066,166,11
#Maecenas_Ant,#SOLDIERS_Ant,0,2,6,1066,166,11
#Menas_Ant,#Agrippa_Ant,0,2,6,1066,166,11
#Menas_Ant,#Maecenas_Ant,0,2,6,1066,166,11
#Menas_Ant,#Pompey_Ant,1,2,6,1066,166,11
#Menas_Ant,#SOLDIERS_Ant,0,2,6,1066,166,11
#Octavius_JC,#Agrippa_Ant,1,2,6,1066,166,11
#Octavius_JC,#Maecenas_Ant,1,2,6,1066,166,11
#Octavius_JC,#Menas_Ant,0,2,6,1066,166,11
#Octavius_JC,#Pompey_Ant,0,2,6,1066,166,11
#Octavius_JC,#SOLDIERS_Ant,0,2,6,1066,166,11
#Pompey_Ant,#Agrippa_Ant,0,2,6,1066,166,11
#Pompey_Ant,#Maecenas_Ant,0,2,6,1066,166,11
#Pompey_Ant,#SOLDIERS_Ant,0,2,6,1066,166,11
#Agrippa_Ant,#Boy_Ant,0,2,7,1045,162,12
#Agrippa_Ant,#CAPTAINS_Ant,0,2,7,1045,162,12
#Agrippa_Ant,#Maecenas_Ant,3,2,7,1045,162,12
#Agrippa_Ant,#SERVANTS.0.1_Ant,0,2,7,1045,162,12
#Agrippa_Ant,#SERVANTS.0.2_Ant,0,2,7,1045,162,12
#Agrippa_Ant,#SERVANTS_Ant,0,2,7,1045,162,12
#Antony_JC,#Agrippa_Ant,2,2,7,1045,162,12
#Antony_JC,#Boy_Ant,0,2,7,1045,162,12
#Antony_JC,#CAPTAINS_Ant,0,2,7,1045,162,12
#Antony_JC,#Enobarbus_Ant,3,2,7,1045,162,12
#Antony_JC,#Lepidus_JC,2,2,7,1045,162,12
#Antony_JC,#Maecenas_Ant,2,2,7,1045,162,12
#Antony_JC,#Menas_Ant,1,2,7,1045,162,12
#Antony_JC,#Octavius_JC,3,2,7,1045,162,12
#Antony_JC,#Pompey_Ant,1,2,7,1045,162,12
#Antony_JC,#SERVANTS.0.1_Ant,0,2,7,1045,162,12
#Antony_JC,#SERVANTS.0.2_Ant,0,2,7,1045,162,12
#Antony_JC,#SERVANTS_Ant,0,2,7,1045,162,12
#Boy_Ant,#CAPTAINS_Ant,0,2,7,1045,162,12
#Boy_Ant,#SERVANTS.0.1_Ant,0,2,7,1045,162,12
#Boy_Ant,#SERVANTS.0.2_Ant,0,2,7,1045,162,12
#Boy_Ant,#SERVANTS_Ant,0,2,7,1045,162,12
#CAPTAINS_Ant,#SERVANTS.0.1_Ant,0,2,7,1045,162,12
#CAPTAINS_Ant,#SERVANTS.0.2_Ant,0,2,7,1045,162,12
#CAPTAINS_Ant,#SERVANTS_Ant,0,2,7,1045,162,12
#Enobarbus_Ant,#Agrippa_Ant,2,2,7,1045,162,12
#Enobarbus_Ant,#Boy_Ant,0,2,7,1045,162,12
#Enobarbus_Ant,#CAPTAINS_Ant,0,2,7,1045,162,12
#Enobarbus_Ant,#Lepidus_JC,2,2,7,1045,162,12
#Enobarbus_Ant,#Maecenas_Ant,2,2,7,1045,162,12
#Enobarbus_Ant,#Menas_Ant,1,2,7,1045,162,12
#Enobarbus_Ant,#Octavius_JC,2,2,7,1045,162,12
#Enobarbus_Ant,#Pompey_Ant,1,2,7,1045,162,12
#Enobarbus_Ant,#SERVANTS.0.1_Ant,0,2,7,1045,162,12
#Enobarbus_Ant,#SERVANTS.0.2_Ant,0,2,7,1045,162,12
#Enobarbus_Ant,#SERVANTS_Ant,0,2,7,1045,162,12
#Lepidus_JC,#Agrippa_Ant,3,2,7,1045,162,12
#Lepidus_JC,#Boy_Ant,0,2,7,1045,162,12
#Lepidus_JC,#CAPTAINS_Ant,0,2,7,1045,162,12
#Lepidus_JC,#Maecenas_Ant,3,2,7,1045,162,12
#Lepidus_JC,#Menas_Ant,1,2,7,1045,162,12
#Lepidus_JC,#Octavius_JC,3,2,7,1045,162,12
#Lepidus_JC,#Pompey_Ant,1,2,7,1045,162,12
#Lepidus_JC,#SERVANTS.0.1_Ant,0,2,7,1045,162,12
#Lepidus_JC,#SERVANTS.0.2_Ant,0,2,7,1045,162,12
#Lepidus_JC,#SERVANTS_Ant,0,2,7,1045,162,12
#Maecenas_Ant,#Boy_Ant,0,2,7,1045,162,12
#Maecenas_Ant,#CAPTAINS_Ant,0,2,7,1045,162,12
#Maecenas_Ant,#SERVANTS.0.1_Ant,0,2,7,1045,162,12
#Maecenas_Ant,#SERVANTS.0.2_Ant,0,2,7,1045,162,12
#Maecenas_Ant,#SERVANTS_Ant,0,2,7,1045,162,12
#Menas_Ant,#Agrippa_Ant,1,2,7,1045,162,12
#Menas_Ant,#Boy_Ant,0,2,7,1045,162,12
#Menas_Ant,#CAPTAINS_Ant,0,2,7,1045,162,12
#Menas_Ant,#Maecenas_Ant,1,2,7,1045,162,12
#Menas_Ant,#Pompey_Ant,2,2,7,1045,162,12
#Menas_Ant,#SERVANTS.0.1_Ant,0,2,7,1045,162,12
#Menas_Ant,#SERVANTS.0.2_Ant,0,2,7,1045,162,12
#Menas_Ant,#SERVANTS_Ant,0,2,7,1045,162,12
#Octavius_JC,#Agrippa_Ant,2,2,7,1045,162,12
#Octavius_JC,#Boy_Ant,0,2,7,1045,162,12
#Octavius_JC,#CAPTAINS_Ant,0,2,7,1045,162,12
#Octavius_JC,#Maecenas_Ant,2,2,7,1045,162,12
#Octavius_JC,#Menas_Ant,1,2,7,1045,162,12
#Octavius_JC,#Pompey_Ant,1,2,7,1045,162,12
#Octavius_JC,#SERVANTS.0.1_Ant,0,2,7,1045,162,12
#Octavius_JC,#SERVANTS.0.2_Ant,0,2,7,1045,162,12
#Octavius_JC,#SERVANTS_Ant,0,2,7,1045,162,12
#Pompey_Ant,#Agrippa_Ant,1,2,7,1045,162,12
#Pompey_Ant,#Boy_Ant,0,2,7,1045,162,12
#Pompey_Ant,#CAPTAINS_Ant,0,2,7,1045,162,12
#Pompey_Ant,#Maecenas_Ant,1,2,7,1045,162,12
#Pompey_Ant,#SERVANTS.0.1_Ant,0,2,7,1045,162,12
#Pompey_Ant,#SERVANTS.0.2_Ant,0,2,7,1045,162,12
#Pompey_Ant,#SERVANTS_Ant,0,2,7,1045,162,12
#SERVANTS.0.1_Ant,#SERVANTS.0.2_Ant,0,2,7,1045,162,12
#SERVANTS.0.1_Ant,#SERVANTS_Ant,0,2,7,1045,162,12
#SERVANTS.0.2_Ant,#SERVANTS_Ant,0,2,7,1045,162,12
#SOLDIERS_Ant,#Silius_Ant,0,3,1,287,42,13
#Ventidius_Ant,#SOLDIERS_Ant,0,3,1,287,42,13
#Ventidius_Ant,#Silius_Ant,0,3,1,287,42,13
#Agrippa_Ant,#Octavia_Ant,0,3,2,528,83,14
#Antony_JC,#Agrippa_Ant,3,3,2,528,83,14
#Antony_JC,#Enobarbus_Ant,4,3,2,528,83,14
#Antony_JC,#Lepidus_JC,3,3,2,528,83,14
#Antony_JC,#Octavia_Ant,1,3,2,528,83,14
#Antony_JC,#Octavius_JC,4,3,2,528,83,14
#Enobarbus_Ant,#Agrippa_Ant,3,3,2,528,83,14
#Enobarbus_Ant,#Lepidus_JC,3,3,2,528,83,14
#Enobarbus_Ant,#Octavia_Ant,0,3,2,528,83,14
#Enobarbus_Ant,#Octavius_JC,3,3,2,528,83,14
#Lepidus_JC,#Agrippa_Ant,4,3,2,528,83,14
#Lepidus_JC,#Octavia_Ant,0,3,2,528,83,14
#Lepidus_JC,#Octavius_JC,4,3,2,528,83,14
#Octavius_JC,#Agrippa_Ant,3,3,2,528,83,14
#Octavius_JC,#Octavia_Ant,1,3,2,528,83,14
#Alexas_Ant,#Charmian_Ant,5,3,3,378,68,15
#Alexas_Ant,#Cleopatra_Ant,5,3,3,378,68,15
#Alexas_Ant,#Iras_Ant,5,3,3,378,68,15
#Alexas_Ant,#MESSENGERS.X.2_Ant,1,3,3,378,68,15
#Charmian_Ant,#Cleopatra_Ant,5,3,3,378,68,15
#Charmian_Ant,#Iras_Ant,5,3,3,378,68,15
#Charmian_Ant,#MESSENGERS.X.2_Ant,1,3,3,378,68,15
#Cleopatra_Ant,#Iras_Ant,5,3,3,378,68,15
#Cleopatra_Ant,#MESSENGERS.X.2_Ant,1,3,3,378,68,15
#Iras_Ant,#MESSENGERS.X.2_Ant,1,3,3,378,68,15
#Antony_JC,#Octavia_Ant,2,3,4,298,41,16
#Enobarbus_Ant,#Eros_Ant,0,3,5,173,27,17
#Agrippa_Ant,#ATTENDANTS.OCTAVIA_Ant,0,3,6,747,112,18
#Agrippa_Ant,#Maecenas_Ant,4,3,6,747,112,18
#Agrippa_Ant,#Octavia_Ant,1,3,6,747,112,18
#Maecenas_Ant,#ATTENDANTS.OCTAVIA_Ant,0,3,6,747,112,18
#Maecenas_Ant,#Octavia_Ant,0,3,6,747,112,18
#Octavia_Ant,#ATTENDANTS.OCTAVIA_Ant,0,3,6,747,112,18
#Octavius_JC,#ATTENDANTS.OCTAVIA_Ant,0,3,6,747,112,18
#Octavius_JC,#Agrippa_Ant,4,3,6,747,112,18
#Octavius_JC,#Maecenas_Ant,3,3,6,747,112,18
#Octavius_JC,#Octavia_Ant,2,3,6,747,112,18
#Antony_JC,#Canidius_Ant,0,3,7,644,102,19
#Antony_JC,#Cleopatra_Ant,3,3,7,644,102,19
#Antony_JC,#Enobarbus_Ant,5,3,7,644,102,19
#Antony_JC,#MESSENGERS.X.3_Ant,0,3,7,644,102,19
#Antony_JC,#MESSENGERS.X.4_Ant,0,3,7,644,102,19
#Antony_JC,#SOLDIERS.ANTONY.X.1_Ant,0,3,7,644,102,19
#Canidius_Ant,#MESSENGERS.X.3_Ant,0,3,7,644,102,19
#Canidius_Ant,#MESSENGERS.X.4_Ant,0,3,7,644,102,19
#Canidius_Ant,#SOLDIERS.ANTONY.X.1_Ant,0,3,7,644,102,19
#Cleopatra_Ant,#Canidius_Ant,0,3,7,644,102,19
#Cleopatra_Ant,#Enobarbus_Ant,1,3,7,644,102,19
#Cleopatra_Ant,#MESSENGERS.X.3_Ant,0,3,7,644,102,19
#Cleopatra_Ant,#MESSENGERS.X.4_Ant,0,3,7,644,102,19
#Cleopatra_Ant,#SOLDIERS.ANTONY.X.1_Ant,0,3,7,644,102,19
#Enobarbus_Ant,#Canidius_Ant,0,3,7,644,102,19
#Enobarbus_Ant,#MESSENGERS.X.3_Ant,0,3,7,644,102,19
#Enobarbus_Ant,#MESSENGERS.X.4_Ant,0,3,7,644,102,19
#Enobarbus_Ant,#SOLDIERS.ANTONY.X.1_Ant,0,3,7,644,102,19
#MESSENGERS.X.3_Ant,#MESSENGERS.X.4_Ant,0,3,7,644,102,19
#MESSENGERS.X.3_Ant,#SOLDIERS.ANTONY.X.1_Ant,0,3,7,644,102,19
#MESSENGERS.X.4_Ant,#SOLDIERS.ANTONY.X.1_Ant,0,3,7,644,102,19
#Octavius_JC,#SOLDIERS.CAESAR_Ant,0,3,8,32,7,20
#Octavius_JC,#Taurus_Ant,0,3,8,32,7,20
#SOLDIERS.CAESAR_Ant,#Taurus_Ant,0,3,8,32,7,20
#Antony_JC,#Enobarbus_Ant,6,3,9,30,4,21
#Canidius_Ant,#Scarus_Ant,0,3,10,282,45,22
#Enobarbus_Ant,#Canidius_Ant,1,3,10,282,45,22
#Enobarbus_Ant,#Scarus_Ant,0,3,10,282,45,22
#Antony_JC,#ATTENDANTS.ANTONY_Ant,0,3,11,556,82,23
#Antony_JC,#Charmian_Ant,3,3,11,556,82,23
#Antony_JC,#Cleopatra_Ant,4,3,11,556,82,23
#Antony_JC,#Eros_Ant,0,3,11,556,82,23
#Antony_JC,#Iras_Ant,3,3,11,556,82,23
#Charmian_Ant,#ATTENDANTS.ANTONY_Ant,0,3,11,556,82,23
#Charmian_Ant,#Cleopatra_Ant,6,3,11,556,82,23
#Charmian_Ant,#Eros_Ant,0,3,11,556,82,23
#Charmian_Ant,#Iras_Ant,6,3,11,556,82,23
#Cleopatra_Ant,#ATTENDANTS.ANTONY_Ant,0,3,11,556,82,23
#Cleopatra_Ant,#Eros_Ant,0,3,11,556,82,23
#Cleopatra_Ant,#Iras_Ant,6,3,11,556,82,23
#Eros_Ant,#ATTENDANTS.ANTONY_Ant,0,3,11,556,82,23
#Iras_Ant,#ATTENDANTS.ANTONY_Ant,0,3,11,556,82,23
#Iras_Ant,#Eros_Ant,0,3,11,556,82,23
#ATTENDANTS.CAESAR_Ant,#Ambassador_Ant,0,3,12,284,44,24
#ATTENDANTS.CAESAR_Ant,#Dolabella_Ant,0,3,12,284,44,24
#ATTENDANTS.CAESAR_Ant,#Thidias_Ant,0,3,12,284,44,24
#Agrippa_Ant,#ATTENDANTS.CAESAR_Ant,0,3,12,284,44,24
#Agrippa_Ant,#Ambassador_Ant,0,3,12,284,44,24
#Agrippa_Ant,#Dolabella_Ant,0,3,12,284,44,24
#Agrippa_Ant,#Thidias_Ant,0,3,12,284,44,24
#Ambassador_Ant,#Dolabella_Ant,0,3,12,284,44,24
#Ambassador_Ant,#Thidias_Ant,0,3,12,284,44,24
#Dolabella_Ant,#Thidias_Ant,0,3,12,284,44,24
#Octavius_JC,#ATTENDANTS.CAESAR_Ant,0,3,12,284,44,24
#Octavius_JC,#Agrippa_Ant,5,3,12,284,44,24
#Octavius_JC,#Ambassador_Ant,0,3,12,284,44,24
#Octavius_JC,#Dolabella_Ant,0,3,12,284,44,24
#Octavius_JC,#Thidias_Ant,0,3,12,284,44,24
#Ambassador_Ant,#SERVANTS.X.1_Ant,0,3,13,1629,242,25
#Ambassador_Ant,#SERVANTS.X.2_Ant,0,3,13,1629,242,25
#Ambassador_Ant,#Thidias_Ant,1,3,13,1629,242,25
#Antony_JC,#Ambassador_Ant,0,3,13,1629,242,25
#Antony_JC,#Charmian_Ant,4,3,13,1629,242,25
#Antony_JC,#Cleopatra_Ant,5,3,13,1629,242,25
#Antony_JC,#Enobarbus_Ant,7,3,13,1629,242,25
#Antony_JC,#Iras_Ant,4,3,13,1629,242,25
#Antony_JC,#SERVANTS.X.1_Ant,0,3,13,1629,242,25
#Antony_JC,#SERVANTS.X.2_Ant,0,3,13,1629,242,25
#Antony_JC,#SERVANTS_Ant,1,3,13,1629,242,25
#Antony_JC,#Thidias_Ant,0,3,13,1629,242,25
#Charmian_Ant,#Ambassador_Ant,0,3,13,1629,242,25
#Charmian_Ant,#Cleopatra_Ant,7,3,13,1629,242,25
#Charmian_Ant,#Enobarbus_Ant,1,3,13,1629,242,25
#Charmian_Ant,#Iras_Ant,7,3,13,1629,242,25
#Charmian_Ant,#SERVANTS.X.1_Ant,0,3,13,1629,242,25
#Charmian_Ant,#SERVANTS.X.2_Ant,0,3,13,1629,242,25
#Charmian_Ant,#SERVANTS_Ant,0,3,13,1629,242,25
#Charmian_Ant,#Thidias_Ant,0,3,13,1629,242,25
#Cleopatra_Ant,#Ambassador_Ant,0,3,13,1629,242,25
#Cleopatra_Ant,#Enobarbus_Ant,2,3,13,1629,242,25
#Cleopatra_Ant,#Iras_Ant,7,3,13,1629,242,25
#Cleopatra_Ant,#SERVANTS.X.1_Ant,0,3,13,1629,242,25
#Cleopatra_Ant,#SERVANTS.X.2_Ant,0,3,13,1629,242,25
#Cleopatra_Ant,#SERVANTS_Ant,0,3,13,1629,242,25
#Cleopatra_Ant,#Thidias_Ant,0,3,13,1629,242,25
#Enobarbus_Ant,#Ambassador_Ant,0,3,13,1629,242,25
#Enobarbus_Ant,#SERVANTS.X.1_Ant,0,3,13,1629,242,25
#Enobarbus_Ant,#SERVANTS.X.2_Ant,0,3,13,1629,242,25
#Enobarbus_Ant,#SERVANTS_Ant,1,3,13,1629,242,25
#Enobarbus_Ant,#Thidias_Ant,0,3,13,1629,242,25
#Iras_Ant,#Ambassador_Ant,0,3,13,1629,242,25
#Iras_Ant,#Enobarbus_Ant,1,3,13,1629,242,25
#Iras_Ant,#SERVANTS.X.1_Ant,0,3,13,1629,242,25
#Iras_Ant,#SERVANTS.X.2_Ant,0,3,13,1629,242,25
#Iras_Ant,#SERVANTS_Ant,0,3,13,1629,242,25
#Iras_Ant,#Thidias_Ant,0,3,13,1629,242,25
#SERVANTS.X.1_Ant,#SERVANTS.X.2_Ant,0,3,13,1629,242,25
#SERVANTS_Ant,#Ambassador_Ant,0,3,13,1629,242,25
#SERVANTS_Ant,#SERVANTS.X.1_Ant,0,3,13,1629,242,25
#SERVANTS_Ant,#SERVANTS.X.2_Ant,0,3,13,1629,242,25
#SERVANTS_Ant,#Thidias_Ant,0,3,13,1629,242,25
#Thidias_Ant,#SERVANTS.X.1_Ant,0,3,13,1629,242,25
#Thidias_Ant,#SERVANTS.X.2_Ant,0,3,13,1629,242,25
#Agrippa_Ant,#Maecenas_Ant,5,4,1,136,19,26
#Agrippa_Ant,#SOLDIERS.CAESAR_Ant,0,4,1,136,19,26
#Maecenas_Ant,#SOLDIERS.CAESAR_Ant,0,4,1,136,19,26
#Octavius_JC,#Agrippa_Ant,6,4,1,136,19,26
#Octavius_JC,#Maecenas_Ant,4,4,1,136,19,26
#Octavius_JC,#SOLDIERS.CAESAR_Ant,1,4,1,136,19,26
#ATTENDANTS_Ant,#SERVANTS.ANTONY_Ant,0,4,2,376,58,27
#Antony_JC,#ATTENDANTS_Ant,0,4,2,376,58,27
#Antony_JC,#Charmian_Ant,5,4,2,376,58,27
#Antony_JC,#Cleopatra_Ant,6,4,2,376,58,27
#Antony_JC,#Enobarbus_Ant,8,4,2,376,58,27
#Antony_JC,#Iras_Ant,5,4,2,376,58,27
#Antony_JC,#SERVANTS.ANTONY_Ant,0,4,2,376,58,27
#Antony_JC,#SERVANTS_Ant,2,4,2,376,58,27
#Charmian_Ant,#ATTENDANTS_Ant,0,4,2,376,58,27
#Charmian_Ant,#Cleopatra_Ant,8,4,2,376,58,27
#Charmian_Ant,#Enobarbus_Ant,2,4,2,376,58,27
#Charmian_Ant,#Iras_Ant,8,4,2,376,58,27
#Charmian_Ant,#SERVANTS.ANTONY_Ant,0,4,2,376,58,27
#Charmian_Ant,#SERVANTS_Ant,1,4,2,376,58,27
#Cleopatra_Ant,#ATTENDANTS_Ant,0,4,2,376,58,27
#Cleopatra_Ant,#Enobarbus_Ant,3,4,2,376,58,27
#Cleopatra_Ant,#Iras_Ant,8,4,2,376,58,27
#Cleopatra_Ant,#SERVANTS.ANTONY_Ant,0,4,2,376,58,27
#Cleopatra_Ant,#SERVANTS_Ant,1,4,2,376,58,27
#Enobarbus_Ant,#ATTENDANTS_Ant,0,4,2,376,58,27
#Enobarbus_Ant,#SERVANTS.ANTONY_Ant,0,4,2,376,58,27
#Enobarbus_Ant,#SERVANTS_Ant,2,4,2,376,58,27
#Iras_Ant,#ATTENDANTS_Ant,0,4,2,376,58,27
#Iras_Ant,#Enobarbus_Ant,2,4,2,376,58,27
#Iras_Ant,#SERVANTS.ANTONY_Ant,0,4,2,376,58,27
#Iras_Ant,#SERVANTS_Ant,1,4,2,376,58,27
#SERVANTS_Ant,#ATTENDANTS_Ant,0,4,2,376,58,27
#SERVANTS_Ant,#SERVANTS.ANTONY_Ant,0,4,2,376,58,27
#SOLDIERS.ANTONY.0.1_Ant,#SOLDIERS.ANTONY.0.2_Ant,0,4,3,160,31,28
#SOLDIERS.ANTONY.0.1_Ant,#SOLDIERS.ANTONY.0.3_Ant,0,4,3,160,31,28
#SOLDIERS.ANTONY.0.1_Ant,#SOLDIERS.ANTONY.0.4_Ant,0,4,3,160,31,28
#SOLDIERS.ANTONY.0.1_Ant,#SOLDIERS.ANTONY.0_Ant,0,4,3,160,31,28
#SOLDIERS.ANTONY.0.1_Ant,#SOLDIERS.ANTONY_Ant,0,4,3,160,31,28
#SOLDIERS.ANTONY.0.2_Ant,#SOLDIERS.ANTONY.0.3_Ant,0,4,3,160,31,28
#SOLDIERS.ANTONY.0.2_Ant,#SOLDIERS.ANTONY.0.4_Ant,0,4,3,160,31,28
#SOLDIERS.ANTONY.0.2_Ant,#SOLDIERS.ANTONY.0_Ant,0,4,3,160,31,28
#SOLDIERS.ANTONY.0.2_Ant,#SOLDIERS.ANTONY_Ant,0,4,3,160,31,28
#SOLDIERS.ANTONY.0.3_Ant,#SOLDIERS.ANTONY.0.4_Ant,0,4,3,160,31,28
#SOLDIERS.ANTONY.0.3_Ant,#SOLDIERS.ANTONY.0_Ant,0,4,3,160,31,28
#SOLDIERS.ANTONY.0.3_Ant,#SOLDIERS.ANTONY_Ant,0,4,3,160,31,28
#SOLDIERS.ANTONY.0.4_Ant,#SOLDIERS.ANTONY.0_Ant,0,4,3,160,31,28
#SOLDIERS.ANTONY.0.4_Ant,#SOLDIERS.ANTONY_Ant,0,4,3,160,31,28
#SOLDIERS.ANTONY.0_Ant,#SOLDIERS.ANTONY_Ant,0,4,3,160,31,28
#ATTENDANTS_Ant,#CAPTAINS.0.1_Ant,0,4,4,309,49,29
#ATTENDANTS_Ant,#SOLDIERS.ANTONY.X.2_Ant,0,4,4,309,49,29
#ATTENDANTS_Ant,#SOLDIERS.ANTONY_Ant,0,4,4,309,49,29
#Antony_JC,#ATTENDANTS_Ant,1,4,4,309,49,29
#Antony_JC,#CAPTAINS.0.1_Ant,0,4,4,309,49,29
#Antony_JC,#CAPTAINS_Ant,1,4,4,309,49,29
#Antony_JC,#Charmian_Ant,6,4,4,309,49,29
#Antony_JC,#Cleopatra_Ant,7,4,4,309,49,29
#Antony_JC,#Eros_Ant,1,4,4,309,49,29
#Antony_JC,#SOLDIERS.ANTONY.X.2_Ant,0,4,4,309,49,29
#Antony_JC,#SOLDIERS.ANTONY_Ant,0,4,4,309,49,29
#CAPTAINS.0.1_Ant,#SOLDIERS.ANTONY.X.2_Ant,0,4,4,309,49,29
#CAPTAINS_Ant,#ATTENDANTS_Ant,0,4,4,309,49,29
#CAPTAINS_Ant,#CAPTAINS.0.1_Ant,0,4,4,309,49,29
#CAPTAINS_Ant,#Eros_Ant,0,4,4,309,49,29
#CAPTAINS_Ant,#SOLDIERS.ANTONY.X.2_Ant,0,4,4,309,49,29
#CAPTAINS_Ant,#SOLDIERS.ANTONY_Ant,0,4,4,309,49,29
#Charmian_Ant,#ATTENDANTS_Ant,1,4,4,309,49,29
#Charmian_Ant,#CAPTAINS.0.1_Ant,0,4,4,309,49,29
#Charmian_Ant,#CAPTAINS_Ant,0,4,4,309,49,29
#Charmian_Ant,#Cleopatra_Ant,9,4,4,309,49,29
#Charmian_Ant,#Eros_Ant,1,4,4,309,49,29
#Charmian_Ant,#SOLDIERS.ANTONY.X.2_Ant,0,4,4,309,49,29
#Charmian_Ant,#SOLDIERS.ANTONY_Ant,0,4,4,309,49,29
#Cleopatra_Ant,#ATTENDANTS_Ant,1,4,4,309,49,29
#Cleopatra_Ant,#CAPTAINS.0.1_Ant,0,4,4,309,49,29
#Cleopatra_Ant,#CAPTAINS_Ant,0,4,4,309,49,29
#Cleopatra_Ant,#Eros_Ant,1,4,4,309,49,29
#Cleopatra_Ant,#SOLDIERS.ANTONY.X.2_Ant,0,4,4,309,49,29
#Cleopatra_Ant,#SOLDIERS.ANTONY_Ant,0,4,4,309,49,29
#Eros_Ant,#ATTENDANTS_Ant,0,4,4,309,49,29
#Eros_Ant,#CAPTAINS.0.1_Ant,0,4,4,309,49,29
#Eros_Ant,#SOLDIERS.ANTONY.X.2_Ant,0,4,4,309,49,29
#Eros_Ant,#SOLDIERS.ANTONY_Ant,0,4,4,309,49,29
#SOLDIERS.ANTONY_Ant,#CAPTAINS.0.1_Ant,0,4,4,309,49,29
#SOLDIERS.ANTONY_Ant,#SOLDIERS.ANTONY.X.2_Ant,0,4,4,309,49,29
#Antony_JC,#Eros_Ant,2,4,5,144,25,30
#Antony_JC,#SOLDIERS.ANTONY.X.3_Ant,0,4,5,144,25,30
#Eros_Ant,#SOLDIERS.ANTONY.X.3_Ant,0,4,5,144,25,30
#Agrippa_Ant,#Dolabella_Ant,1,4,6,281,44,31
#Agrippa_Ant,#MESSENGERS.X.5_Ant,0,4,6,281,44,31
#Agrippa_Ant,#SOLDIERS.CAESAR.X.1_Ant,0,4,6,281,44,31
#Dolabella_Ant,#MESSENGERS.X.5_Ant,0,4,6,281,44,31
#Dolabella_Ant,#SOLDIERS.CAESAR.X.1_Ant,0,4,6,281,44,31
#Enobarbus_Ant,#Agrippa_Ant,4,4,6,281,44,31
#Enobarbus_Ant,#Dolabella_Ant,0,4,6,281,44,31
#Enobarbus_Ant,#MESSENGERS.X.5_Ant,0,4,6,281,44,31
#Enobarbus_Ant,#Octavius_JC,4,4,6,281,44,31
#Enobarbus_Ant,#SOLDIERS.CAESAR.X.1_Ant,0,4,6,281,44,31
#MESSENGERS.X.5_Ant,#SOLDIERS.CAESAR.X.1_Ant,0,4,6,281,44,31
#Octavius_JC,#Agrippa_Ant,7,4,6,281,44,31
#Octavius_JC,#Dolabella_Ant,1,4,6,281,44,31
#Octavius_JC,#MESSENGERS.X.5_Ant,0,4,6,281,44,31
#Octavius_JC,#SOLDIERS.CAESAR.X.1_Ant,0,4,6,281,44,31
#Agrippa_Ant,#Eros_Ant,0,4,7,130,21,32
#Agrippa_Ant,#SOLDIERS.CAESAR_Ant,1,4,7,130,21,32
#Agrippa_Ant,#Scarus_Ant,0,4,7,130,21,32
#Antony_JC,#Agrippa_Ant,4,4,7,130,21,32
#Antony_JC,#Eros_Ant,3,4,7,130,21,32
#Antony_JC,#SOLDIERS.CAESAR_Ant,0,4,7,130,21,32
#Antony_JC,#Scarus_Ant,0,4,7,130,21,32
#Eros_Ant,#SOLDIERS.CAESAR_Ant,0,4,7,130,21,32
#Eros_Ant,#Scarus_Ant,0,4,7,130,21,32
#SOLDIERS.CAESAR_Ant,#Scarus_Ant,0,4,7,130,21,32
#Antony_JC,#Cleopatra_Ant,8,4,8,321,50,33
#Antony_JC,#SOLDIERS.ANTONY_Ant,1,4,8,321,50,33
#Antony_JC,#Scarus_Ant,1,4,8,321,50,33
#Cleopatra_Ant,#SOLDIERS.ANTONY_Ant,1,4,8,321,50,33
#Cleopatra_Ant,#Scarus_Ant,0,4,8,321,50,33
#Scarus_Ant,#SOLDIERS.ANTONY_Ant,0,4,8,321,50,33
#Enobarbus_Ant,#WATCHMEN.1_Ant,0,4,9,255,41,34
#Enobarbus_Ant,#WATCHMEN.2_Ant,0,4,9,255,41,34
#Enobarbus_Ant,#WATCHMEN.Sentry_Ant,0,4,9,255,41,34
#WATCHMEN.1_Ant,#WATCHMEN.2_Ant,0,4,9,255,41,34
#WATCHMEN.1_Ant,#WATCHMEN.Sentry_Ant,0,4,9,255,41,34
#WATCHMEN.2_Ant,#WATCHMEN.Sentry_Ant,0,4,9,255,41,34
#Antony_JC,#SOLDIERS.ANTONY_Ant,2,4,10,71,10,35
#Antony_JC,#Scarus_Ant,2,4,10,71,10,35
#Scarus_Ant,#SOLDIERS.ANTONY_Ant,1,4,10,71,10,35
#Octavius_JC,#SOLDIERS.CAESAR_Ant,2,4,11,34,4,36
#Antony_JC,#Cleopatra_Ant,9,4,12,404,56,37
#Antony_JC,#Scarus_Ant,3,4,12,404,56,37
#Cleopatra_Ant,#Scarus_Ant,1,4,12,404,56,37
#Charmian_Ant,#Cleopatra_Ant,10,4,13,84,14,38
#Charmian_Ant,#Iras_Ant,9,4,13,84,14,38
#Charmian_Ant,#Mardian_Ant,4,4,13,84,14,38
#Cleopatra_Ant,#Iras_Ant,9,4,13,84,14,38
#Cleopatra_Ant,#Mardian_Ant,4,4,13,84,14,38
#Iras_Ant,#Mardian_Ant,4,4,13,84,14,38
#Antony_JC,#Diomedes_Ant,0,4,14,1136,172,39
#Antony_JC,#Eros_Ant,4,4,14,1136,172,39
#Antony_JC,#GUARDS.0.1_Ant,0,4,14,1136,172,39
#Antony_JC,#GUARDS.0.2_Ant,0,4,14,1136,172,39
#Antony_JC,#GUARDS.0.3_Ant,0,4,14,1136,172,39
#Antony_JC,#GUARDS.Dercetus_Ant,0,4,14,1136,172,39
#Antony_JC,#GUARDS_Ant,0,4,14,1136,172,39
#Antony_JC,#Mardian_Ant,2,4,14,1136,172,39
#Diomedes_Ant,#GUARDS.0.1_Ant,0,4,14,1136,172,39
#Diomedes_Ant,#GUARDS.0.2_Ant,0,4,14,1136,172,39
#Diomedes_Ant,#GUARDS.0.3_Ant,0,4,14,1136,172,39
#Diomedes_Ant,#GUARDS.Dercetus_Ant,0,4,14,1136,172,39
#Diomedes_Ant,#GUARDS_Ant,0,4,14,1136,172,39
#Eros_Ant,#Diomedes_Ant,0,4,14,1136,172,39
#Eros_Ant,#GUARDS.0.1_Ant,0,4,14,1136,172,39
#Eros_Ant,#GUARDS.0.2_Ant,0,4,14,1136,172,39
#Eros_Ant,#GUARDS.0.3_Ant,0,4,14,1136,172,39
#Eros_Ant,#GUARDS.Dercetus_Ant,0,4,14,1136,172,39
#Eros_Ant,#GUARDS_Ant,0,4,14,1136,172,39
#GUARDS.0.1_Ant,#GUARDS.0.2_Ant,0,4,14,1136,172,39
#GUARDS.0.1_Ant,#GUARDS.0.3_Ant,0,4,14,1136,172,39
#GUARDS.0.1_Ant,#GUARDS.Dercetus_Ant,0,4,14,1136,172,39
#GUARDS.0.1_Ant,#GUARDS_Ant,0,4,14,1136,172,39
#GUARDS.0.2_Ant,#GUARDS.0.3_Ant,0,4,14,1136,172,39
#GUARDS.0.2_Ant,#GUARDS.Dercetus_Ant,0,4,14,1136,172,39
#GUARDS.0.2_Ant,#GUARDS_Ant,0,4,14,1136,172,39
#GUARDS.0.3_Ant,#GUARDS.Dercetus_Ant,0,4,14,1136,172,39
#GUARDS.0.3_Ant,#GUARDS_Ant,0,4,14,1136,172,39
#GUARDS.Dercetus_Ant,#GUARDS_Ant,0,4,14,1136,172,39
#Mardian_Ant,#Diomedes_Ant,0,4,14,1136,172,39
#Mardian_Ant,#Eros_Ant,0,4,14,1136,172,39
#Mardian_Ant,#GUARDS.0.1_Ant,0,4,14,1136,172,39
#Mardian_Ant,#GUARDS.0.2_Ant,0,4,14,1136,172,39
#Mardian_Ant,#GUARDS.0.3_Ant,0,4,14,1136,172,39
#Mardian_Ant,#GUARDS.Dercetus_Ant,0,4,14,1136,172,39
#Mardian_Ant,#GUARDS_Ant,0,4,14,1136,172,39
#Antony_JC,#Charmian_Ant,7,4,15,704,105,40
#Antony_JC,#Cleopatra_Ant,10,4,15,704,105,40
#Antony_JC,#Diomedes_Ant,1,4,15,704,105,40
#Antony_JC,#GUARDS_Ant,1,4,15,704,105,40
#Antony_JC,#Iras_Ant,6,4,15,704,105,40
#Antony_JC,#LADIES_Ant,0,4,15,704,105,40
#Charmian_Ant,#Cleopatra_Ant,11,4,15,704,105,40
#Charmian_Ant,#Diomedes_Ant,0,4,15,704,105,40
#Charmian_Ant,#GUARDS_Ant,0,4,15,704,105,40
#Charmian_Ant,#Iras_Ant,10,4,15,704,105,40
#Charmian_Ant,#LADIES_Ant,0,4,15,704,105,40
#Cleopatra_Ant,#Diomedes_Ant,0,4,15,704,105,40
#Cleopatra_Ant,#GUARDS_Ant,0,4,15,704,105,40
#Cleopatra_Ant,#Iras_Ant,10,4,15,704,105,40
#Cleopatra_Ant,#LADIES_Ant,0,4,15,704,105,40
#Diomedes_Ant,#GUARDS_Ant,1,4,15,704,105,40
#Diomedes_Ant,#LADIES_Ant,0,4,15,704,105,40
#GUARDS_Ant,#LADIES_Ant,0,4,15,704,105,40
#Iras_Ant,#Diomedes_Ant,0,4,15,704,105,40
#Iras_Ant,#GUARDS_Ant,0,4,15,704,105,40
#Iras_Ant,#LADIES_Ant,0,4,15,704,105,40
#Agrippa_Ant,#Dolabella_Ant,2,5,1,622,91,41
#Agrippa_Ant,#Egyptian_Ant,0,5,1,622,91,41
#Agrippa_Ant,#GUARDS.Dercetus_Ant,0,5,1,622,91,41
#Agrippa_Ant,#Gallus_Ant,0,5,1,622,91,41
#Agrippa_Ant,#Maecenas_Ant,6,5,1,622,91,41
#Agrippa_Ant,#Proculeius_Ant,0,5,1,622,91,41
#Dolabella_Ant,#Egyptian_Ant,0,5,1,622,91,41
#Dolabella_Ant,#GUARDS.Dercetus_Ant,0,5,1,622,91,41
#Dolabella_Ant,#Gallus_Ant,0,5,1,622,91,41
#Dolabella_Ant,#Proculeius_Ant,0,5,1,622,91,41
#Egyptian_Ant,#Gallus_Ant,0,5,1,622,91,41
#Egyptian_Ant,#Proculeius_Ant,0,5,1,622,91,41
#GUARDS.Dercetus_Ant,#Egyptian_Ant,0,5,1,622,91,41
#GUARDS.Dercetus_Ant,#Gallus_Ant,0,5,1,622,91,41
#GUARDS.Dercetus_Ant,#Proculeius_Ant,0,5,1,622,91,41
#Gallus_Ant,#Proculeius_Ant,0,5,1,622,91,41
#Maecenas_Ant,#Dolabella_Ant,0,5,1,622,91,41
#Maecenas_Ant,#Egyptian_Ant,0,5,1,622,91,41
#Maecenas_Ant,#GUARDS.Dercetus_Ant,0,5,1,622,91,41
#Maecenas_Ant,#Gallus_Ant,0,5,1,622,91,41
#Maecenas_Ant,#Proculeius_Ant,0,5,1,622,91,41
#Octavius_JC,#Agrippa_Ant,8,5,1,622,91,41
#Octavius_JC,#Dolabella_Ant,2,5,1,622,91,41
#Octavius_JC,#Egyptian_Ant,0,5,1,622,91,41
#Octavius_JC,#GUARDS.Dercetus_Ant,0,5,1,622,91,41
#Octavius_JC,#Gallus_Ant,0,5,1,622,91,41
#Octavius_JC,#Maecenas_Ant,5,5,1,622,91,41
#Octavius_JC,#Proculeius_Ant,0,5,1,622,91,41
#ATTENDANTS.CAESAR_Ant,#Countryman_Ant,0,5,2,2896,437,42
#ATTENDANTS.CAESAR_Ant,#Dolabella_Ant,1,5,2,2896,437,42
#ATTENDANTS.CAESAR_Ant,#GUARDS.CAESAR.0.1_Ant,0,5,2,2896,437,42
#ATTENDANTS.CAESAR_Ant,#GUARDS.CAESAR.0.2_Ant,0,5,2,2896,437,42
#ATTENDANTS.CAESAR_Ant,#GUARDS.CAESAR.1_Ant,0,5,2,2896,437,42
#ATTENDANTS.CAESAR_Ant,#GUARDS.CAESAR_Ant,0,5,2,2896,437,42
#ATTENDANTS.CAESAR_Ant,#Gallus_Ant,0,5,2,2896,437,42
#ATTENDANTS.CAESAR_Ant,#Proculeius_Ant,0,5,2,2896,437,42
#ATTENDANTS.CAESAR_Ant,#Seleucus_Ant,0,5,2,2896,437,42
#Charmian_Ant,#ATTENDANTS.CAESAR_Ant,0,5,2,2896,437,42
#Charmian_Ant,#Cleopatra_Ant,12,5,2,2896,437,42
#Charmian_Ant,#Countryman_Ant,0,5,2,2896,437,42
#Charmian_Ant,#Dolabella_Ant,0,5,2,2896,437,42
#Charmian_Ant,#GUARDS.CAESAR.0.1_Ant,0,5,2,2896,437,42
#Charmian_Ant,#GUARDS.CAESAR.0.2_Ant,0,5,2,2896,437,42
#Charmian_Ant,#GUARDS.CAESAR.1_Ant,0,5,2,2896,437,42
#Charmian_Ant,#GUARDS.CAESAR_Ant,0,5,2,2896,437,42
#Charmian_Ant,#Gallus_Ant,0,5,2,2896,437,42
#Charmian_Ant,#Iras_Ant,11,5,2,2896,437,42
#Charmian_Ant,#Maecenas_Ant,0,5,2,2896,437,42
#Charmian_Ant,#Octavius_JC,0,5,2,2896,437,42
#Charmian_Ant,#Proculeius_Ant,0,5,2,2896,437,42
#Charmian_Ant,#SOLDIERS.CAESAR_Ant,0,5,2,2896,437,42
#Charmian_Ant,#Seleucus_Ant,0,5,2,2896,437,42
#Cleopatra_Ant,#ATTENDANTS.CAESAR_Ant,0,5,2,2896,437,42
#Cleopatra_Ant,#Countryman_Ant,0,5,2,2896,437,42
#Cleopatra_Ant,#Dolabella_Ant,0,5,2,2896,437,42
#Cleopatra_Ant,#GUARDS.CAESAR.0.1_Ant,0,5,2,2896,437,42
#Cleopatra_Ant,#GUARDS.CAESAR.0.2_Ant,0,5,2,2896,437,42
#Cleopatra_Ant,#GUARDS.CAESAR.1_Ant,0,5,2,2896,437,42
#Cleopatra_Ant,#GUARDS.CAESAR_Ant,0,5,2,2896,437,42
#Cleopatra_Ant,#Gallus_Ant,0,5,2,2896,437,42
#Cleopatra_Ant,#Iras_Ant,11,5,2,2896,437,42
#Cleopatra_Ant,#Maecenas_Ant,0,5,2,2896,437,42
#Cleopatra_Ant,#Octavius_JC,0,5,2,2896,437,42
#Cleopatra_Ant,#Proculeius_Ant,0,5,2,2896,437,42
#Cleopatra_Ant,#SOLDIERS.CAESAR_Ant,0,5,2,2896,437,42
#Cleopatra_Ant,#Seleucus_Ant,0,5,2,2896,437,42
#Countryman_Ant,#GUARDS.CAESAR.0.1_Ant,0,5,2,2896,437,42
#Countryman_Ant,#GUARDS.CAESAR.0.2_Ant,0,5,2,2896,437,42
#Countryman_Ant,#GUARDS.CAESAR.1_Ant,0,5,2,2896,437,42
#Countryman_Ant,#GUARDS.CAESAR_Ant,0,5,2,2896,437,42
#Countryman_Ant,#Seleucus_Ant,0,5,2,2896,437,42
#Dolabella_Ant,#Countryman_Ant,0,5,2,2896,437,42
#Dolabella_Ant,#GUARDS.CAESAR.0.1_Ant,0,5,2,2896,437,42
#Dolabella_Ant,#GUARDS.CAESAR.0.2_Ant,0,5,2,2896,437,42
#Dolabella_Ant,#GUARDS.CAESAR.1_Ant,0,5,2,2896,437,42
#Dolabella_Ant,#GUARDS.CAESAR_Ant,0,5,2,2896,437,42
#Dolabella_Ant,#Gallus_Ant,1,5,2,2896,437,42
#Dolabella_Ant,#Proculeius_Ant,1,5,2,2896,437,42
#Dolabella_Ant,#Seleucus_Ant,0,5,2,2896,437,42
#GUARDS.CAESAR.0.1_Ant,#GUARDS.CAESAR.0.2_Ant,0,5,2,2896,437,42
#GUARDS.CAESAR.0.1_Ant,#GUARDS.CAESAR.1_Ant,0,5,2,2896,437,42
#GUARDS.CAESAR.0.1_Ant,#GUARDS.CAESAR_Ant,0,5,2,2896,437,42
#GUARDS.CAESAR.0.1_Ant,#Seleucus_Ant,0,5,2,2896,437,42
#GUARDS.CAESAR.0.2_Ant,#GUARDS.CAESAR.1_Ant,0,5,2,2896,437,42
#GUARDS.CAESAR.0.2_Ant,#GUARDS.CAESAR_Ant,0,5,2,2896,437,42
#GUARDS.CAESAR.0.2_Ant,#Seleucus_Ant,0,5,2,2896,437,42
#GUARDS.CAESAR.1_Ant,#GUARDS.CAESAR_Ant,0,5,2,2896,437,42
#GUARDS.CAESAR.1_Ant,#Seleucus_Ant,0,5,2,2896,437,42
#GUARDS.CAESAR_Ant,#Seleucus_Ant,0,5,2,2896,437,42
#Gallus_Ant,#Countryman_Ant,0,5,2,2896,437,42
#Gallus_Ant,#GUARDS.CAESAR.0.1_Ant,0,5,2,2896,437,42
#Gallus_Ant,#GUARDS.CAESAR.0.2_Ant,0,5,2,2896,437,42
#Gallus_Ant,#GUARDS.CAESAR.1_Ant,0,5,2,2896,437,42
#Gallus_Ant,#GUARDS.CAESAR_Ant,0,5,2,2896,437,42
#Gallus_Ant,#Proculeius_Ant,1,5,2,2896,437,42
#Gallus_Ant,#Seleucus_Ant,0,5,2,2896,437,42
#Iras_Ant,#ATTENDANTS.CAESAR_Ant,0,5,2,2896,437,42
#Iras_Ant,#Countryman_Ant,0,5,2,2896,437,42
#Iras_Ant,#Dolabella_Ant,0,5,2,2896,437,42
#Iras_Ant,#GUARDS.CAESAR.0.1_Ant,0,5,2,2896,437,42
#Iras_Ant,#GUARDS.CAESAR.0.2_Ant,0,5,2,2896,437,42
#Iras_Ant,#GUARDS.CAESAR.1_Ant,0,5,2,2896,437,42
#Iras_Ant,#GUARDS.CAESAR_Ant,0,5,2,2896,437,42
#Iras_Ant,#Gallus_Ant,0,5,2,2896,437,42
#Iras_Ant,#Maecenas_Ant,0,5,2,2896,437,42
#Iras_Ant,#Octavius_JC,0,5,2,2896,437,42
#Iras_Ant,#Proculeius_Ant,0,5,2,2896,437,42
#Iras_Ant,#SOLDIERS.CAESAR_Ant,0,5,2,2896,437,42
#Iras_Ant,#Seleucus_Ant,0,5,2,2896,437,42
#Maecenas_Ant,#ATTENDANTS.CAESAR_Ant,0,5,2,2896,437,42
#Maecenas_Ant,#Countryman_Ant,0,5,2,2896,437,42
#Maecenas_Ant,#Dolabella_Ant,1,5,2,2896,437,42
#Maecenas_Ant,#GUARDS.CAESAR.0.1_Ant,0,5,2,2896,437,42
#Maecenas_Ant,#GUARDS.CAESAR.0.2_Ant,0,5,2,2896,437,42
#Maecenas_Ant,#GUARDS.CAESAR.1_Ant,0,5,2,2896,437,42
#Maecenas_Ant,#GUARDS.CAESAR_Ant,0,5,2,2896,437,42
#Maecenas_Ant,#Gallus_Ant,1,5,2,2896,437,42
#Maecenas_Ant,#Proculeius_Ant,1,5,2,2896,437,42
#Maecenas_Ant,#SOLDIERS.CAESAR_Ant,1,5,2,2896,437,42
#Maecenas_Ant,#Seleucus_Ant,0,5,2,2896,437,42
#Octavius_JC,#ATTENDANTS.CAESAR_Ant,1,5,2,2896,437,42
#Octavius_JC,#Countryman_Ant,0,5,2,2896,437,42
#Octavius_JC,#Dolabella_Ant,3,5,2,2896,437,42
#Octavius_JC,#GUARDS.CAESAR.0.1_Ant,0,5,2,2896,437,42
#Octavius_JC,#GUARDS.CAESAR.0.2_Ant,0,5,2,2896,437,42
#Octavius_JC,#GUARDS.CAESAR.1_Ant,0,5,2,2896,437,42
#Octavius_JC,#GUARDS.CAESAR_Ant,0,5,2,2896,437,42
#Octavius_JC,#Gallus_Ant,1,5,2,2896,437,42
#Octavius_JC,#Maecenas_Ant,6,5,2,2896,437,42
#Octavius_JC,#Proculeius_Ant,1,5,2,2896,437,42
#Octavius_JC,#SOLDIERS.CAESAR_Ant,3,5,2,2896,437,42
#Octavius_JC,#Seleucus_Ant,0,5,2,2896,437,42
#Proculeius_Ant,#Countryman_Ant,0,5,2,2896,437,42
#Proculeius_Ant,#GUARDS.CAESAR.0.1_Ant,0,5,2,2896,437,42
#Proculeius_Ant,#GUARDS.CAESAR.0.2_Ant,0,5,2,2896,437,42
#Proculeius_Ant,#GUARDS.CAESAR.1_Ant,0,5,2,2896,437,42
#Proculeius_Ant,#GUARDS.CAESAR_Ant,0,5,2,2896,437,42
#Proculeius_Ant,#Seleucus_Ant,0,5,2,2896,437,42
#SOLDIERS.CAESAR_Ant,#ATTENDANTS.CAESAR_Ant,0,5,2,2896,437,42
#SOLDIERS.CAESAR_Ant,#Countryman_Ant,0,5,2,2896,437,42
#SOLDIERS.CAESAR_Ant,#Dolabella_Ant,0,5,2,2896,437,42
#SOLDIERS.CAESAR_Ant,#GUARDS.CAESAR.0.1_Ant,0,5,2,2896,437,42
#SOLDIERS.CAESAR_Ant,#GUARDS.CAESAR.0.2_Ant,0,5,2,2896,437,42
#SOLDIERS.CAESAR_Ant,#GUARDS.CAESAR.1_Ant,0,5,2,2896,437,42
#SOLDIERS.CAESAR_Ant,#GUARDS.CAESAR_Ant,0,5,2,2896,437,42
#SOLDIERS.CAESAR_Ant,#Gallus_Ant,0,5,2,2896,437,42
#SOLDIERS.CAESAR_Ant,#Proculeius_Ant,0,5,2,2896,437,42
#SOLDIERS.CAESAR_Ant,#Seleucus_Ant,0,5,2,2896,437,42
