node1,node2,count
#ATTENDANTS.ANTONY_Ant,#Eros_Ant,1
#ATTENDANTS.CAESAR_Ant,#Countryman_Ant,1
#ATTENDANTS.CAESAR_Ant,#Dolabella_Ant,2
#ATTENDANTS.CAESAR_Ant,#GUARDS.CAESAR.0.1_Ant,1
#ATTENDANTS.CAESAR_Ant,#GUARDS.CAESAR.0.2_Ant,1
#ATTENDANTS.CAESAR_Ant,#GUARDS.CAESAR.1_Ant,1
#ATTENDANTS.CAESAR_Ant,#GUARDS.CAESAR_Ant,1
#ATTENDANTS.CAESAR_Ant,#Gallus_Ant,1
#ATTENDANTS.CAESAR_Ant,#Proculeius_Ant,1
#ATTENDANTS.CAESAR_Ant,#Seleucus_Ant,1
#ATTENDANTS.ROMAN_Ant,#MESSENGERS.CAESAR.1_Ant,1
#ATTENDANTS.ROMAN_Ant,#MESSENGERS.CAESAR.2_Ant,1
#ATTENDANTS_Ant,#CAPTAINS.0.1_Ant,1
#ATTENDANTS_Ant,#SERVANTS.ANTONY_Ant,1
#ATTENDANTS_Ant,#SOLDIERS.ANTONY.X.2_Ant,1
#ATTENDANTS_Ant,#SOLDIERS.ANTONY_Ant,1
#Agrippa_Ant,#ATTENDANTS.CAESAR_Ant,1
#Agrippa_Ant,#ATTENDANTS.OCTAVIA_Ant,1
#Agrippa_Ant,#Ambassador_Ant,1
#Agrippa_Ant,#Boy_Ant,1
#Agrippa_Ant,#CAPTAINS_Ant,1
#Agrippa_Ant,#Dolabella_Ant,3
#Agrippa_Ant,#Egyptian_Ant,1
#Agrippa_Ant,#Eros_Ant,1
#Agrippa_Ant,#GUARDS.Dercetus_Ant,1
#Agrippa_Ant,#Gallus_Ant,1
#Agrippa_Ant,#Lepidus_JC,5
#Agrippa_Ant,#MESSENGERS.X.5_Ant,1
#Agrippa_Ant,#Maecenas_Ant,7
#Agrippa_Ant,#Menas_Ant,2
#Agrippa_Ant,#Octavia_Ant,2
#Agrippa_Ant,#Octavius_JC,9
#Agrippa_Ant,#Pompey_Ant,2
#Agrippa_Ant,#Proculeius_Ant,1
#Agrippa_Ant,#SERVANTS.0.1_Ant,1
#Agrippa_Ant,#SERVANTS.0.2_Ant,1
#Agrippa_Ant,#SERVANTS_Ant,1
#Agrippa_Ant,#SOLDIERS.CAESAR.X.1_Ant,1
#Agrippa_Ant,#SOLDIERS.CAESAR_Ant,2
#Agrippa_Ant,#SOLDIERS_Ant,1
#Agrippa_Ant,#Scarus_Ant,1
#Agrippa_Ant,#Thidias_Ant,1
#Agrippa_Ant,#Ventidius_Ant,1
#Alexas_Ant,#Antony_JC,3
#Alexas_Ant,#Charmian_Ant,6
#Alexas_Ant,#Cleopatra_Ant,6
#Alexas_Ant,#Demetrius_Ant,1
#Alexas_Ant,#EUNUCHS_Ant,1
#Alexas_Ant,#Enobarbus_Ant,1
#Alexas_Ant,#Iras_Ant,6
#Alexas_Ant,#MESSENGERS.ANTONY.1_Ant,1
#Alexas_Ant,#MESSENGERS.ANTONY.2_Ant,1
#Alexas_Ant,#MESSENGERS.ANTONY.3_Ant,1
#Alexas_Ant,#MESSENGERS.X.1_Ant,1
#Alexas_Ant,#MESSENGERS.X.2_Ant,2
#Alexas_Ant,#Mardian_Ant,4
#Alexas_Ant,#Philo_Ant,1
#Alexas_Ant,#SERVANTS.Lamprius_Ant,1
#Alexas_Ant,#SERVANTS.Lucillius_Ant,1
#Alexas_Ant,#SERVANTS.Rannius_Ant,1
#Alexas_Ant,#Soothsayer_Ant,1
#Ambassador_Ant,#ATTENDANTS.CAESAR_Ant,1
#Ambassador_Ant,#Dolabella_Ant,1
#Ambassador_Ant,#SERVANTS.X.1_Ant,1
#Ambassador_Ant,#SERVANTS.X.2_Ant,1
#Ambassador_Ant,#Thidias_Ant,2
#Antony_JC,#ATTENDANTS.ANTONY_Ant,1
#Antony_JC,#ATTENDANTS_Ant,2
#Antony_JC,#Agrippa_Ant,5
#Antony_JC,#Ambassador_Ant,1
#Antony_JC,#Boy_Ant,1
#Antony_JC,#CAPTAINS.0.1_Ant,1
#Antony_JC,#CAPTAINS_Ant,2
#Antony_JC,#Canidius_Ant,1
#Antony_JC,#Charmian_Ant,8
#Antony_JC,#Cleopatra_Ant,11
#Antony_JC,#Demetrius_Ant,1
#Antony_JC,#Diomedes_Ant,2
#Antony_JC,#EUNUCHS_Ant,1
#Antony_JC,#Enobarbus_Ant,9
#Antony_JC,#Eros_Ant,5
#Antony_JC,#GUARDS.0.1_Ant,1
#Antony_JC,#GUARDS.0.2_Ant,1
#Antony_JC,#GUARDS.0.3_Ant,1
#Antony_JC,#GUARDS.Dercetus_Ant,1
#Antony_JC,#GUARDS_Ant,2
#Antony_JC,#Iras_Ant,7
#Antony_JC,#LADIES_Ant,1
#Antony_JC,#Lepidus_JC,4
#Antony_JC,#MESSENGERS.ANTONY.1_Ant,1
#Antony_JC,#MESSENGERS.ANTONY.2_Ant,1
#Antony_JC,#MESSENGERS.ANTONY.3_Ant,1
#Antony_JC,#MESSENGERS.X.1_Ant,1
#Antony_JC,#MESSENGERS.X.3_Ant,1
#Antony_JC,#MESSENGERS.X.4_Ant,1
#Antony_JC,#Maecenas_Ant,3
#Antony_JC,#Mardian_Ant,3
#Antony_JC,#Menas_Ant,2
#Antony_JC,#Octavia_Ant,3
#Antony_JC,#Octavius_JC,5
#Antony_JC,#Philo_Ant,1
#Antony_JC,#Pompey_Ant,2
#Antony_JC,#SERVANTS.0.1_Ant,1
#Antony_JC,#SERVANTS.0.2_Ant,1
#Antony_JC,#SERVANTS.ANTONY_Ant,1
#Antony_JC,#SERVANTS.Lamprius_Ant,1
#Antony_JC,#SERVANTS.Lucillius_Ant,1
#Antony_JC,#SERVANTS.Rannius_Ant,1
#Antony_JC,#SERVANTS.X.1_Ant,1
#Antony_JC,#SERVANTS.X.2_Ant,1
#Antony_JC,#SERVANTS_Ant,3
#Antony_JC,#SOLDIERS.ANTONY.X.1_Ant,1
#Antony_JC,#SOLDIERS.ANTONY.X.2_Ant,1
#Antony_JC,#SOLDIERS.ANTONY.X.3_Ant,1
#Antony_JC,#SOLDIERS.ANTONY_Ant,3
#Antony_JC,#SOLDIERS.CAESAR_Ant,1
#Antony_JC,#SOLDIERS_Ant,1
#Antony_JC,#Scarus_Ant,4
#Antony_JC,#Soothsayer_Ant,2
#Antony_JC,#Thidias_Ant,1
#Antony_JC,#Ventidius_Ant,2
#Boy_Ant,#CAPTAINS_Ant,1
#Boy_Ant,#SERVANTS.0.1_Ant,1
#Boy_Ant,#SERVANTS.0.2_Ant,1
#Boy_Ant,#SERVANTS_Ant,1
#CAPTAINS.0.1_Ant,#SOLDIERS.ANTONY.X.2_Ant,1
#CAPTAINS.0.1_Ant,#SOLDIERS.ANTONY_Ant,1
#CAPTAINS_Ant,#ATTENDANTS_Ant,1
#CAPTAINS_Ant,#CAPTAINS.0.1_Ant,1
#CAPTAINS_Ant,#Eros_Ant,1
#CAPTAINS_Ant,#SERVANTS.0.1_Ant,1
#CAPTAINS_Ant,#SERVANTS.0.2_Ant,1
#CAPTAINS_Ant,#SERVANTS_Ant,1
#CAPTAINS_Ant,#SOLDIERS.ANTONY.X.2_Ant,1
#CAPTAINS_Ant,#SOLDIERS.ANTONY_Ant,1
#Canidius_Ant,#MESSENGERS.X.3_Ant,1
#Canidius_Ant,#MESSENGERS.X.4_Ant,1
#Canidius_Ant,#SOLDIERS.ANTONY.X.1_Ant,1
#Canidius_Ant,#Scarus_Ant,1
#Charmian_Ant,#ATTENDANTS.ANTONY_Ant,1
#Charmian_Ant,#ATTENDANTS.CAESAR_Ant,1
#Charmian_Ant,#ATTENDANTS_Ant,2
#Charmian_Ant,#Ambassador_Ant,1
#Charmian_Ant,#CAPTAINS.0.1_Ant,1
#Charmian_Ant,#CAPTAINS_Ant,1
#Charmian_Ant,#Cleopatra_Ant,13
#Charmian_Ant,#Countryman_Ant,1
#Charmian_Ant,#Demetrius_Ant,1
#Charmian_Ant,#Diomedes_Ant,1
#Charmian_Ant,#Dolabella_Ant,1
#Charmian_Ant,#EUNUCHS_Ant,1
#Charmian_Ant,#Enobarbus_Ant,3
#Charmian_Ant,#Eros_Ant,2
#Charmian_Ant,#GUARDS.CAESAR.0.1_Ant,1
#Charmian_Ant,#GUARDS.CAESAR.0.2_Ant,1
#Charmian_Ant,#GUARDS.CAESAR.1_Ant,1
#Charmian_Ant,#GUARDS.CAESAR_Ant,1
#Charmian_Ant,#GUARDS_Ant,1
#Charmian_Ant,#Gallus_Ant,1
#Charmian_Ant,#Iras_Ant,12
#Charmian_Ant,#LADIES_Ant,1
#Charmian_Ant,#MESSENGERS.ANTONY.1_Ant,1
#Charmian_Ant,#MESSENGERS.ANTONY.2_Ant,1
#Charmian_Ant,#MESSENGERS.ANTONY.3_Ant,1
#Charmian_Ant,#MESSENGERS.X.1_Ant,1
#Charmian_Ant,#MESSENGERS.X.2_Ant,2
#Charmian_Ant,#Maecenas_Ant,1
#Charmian_Ant,#Mardian_Ant,5
#Charmian_Ant,#Octavius_JC,1
#Charmian_Ant,#Philo_Ant,1
#Charmian_Ant,#Proculeius_Ant,1
#Charmian_Ant,#SERVANTS.ANTONY_Ant,1
#Charmian_Ant,#SERVANTS.Lamprius_Ant,1
#Charmian_Ant,#SERVANTS.Lucillius_Ant,1
#Charmian_Ant,#SERVANTS.Rannius_Ant,1
#Charmian_Ant,#SERVANTS.X.1_Ant,1
#Charmian_Ant,#SERVANTS.X.2_Ant,1
#Charmian_Ant,#SERVANTS_Ant,2
#Charmian_Ant,#SOLDIERS.ANTONY.X.2_Ant,1
#Charmian_Ant,#SOLDIERS.ANTONY_Ant,1
#Charmian_Ant,#SOLDIERS.CAESAR_Ant,1
#Charmian_Ant,#Seleucus_Ant,1
#Charmian_Ant,#Soothsayer_Ant,1
#Charmian_Ant,#Thidias_Ant,1
#Cleopatra_Ant,#ATTENDANTS.ANTONY_Ant,1
#Cleopatra_Ant,#ATTENDANTS.CAESAR_Ant,1
#Cleopatra_Ant,#ATTENDANTS_Ant,2
#Cleopatra_Ant,#Ambassador_Ant,1
#Cleopatra_Ant,#CAPTAINS.0.1_Ant,1
#Cleopatra_Ant,#CAPTAINS_Ant,1
#Cleopatra_Ant,#Canidius_Ant,1
#Cleopatra_Ant,#Countryman_Ant,1
#Cleopatra_Ant,#Demetrius_Ant,1
#Cleopatra_Ant,#Diomedes_Ant,1
#Cleopatra_Ant,#Dolabella_Ant,1
#Cleopatra_Ant,#EUNUCHS_Ant,1
#Cleopatra_Ant,#Enobarbus_Ant,4
#Cleopatra_Ant,#Eros_Ant,2
#Cleopatra_Ant,#GUARDS.CAESAR.0.1_Ant,1
#Cleopatra_Ant,#GUARDS.CAESAR.0.2_Ant,1
#Cleopatra_Ant,#GUARDS.CAESAR.1_Ant,1
#Cleopatra_Ant,#GUARDS.CAESAR_Ant,1
#Cleopatra_Ant,#GUARDS_Ant,1
#Cleopatra_Ant,#Gallus_Ant,1
#Cleopatra_Ant,#Iras_Ant,12
#Cleopatra_Ant,#LADIES_Ant,1
#Cleopatra_Ant,#MESSENGERS.ANTONY.1_Ant,1
#Cleopatra_Ant,#MESSENGERS.ANTONY.2_Ant,1
#Cleopatra_Ant,#MESSENGERS.ANTONY.3_Ant,1
#Cleopatra_Ant,#MESSENGERS.X.1_Ant,1
#Cleopatra_Ant,#MESSENGERS.X.2_Ant,2
#Cleopatra_Ant,#MESSENGERS.X.3_Ant,1
#Cleopatra_Ant,#MESSENGERS.X.4_Ant,1
#Cleopatra_Ant,#Maecenas_Ant,1
#Cleopatra_Ant,#Mardian_Ant,5
#Cleopatra_Ant,#Octavius_JC,1
#Cleopatra_Ant,#Philo_Ant,1
#Cleopatra_Ant,#Proculeius_Ant,1
#Cleopatra_Ant,#SERVANTS.ANTONY_Ant,1
#Cleopatra_Ant,#SERVANTS.Lamprius_Ant,1
#Cleopatra_Ant,#SERVANTS.Lucillius_Ant,1
#Cleopatra_Ant,#SERVANTS.Rannius_Ant,1
#Cleopatra_Ant,#SERVANTS.X.1_Ant,1
#Cleopatra_Ant,#SERVANTS.X.2_Ant,1
#Cleopatra_Ant,#SERVANTS_Ant,2
#Cleopatra_Ant,#SOLDIERS.ANTONY.X.1_Ant,1
#Cleopatra_Ant,#SOLDIERS.ANTONY.X.2_Ant,1
#Cleopatra_Ant,#SOLDIERS.ANTONY_Ant,2
#Cleopatra_Ant,#SOLDIERS.CAESAR_Ant,1
#Cleopatra_Ant,#Scarus_Ant,2
#Cleopatra_Ant,#Seleucus_Ant,1
#Cleopatra_Ant,#Soothsayer_Ant,1
#Cleopatra_Ant,#Thidias_Ant,1
#Countryman_Ant,#Dolabella_Ant,1
#Countryman_Ant,#GUARDS.CAESAR.0.1_Ant,1
#Countryman_Ant,#GUARDS.CAESAR.0.2_Ant,1
#Countryman_Ant,#GUARDS.CAESAR.1_Ant,1
#Countryman_Ant,#GUARDS.CAESAR_Ant,1
#Countryman_Ant,#Gallus_Ant,1
#Countryman_Ant,#Proculeius_Ant,1
#Countryman_Ant,#Seleucus_Ant,1
#Demetrius_Ant,#EUNUCHS_Ant,1
#Demetrius_Ant,#Iras_Ant,1
#Demetrius_Ant,#MESSENGERS.X.1_Ant,1
#Demetrius_Ant,#Mardian_Ant,1
#Demetrius_Ant,#Philo_Ant,1
#Diomedes_Ant,#GUARDS.0.1_Ant,1
#Diomedes_Ant,#GUARDS.0.2_Ant,1
#Diomedes_Ant,#GUARDS.0.3_Ant,1
#Diomedes_Ant,#GUARDS.Dercetus_Ant,1
#Diomedes_Ant,#GUARDS_Ant,2
#Diomedes_Ant,#LADIES_Ant,1
#Dolabella_Ant,#Egyptian_Ant,1
#Dolabella_Ant,#GUARDS.CAESAR.0.1_Ant,1
#Dolabella_Ant,#GUARDS.CAESAR.0.2_Ant,1
#Dolabella_Ant,#GUARDS.CAESAR.1_Ant,1
#Dolabella_Ant,#GUARDS.CAESAR_Ant,1
#Dolabella_Ant,#Gallus_Ant,2
#Dolabella_Ant,#MESSENGERS.X.5_Ant,1
#Dolabella_Ant,#Proculeius_Ant,2
#Dolabella_Ant,#SOLDIERS.CAESAR.X.1_Ant,1
#Dolabella_Ant,#Seleucus_Ant,1
#EUNUCHS_Ant,#Iras_Ant,1
#EUNUCHS_Ant,#MESSENGERS.X.1_Ant,1
#EUNUCHS_Ant,#Mardian_Ant,1
#EUNUCHS_Ant,#Philo_Ant,1
#Enobarbus_Ant,#ATTENDANTS_Ant,1
#Enobarbus_Ant,#Agrippa_Ant,5
#Enobarbus_Ant,#Ambassador_Ant,1
#Enobarbus_Ant,#Boy_Ant,1
#Enobarbus_Ant,#CAPTAINS_Ant,1
#Enobarbus_Ant,#Canidius_Ant,2
#Enobarbus_Ant,#Dolabella_Ant,1
#Enobarbus_Ant,#Eros_Ant,1
#Enobarbus_Ant,#Lepidus_JC,4
#Enobarbus_Ant,#MESSENGERS.ANTONY.1_Ant,1
#Enobarbus_Ant,#MESSENGERS.ANTONY.2_Ant,1
#Enobarbus_Ant,#MESSENGERS.ANTONY.3_Ant,1
#Enobarbus_Ant,#MESSENGERS.X.3_Ant,1
#Enobarbus_Ant,#MESSENGERS.X.4_Ant,1
#Enobarbus_Ant,#MESSENGERS.X.5_Ant,1
#Enobarbus_Ant,#Maecenas_Ant,3
#Enobarbus_Ant,#Menas_Ant,2
#Enobarbus_Ant,#Octavia_Ant,1
#Enobarbus_Ant,#Octavius_JC,5
#Enobarbus_Ant,#Pompey_Ant,2
#Enobarbus_Ant,#SERVANTS.0.1_Ant,1
#Enobarbus_Ant,#SERVANTS.0.2_Ant,1
#Enobarbus_Ant,#SERVANTS.ANTONY_Ant,1
#Enobarbus_Ant,#SERVANTS.Lamprius_Ant,1
#Enobarbus_Ant,#SERVANTS.Lucillius_Ant,1
#Enobarbus_Ant,#SERVANTS.Rannius_Ant,1
#Enobarbus_Ant,#SERVANTS.X.1_Ant,1
#Enobarbus_Ant,#SERVANTS.X.2_Ant,1
#Enobarbus_Ant,#SERVANTS_Ant,3
#Enobarbus_Ant,#SOLDIERS.ANTONY.X.1_Ant,1
#Enobarbus_Ant,#SOLDIERS.CAESAR.X.1_Ant,1
#Enobarbus_Ant,#SOLDIERS_Ant,1
#Enobarbus_Ant,#Scarus_Ant,1
#Enobarbus_Ant,#Soothsayer_Ant,1
#Enobarbus_Ant,#Thidias_Ant,1
#Enobarbus_Ant,#Ventidius_Ant,1
#Enobarbus_Ant,#WATCHMEN.1_Ant,1
#Enobarbus_Ant,#WATCHMEN.2_Ant,1
#Enobarbus_Ant,#WATCHMEN.Sentry_Ant,1
#Eros_Ant,#ATTENDANTS_Ant,1
#Eros_Ant,#CAPTAINS.0.1_Ant,1
#Eros_Ant,#Diomedes_Ant,1
#Eros_Ant,#GUARDS.0.1_Ant,1
#Eros_Ant,#GUARDS.0.2_Ant,1
#Eros_Ant,#GUARDS.0.3_Ant,1
#Eros_Ant,#GUARDS.Dercetus_Ant,1
#Eros_Ant,#GUARDS_Ant,1
#Eros_Ant,#SOLDIERS.ANTONY.X.2_Ant,1
#Eros_Ant,#SOLDIERS.ANTONY.X.3_Ant,1
#Eros_Ant,#SOLDIERS.ANTONY_Ant,1
#Eros_Ant,#SOLDIERS.CAESAR_Ant,1
#Eros_Ant,#Scarus_Ant,1
#GUARDS.0.1_Ant,#GUARDS.0.2_Ant,1
#GUARDS.0.1_Ant,#GUARDS.0.3_Ant,1
#GUARDS.0.1_Ant,#GUARDS.Dercetus_Ant,1
#GUARDS.0.1_Ant,#GUARDS_Ant,1
#GUARDS.0.2_Ant,#GUARDS.0.3_Ant,1
#GUARDS.0.2_Ant,#GUARDS.Dercetus_Ant,1
#GUARDS.0.2_Ant,#GUARDS_Ant,1
#GUARDS.0.3_Ant,#GUARDS.Dercetus_Ant,1
#GUARDS.0.3_Ant,#GUARDS_Ant,1
#GUARDS.CAESAR.0.1_Ant,#GUARDS.CAESAR.0.2_Ant,1
#GUARDS.CAESAR.0.1_Ant,#GUARDS.CAESAR.1_Ant,1
#GUARDS.CAESAR.0.1_Ant,#GUARDS.CAESAR_Ant,1
#GUARDS.CAESAR.0.1_Ant,#Gallus_Ant,1
#GUARDS.CAESAR.0.1_Ant,#Proculeius_Ant,1
#GUARDS.CAESAR.0.1_Ant,#Seleucus_Ant,1
#GUARDS.CAESAR.0.2_Ant,#GUARDS.CAESAR.1_Ant,1
#GUARDS.CAESAR.0.2_Ant,#GUARDS.CAESAR_Ant,1
#GUARDS.CAESAR.0.2_Ant,#Gallus_Ant,1
#GUARDS.CAESAR.0.2_Ant,#Proculeius_Ant,1
#GUARDS.CAESAR.0.2_Ant,#Seleucus_Ant,1
#GUARDS.CAESAR.1_Ant,#GUARDS.CAESAR_Ant,1
#GUARDS.CAESAR.1_Ant,#Gallus_Ant,1
#GUARDS.CAESAR.1_Ant,#Proculeius_Ant,1
#GUARDS.CAESAR.1_Ant,#Seleucus_Ant,1
#GUARDS.CAESAR_Ant,#Gallus_Ant,1
#GUARDS.CAESAR_Ant,#Proculeius_Ant,1
#GUARDS.CAESAR_Ant,#Seleucus_Ant,1
#GUARDS.Dercetus_Ant,#Dolabella_Ant,1
#GUARDS.Dercetus_Ant,#Egyptian_Ant,1
#GUARDS.Dercetus_Ant,#GUARDS_Ant,1
#GUARDS.Dercetus_Ant,#Gallus_Ant,1
#GUARDS.Dercetus_Ant,#Proculeius_Ant,1
#GUARDS_Ant,#LADIES_Ant,1
#Gallus_Ant,#Egyptian_Ant,1
#Gallus_Ant,#Proculeius_Ant,2
#Gallus_Ant,#Seleucus_Ant,1
#Iras_Ant,#ATTENDANTS.ANTONY_Ant,1
#Iras_Ant,#ATTENDANTS.CAESAR_Ant,1
#Iras_Ant,#ATTENDANTS_Ant,1
#Iras_Ant,#Ambassador_Ant,1
#Iras_Ant,#Countryman_Ant,1
#Iras_Ant,#Diomedes_Ant,1
#Iras_Ant,#Dolabella_Ant,1
#Iras_Ant,#Enobarbus_Ant,3
#Iras_Ant,#Eros_Ant,1
#Iras_Ant,#GUARDS.CAESAR.0.1_Ant,1
#Iras_Ant,#GUARDS.CAESAR.0.2_Ant,1
#Iras_Ant,#GUARDS.CAESAR.1_Ant,1
#Iras_Ant,#GUARDS.CAESAR_Ant,1
#Iras_Ant,#GUARDS_Ant,1
#Iras_Ant,#Gallus_Ant,1
#Iras_Ant,#LADIES_Ant,1
#Iras_Ant,#MESSENGERS.ANTONY.1_Ant,1
#Iras_Ant,#MESSENGERS.ANTONY.2_Ant,1
#Iras_Ant,#MESSENGERS.ANTONY.3_Ant,1
#Iras_Ant,#MESSENGERS.X.1_Ant,1
#Iras_Ant,#MESSENGERS.X.2_Ant,2
#Iras_Ant,#Maecenas_Ant,1
#Iras_Ant,#Mardian_Ant,5
#Iras_Ant,#Octavius_JC,1
#Iras_Ant,#Philo_Ant,1
#Iras_Ant,#Proculeius_Ant,1
#Iras_Ant,#SERVANTS.ANTONY_Ant,1
#Iras_Ant,#SERVANTS.Lamprius_Ant,1
#Iras_Ant,#SERVANTS.Lucillius_Ant,1
#Iras_Ant,#SERVANTS.Rannius_Ant,1
#Iras_Ant,#SERVANTS.X.1_Ant,1
#Iras_Ant,#SERVANTS.X.2_Ant,1
#Iras_Ant,#SERVANTS_Ant,2
#Iras_Ant,#SOLDIERS.CAESAR_Ant,1
#Iras_Ant,#Seleucus_Ant,1
#Iras_Ant,#Soothsayer_Ant,1
#Iras_Ant,#Thidias_Ant,1
#Lepidus_JC,#ATTENDANTS.ROMAN_Ant,1
#Lepidus_JC,#Boy_Ant,1
#Lepidus_JC,#CAPTAINS_Ant,1
#Lepidus_JC,#MESSENGERS.CAESAR.1_Ant,1
#Lepidus_JC,#MESSENGERS.CAESAR.2_Ant,1
#Lepidus_JC,#Maecenas_Ant,4
#Lepidus_JC,#Menas_Ant,2
#Lepidus_JC,#Octavia_Ant,1
#Lepidus_JC,#Octavius_JC,5
#Lepidus_JC,#Pompey_Ant,2
#Lepidus_JC,#SERVANTS.0.1_Ant,1
#Lepidus_JC,#SERVANTS.0.2_Ant,1
#Lepidus_JC,#SERVANTS_Ant,1
#Lepidus_JC,#SOLDIERS_Ant,1
#Lepidus_JC,#Ventidius_Ant,1
#MESSENGERS.ANTONY.1_Ant,#MESSENGERS.ANTONY.2_Ant,1
#MESSENGERS.ANTONY.1_Ant,#MESSENGERS.ANTONY.3_Ant,1
#MESSENGERS.ANTONY.1_Ant,#SERVANTS.Lamprius_Ant,1
#MESSENGERS.ANTONY.1_Ant,#SERVANTS.Lucillius_Ant,1
#MESSENGERS.ANTONY.1_Ant,#SERVANTS.Rannius_Ant,1
#MESSENGERS.ANTONY.1_Ant,#Soothsayer_Ant,1
#MESSENGERS.ANTONY.2_Ant,#MESSENGERS.ANTONY.3_Ant,1
#MESSENGERS.ANTONY.2_Ant,#SERVANTS.Lamprius_Ant,1
#MESSENGERS.ANTONY.2_Ant,#SERVANTS.Lucillius_Ant,1
#MESSENGERS.ANTONY.2_Ant,#SERVANTS.Rannius_Ant,1
#MESSENGERS.ANTONY.2_Ant,#Soothsayer_Ant,1
#MESSENGERS.ANTONY.3_Ant,#SERVANTS.Lamprius_Ant,1
#MESSENGERS.ANTONY.3_Ant,#SERVANTS.Lucillius_Ant,1
#MESSENGERS.ANTONY.3_Ant,#SERVANTS.Rannius_Ant,1
#MESSENGERS.ANTONY.3_Ant,#Soothsayer_Ant,1
#MESSENGERS.CAESAR.1_Ant,#MESSENGERS.CAESAR.2_Ant,1
#MESSENGERS.X.1_Ant,#Mardian_Ant,1
#MESSENGERS.X.1_Ant,#Philo_Ant,1
#MESSENGERS.X.3_Ant,#MESSENGERS.X.4_Ant,1
#MESSENGERS.X.3_Ant,#SOLDIERS.ANTONY.X.1_Ant,1
#MESSENGERS.X.4_Ant,#SOLDIERS.ANTONY.X.1_Ant,1
#MESSENGERS.X.5_Ant,#SOLDIERS.CAESAR.X.1_Ant,1
#Maecenas_Ant,#ATTENDANTS.CAESAR_Ant,1
#Maecenas_Ant,#ATTENDANTS.OCTAVIA_Ant,1
#Maecenas_Ant,#Boy_Ant,1
#Maecenas_Ant,#CAPTAINS_Ant,1
#Maecenas_Ant,#Countryman_Ant,1
#Maecenas_Ant,#Dolabella_Ant,2
#Maecenas_Ant,#Egyptian_Ant,1
#Maecenas_Ant,#GUARDS.CAESAR.0.1_Ant,1
#Maecenas_Ant,#GUARDS.CAESAR.0.2_Ant,1
#Maecenas_Ant,#GUARDS.CAESAR.1_Ant,1
#Maecenas_Ant,#GUARDS.CAESAR_Ant,1
#Maecenas_Ant,#GUARDS.Dercetus_Ant,1
#Maecenas_Ant,#Gallus_Ant,2
#Maecenas_Ant,#Menas_Ant,2
#Maecenas_Ant,#Octavia_Ant,1
#Maecenas_Ant,#Octavius_JC,7
#Maecenas_Ant,#Pompey_Ant,2
#Maecenas_Ant,#Proculeius_Ant,2
#Maecenas_Ant,#SERVANTS.0.1_Ant,1
#Maecenas_Ant,#SERVANTS.0.2_Ant,1
#Maecenas_Ant,#SERVANTS_Ant,1
#Maecenas_Ant,#SOLDIERS.CAESAR_Ant,2
#Maecenas_Ant,#SOLDIERS_Ant,1
#Maecenas_Ant,#Seleucus_Ant,1
#Maecenas_Ant,#Ventidius_Ant,1
#Mardian_Ant,#Diomedes_Ant,1
#Mardian_Ant,#Enobarbus_Ant,1
#Mardian_Ant,#Eros_Ant,1
#Mardian_Ant,#GUARDS.0.1_Ant,1
#Mardian_Ant,#GUARDS.0.2_Ant,1
#Mardian_Ant,#GUARDS.0.3_Ant,1
#Mardian_Ant,#GUARDS.Dercetus_Ant,1
#Mardian_Ant,#GUARDS_Ant,1
#Mardian_Ant,#MESSENGERS.ANTONY.1_Ant,1
#Mardian_Ant,#MESSENGERS.ANTONY.2_Ant,1
#Mardian_Ant,#MESSENGERS.ANTONY.3_Ant,1
#Mardian_Ant,#MESSENGERS.X.2_Ant,1
#Mardian_Ant,#Philo_Ant,1
#Mardian_Ant,#SERVANTS.Lamprius_Ant,1
#Mardian_Ant,#SERVANTS.Lucillius_Ant,1
#Mardian_Ant,#SERVANTS.Rannius_Ant,1
#Mardian_Ant,#Soothsayer_Ant,1
#Menas_Ant,#Boy_Ant,1
#Menas_Ant,#CAPTAINS_Ant,1
#Menas_Ant,#Menecrates_Ant,1
#Menas_Ant,#Pompey_Ant,3
#Menas_Ant,#SERVANTS.0.1_Ant,1
#Menas_Ant,#SERVANTS.0.2_Ant,1
#Menas_Ant,#SERVANTS_Ant,1
#Menas_Ant,#SOLDIERS_Ant,1
#Menas_Ant,#Varrius_Ant,1
#Menecrates_Ant,#Varrius_Ant,1
#Octavia_Ant,#ATTENDANTS.OCTAVIA_Ant,1
#Octavius_JC,#ATTENDANTS.CAESAR_Ant,2
#Octavius_JC,#ATTENDANTS.OCTAVIA_Ant,1
#Octavius_JC,#ATTENDANTS.ROMAN_Ant,1
#Octavius_JC,#Ambassador_Ant,1
#Octavius_JC,#Boy_Ant,1
#Octavius_JC,#CAPTAINS_Ant,1
#Octavius_JC,#Countryman_Ant,1
#Octavius_JC,#Dolabella_Ant,4
#Octavius_JC,#Egyptian_Ant,1
#Octavius_JC,#GUARDS.CAESAR.0.1_Ant,1
#Octavius_JC,#GUARDS.CAESAR.0.2_Ant,1
#Octavius_JC,#GUARDS.CAESAR.1_Ant,1
#Octavius_JC,#GUARDS.CAESAR_Ant,1
#Octavius_JC,#GUARDS.Dercetus_Ant,1
#Octavius_JC,#Gallus_Ant,2
#Octavius_JC,#MESSENGERS.CAESAR.1_Ant,1
#Octavius_JC,#MESSENGERS.CAESAR.2_Ant,1
#Octavius_JC,#MESSENGERS.X.5_Ant,1
#Octavius_JC,#Menas_Ant,2
#Octavius_JC,#Octavia_Ant,3
#Octavius_JC,#Pompey_Ant,2
#Octavius_JC,#Proculeius_Ant,2
#Octavius_JC,#SERVANTS.0.1_Ant,1
#Octavius_JC,#SERVANTS.0.2_Ant,1
#Octavius_JC,#SERVANTS_Ant,1
#Octavius_JC,#SOLDIERS.CAESAR.X.1_Ant,1
#Octavius_JC,#SOLDIERS.CAESAR_Ant,4
#Octavius_JC,#SOLDIERS_Ant,1
#Octavius_JC,#Seleucus_Ant,1
#Octavius_JC,#Taurus_Ant,1
#Octavius_JC,#Thidias_Ant,1
#Octavius_JC,#Ventidius_Ant,2
#Pompey_Ant,#Boy_Ant,1
#Pompey_Ant,#CAPTAINS_Ant,1
#Pompey_Ant,#Menecrates_Ant,1
#Pompey_Ant,#SERVANTS.0.1_Ant,1
#Pompey_Ant,#SERVANTS.0.2_Ant,1
#Pompey_Ant,#SERVANTS_Ant,1
#Pompey_Ant,#SOLDIERS_Ant,1
#Pompey_Ant,#Varrius_Ant,1
#Proculeius_Ant,#Egyptian_Ant,1
#Proculeius_Ant,#Seleucus_Ant,1
#SERVANTS.0.1_Ant,#SERVANTS.0.2_Ant,1
#SERVANTS.0.1_Ant,#SERVANTS_Ant,1
#SERVANTS.0.2_Ant,#SERVANTS_Ant,1
#SERVANTS.Lamprius_Ant,#SERVANTS.Lucillius_Ant,1
#SERVANTS.Lamprius_Ant,#SERVANTS.Rannius_Ant,1
#SERVANTS.Lamprius_Ant,#Soothsayer_Ant,1
#SERVANTS.Lucillius_Ant,#SERVANTS.Rannius_Ant,1
#SERVANTS.Lucillius_Ant,#Soothsayer_Ant,1
#SERVANTS.Rannius_Ant,#Soothsayer_Ant,1
#SERVANTS.X.1_Ant,#SERVANTS.X.2_Ant,1
#SERVANTS.X.1_Ant,#Thidias_Ant,1
#SERVANTS.X.2_Ant,#Thidias_Ant,1
#SERVANTS_Ant,#ATTENDANTS_Ant,1
#SERVANTS_Ant,#Ambassador_Ant,1
#SERVANTS_Ant,#SERVANTS.ANTONY_Ant,1
#SERVANTS_Ant,#SERVANTS.X.1_Ant,1
#SERVANTS_Ant,#SERVANTS.X.2_Ant,1
#SERVANTS_Ant,#Thidias_Ant,1
#SOLDIERS.ANTONY.0.1_Ant,#SOLDIERS.ANTONY.0.2_Ant,1
#SOLDIERS.ANTONY.0.1_Ant,#SOLDIERS.ANTONY.0.3_Ant,1
#SOLDIERS.ANTONY.0.1_Ant,#SOLDIERS.ANTONY.0.4_Ant,1
#SOLDIERS.ANTONY.0.1_Ant,#SOLDIERS.ANTONY.0_Ant,1
#SOLDIERS.ANTONY.0.2_Ant,#SOLDIERS.ANTONY.0.3_Ant,1
#SOLDIERS.ANTONY.0.2_Ant,#SOLDIERS.ANTONY.0.4_Ant,1
#SOLDIERS.ANTONY.0.2_Ant,#SOLDIERS.ANTONY.0_Ant,1
#SOLDIERS.ANTONY.0.3_Ant,#SOLDIERS.ANTONY.0.4_Ant,1
#SOLDIERS.ANTONY.0.3_Ant,#SOLDIERS.ANTONY.0_Ant,1
#SOLDIERS.ANTONY.0.4_Ant,#SOLDIERS.ANTONY.0_Ant,1
#SOLDIERS.ANTONY.X.2_Ant,#SOLDIERS.ANTONY_Ant,1
#SOLDIERS.ANTONY_Ant,#SOLDIERS.ANTONY.0.1_Ant,1
#SOLDIERS.ANTONY_Ant,#SOLDIERS.ANTONY.0.2_Ant,1
#SOLDIERS.ANTONY_Ant,#SOLDIERS.ANTONY.0.3_Ant,1
#SOLDIERS.ANTONY_Ant,#SOLDIERS.ANTONY.0.4_Ant,1
#SOLDIERS.ANTONY_Ant,#SOLDIERS.ANTONY.0_Ant,1
#SOLDIERS.ANTONY_Ant,#Scarus_Ant,2
#SOLDIERS.CAESAR_Ant,#ATTENDANTS.CAESAR_Ant,1
#SOLDIERS.CAESAR_Ant,#Countryman_Ant,1
#SOLDIERS.CAESAR_Ant,#Dolabella_Ant,1
#SOLDIERS.CAESAR_Ant,#GUARDS.CAESAR.0.1_Ant,1
#SOLDIERS.CAESAR_Ant,#GUARDS.CAESAR.0.2_Ant,1
#SOLDIERS.CAESAR_Ant,#GUARDS.CAESAR.1_Ant,1
#SOLDIERS.CAESAR_Ant,#GUARDS.CAESAR_Ant,1
#SOLDIERS.CAESAR_Ant,#Gallus_Ant,1
#SOLDIERS.CAESAR_Ant,#Proculeius_Ant,1
#SOLDIERS.CAESAR_Ant,#Scarus_Ant,1
#SOLDIERS.CAESAR_Ant,#Seleucus_Ant,1
#SOLDIERS.CAESAR_Ant,#Taurus_Ant,1
#SOLDIERS_Ant,#Silius_Ant,1
#Soothsayer_Ant,#Octavia_Ant,1
#Soothsayer_Ant,#Octavius_JC,1
#Soothsayer_Ant,#Ventidius_Ant,1
#Thidias_Ant,#ATTENDANTS.CAESAR_Ant,1
#Thidias_Ant,#Dolabella_Ant,1
#Ventidius_Ant,#Octavia_Ant,1
#Ventidius_Ant,#SOLDIERS_Ant,1
#Ventidius_Ant,#Silius_Ant,1
#WATCHMEN.1_Ant,#WATCHMEN.2_Ant,1
#WATCHMEN.1_Ant,#WATCHMEN.Sentry_Ant,1
#WATCHMEN.2_Ant,#WATCHMEN.Sentry_Ant,1
