source,target,n_lines,n_tokens,edge_type
#Adam_AYL,1.01.0002,6,46,active
#Adam_AYL,2.03.0026,54,430,active
#Adam_AYL,2.06.0031,3,24,active
#Adam_AYL,2.07.0037,2,13,active
#Audrey_AYL,3.03.0046,12,76,active
#Audrey_AYL,5.01.0064,4,26,active
#Audrey_AYL,5.01.0065,3,14,active
#Audrey_AYL,5.03.0071,3,25,active
#Audrey_AYL,5.03.0072,1,8,active
#Celia_AYL,1.02.0008,27,237,active
#Celia_AYL,1.02.0009,21,157,active
#Celia_AYL,1.02.0010,12,74,active
#Celia_AYL,1.02.0011,15,117,active
#Celia_AYL,1.02.0013,10,65,active
#Celia_AYL,1.03.0017,21,165,active
#Celia_AYL,1.03.0018,12,92,active
#Celia_AYL,1.03.0019,31,249,active
#Celia_AYL,2.04.0027,1,11,active
#Celia_AYL,2.04.0029,4,41,active
#Celia_AYL,3.02.0042,32,168,active
#Celia_AYL,3.02.0043,37,254,active
#Celia_AYL,3.02.0044,1,5,active
#Celia_AYL,3.04.0049,26,218,active
#Celia_AYL,3.04.0050,2,8,active
#Celia_AYL,4.01.0056,5,33,active
#Celia_AYL,4.01.0057,7,50,active
#Celia_AYL,4.03.0061,3,22,active
#Celia_AYL,4.03.0062,2,7,active
#Celia_AYL,4.03.0063,18,133,active
#Charles_AYL,1.01.0006,38,337,active
#Charles_AYL,1.02.0011,5,38,active
#Corin_AYL,2.04.0028,3,26,active
#Corin_AYL,2.04.0029,23,174,active
#Corin_AYL,3.02.0040,32,261,active
#Corin_AYL,3.02.0041,2,9,active
#Corin_AYL,3.04.0050,10,70,active
#Corin_AYL,5.01.0066,2,9,active
#Dennis_AYL,1.01.0004,3,17,active
#DukeFrederick_AYL,1.02.0011,15,96,active
#DukeFrederick_AYL,1.02.0012,9,63,active
#DukeFrederick_AYL,1.03.0018,25,178,active
#DukeFrederick_AYL,2.02.0023,3,24,active
#DukeFrederick_AYL,2.02.0025,5,38,active
#DukeFrederick_AYL,3.01.0038,16,130,active
#DukeSenior_AYL,2.01.0020,22,170,active
#DukeSenior_AYL,2.01.0021,3,18,active
#DukeSenior_AYL,2.01.0022,3,19,active
#DukeSenior_AYL,2.07.0032,2,17,active
#DukeSenior_AYL,2.07.0033,3,25,active
#DukeSenior_AYL,2.07.0034,12,84,active
#DukeSenior_AYL,2.07.0035,15,117,active
#DukeSenior_AYL,2.07.0036,4,24,active
#DukeSenior_AYL,2.07.0037,16,117,active
#DukeSenior_AYL,5.04.0073,2,15,active
#DukeSenior_AYL,5.04.0074,1,10,active
#DukeSenior_AYL,5.04.0075,2,14,active
#DukeSenior_AYL,5.04.0076,5,31,active
#DukeSenior_AYL,5.04.0077,3,26,active
#DukeSenior_AYL,5.04.0078,15,106,active
#DukeSenior_AYL,5.04.0079,2,15,active
#Hymen_AYL,5.04.0077,24,134,active
#Jaques_AYL,2.05.0030,41,283,active
#Jaques_AYL,2.07.0034,70,560,active
#Jaques_AYL,2.07.0035,5,29,active
#Jaques_AYL,2.07.0036,28,211,active
#Jaques_AYL,3.02.0044,21,150,active
#Jaques_AYL,3.03.0046,4,19,active
#Jaques_AYL,3.03.0047,11,78,active
#Jaques_AYL,4.01.0054,15,118,active
#Jaques_AYL,4.01.0055,2,12,active
#Jaques_AYL,4.02.0058,1,7,active
#Jaques_AYL,4.02.0059,5,36,active
#Jaques_AYL,4.02.0060,2,15,active
#Jaques_AYL,5.04.0076,19,126,active
#Jaques_AYL,5.04.0078,19,125,active
#LORDS.FREDERICK.0.1_AYL,2.02.0024,4,32,active
#LORDS.FREDERICK.0.2_AYL,2.02.0025,9,63,active
#LORDS.FREDERICK.LeBeau_AYL,1.02.0010,22,182,active
#LORDS.FREDERICK.LeBeau_AYL,1.02.0011,4,16,active
#LORDS.FREDERICK.LeBeau_AYL,1.02.0015,22,173,active
#LORDS.SENIOR.0.1_AYL,2.01.0021,39,285,active
#LORDS.SENIOR.0.1_AYL,2.01.0022,1,6,active
#LORDS.SENIOR.0.1_AYL,2.07.0033,2,17,active
#LORDS.SENIOR.0.1_AYL,2.07.0034,1,8,active
#LORDS.SENIOR.0.1_AYL,4.02.0059,1,4,active
#LORDS.SENIOR.0.2_AYL,2.01.0022,2,11,active
#LORDS.SENIOR.0.2_AYL,4.02.0060,4,21,active
#LORDS.SENIOR.Amiens_AYL,2.01.0020,3,24,active
#LORDS.SENIOR.Amiens_AYL,2.05.0030,28,148,active
#LORDS.SENIOR.Amiens_AYL,2.07.0037,20,106,active
#LORDS.SENIOR_AYL,2.05.0030,8,39,active
#OliverMartext_AYL,3.03.0047,4,19,active
#OliverMartext_AYL,3.03.0048,2,17,active
#Oliver_AYL,1.01.0002,14,88,active
#Oliver_AYL,1.01.0003,3,24,active
#Oliver_AYL,1.01.0004,3,14,active
#Oliver_AYL,1.01.0005,2,10,active
#Oliver_AYL,1.01.0006,29,237,active
#Oliver_AYL,1.01.0007,10,96,active
#Oliver_AYL,3.01.0038,2,17,active
#Oliver_AYL,4.03.0063,81,598,active
#Oliver_AYL,5.02.0067,8,76,active
#Oliver_AYL,5.02.0068,1,4,active
#Orlando_AYL,1.01.0001,25,234,active
#Orlando_AYL,1.01.0002,38,318,active
#Orlando_AYL,1.02.0011,21,179,active
#Orlando_AYL,1.02.0012,2,11,active
#Orlando_AYL,1.02.0013,6,52,active
#Orlando_AYL,1.02.0014,4,30,active
#Orlando_AYL,1.02.0015,4,34,active
#Orlando_AYL,1.02.0016,3,19,active
#Orlando_AYL,2.03.0026,23,180,active
#Orlando_AYL,2.06.0031,15,143,active
#Orlando_AYL,2.07.0035,31,249,active
#Orlando_AYL,2.07.0037,1,6,active
#Orlando_AYL,3.02.0039,10,78,active
#Orlando_AYL,3.02.0044,20,139,active
#Orlando_AYL,3.02.0045,30,188,active
#Orlando_AYL,4.01.0055,1,6,active
#Orlando_AYL,4.01.0056,39,218,active
#Orlando_AYL,5.02.0067,4,34,active
#Orlando_AYL,5.02.0068,4,32,active
#Orlando_AYL,5.02.0069,12,91,active
#Orlando_AYL,5.02.0070,6,37,active
#Orlando_AYL,5.04.0073,2,18,active
#Orlando_AYL,5.04.0074,1,9,active
#Orlando_AYL,5.04.0075,7,55,active
#Orlando_AYL,5.04.0077,1,10,active
#Phoebe_AYL,3.05.0052,28,220,active
#Phoebe_AYL,3.05.0053,48,380,active
#Phoebe_AYL,5.02.0070,8,52,active
#Phoebe_AYL,5.04.0074,2,13,active
#Phoebe_AYL,5.04.0077,4,29,active
#Rosalind_AYL,1.02.0008,17,123,active
#Rosalind_AYL,1.02.0009,5,30,active
#Rosalind_AYL,1.02.0010,11,71,active
#Rosalind_AYL,1.02.0011,13,80,active
#Rosalind_AYL,1.02.0013,15,102,active
#Rosalind_AYL,1.03.0017,16,111,active
#Rosalind_AYL,1.03.0018,19,138,active
#Rosalind_AYL,1.03.0019,21,150,active
#Rosalind_AYL,2.04.0027,8,58,active
#Rosalind_AYL,2.04.0028,2,14,active
#Rosalind_AYL,2.04.0029,17,119,active
#Rosalind_AYL,3.02.0041,16,99,active
#Rosalind_AYL,3.02.0042,6,30,active
#Rosalind_AYL,3.02.0043,53,402,active
#Rosalind_AYL,3.02.0044,1,7,active
#Rosalind_AYL,3.02.0045,115,905,active
#Rosalind_AYL,3.04.0049,17,122,active
#Rosalind_AYL,3.04.0050,5,30,active
#Rosalind_AYL,3.05.0052,44,369,active
#Rosalind_AYL,4.01.0054,17,104,active
#Rosalind_AYL,4.01.0055,6,47,active
#Rosalind_AYL,4.01.0056,128,964,active
#Rosalind_AYL,4.01.0057,11,101,active
#Rosalind_AYL,4.03.0061,2,14,active
#Rosalind_AYL,4.03.0062,57,429,active
#Rosalind_AYL,4.03.0063,16,99,active
#Rosalind_AYL,5.02.0068,2,4,active
#Rosalind_AYL,5.02.0069,47,387,active
#Rosalind_AYL,5.02.0070,26,181,active
#Rosalind_AYL,5.04.0074,17,134,active
#Rosalind_AYL,5.04.0077,6,45,active
#Rosalind_AYL,6.00.0080,22,227,active
#SERVANTS.1_AYL,5.03.0072,30,213,active
#SERVANTS.2_AYL,5.03.0072,27,196,active
#SecondBrother_AYL,5.04.0078,17,128,active
#Silvius_AYL,2.04.0028,19,137,active
#Silvius_AYL,3.05.0051,8,58,active
#Silvius_AYL,3.05.0052,5,33,active
#Silvius_AYL,3.05.0053,17,117,active
#Silvius_AYL,4.03.0062,14,96,active
#Silvius_AYL,5.02.0070,12,89,active
#Silvius_AYL,5.04.0074,1,10,active
#Touchstone_AYL,1.02.0009,20,157,active
#Touchstone_AYL,1.02.0010,7,46,active
#Touchstone_AYL,2.04.0027,9,71,active
#Touchstone_AYL,2.04.0029,17,135,active
#Touchstone_AYL,3.02.0040,43,352,active
#Touchstone_AYL,3.02.0041,21,124,active
#Touchstone_AYL,3.02.0042,3,19,active
#Touchstone_AYL,3.03.0046,46,385,active
#Touchstone_AYL,3.03.0047,28,194,active
#Touchstone_AYL,5.01.0064,5,33,active
#Touchstone_AYL,5.01.0065,37,332,active
#Touchstone_AYL,5.01.0066,2,8,active
#Touchstone_AYL,5.03.0071,2,11,active
#Touchstone_AYL,5.03.0072,8,56,active
#Touchstone_AYL,5.04.0076,52,451,active
#William_AYL,5.01.0065,11,41,active
1.01.0001,#Adam_AYL,25,234,passive
1.01.0002,#Adam_AYL,52,406,passive
1.01.0002,#Oliver_AYL,44,364,passive
1.01.0002,#Orlando_AYL,20,134,passive
1.01.0004,#Dennis_AYL,3,14,passive
1.01.0004,#Oliver_AYL,3,17,passive
1.01.0006,#Charles_AYL,29,237,passive
1.01.0006,#Oliver_AYL,38,337,passive
1.02.0008,#Celia_AYL,17,123,passive
1.02.0008,#Rosalind_AYL,27,237,passive
1.02.0009,#Celia_AYL,25,187,passive
1.02.0009,#Rosalind_AYL,41,314,passive
1.02.0009,#Touchstone_AYL,26,187,passive
1.02.0010,#Celia_AYL,40,299,passive
1.02.0010,#LORDS.FREDERICK.LeBeau_AYL,30,191,passive
1.02.0010,#Rosalind_AYL,41,302,passive
1.02.0010,#Touchstone_AYL,45,327,passive
1.02.0011,#ATTENDANTS_AYL,73,526,passive
1.02.0011,#Celia_AYL,58,409,passive
1.02.0011,#Charles_AYL,68,488,passive
1.02.0011,#DukeFrederick_AYL,58,430,passive
1.02.0011,#LORDS.FREDERICK.LeBeau_AYL,69,510,passive
1.02.0011,#LORDS.FREDERICK_AYL,73,526,passive
1.02.0011,#Orlando_AYL,52,347,passive
1.02.0011,#Rosalind_AYL,60,446,passive
1.02.0011,#Touchstone_AYL,73,526,passive
1.02.0012,#ATTENDANTS_AYL,11,74,passive
1.02.0012,#Celia_AYL,11,74,passive
1.02.0012,#DukeFrederick_AYL,2,11,passive
1.02.0012,#LORDS.FREDERICK.LeBeau_AYL,11,74,passive
1.02.0012,#LORDS.FREDERICK_AYL,11,74,passive
1.02.0012,#Orlando_AYL,9,63,passive
1.02.0012,#Rosalind_AYL,11,74,passive
1.02.0012,#Touchstone_AYL,11,74,passive
1.02.0013,#Celia_AYL,21,154,passive
1.02.0013,#Orlando_AYL,25,167,passive
1.02.0013,#Rosalind_AYL,16,117,passive
1.02.0015,#LORDS.FREDERICK.LeBeau_AYL,4,34,passive
1.02.0015,#Orlando_AYL,22,173,passive
1.03.0017,#Celia_AYL,16,111,passive
1.03.0017,#Rosalind_AYL,21,165,passive
1.03.0018,#Celia_AYL,44,316,passive
1.03.0018,#DukeFrederick_AYL,31,230,passive
1.03.0018,#LORDS.FREDERICK_AYL,56,408,passive
1.03.0018,#Rosalind_AYL,37,270,passive
1.03.0019,#Celia_AYL,21,150,passive
1.03.0019,#Rosalind_AYL,31,249,passive
2.01.0020,#DukeSenior_AYL,3,24,passive
2.01.0020,#LORDS.SENIOR.Amiens_AYL,22,170,passive
2.01.0020,#LORDS.SENIOR_AYL,25,194,passive
2.01.0021,#DukeSenior_AYL,39,285,passive
2.01.0021,#LORDS.SENIOR.0.1_AYL,3,18,passive
2.01.0021,#LORDS.SENIOR.Amiens_AYL,42,303,passive
2.01.0021,#LORDS.SENIOR_AYL,42,303,passive
2.01.0022,#DukeSenior_AYL,3,17,passive
2.01.0022,#LORDS.SENIOR.0.1_AYL,5,30,passive
2.01.0022,#LORDS.SENIOR.0.2_AYL,4,25,passive
2.01.0022,#LORDS.SENIOR.Amiens_AYL,6,36,passive
2.01.0022,#LORDS.SENIOR_AYL,6,36,passive
2.02.0023,#LORDS.FREDERICK_AYL,3,24,passive
2.02.0024,#DukeFrederick_AYL,4,32,passive
2.02.0024,#LORDS.FREDERICK_AYL,4,32,passive
2.02.0025,#DukeFrederick_AYL,9,63,passive
2.02.0025,#LORDS.FREDERICK.0.1_AYL,14,101,passive
2.02.0025,#LORDS.FREDERICK.0.2_AYL,5,38,passive
2.02.0025,#LORDS.FREDERICK_AYL,14,101,passive
2.03.0026,#Adam_AYL,23,180,passive
2.03.0026,#Orlando_AYL,54,430,passive
2.04.0027,#Celia_AYL,17,129,passive
2.04.0027,#Rosalind_AYL,10,82,passive
2.04.0027,#Touchstone_AYL,9,69,passive
2.04.0028,#Celia_AYL,24,177,passive
2.04.0028,#Corin_AYL,21,151,passive
2.04.0028,#Rosalind_AYL,22,163,passive
2.04.0028,#Silvius_AYL,5,40,passive
2.04.0028,#Touchstone_AYL,24,177,passive
2.04.0029,#Celia_AYL,57,428,passive
2.04.0029,#Corin_AYL,38,295,passive
2.04.0029,#Rosalind_AYL,44,350,passive
2.04.0029,#Touchstone_AYL,44,334,passive
2.05.0030,#Jaques_AYL,20,109,passive
2.05.0030,#LORDS.SENIOR.Amiens_AYL,33,244,passive
2.05.0030,#LORDS.SENIOR_AYL,53,353,passive
2.06.0031,#Adam_AYL,15,143,passive
2.06.0031,#Orlando_AYL,3,24,passive
2.07.0032,#LORDS.SENIOR.Amiens_AYL,2,17,passive
2.07.0032,#LORDS.SENIOR_AYL,2,17,passive
2.07.0033,#DukeSenior_AYL,2,17,passive
2.07.0033,#LORDS.SENIOR.0.1_AYL,3,25,passive
2.07.0033,#LORDS.SENIOR.Amiens_AYL,5,42,passive
2.07.0033,#LORDS.SENIOR_AYL,5,42,passive
2.07.0034,#DukeSenior_AYL,71,568,passive
2.07.0034,#Jaques_AYL,13,92,passive
2.07.0034,#LORDS.SENIOR.0.1_AYL,82,644,passive
2.07.0034,#LORDS.SENIOR.Amiens_AYL,83,652,passive
2.07.0034,#LORDS.SENIOR_AYL,83,652,passive
2.07.0035,#DukeSenior_AYL,36,278,passive
2.07.0035,#Jaques_AYL,46,366,passive
2.07.0035,#LORDS.SENIOR.0.1_AYL,51,395,passive
2.07.0035,#LORDS.SENIOR.Amiens_AYL,51,395,passive
2.07.0035,#LORDS.SENIOR_AYL,51,395,passive
2.07.0035,#Orlando_AYL,20,146,passive
2.07.0036,#DukeSenior_AYL,28,211,passive
2.07.0036,#Jaques_AYL,4,24,passive
2.07.0036,#LORDS.SENIOR.0.1_AYL,32,235,passive
2.07.0036,#LORDS.SENIOR.Amiens_AYL,32,235,passive
2.07.0036,#LORDS.SENIOR_AYL,32,235,passive
2.07.0037,#Adam_AYL,37,229,passive
2.07.0037,#DukeSenior_AYL,23,125,passive
2.07.0037,#Jaques_AYL,39,242,passive
2.07.0037,#LORDS.SENIOR.0.1_AYL,39,242,passive
2.07.0037,#LORDS.SENIOR.Amiens_AYL,19,136,passive
2.07.0037,#LORDS.SENIOR_AYL,39,242,passive
2.07.0037,#Orlando_AYL,38,236,passive
3.01.0038,#DukeFrederick_AYL,2,17,passive
3.01.0038,#LORDS.FREDERICK_AYL,18,147,passive
3.01.0038,#Oliver_AYL,16,130,passive
3.02.0040,#Corin_AYL,43,352,passive
3.02.0040,#Touchstone_AYL,32,261,passive
3.02.0041,#Corin_AYL,37,223,passive
3.02.0041,#Rosalind_AYL,23,133,passive
3.02.0041,#Touchstone_AYL,18,108,passive
3.02.0042,#Celia_AYL,9,49,passive
3.02.0042,#Corin_AYL,41,217,passive
3.02.0042,#Rosalind_AYL,35,187,passive
3.02.0042,#Touchstone_AYL,38,198,passive
3.02.0043,#Celia_AYL,53,402,passive
3.02.0043,#Rosalind_AYL,37,254,passive
3.02.0044,#Celia_AYL,42,296,passive
3.02.0044,#Jaques_AYL,22,151,passive
3.02.0044,#Orlando_AYL,23,162,passive
3.02.0044,#Rosalind_AYL,42,294,passive
3.02.0045,#Celia_AYL,145,1093,passive
3.02.0045,#Orlando_AYL,115,905,passive
3.02.0045,#Rosalind_AYL,30,188,passive
3.03.0046,#Audrey_AYL,50,404,passive
3.03.0046,#Jaques_AYL,58,461,passive
3.03.0046,#Touchstone_AYL,16,95,passive
3.03.0047,#Audrey_AYL,43,291,passive
3.03.0047,#Jaques_AYL,32,213,passive
3.03.0047,#OliverMartext_AYL,39,272,passive
3.03.0047,#Touchstone_AYL,15,97,passive
3.04.0049,#Celia_AYL,17,122,passive
3.04.0049,#Rosalind_AYL,26,218,passive
3.04.0050,#Celia_AYL,15,100,passive
3.04.0050,#Corin_AYL,7,38,passive
3.04.0050,#Rosalind_AYL,12,78,passive
3.05.0051,#Phoebe_AYL,8,58,passive
3.05.0052,#Celia_AYL,77,622,passive
3.05.0052,#Corin_AYL,77,622,passive
3.05.0052,#Phoebe_AYL,49,402,passive
3.05.0052,#Rosalind_AYL,33,253,passive
3.05.0052,#Silvius_AYL,72,589,passive
3.05.0053,#Phoebe_AYL,17,117,passive
3.05.0053,#Silvius_AYL,48,380,passive
4.01.0054,#Celia_AYL,32,222,passive
4.01.0054,#Jaques_AYL,17,104,passive
4.01.0054,#Rosalind_AYL,15,118,passive
4.01.0055,#Celia_AYL,9,65,passive
4.01.0055,#Jaques_AYL,7,53,passive
4.01.0055,#Orlando_AYL,8,59,passive
4.01.0055,#Rosalind_AYL,3,18,passive
4.01.0056,#Celia_AYL,167,1182,passive
4.01.0056,#Orlando_AYL,133,997,passive
4.01.0056,#Rosalind_AYL,44,251,passive
4.01.0057,#Celia_AYL,11,101,passive
4.01.0057,#Rosalind_AYL,7,50,passive
4.02.0058,#LORDS.SENIOR_AYL,1,7,passive
4.02.0059,#Jaques_AYL,1,4,passive
4.02.0059,#LORDS.SENIOR.0.1_AYL,5,36,passive
4.02.0059,#LORDS.SENIOR_AYL,6,40,passive
4.02.0060,#Jaques_AYL,4,21,passive
4.02.0060,#LORDS.SENIOR.0.1_AYL,6,36,passive
4.02.0060,#LORDS.SENIOR.0.2_AYL,2,15,passive
4.02.0060,#LORDS.SENIOR_AYL,6,36,passive
4.03.0061,#Celia_AYL,2,14,passive
4.03.0061,#Rosalind_AYL,3,22,passive
4.03.0062,#Celia_AYL,71,525,passive
4.03.0062,#Rosalind_AYL,16,103,passive
4.03.0062,#Silvius_AYL,59,436,passive
4.03.0063,#Celia_AYL,97,697,passive
4.03.0063,#Oliver_AYL,34,232,passive
4.03.0063,#Rosalind_AYL,99,731,passive
5.01.0064,#Audrey_AYL,5,33,passive
5.01.0064,#Touchstone_AYL,4,26,passive
5.01.0065,#Audrey_AYL,48,373,passive
5.01.0065,#Touchstone_AYL,14,55,passive
5.01.0065,#William_AYL,40,346,passive
5.01.0066,#Audrey_AYL,4,17,passive
5.01.0066,#Corin_AYL,2,8,passive
5.01.0066,#Touchstone_AYL,2,9,passive
5.02.0067,#Oliver_AYL,4,34,passive
5.02.0067,#Orlando_AYL,8,76,passive
5.02.0068,#Oliver_AYL,6,36,passive
5.02.0068,#Orlando_AYL,3,8,passive
5.02.0068,#Rosalind_AYL,5,36,passive
5.02.0069,#Orlando_AYL,47,387,passive
5.02.0069,#Rosalind_AYL,12,91,passive
5.02.0070,#Orlando_AYL,46,322,passive
5.02.0070,#Phoebe_AYL,44,307,passive
5.02.0070,#Rosalind_AYL,26,178,passive
5.02.0070,#Silvius_AYL,40,270,passive
5.03.0071,#Audrey_AYL,2,11,passive
5.03.0071,#Touchstone_AYL,3,25,passive
5.03.0072,#Audrey_AYL,41,292,passive
5.03.0072,#SERVANTS.1_AYL,12,87,passive
5.03.0072,#SERVANTS.2_AYL,15,104,passive
5.03.0072,#Touchstone_AYL,34,244,passive
5.04.0073,#Celia_AYL,4,33,passive
5.04.0073,#DukeSenior_AYL,2,18,passive
5.04.0073,#Jaques_AYL,4,33,passive
5.04.0073,#LORDS.SENIOR.Amiens_AYL,4,33,passive
5.04.0073,#Oliver_AYL,4,33,passive
5.04.0073,#Orlando_AYL,2,15,passive
5.04.0074,#Celia_AYL,22,176,passive
5.04.0074,#DukeSenior_AYL,21,166,passive
5.04.0074,#Jaques_AYL,22,176,passive
5.04.0074,#LORDS.SENIOR.Amiens_AYL,22,176,passive
5.04.0074,#Oliver_AYL,22,176,passive
5.04.0074,#Orlando_AYL,21,167,passive
5.04.0074,#Phoebe_AYL,20,163,passive
5.04.0074,#Rosalind_AYL,5,42,passive
5.04.0074,#Silvius_AYL,21,166,passive
5.04.0075,#DukeSenior_AYL,7,55,passive
5.04.0075,#Jaques_AYL,9,69,passive
5.04.0075,#LORDS.SENIOR.Amiens_AYL,9,69,passive
5.04.0075,#Oliver_AYL,9,69,passive
5.04.0075,#Orlando_AYL,2,14,passive
5.04.0075,#Phoebe_AYL,9,69,passive
5.04.0075,#Silvius_AYL,9,69,passive
5.04.0076,#Audrey_AYL,76,608,passive
5.04.0076,#DukeSenior_AYL,71,577,passive
5.04.0076,#Jaques_AYL,57,482,passive
5.04.0076,#LORDS.SENIOR.Amiens_AYL,76,608,passive
5.04.0076,#Oliver_AYL,76,608,passive
5.04.0076,#Orlando_AYL,76,608,passive
5.04.0076,#Phoebe_AYL,76,608,passive
5.04.0076,#Silvius_AYL,76,608,passive
5.04.0076,#Touchstone_AYL,24,157,passive
5.04.0077,#Audrey_AYL,38,244,passive
5.04.0077,#Celia_AYL,38,244,passive
5.04.0077,#DukeSenior_AYL,35,218,passive
5.04.0077,#Hymen_AYL,14,110,passive
5.04.0077,#Jaques_AYL,38,244,passive
5.04.0077,#LORDS.SENIOR.Amiens_AYL,38,244,passive
5.04.0077,#Oliver_AYL,38,244,passive
5.04.0077,#Orlando_AYL,37,234,passive
5.04.0077,#Phoebe_AYL,34,215,passive
5.04.0077,#Rosalind_AYL,32,199,passive
5.04.0077,#Silvius_AYL,38,244,passive
5.04.0077,#Touchstone_AYL,38,244,passive
5.04.0078,#Audrey_AYL,51,359,passive
5.04.0078,#Celia_AYL,51,359,passive
5.04.0078,#DukeSenior_AYL,36,253,passive
5.04.0078,#Hymen_AYL,51,359,passive
5.04.0078,#Jaques_AYL,32,234,passive
5.04.0078,#LORDS.SENIOR.Amiens_AYL,51,359,passive
5.04.0078,#Oliver_AYL,51,359,passive
5.04.0078,#Orlando_AYL,51,359,passive
5.04.0078,#Phoebe_AYL,51,359,passive
5.04.0078,#Rosalind_AYL,51,359,passive
5.04.0078,#SecondBrother_AYL,34,231,passive
5.04.0078,#Silvius_AYL,51,359,passive
5.04.0078,#Touchstone_AYL,51,359,passive
5.04.0079,#Audrey_AYL,2,15,passive
5.04.0079,#Celia_AYL,2,15,passive
5.04.0079,#Hymen_AYL,2,15,passive
5.04.0079,#LORDS.SENIOR.Amiens_AYL,2,15,passive
5.04.0079,#Oliver_AYL,2,15,passive
5.04.0079,#Orlando_AYL,2,15,passive
5.04.0079,#Phoebe_AYL,2,15,passive
5.04.0079,#Rosalind_AYL,2,15,passive
5.04.0079,#SecondBrother_AYL,2,15,passive
5.04.0079,#Silvius_AYL,2,15,passive
5.04.0079,#Touchstone_AYL,2,15,passive
