act,scene,stagegroup,speaker,onstage,n_tokens,n_lines
1,1,1,#CITIZENS.ROMAN.0.1_Cor,#CITIZENS.ROMAN.0.1_Cor #CITIZENS.ROMAN_Cor,45,8
1,1,1,#CITIZENS.ROMAN_Cor,#CITIZENS.ROMAN.0.1_Cor #CITIZENS.ROMAN_Cor,21,4
1,1,2,#CITIZENS.ROMAN.0.1_Cor,#CITIZENS.ROMAN.0.1_Cor #CITIZENS.ROMAN.0.2_Cor #CITIZENS.ROMAN_Cor,204,25
1,1,2,#CITIZENS.ROMAN.0.2_Cor,#CITIZENS.ROMAN.0.1_Cor #CITIZENS.ROMAN.0.2_Cor #CITIZENS.ROMAN_Cor,48,9
1,1,2,#CITIZENS.ROMAN_Cor,#CITIZENS.ROMAN.0.1_Cor #CITIZENS.ROMAN.0.2_Cor #CITIZENS.ROMAN_Cor,12,3
1,1,3,#CITIZENS.ROMAN.0.1_Cor,#CITIZENS.ROMAN.0.1_Cor #CITIZENS.ROMAN.0.2_Cor #CITIZENS.ROMAN_Cor #Menenius_Cor,14,3
1,1,3,#CITIZENS.ROMAN.0.2_Cor,#CITIZENS.ROMAN.0.1_Cor #CITIZENS.ROMAN.0.2_Cor #CITIZENS.ROMAN_Cor #Menenius_Cor,245,34
1,1,3,#Menenius_Cor,#CITIZENS.ROMAN.0.1_Cor #CITIZENS.ROMAN.0.2_Cor #CITIZENS.ROMAN_Cor #Menenius_Cor,641,86
1,1,4,#CITIZENS.ROMAN.0.2_Cor,#CITIZENS.ROMAN.0.1_Cor #CITIZENS.ROMAN.0.2_Cor #CITIZENS.ROMAN_Cor #Coriolanus_Cor #Menenius_Cor,6,1
1,1,4,#Coriolanus_Cor,#CITIZENS.ROMAN.0.1_Cor #CITIZENS.ROMAN.0.2_Cor #CITIZENS.ROMAN_Cor #Coriolanus_Cor #Menenius_Cor,434,63
1,1,4,#Menenius_Cor,#CITIZENS.ROMAN.0.1_Cor #CITIZENS.ROMAN.0.2_Cor #CITIZENS.ROMAN_Cor #Coriolanus_Cor #Menenius_Cor,50,9
1,1,5,#Coriolanus_Cor,#CITIZENS.ROMAN.0.1_Cor #CITIZENS.ROMAN.0.2_Cor #CITIZENS.ROMAN_Cor #Coriolanus_Cor #MESSENGERS.X.1_Cor #Menenius_Cor,19,3
1,1,5,#MESSENGERS.X.1_Cor,#CITIZENS.ROMAN.0.1_Cor #CITIZENS.ROMAN.0.2_Cor #CITIZENS.ROMAN_Cor #Coriolanus_Cor #MESSENGERS.X.1_Cor #Menenius_Cor,12,2
1,1,6,#Coriolanus_Cor,#CITIZENS.ROMAN.0.1_Cor #CITIZENS.ROMAN.0.2_Cor #CITIZENS.ROMAN_Cor #Cominius_Cor #Coriolanus_Cor #Lartius_Cor #MESSENGERS.X.1_Cor #Menenius_Cor #SENATORS.ROMAN_Cor #TRIBUNES.Brutus_Cor #TRIBUNES.Sicinius_Cor,4,1
1,1,7,#Cominius_Cor,#CITIZENS.ROMAN.0.1_Cor #CITIZENS.ROMAN.0.2_Cor #CITIZENS.ROMAN_Cor #Cominius_Cor #Coriolanus_Cor #Lartius_Cor #MESSENGERS.X.1_Cor #Menenius_Cor #SENATORS.ROMAN.0.1_Cor #SENATORS.ROMAN_Cor #TRIBUNES.Brutus_Cor #TRIBUNES.Sicinius_Cor,11,3
1,1,7,#Coriolanus_Cor,#CITIZENS.ROMAN.0.1_Cor #CITIZENS.ROMAN.0.2_Cor #CITIZENS.ROMAN_Cor #Cominius_Cor #Coriolanus_Cor #Lartius_Cor #MESSENGERS.X.1_Cor #Menenius_Cor #SENATORS.ROMAN.0.1_Cor #SENATORS.ROMAN_Cor #TRIBUNES.Brutus_Cor #TRIBUNES.Sicinius_Cor,107,16
1,1,7,#Lartius_Cor,#CITIZENS.ROMAN.0.1_Cor #CITIZENS.ROMAN.0.2_Cor #CITIZENS.ROMAN_Cor #Cominius_Cor #Coriolanus_Cor #Lartius_Cor #MESSENGERS.X.1_Cor #Menenius_Cor #SENATORS.ROMAN.0.1_Cor #SENATORS.ROMAN_Cor #TRIBUNES.Brutus_Cor #TRIBUNES.Sicinius_Cor,31,6
1,1,7,#Menenius_Cor,#CITIZENS.ROMAN.0.1_Cor #CITIZENS.ROMAN.0.2_Cor #CITIZENS.ROMAN_Cor #Cominius_Cor #Coriolanus_Cor #Lartius_Cor #MESSENGERS.X.1_Cor #Menenius_Cor #SENATORS.ROMAN.0.1_Cor #SENATORS.ROMAN_Cor #TRIBUNES.Brutus_Cor #TRIBUNES.Sicinius_Cor,3,1
1,1,7,#SENATORS.ROMAN.0.1_Cor,#CITIZENS.ROMAN.0.1_Cor #CITIZENS.ROMAN.0.2_Cor #CITIZENS.ROMAN_Cor #Cominius_Cor #Coriolanus_Cor #Lartius_Cor #MESSENGERS.X.1_Cor #Menenius_Cor #SENATORS.ROMAN.0.1_Cor #SENATORS.ROMAN_Cor #TRIBUNES.Brutus_Cor #TRIBUNES.Sicinius_Cor,41,7
1,1,8,#Coriolanus_Cor,#CITIZENS.ROMAN.0.1_Cor #CITIZENS.ROMAN.0.2_Cor #Cominius_Cor #Coriolanus_Cor #Lartius_Cor #MESSENGERS.X.1_Cor #Menenius_Cor #SENATORS.ROMAN.0.1_Cor #SENATORS.ROMAN_Cor #TRIBUNES.Brutus_Cor #TRIBUNES.Sicinius_Cor,9,2
1,1,9,#TRIBUNES.Brutus_Cor,#CITIZENS.ROMAN.0.1_Cor #CITIZENS.ROMAN.0.2_Cor #SENATORS.ROMAN.0.1_Cor #TRIBUNES.Brutus_Cor #TRIBUNES.Sicinius_Cor,124,19
1,1,9,#TRIBUNES.Sicinius_Cor,#CITIZENS.ROMAN.0.1_Cor #CITIZENS.ROMAN.0.2_Cor #SENATORS.ROMAN.0.1_Cor #TRIBUNES.Brutus_Cor #TRIBUNES.Sicinius_Cor,94,16
1,2,10,#Aufidius_Cor,#Aufidius_Cor #SENATORS.VOLSCIAN.0.1_Cor #SENATORS.VOLSCIAN_Cor,164,24
1,2,10,#SENATORS.VOLSCIAN.0.1_Cor,#Aufidius_Cor #SENATORS.VOLSCIAN.0.1_Cor #SENATORS.VOLSCIAN_Cor,36,6
1,2,11,#Aufidius_Cor,#Aufidius_Cor #SENATORS.VOLSCIAN.0.1_Cor #SENATORS.VOLSCIAN.0.2_Cor #SENATORS.VOLSCIAN_Cor,52,8
1,2,11,#SENATORS.VOLSCIAN.0.1_Cor,#Aufidius_Cor #SENATORS.VOLSCIAN.0.1_Cor #SENATORS.VOLSCIAN.0.2_Cor #SENATORS.VOLSCIAN_Cor,1,1
1,2,11,#SENATORS.VOLSCIAN.0.2_Cor,#Aufidius_Cor #SENATORS.VOLSCIAN.0.1_Cor #SENATORS.VOLSCIAN.0.2_Cor #SENATORS.VOLSCIAN_Cor,40,7
1,2,11,#SENATORS.VOLSCIAN_Cor,#Aufidius_Cor #SENATORS.VOLSCIAN.0.1_Cor #SENATORS.VOLSCIAN.0.2_Cor #SENATORS.VOLSCIAN_Cor,5,2
1,3,12,#Virgilia_Cor,#Virgilia_Cor #Volumnia_Cor,10,2
1,3,12,#Volumnia_Cor,#Virgilia_Cor #Volumnia_Cor,224,25
1,3,13,#Gentlewoman_Cor,#Gentlewoman_Cor #Virgilia_Cor #Volumnia_Cor,9,2
1,3,13,#Virgilia_Cor,#Gentlewoman_Cor #Virgilia_Cor #Volumnia_Cor,15,2
1,3,13,#Volumnia_Cor,#Gentlewoman_Cor #Virgilia_Cor #Volumnia_Cor,123,16
1,3,14,#Virgilia_Cor,#Virgilia_Cor #Volumnia_Cor,7,1
1,3,14,#Volumnia_Cor,#Virgilia_Cor #Volumnia_Cor,12,2
1,3,15,#Valeria_Cor,#Gentlewoman_Cor #Usher_Cor #Valeria_Cor #Virgilia_Cor #Volumnia_Cor,339,41
1,3,15,#Virgilia_Cor,#Gentlewoman_Cor #Usher_Cor #Valeria_Cor #Virgilia_Cor #Volumnia_Cor,116,17
1,3,15,#Volumnia_Cor,#Gentlewoman_Cor #Usher_Cor #Valeria_Cor #Virgilia_Cor #Volumnia_Cor,45,8
1,4,16,#Coriolanus_Cor,#Coriolanus_Cor #Lartius_Cor #MESSENGERS.X.2_Cor #SOLDIERS.ROMAN_Cor,64,10
1,4,16,#Lartius_Cor,#Coriolanus_Cor #Lartius_Cor #MESSENGERS.X.2_Cor #SOLDIERS.ROMAN_Cor,32,5
1,4,16,#MESSENGERS.X.2_Cor,#Coriolanus_Cor #Lartius_Cor #MESSENGERS.X.2_Cor #SOLDIERS.ROMAN_Cor,15,2
1,4,17,#Coriolanus_Cor,#Coriolanus_Cor #Lartius_Cor #MESSENGERS.X.2_Cor #SENATORS.VOLSCIAN_Cor #SOLDIERS.ROMAN_Cor,7,1
1,4,18,#SENATORS.VOLSCIAN.0.1_Cor,#Coriolanus_Cor #Lartius_Cor #MESSENGERS.X.2_Cor #SENATORS.VOLSCIAN.0.1_Cor #SENATORS.VOLSCIAN_Cor #SOLDIERS.ROMAN_Cor,66,11
1,4,19,#Coriolanus_Cor,#Coriolanus_Cor #Lartius_Cor #MESSENGERS.X.2_Cor #SENATORS.VOLSCIAN.0.1_Cor #SOLDIERS.ROMAN_Cor,5,1
1,4,19,#Lartius_Cor,#Coriolanus_Cor #Lartius_Cor #MESSENGERS.X.2_Cor #SENATORS.VOLSCIAN.0.1_Cor #SOLDIERS.ROMAN_Cor,7,1
1,4,20,#Coriolanus_Cor,#Coriolanus_Cor #Lartius_Cor #MESSENGERS.X.2_Cor #SENATORS.VOLSCIAN.0.1_Cor #SOLDIERS.ROMAN_Cor #SOLDIERS.VOLSCIAN_Cor,60,9
1,4,21,#Coriolanus_Cor,#Coriolanus_Cor #SENATORS.VOLSCIAN.0.1_Cor #SOLDIERS.ROMAN_Cor,118,14
1,4,22,#Coriolanus_Cor,#Coriolanus_Cor #SENATORS.VOLSCIAN.0.1_Cor #SOLDIERS.ROMAN_Cor #SOLDIERS.VOLSCIAN_Cor,27,4
1,4,23,#SOLDIERS.ROMAN.0.1_Cor,#SENATORS.VOLSCIAN.0.1_Cor #SOLDIERS.ROMAN.0.1_Cor #SOLDIERS.ROMAN_Cor,3,1
1,4,24,#SOLDIERS.ROMAN.0.1_Cor,#SENATORS.VOLSCIAN.0.1_Cor #SOLDIERS.ROMAN.0.1_Cor #SOLDIERS.ROMAN.0.2_Cor #SOLDIERS.ROMAN_Cor,6,1
1,4,24,#SOLDIERS.ROMAN.0.2_Cor,#SENATORS.VOLSCIAN.0.1_Cor #SOLDIERS.ROMAN.0.1_Cor #SOLDIERS.ROMAN.0.2_Cor #SOLDIERS.ROMAN_Cor,2,1
1,4,24,#SOLDIERS.ROMAN_Cor,#SENATORS.VOLSCIAN.0.1_Cor #SOLDIERS.ROMAN.0.1_Cor #SOLDIERS.ROMAN.0.2_Cor #SOLDIERS.ROMAN_Cor,6,1
1,4,25,#Lartius_Cor,#Lartius_Cor #SENATORS.VOLSCIAN.0.1_Cor #SOLDIERS.ROMAN.0.1_Cor #SOLDIERS.ROMAN.0.2_Cor #SOLDIERS.ROMAN_Cor,79,12
1,4,25,#SOLDIERS.ROMAN.0.1_Cor,#Lartius_Cor #SENATORS.VOLSCIAN.0.1_Cor #SOLDIERS.ROMAN.0.1_Cor #SOLDIERS.ROMAN.0.2_Cor #SOLDIERS.ROMAN_Cor,28,4
1,4,25,#SOLDIERS.ROMAN_Cor,#Lartius_Cor #SENATORS.VOLSCIAN.0.1_Cor #SOLDIERS.ROMAN.0.1_Cor #SOLDIERS.ROMAN.0.2_Cor #SOLDIERS.ROMAN_Cor,3,1
1,4,26,#Lartius_Cor,#Coriolanus_Cor #Lartius_Cor #SENATORS.VOLSCIAN.0.1_Cor #SOLDIERS.ROMAN.0.1_Cor #SOLDIERS.ROMAN.0.2_Cor #SOLDIERS.ROMAN_Cor #SOLDIERS.VOLSCIAN_Cor,11,2
1,4,26,#SOLDIERS.ROMAN.0.1_Cor,#Coriolanus_Cor #Lartius_Cor #SENATORS.VOLSCIAN.0.1_Cor #SOLDIERS.ROMAN.0.1_Cor #SOLDIERS.ROMAN.0.2_Cor #SOLDIERS.ROMAN_Cor #SOLDIERS.VOLSCIAN_Cor,2,1
1,5,27,#SOLDIERS.ROMAN.0.1_Cor,#SOLDIERS.ROMAN.0.1_Cor #SOLDIERS.ROMAN_Cor,6,1
1,5,28,#SOLDIERS.ROMAN.0.2_Cor,#SOLDIERS.ROMAN.0.1_Cor #SOLDIERS.ROMAN.0.2_Cor #SOLDIERS.ROMAN_Cor,3,1
1,5,29,#SOLDIERS.ROMAN.0.3_Cor,#SOLDIERS.ROMAN.0.1_Cor #SOLDIERS.ROMAN.0.2_Cor #SOLDIERS.ROMAN.0.3_Cor #SOLDIERS.ROMAN_Cor,9,1
1,5,30,#Coriolanus_Cor,#Coriolanus_Cor #Lartius_Cor #SOLDIERS.ROMAN.0.1_Cor #SOLDIERS.ROMAN.0.2_Cor #SOLDIERS.ROMAN.0.3_Cor #SOLDIERS.ROMAN.Trumpeter_Cor #SOLDIERS.ROMAN_Cor,44,5
1,5,31,#Coriolanus_Cor,#Coriolanus_Cor #Lartius_Cor #SOLDIERS.ROMAN.0.1_Cor #SOLDIERS.ROMAN.0.2_Cor #SOLDIERS.ROMAN.0.3_Cor #SOLDIERS.ROMAN.Trumpeter_Cor,89,13
1,5,31,#Lartius_Cor,#Coriolanus_Cor #Lartius_Cor #SOLDIERS.ROMAN.0.1_Cor #SOLDIERS.ROMAN.0.2_Cor #SOLDIERS.ROMAN.0.3_Cor #SOLDIERS.ROMAN.Trumpeter_Cor,44,8
1,5,32,#Lartius_Cor,#Lartius_Cor #SOLDIERS.ROMAN.0.1_Cor #SOLDIERS.ROMAN.0.2_Cor #SOLDIERS.ROMAN.0.3_Cor #SOLDIERS.ROMAN.Trumpeter_Cor,22,3
1,6,33,#Cominius_Cor,#Cominius_Cor #SOLDIERS.ROMAN_Cor,70,11
1,6,34,#Cominius_Cor,#Cominius_Cor #MESSENGERS.X.3_Cor #SOLDIERS.ROMAN_Cor,40,7
1,6,34,#MESSENGERS.X.3_Cor,#Cominius_Cor #MESSENGERS.X.3_Cor #SOLDIERS.ROMAN_Cor,62,9
1,6,35,#Cominius_Cor,#Cominius_Cor #Coriolanus_Cor #SOLDIERS.ROMAN_Cor,180,29
1,6,35,#Coriolanus_Cor,#Cominius_Cor #Coriolanus_Cor #SOLDIERS.ROMAN_Cor,372,51
1,7,36,#Lartius_Cor,#Lartius_Cor #SOLDIERS.ROMAN.Lieutenant_Cor #SOLDIERS.ROMAN.Scout_Cor #SOLDIERS.ROMAN_Cor,59,8
1,7,36,#SOLDIERS.ROMAN.Lieutenant_Cor,#Lartius_Cor #SOLDIERS.ROMAN.Lieutenant_Cor #SOLDIERS.ROMAN.Scout_Cor #SOLDIERS.ROMAN_Cor,5,1
1,8,37,#Aufidius_Cor,#Aufidius_Cor #Coriolanus_Cor,46,9
1,8,37,#Coriolanus_Cor,#Aufidius_Cor #Coriolanus_Cor,66,10
1,8,38,#Aufidius_Cor,#Aufidius_Cor #Coriolanus_Cor #SOLDIERS.VOLSCIAN_Cor,12,3
1,9,39,#Cominius_Cor,#Cominius_Cor #Coriolanus_Cor #SOLDIERS.ROMAN_Cor,88,12
1,9,40,#Cominius_Cor,#Cominius_Cor #Coriolanus_Cor #Lartius_Cor #SOLDIERS.ROMAN.0_Cor #SOLDIERS.ROMAN_Cor,325,44
1,9,40,#Coriolanus_Cor,#Cominius_Cor #Coriolanus_Cor #Lartius_Cor #SOLDIERS.ROMAN.0_Cor #SOLDIERS.ROMAN_Cor,320,44
1,9,40,#Lartius_Cor,#Cominius_Cor #Coriolanus_Cor #Lartius_Cor #SOLDIERS.ROMAN.0_Cor #SOLDIERS.ROMAN_Cor,19,5
1,9,40,#Lartius_Cor #SOLDIERS.ROMAN_Cor,#Cominius_Cor #Coriolanus_Cor #Lartius_Cor #SOLDIERS.ROMAN.0_Cor #SOLDIERS.ROMAN_Cor,3,1
1,10,41,#Aufidius_Cor,#Aufidius_Cor #SOLDIERS.VOLSCIAN_Cor,4,1
1,10,42,#Aufidius_Cor,#Aufidius_Cor #SOLDIERS.VOLSCIAN.0.1_Cor #SOLDIERS.VOLSCIAN_Cor,254,31
1,10,42,#SOLDIERS.VOLSCIAN.0.1_Cor,#Aufidius_Cor #SOLDIERS.VOLSCIAN.0.1_Cor #SOLDIERS.VOLSCIAN_Cor,17,4
2,1,43,#Menenius_Cor,#Menenius_Cor #TRIBUNES.Brutus_Cor #TRIBUNES.Sicinius_Cor,669,82
2,1,43,#TRIBUNES.Brutus_Cor,#Menenius_Cor #TRIBUNES.Brutus_Cor #TRIBUNES.Sicinius_Cor,63,9
2,1,43,#TRIBUNES.Brutus_Cor #TRIBUNES.Sicinius_Cor,#Menenius_Cor #TRIBUNES.Brutus_Cor #TRIBUNES.Sicinius_Cor,14,4
2,1,43,#TRIBUNES.Sicinius_Cor,#Menenius_Cor #TRIBUNES.Brutus_Cor #TRIBUNES.Sicinius_Cor,19,4
2,1,44,#Menenius_Cor,#Menenius_Cor #TRIBUNES.Brutus_Cor #TRIBUNES.Sicinius_Cor #Valeria_Cor #Virgilia_Cor #Volumnia_Cor,242,34
2,1,44,#Valeria_Cor,#Menenius_Cor #TRIBUNES.Brutus_Cor #TRIBUNES.Sicinius_Cor #Valeria_Cor #Virgilia_Cor #Volumnia_Cor,8,2
2,1,44,#Valeria_Cor #Virgilia_Cor,#Menenius_Cor #TRIBUNES.Brutus_Cor #TRIBUNES.Sicinius_Cor #Valeria_Cor #Virgilia_Cor #Volumnia_Cor,3,1
2,1,44,#Virgilia_Cor,#Menenius_Cor #TRIBUNES.Brutus_Cor #TRIBUNES.Sicinius_Cor #Valeria_Cor #Virgilia_Cor #Volumnia_Cor,19,3
2,1,44,#Volumnia_Cor,#Menenius_Cor #TRIBUNES.Brutus_Cor #TRIBUNES.Sicinius_Cor #Valeria_Cor #Virgilia_Cor #Volumnia_Cor,196,27
2,1,45,#Cominius_Cor,#Cominius_Cor #Coriolanus_Cor #Herald_Cor #Lartius_Cor #Menenius_Cor #SOLDIERS.ROMAN_Cor #TRIBUNES.Brutus_Cor #TRIBUNES.Sicinius_Cor #Valeria_Cor #Virgilia_Cor #Volumnia_Cor,10,3
2,1,45,#Coriolanus_Cor,#Cominius_Cor #Coriolanus_Cor #Herald_Cor #Lartius_Cor #Menenius_Cor #SOLDIERS.ROMAN_Cor #TRIBUNES.Brutus_Cor #TRIBUNES.Sicinius_Cor #Valeria_Cor #Virgilia_Cor #Volumnia_Cor,123,23
2,1,45,#Herald_Cor,#Cominius_Cor #Coriolanus_Cor #Herald_Cor #Lartius_Cor #Menenius_Cor #SOLDIERS.ROMAN_Cor #TRIBUNES.Brutus_Cor #TRIBUNES.Sicinius_Cor #Valeria_Cor #Virgilia_Cor #Volumnia_Cor,38,6
2,1,45,#Menenius_Cor,#Cominius_Cor #Coriolanus_Cor #Herald_Cor #Lartius_Cor #Menenius_Cor #SOLDIERS.ROMAN_Cor #TRIBUNES.Brutus_Cor #TRIBUNES.Sicinius_Cor #Valeria_Cor #Virgilia_Cor #Volumnia_Cor,86,12
2,1,45,#Menenius_Cor #Valeria_Cor #Virgilia_Cor #Volumnia_Cor,#Cominius_Cor #Coriolanus_Cor #Herald_Cor #Lartius_Cor #Menenius_Cor #SOLDIERS.ROMAN_Cor #TRIBUNES.Brutus_Cor #TRIBUNES.Sicinius_Cor #Valeria_Cor #Virgilia_Cor #Volumnia_Cor,5,1
2,1,45,#Volumnia_Cor,#Cominius_Cor #Coriolanus_Cor #Herald_Cor #Lartius_Cor #Menenius_Cor #SOLDIERS.ROMAN_Cor #TRIBUNES.Brutus_Cor #TRIBUNES.Sicinius_Cor #Valeria_Cor #Virgilia_Cor #Volumnia_Cor,75,12
2,1,46,#TRIBUNES.Brutus_Cor,#TRIBUNES.Brutus_Cor #TRIBUNES.Sicinius_Cor,292,42
2,1,46,#TRIBUNES.Sicinius_Cor,#TRIBUNES.Brutus_Cor #TRIBUNES.Sicinius_Cor,153,25
2,1,47,#MESSENGERS.X.4_Cor,#MESSENGERS.X.4_Cor #TRIBUNES.Brutus_Cor #TRIBUNES.Sicinius_Cor,71,9
2,1,47,#TRIBUNES.Brutus_Cor,#MESSENGERS.X.4_Cor #TRIBUNES.Brutus_Cor #TRIBUNES.Sicinius_Cor,22,4
2,1,47,#TRIBUNES.Sicinius_Cor,#MESSENGERS.X.4_Cor #TRIBUNES.Brutus_Cor #TRIBUNES.Sicinius_Cor,3,1
2,2,48,#OFFICERS.1_Cor,#OFFICERS.1_Cor #OFFICERS.2_Cor,111,14
2,2,48,#OFFICERS.2_Cor,#OFFICERS.1_Cor #OFFICERS.2_Cor,186,22
2,2,49,#Menenius_Cor,#Cominius_Cor #Coriolanus_Cor #LICTORS_Cor #Menenius_Cor #OFFICERS.1_Cor #OFFICERS.2_Cor #SENATORS.ROMAN_Cor #TRIBUNES.Brutus_Cor #TRIBUNES.Sicinius_Cor,80,13
2,2,50,#Coriolanus_Cor,#Cominius_Cor #Coriolanus_Cor #LICTORS_Cor #Menenius_Cor #OFFICERS.1_Cor #OFFICERS.2_Cor #SENATORS.ROMAN.0.1_Cor #SENATORS.ROMAN_Cor #TRIBUNES.Brutus_Cor #TRIBUNES.Sicinius_Cor,72,11
2,2,50,#Menenius_Cor,#Cominius_Cor #Coriolanus_Cor #LICTORS_Cor #Menenius_Cor #OFFICERS.1_Cor #OFFICERS.2_Cor #SENATORS.ROMAN.0.1_Cor #SENATORS.ROMAN_Cor #TRIBUNES.Brutus_Cor #TRIBUNES.Sicinius_Cor,40,8
2,2,50,#SENATORS.ROMAN.0.1_Cor,#Cominius_Cor #Coriolanus_Cor #LICTORS_Cor #Menenius_Cor #OFFICERS.1_Cor #OFFICERS.2_Cor #SENATORS.ROMAN.0.1_Cor #SENATORS.ROMAN_Cor #TRIBUNES.Brutus_Cor #TRIBUNES.Sicinius_Cor,59,10
2,2,50,#TRIBUNES.Brutus_Cor,#Cominius_Cor #Coriolanus_Cor #LICTORS_Cor #Menenius_Cor #OFFICERS.1_Cor #OFFICERS.2_Cor #SENATORS.ROMAN.0.1_Cor #SENATORS.ROMAN_Cor #TRIBUNES.Brutus_Cor #TRIBUNES.Sicinius_Cor,48,9
2,2,50,#TRIBUNES.Sicinius_Cor,#Cominius_Cor #Coriolanus_Cor #LICTORS_Cor #Menenius_Cor #OFFICERS.1_Cor #OFFICERS.2_Cor #SENATORS.ROMAN.0.1_Cor #SENATORS.ROMAN_Cor #TRIBUNES.Brutus_Cor #TRIBUNES.Sicinius_Cor,20,4
2,2,51,#Cominius_Cor,#Cominius_Cor #LICTORS_Cor #Menenius_Cor #OFFICERS.1_Cor #OFFICERS.2_Cor #SENATORS.ROMAN.0.1_Cor #SENATORS.ROMAN_Cor #TRIBUNES.Brutus_Cor #TRIBUNES.Sicinius_Cor,373,47
2,2,51,#Menenius_Cor,#Cominius_Cor #LICTORS_Cor #Menenius_Cor #OFFICERS.1_Cor #OFFICERS.2_Cor #SENATORS.ROMAN.0.1_Cor #SENATORS.ROMAN_Cor #TRIBUNES.Brutus_Cor #TRIBUNES.Sicinius_Cor,50,9
2,2,51,#OFFICERS.1_Cor,#Cominius_Cor #LICTORS_Cor #Menenius_Cor #OFFICERS.1_Cor #OFFICERS.2_Cor #SENATORS.ROMAN.0.1_Cor #SENATORS.ROMAN_Cor #TRIBUNES.Brutus_Cor #TRIBUNES.Sicinius_Cor,3,1
2,2,51,#SENATORS.ROMAN.0.1_Cor,#Cominius_Cor #LICTORS_Cor #Menenius_Cor #OFFICERS.1_Cor #OFFICERS.2_Cor #SENATORS.ROMAN.0.1_Cor #SENATORS.ROMAN_Cor #TRIBUNES.Brutus_Cor #TRIBUNES.Sicinius_Cor,14,3
2,2,52,#Coriolanus_Cor,#Cominius_Cor #Coriolanus_Cor #LICTORS_Cor #Menenius_Cor #OFFICERS.1_Cor #OFFICERS.2_Cor #SENATORS.ROMAN.0.1_Cor #SENATORS.ROMAN_Cor #TRIBUNES.Brutus_Cor #TRIBUNES.Sicinius_Cor,95,15
2,2,52,#Menenius_Cor,#Cominius_Cor #Coriolanus_Cor #LICTORS_Cor #Menenius_Cor #OFFICERS.1_Cor #OFFICERS.2_Cor #SENATORS.ROMAN.0.1_Cor #SENATORS.ROMAN_Cor #TRIBUNES.Brutus_Cor #TRIBUNES.Sicinius_Cor,74,12
2,2,52,#SENATORS.ROMAN_Cor,#Cominius_Cor #Coriolanus_Cor #LICTORS_Cor #Menenius_Cor #OFFICERS.1_Cor #OFFICERS.2_Cor #SENATORS.ROMAN.0.1_Cor #SENATORS.ROMAN_Cor #TRIBUNES.Brutus_Cor #TRIBUNES.Sicinius_Cor,7,1
2,2,52,#TRIBUNES.Brutus_Cor,#Cominius_Cor #Coriolanus_Cor #LICTORS_Cor #Menenius_Cor #OFFICERS.1_Cor #OFFICERS.2_Cor #SENATORS.ROMAN.0.1_Cor #SENATORS.ROMAN_Cor #TRIBUNES.Brutus_Cor #TRIBUNES.Sicinius_Cor,3,1
2,2,52,#TRIBUNES.Sicinius_Cor,#Cominius_Cor #Coriolanus_Cor #LICTORS_Cor #Menenius_Cor #OFFICERS.1_Cor #OFFICERS.2_Cor #SENATORS.ROMAN.0.1_Cor #SENATORS.ROMAN_Cor #TRIBUNES.Brutus_Cor #TRIBUNES.Sicinius_Cor,15,3
2,2,53,#TRIBUNES.Brutus_Cor,#SENATORS.ROMAN.0.1_Cor #TRIBUNES.Brutus_Cor #TRIBUNES.Sicinius_Cor,26,4
2,2,53,#TRIBUNES.Sicinius_Cor,#SENATORS.ROMAN.0.1_Cor #TRIBUNES.Brutus_Cor #TRIBUNES.Sicinius_Cor,23,3
2,3,54,#CITIZENS.ROMAN.1_Cor,#CITIZENS.ROMAN.1_Cor #CITIZENS.ROMAN.2_Cor #CITIZENS.ROMAN.3_Cor #CITIZENS.ROMAN.4_Cor #CITIZENS.ROMAN.5_Cor #CITIZENS.ROMAN.6_Cor #CITIZENS.ROMAN.7_Cor #CITIZENS.ROMAN.8_Cor,44,6
2,3,54,#CITIZENS.ROMAN.2_Cor,#CITIZENS.ROMAN.1_Cor #CITIZENS.ROMAN.2_Cor #CITIZENS.ROMAN.3_Cor #CITIZENS.ROMAN.4_Cor #CITIZENS.ROMAN.5_Cor #CITIZENS.ROMAN.6_Cor #CITIZENS.ROMAN.7_Cor #CITIZENS.ROMAN.8_Cor,31,6
2,3,54,#CITIZENS.ROMAN.3_Cor,#CITIZENS.ROMAN.1_Cor #CITIZENS.ROMAN.2_Cor #CITIZENS.ROMAN.3_Cor #CITIZENS.ROMAN.4_Cor #CITIZENS.ROMAN.5_Cor #CITIZENS.ROMAN.6_Cor #CITIZENS.ROMAN.7_Cor #CITIZENS.ROMAN.8_Cor,251,29
2,3,55,#CITIZENS.ROMAN.1_Cor #CITIZENS.ROMAN.2_Cor #CITIZENS.ROMAN.4_Cor #CITIZENS.ROMAN.5_Cor #CITIZENS.ROMAN.6_Cor #CITIZENS.ROMAN.7_Cor #CITIZENS.ROMAN.8_Cor,#CITIZENS.ROMAN.1_Cor #CITIZENS.ROMAN.2_Cor #CITIZENS.ROMAN.3_Cor #CITIZENS.ROMAN.4_Cor #CITIZENS.ROMAN.5_Cor #CITIZENS.ROMAN.6_Cor #CITIZENS.ROMAN.7_Cor #CITIZENS.ROMAN.8_Cor #Coriolanus_Cor #Menenius_Cor,2,1
2,3,55,#CITIZENS.ROMAN.3_Cor,#CITIZENS.ROMAN.1_Cor #CITIZENS.ROMAN.2_Cor #CITIZENS.ROMAN.3_Cor #CITIZENS.ROMAN.4_Cor #CITIZENS.ROMAN.5_Cor #CITIZENS.ROMAN.6_Cor #CITIZENS.ROMAN.7_Cor #CITIZENS.ROMAN.8_Cor #Coriolanus_Cor #Menenius_Cor,73,8
2,3,56,#Coriolanus_Cor,#Coriolanus_Cor #Menenius_Cor,66,9
2,3,56,#Menenius_Cor,#Coriolanus_Cor #Menenius_Cor,51,8
2,3,57,#Coriolanus_Cor,#Coriolanus_Cor,10,2
2,3,58,#CITIZENS.ROMAN.1_Cor,#CITIZENS.ROMAN.1_Cor #CITIZENS.ROMAN.2_Cor #CITIZENS.ROMAN.3_Cor #Coriolanus_Cor,7,1
2,3,58,#CITIZENS.ROMAN.2_Cor,#CITIZENS.ROMAN.1_Cor #CITIZENS.ROMAN.2_Cor #CITIZENS.ROMAN.3_Cor #Coriolanus_Cor,18,4
2,3,58,#CITIZENS.ROMAN.3_Cor,#CITIZENS.ROMAN.1_Cor #CITIZENS.ROMAN.2_Cor #CITIZENS.ROMAN.3_Cor #Coriolanus_Cor,35,6
2,3,58,#Coriolanus_Cor,#CITIZENS.ROMAN.1_Cor #CITIZENS.ROMAN.2_Cor #CITIZENS.ROMAN.3_Cor #Coriolanus_Cor,87,13
2,3,59,#CITIZENS.ROMAN.4_Cor,#CITIZENS.ROMAN.4_Cor #CITIZENS.ROMAN.5_Cor #Coriolanus_Cor,45,7
2,3,59,#CITIZENS.ROMAN.4_Cor #CITIZENS.ROMAN.5_Cor,#CITIZENS.ROMAN.4_Cor #CITIZENS.ROMAN.5_Cor #Coriolanus_Cor,7,1
2,3,59,#CITIZENS.ROMAN.5_Cor,#CITIZENS.ROMAN.4_Cor #CITIZENS.ROMAN.5_Cor #Coriolanus_Cor,14,2
2,3,59,#Coriolanus_Cor,#CITIZENS.ROMAN.4_Cor #CITIZENS.ROMAN.5_Cor #Coriolanus_Cor,141,18
2,3,60,#Coriolanus_Cor,#Coriolanus_Cor,107,13
2,3,61,#CITIZENS.ROMAN.6_Cor,#CITIZENS.ROMAN.6_Cor #CITIZENS.ROMAN.7_Cor #CITIZENS.ROMAN.8_Cor #Coriolanus_Cor,12,2
2,3,61,#CITIZENS.ROMAN.6_Cor #CITIZENS.ROMAN.7_Cor #CITIZENS.ROMAN.8_Cor,#CITIZENS.ROMAN.6_Cor #CITIZENS.ROMAN.7_Cor #CITIZENS.ROMAN.8_Cor #Coriolanus_Cor,7,1
2,3,61,#CITIZENS.ROMAN.7_Cor,#CITIZENS.ROMAN.6_Cor #CITIZENS.ROMAN.7_Cor #CITIZENS.ROMAN.8_Cor #Coriolanus_Cor,18,3
2,3,61,#Coriolanus_Cor,#CITIZENS.ROMAN.6_Cor #CITIZENS.ROMAN.7_Cor #CITIZENS.ROMAN.8_Cor #Coriolanus_Cor,52,8
2,3,62,#Coriolanus_Cor,#Coriolanus_Cor,2,1
2,3,63,#Coriolanus_Cor,#Coriolanus_Cor #Menenius_Cor #TRIBUNES.Brutus_Cor #TRIBUNES.Sicinius_Cor,26,5
2,3,63,#Menenius_Cor,#Coriolanus_Cor #Menenius_Cor #TRIBUNES.Brutus_Cor #TRIBUNES.Sicinius_Cor,34,5
2,3,63,#TRIBUNES.Brutus_Cor,#Coriolanus_Cor #Menenius_Cor #TRIBUNES.Brutus_Cor #TRIBUNES.Sicinius_Cor,6,1
2,3,63,#TRIBUNES.Sicinius_Cor,#Coriolanus_Cor #Menenius_Cor #TRIBUNES.Brutus_Cor #TRIBUNES.Sicinius_Cor,29,6
2,3,64,#TRIBUNES.Brutus_Cor,#TRIBUNES.Brutus_Cor #TRIBUNES.Sicinius_Cor,14,2
2,3,64,#TRIBUNES.Sicinius_Cor,#TRIBUNES.Brutus_Cor #TRIBUNES.Sicinius_Cor,14,2
2,3,65,#CITIZENS.ROMAN.1_Cor,#CITIZENS.ROMAN.1_Cor #CITIZENS.ROMAN.2_Cor #CITIZENS.ROMAN.3_Cor #CITIZENS.ROMAN.4_Cor #CITIZENS.ROMAN.5_Cor #CITIZENS.ROMAN.6_Cor #CITIZENS.ROMAN.7_Cor #CITIZENS.ROMAN.8_Cor #TRIBUNES.Brutus_Cor #TRIBUNES.Sicinius_Cor,26,3
2,3,65,#CITIZENS.ROMAN.1_Cor #CITIZENS.ROMAN.2_Cor #CITIZENS.ROMAN.3_Cor #CITIZENS.ROMAN.4_Cor #CITIZENS.ROMAN.5_Cor #CITIZENS.ROMAN.6_Cor #CITIZENS.ROMAN.7_Cor #CITIZENS.ROMAN.8_Cor,#CITIZENS.ROMAN.1_Cor #CITIZENS.ROMAN.2_Cor #CITIZENS.ROMAN.3_Cor #CITIZENS.ROMAN.4_Cor #CITIZENS.ROMAN.5_Cor #CITIZENS.ROMAN.6_Cor #CITIZENS.ROMAN.7_Cor #CITIZENS.ROMAN.8_Cor #TRIBUNES.Brutus_Cor #TRIBUNES.Sicinius_Cor,15,3
2,3,65,#CITIZENS.ROMAN.2_Cor,#CITIZENS.ROMAN.1_Cor #CITIZENS.ROMAN.2_Cor #CITIZENS.ROMAN.3_Cor #CITIZENS.ROMAN.4_Cor #CITIZENS.ROMAN.5_Cor #CITIZENS.ROMAN.6_Cor #CITIZENS.ROMAN.7_Cor #CITIZENS.ROMAN.8_Cor #TRIBUNES.Brutus_Cor #TRIBUNES.Sicinius_Cor,53,7
2,3,65,#CITIZENS.ROMAN.3_Cor,#CITIZENS.ROMAN.1_Cor #CITIZENS.ROMAN.2_Cor #CITIZENS.ROMAN.3_Cor #CITIZENS.ROMAN.4_Cor #CITIZENS.ROMAN.5_Cor #CITIZENS.ROMAN.6_Cor #CITIZENS.ROMAN.7_Cor #CITIZENS.ROMAN.8_Cor #TRIBUNES.Brutus_Cor #TRIBUNES.Sicinius_Cor,87,13
2,3,65,#TRIBUNES.Brutus_Cor,#CITIZENS.ROMAN.1_Cor #CITIZENS.ROMAN.2_Cor #CITIZENS.ROMAN.3_Cor #CITIZENS.ROMAN.4_Cor #CITIZENS.ROMAN.5_Cor #CITIZENS.ROMAN.6_Cor #CITIZENS.ROMAN.7_Cor #CITIZENS.ROMAN.8_Cor #TRIBUNES.Brutus_Cor #TRIBUNES.Sicinius_Cor,350,48
2,3,65,#TRIBUNES.Sicinius_Cor,#CITIZENS.ROMAN.1_Cor #CITIZENS.ROMAN.2_Cor #CITIZENS.ROMAN.3_Cor #CITIZENS.ROMAN.4_Cor #CITIZENS.ROMAN.5_Cor #CITIZENS.ROMAN.6_Cor #CITIZENS.ROMAN.7_Cor #CITIZENS.ROMAN.8_Cor #TRIBUNES.Brutus_Cor #TRIBUNES.Sicinius_Cor,288,41
2,3,66,#TRIBUNES.Brutus_Cor,#TRIBUNES.Brutus_Cor #TRIBUNES.Sicinius_Cor,38,6
2,3,66,#TRIBUNES.Sicinius_Cor,#TRIBUNES.Brutus_Cor #TRIBUNES.Sicinius_Cor,28,4
3,1,67,#Cominius_Cor,#Cominius_Cor #Coriolanus_Cor #Lartius_Cor #Menenius_Cor #SENATORS.ROMAN_Cor,18,3
3,1,67,#Coriolanus_Cor,#Cominius_Cor #Coriolanus_Cor #Lartius_Cor #Menenius_Cor #SENATORS.ROMAN_Cor,58,10
3,1,67,#Lartius_Cor,#Cominius_Cor #Coriolanus_Cor #Lartius_Cor #Menenius_Cor #SENATORS.ROMAN_Cor,81,12
3,1,68,#Cominius_Cor,#Cominius_Cor #Coriolanus_Cor #Lartius_Cor #Menenius_Cor #SENATORS.ROMAN_Cor #TRIBUNES.Brutus_Cor #TRIBUNES.Sicinius_Cor,9,1
3,1,68,#Coriolanus_Cor,#Cominius_Cor #Coriolanus_Cor #Lartius_Cor #Menenius_Cor #SENATORS.ROMAN_Cor #TRIBUNES.Brutus_Cor #TRIBUNES.Sicinius_Cor,42,8
3,1,68,#Menenius_Cor,#Cominius_Cor #Coriolanus_Cor #Lartius_Cor #Menenius_Cor #SENATORS.ROMAN_Cor #TRIBUNES.Brutus_Cor #TRIBUNES.Sicinius_Cor,2,1
3,1,68,#TRIBUNES.Brutus_Cor,#Cominius_Cor #Coriolanus_Cor #Lartius_Cor #Menenius_Cor #SENATORS.ROMAN_Cor #TRIBUNES.Brutus_Cor #TRIBUNES.Sicinius_Cor,11,2
3,1,68,#TRIBUNES.Sicinius_Cor,#Cominius_Cor #Coriolanus_Cor #Lartius_Cor #Menenius_Cor #SENATORS.ROMAN_Cor #TRIBUNES.Brutus_Cor #TRIBUNES.Sicinius_Cor,3,1
3,1,69,#Cominius_Cor,#Cominius_Cor #Coriolanus_Cor #Lartius_Cor #Menenius_Cor #SENATORS.ROMAN.0.1_Cor #SENATORS.ROMAN_Cor #TRIBUNES.Brutus_Cor #TRIBUNES.Sicinius_Cor,44,7
3,1,69,#Coriolanus_Cor,#Cominius_Cor #Coriolanus_Cor #Lartius_Cor #Menenius_Cor #SENATORS.ROMAN.0.1_Cor #SENATORS.ROMAN_Cor #TRIBUNES.Brutus_Cor #TRIBUNES.Sicinius_Cor,880,126
3,1,69,#Menenius_Cor,#Cominius_Cor #Coriolanus_Cor #Lartius_Cor #Menenius_Cor #SENATORS.ROMAN.0.1_Cor #SENATORS.ROMAN_Cor #TRIBUNES.Brutus_Cor #TRIBUNES.Sicinius_Cor,26,7
3,1,69,#SENATORS.ROMAN.0.1_Cor,#Cominius_Cor #Coriolanus_Cor #Lartius_Cor #Menenius_Cor #SENATORS.ROMAN.0.1_Cor #SENATORS.ROMAN_Cor #TRIBUNES.Brutus_Cor #TRIBUNES.Sicinius_Cor,20,3
3,1,69,#TRIBUNES.Brutus_Cor,#Cominius_Cor #Coriolanus_Cor #Lartius_Cor #Menenius_Cor #SENATORS.ROMAN.0.1_Cor #SENATORS.ROMAN_Cor #TRIBUNES.Brutus_Cor #TRIBUNES.Sicinius_Cor,101,19
3,1,69,#TRIBUNES.Sicinius_Cor,#Cominius_Cor #Coriolanus_Cor #Lartius_Cor #Menenius_Cor #SENATORS.ROMAN.0.1_Cor #SENATORS.ROMAN_Cor #TRIBUNES.Brutus_Cor #TRIBUNES.Sicinius_Cor,94,17
3,1,70,#TRIBUNES.Sicinius_Cor,#AEDILES.X.1_Cor #Cominius_Cor #Coriolanus_Cor #Lartius_Cor #Menenius_Cor #SENATORS.ROMAN.0.1_Cor #SENATORS.ROMAN_Cor #TRIBUNES.Brutus_Cor #TRIBUNES.Sicinius_Cor,4,1
3,1,71,#Cominius_Cor,#Cominius_Cor #Coriolanus_Cor #Lartius_Cor #Menenius_Cor #SENATORS.ROMAN.0.1_Cor #SENATORS.ROMAN_Cor #TRIBUNES.Brutus_Cor #TRIBUNES.Sicinius_Cor,4,1
3,1,71,#Coriolanus_Cor,#Cominius_Cor #Coriolanus_Cor #Lartius_Cor #Menenius_Cor #SENATORS.ROMAN.0.1_Cor #SENATORS.ROMAN_Cor #TRIBUNES.Brutus_Cor #TRIBUNES.Sicinius_Cor,16,3
3,1,71,#SENATORS.ROMAN_Cor,#Cominius_Cor #Coriolanus_Cor #Lartius_Cor #Menenius_Cor #SENATORS.ROMAN.0.1_Cor #SENATORS.ROMAN_Cor #TRIBUNES.Brutus_Cor #TRIBUNES.Sicinius_Cor,3,1
3,1,71,#TRIBUNES.Sicinius_Cor,#Cominius_Cor #Coriolanus_Cor #Lartius_Cor #Menenius_Cor #SENATORS.ROMAN.0.1_Cor #SENATORS.ROMAN_Cor #TRIBUNES.Brutus_Cor #TRIBUNES.Sicinius_Cor,28,6
3,1,72,#CITIZENS.ROMAN_Cor,#AEDILES_Cor #CITIZENS.ROMAN_Cor #Cominius_Cor #Coriolanus_Cor #Lartius_Cor #Menenius_Cor #SENATORS.ROMAN.0.1_Cor #SENATORS.ROMAN_Cor #TRIBUNES.Brutus_Cor #TRIBUNES.Sicinius_Cor,6,1
3,1,72,#Menenius_Cor,#AEDILES_Cor #CITIZENS.ROMAN_Cor #Cominius_Cor #Coriolanus_Cor #Lartius_Cor #Menenius_Cor #SENATORS.ROMAN.0.1_Cor #SENATORS.ROMAN_Cor #TRIBUNES.Brutus_Cor #TRIBUNES.Sicinius_Cor,5,1
3,1,72,#TRIBUNES.Brutus_Cor,#AEDILES_Cor #CITIZENS.ROMAN_Cor #Cominius_Cor #Coriolanus_Cor #Lartius_Cor #Menenius_Cor #SENATORS.ROMAN.0.1_Cor #SENATORS.ROMAN_Cor #TRIBUNES.Brutus_Cor #TRIBUNES.Sicinius_Cor,3,1
3,1,72,#TRIBUNES.Sicinius_Cor,#AEDILES_Cor #CITIZENS.ROMAN_Cor #Cominius_Cor #Coriolanus_Cor #Lartius_Cor #Menenius_Cor #SENATORS.ROMAN.0.1_Cor #SENATORS.ROMAN_Cor #TRIBUNES.Brutus_Cor #TRIBUNES.Sicinius_Cor,10,1
3,1,73,#AEDILES_Cor,#AEDILES_Cor #CITIZENS.ROMAN_Cor #Cominius_Cor #Coriolanus_Cor #Lartius_Cor #Menenius_Cor #SENATORS.ROMAN.0.1_Cor #SENATORS.ROMAN.0.2_Cor #SENATORS.ROMAN_Cor #TRIBUNES.Brutus_Cor #TRIBUNES.Sicinius_Cor,2,1
3,1,73,#CITIZENS.ROMAN_Cor,#AEDILES_Cor #CITIZENS.ROMAN_Cor #Cominius_Cor #Coriolanus_Cor #Lartius_Cor #Menenius_Cor #SENATORS.ROMAN.0.1_Cor #SENATORS.ROMAN.0.2_Cor #SENATORS.ROMAN_Cor #TRIBUNES.Brutus_Cor #TRIBUNES.Sicinius_Cor,26,6
3,1,73,#Cominius_Cor #Lartius_Cor #Menenius_Cor #SENATORS.ROMAN_Cor #TRIBUNES.Brutus_Cor #TRIBUNES.Sicinius_Cor,#AEDILES_Cor #CITIZENS.ROMAN_Cor #Cominius_Cor #Coriolanus_Cor #Lartius_Cor #Menenius_Cor #SENATORS.ROMAN.0.1_Cor #SENATORS.ROMAN.0.2_Cor #SENATORS.ROMAN_Cor #TRIBUNES.Brutus_Cor #TRIBUNES.Sicinius_Cor,6,1
3,1,73,#Coriolanus_Cor,#AEDILES_Cor #CITIZENS.ROMAN_Cor #Cominius_Cor #Coriolanus_Cor #Lartius_Cor #Menenius_Cor #SENATORS.ROMAN.0.1_Cor #SENATORS.ROMAN.0.2_Cor #SENATORS.ROMAN_Cor #TRIBUNES.Brutus_Cor #TRIBUNES.Sicinius_Cor,50,7
3,1,73,#Menenius_Cor,#AEDILES_Cor #CITIZENS.ROMAN_Cor #Cominius_Cor #Coriolanus_Cor #Lartius_Cor #Menenius_Cor #SENATORS.ROMAN.0.1_Cor #SENATORS.ROMAN.0.2_Cor #SENATORS.ROMAN_Cor #TRIBUNES.Brutus_Cor #TRIBUNES.Sicinius_Cor,92,15
3,1,73,#SENATORS.ROMAN.0.1_Cor,#AEDILES_Cor #CITIZENS.ROMAN_Cor #Cominius_Cor #Coriolanus_Cor #Lartius_Cor #Menenius_Cor #SENATORS.ROMAN.0.1_Cor #SENATORS.ROMAN.0.2_Cor #SENATORS.ROMAN_Cor #TRIBUNES.Brutus_Cor #TRIBUNES.Sicinius_Cor,9,1
3,1,73,#SENATORS.ROMAN.0.2_Cor,#AEDILES_Cor #CITIZENS.ROMAN_Cor #Cominius_Cor #Coriolanus_Cor #Lartius_Cor #Menenius_Cor #SENATORS.ROMAN.0.1_Cor #SENATORS.ROMAN.0.2_Cor #SENATORS.ROMAN_Cor #TRIBUNES.Brutus_Cor #TRIBUNES.Sicinius_Cor,12,3
3,1,73,#TRIBUNES.Brutus_Cor,#AEDILES_Cor #CITIZENS.ROMAN_Cor #Cominius_Cor #Coriolanus_Cor #Lartius_Cor #Menenius_Cor #SENATORS.ROMAN.0.1_Cor #SENATORS.ROMAN.0.2_Cor #SENATORS.ROMAN_Cor #TRIBUNES.Brutus_Cor #TRIBUNES.Sicinius_Cor,80,13
3,1,73,#TRIBUNES.Sicinius_Cor,#AEDILES_Cor #CITIZENS.ROMAN_Cor #Cominius_Cor #Coriolanus_Cor #Lartius_Cor #Menenius_Cor #SENATORS.ROMAN.0.1_Cor #SENATORS.ROMAN.0.2_Cor #SENATORS.ROMAN_Cor #TRIBUNES.Brutus_Cor #TRIBUNES.Sicinius_Cor,54,9
3,1,74,#Menenius_Cor,#Menenius_Cor #SENATORS.ROMAN.0.1_Cor #SENATORS.ROMAN.0.2_Cor,13,2
3,1,74,#SENATORS.ROMAN.0.2_Cor,#Menenius_Cor #SENATORS.ROMAN.0.1_Cor #SENATORS.ROMAN.0.2_Cor,3,1
3,1,75,#Coriolanus_Cor,#Coriolanus_Cor #Menenius_Cor #SENATORS.ROMAN.0.1_Cor #SENATORS.ROMAN.0.2_Cor,9,2
3,1,75,#Menenius_Cor,#Coriolanus_Cor #Menenius_Cor #SENATORS.ROMAN.0.1_Cor #SENATORS.ROMAN.0.2_Cor,19,3
3,1,75,#SENATORS.ROMAN.0.1_Cor,#Coriolanus_Cor #Menenius_Cor #SENATORS.ROMAN.0.1_Cor #SENATORS.ROMAN.0.2_Cor,17,3
3,1,76,#Cominius_Cor,#Cominius_Cor #Coriolanus_Cor #Menenius_Cor #SENATORS.ROMAN.0.1_Cor #SENATORS.ROMAN.0.2_Cor,48,9
3,1,76,#Coriolanus_Cor,#Cominius_Cor #Coriolanus_Cor #Menenius_Cor #SENATORS.ROMAN.0.1_Cor #SENATORS.ROMAN.0.2_Cor,35,6
3,1,76,#Menenius_Cor,#Cominius_Cor #Coriolanus_Cor #Menenius_Cor #SENATORS.ROMAN.0.1_Cor #SENATORS.ROMAN.0.2_Cor,57,10
3,1,77,#Menenius_Cor,#Menenius_Cor #SENATORS.ROMAN.0.1_Cor #SENATORS.ROMAN.0.2_Cor,67,10
3,1,77,#SENATORS.ROMAN.0.1_Cor,#Menenius_Cor #SENATORS.ROMAN.0.1_Cor #SENATORS.ROMAN.0.2_Cor,11,2
3,1,78,#Menenius_Cor,#AEDILES_Cor #CITIZENS.ROMAN_Cor #Menenius_Cor #SENATORS.ROMAN.0.1_Cor #SENATORS.ROMAN.0.2_Cor #TRIBUNES.Brutus_Cor #TRIBUNES.Sicinius_Cor,3,1
3,1,78,#TRIBUNES.Sicinius_Cor,#AEDILES_Cor #CITIZENS.ROMAN_Cor #Menenius_Cor #SENATORS.ROMAN.0.1_Cor #SENATORS.ROMAN.0.2_Cor #TRIBUNES.Brutus_Cor #TRIBUNES.Sicinius_Cor,50,8
3,1,79,#CITIZENS.ROMAN.0.1_Cor,#AEDILES_Cor #CITIZENS.ROMAN.0.1_Cor #CITIZENS.ROMAN_Cor #Menenius_Cor #SENATORS.ROMAN.0.1_Cor #SENATORS.ROMAN.0.2_Cor #TRIBUNES.Brutus_Cor #TRIBUNES.Sicinius_Cor,15,3
3,1,79,#CITIZENS.ROMAN_Cor,#AEDILES_Cor #CITIZENS.ROMAN.0.1_Cor #CITIZENS.ROMAN_Cor #Menenius_Cor #SENATORS.ROMAN.0.1_Cor #SENATORS.ROMAN.0.2_Cor #TRIBUNES.Brutus_Cor #TRIBUNES.Sicinius_Cor,10,2
3,1,79,#Menenius_Cor,#AEDILES_Cor #CITIZENS.ROMAN.0.1_Cor #CITIZENS.ROMAN_Cor #Menenius_Cor #SENATORS.ROMAN.0.1_Cor #SENATORS.ROMAN.0.2_Cor #TRIBUNES.Brutus_Cor #TRIBUNES.Sicinius_Cor,300,42
3,1,79,#SENATORS.ROMAN.0.1_Cor,#AEDILES_Cor #CITIZENS.ROMAN.0.1_Cor #CITIZENS.ROMAN_Cor #Menenius_Cor #SENATORS.ROMAN.0.1_Cor #SENATORS.ROMAN.0.2_Cor #TRIBUNES.Brutus_Cor #TRIBUNES.Sicinius_Cor,28,5
3,1,79,#TRIBUNES.Brutus_Cor,#AEDILES_Cor #CITIZENS.ROMAN.0.1_Cor #CITIZENS.ROMAN_Cor #Menenius_Cor #SENATORS.ROMAN.0.1_Cor #SENATORS.ROMAN.0.2_Cor #TRIBUNES.Brutus_Cor #TRIBUNES.Sicinius_Cor,42,9
3,1,79,#TRIBUNES.Sicinius_Cor,#AEDILES_Cor #CITIZENS.ROMAN.0.1_Cor #CITIZENS.ROMAN_Cor #Menenius_Cor #SENATORS.ROMAN.0.1_Cor #SENATORS.ROMAN.0.2_Cor #TRIBUNES.Brutus_Cor #TRIBUNES.Sicinius_Cor,133,25
3,2,80,#Coriolanus_Cor,#Coriolanus_Cor #NOBLES_Cor,45,6
3,2,81,#Coriolanus_Cor,#Coriolanus_Cor #NOBLES.0.1_Cor #NOBLES_Cor,51,7
3,2,81,#NOBLES.0.1_Cor,#Coriolanus_Cor #NOBLES.0.1_Cor #NOBLES_Cor,4,1
3,2,82,#Coriolanus_Cor,#Coriolanus_Cor #NOBLES.0.1_Cor #NOBLES_Cor #Volumnia_Cor,31,6
3,2,82,#Volumnia_Cor,#Coriolanus_Cor #NOBLES.0.1_Cor #NOBLES_Cor #Volumnia_Cor,64,9
3,2,83,#Menenius_Cor,#Coriolanus_Cor #Menenius_Cor #NOBLES.0.1_Cor #NOBLES_Cor #SENATORS.ROMAN_Cor #Volumnia_Cor,16,3
3,2,84,#Coriolanus_Cor,#Coriolanus_Cor #Menenius_Cor #NOBLES.0.1_Cor #NOBLES_Cor #SENATORS.ROMAN.0.1_Cor #SENATORS.ROMAN_Cor #Volumnia_Cor,31,6
3,2,84,#Menenius_Cor,#Coriolanus_Cor #Menenius_Cor #NOBLES.0.1_Cor #NOBLES_Cor #SENATORS.ROMAN.0.1_Cor #SENATORS.ROMAN_Cor #Volumnia_Cor,100,17
3,2,84,#SENATORS.ROMAN.0.1_Cor,#Coriolanus_Cor #Menenius_Cor #NOBLES.0.1_Cor #NOBLES_Cor #SENATORS.ROMAN.0.1_Cor #SENATORS.ROMAN_Cor #Volumnia_Cor,17,3
3,2,84,#Volumnia_Cor,#Coriolanus_Cor #Menenius_Cor #NOBLES.0.1_Cor #NOBLES_Cor #SENATORS.ROMAN.0.1_Cor #SENATORS.ROMAN_Cor #Volumnia_Cor,420,55
3,2,85,#Cominius_Cor,#Cominius_Cor #Coriolanus_Cor #Menenius_Cor #NOBLES.0.1_Cor #NOBLES_Cor #SENATORS.ROMAN.0.1_Cor #SENATORS.ROMAN_Cor #Volumnia_Cor,41,7
3,2,85,#Coriolanus_Cor,#Cominius_Cor #Coriolanus_Cor #Menenius_Cor #NOBLES.0.1_Cor #NOBLES_Cor #SENATORS.ROMAN.0.1_Cor #SENATORS.ROMAN_Cor #Volumnia_Cor,244,31
3,2,85,#Menenius_Cor,#Cominius_Cor #Coriolanus_Cor #Menenius_Cor #NOBLES.0.1_Cor #NOBLES_Cor #SENATORS.ROMAN.0.1_Cor #SENATORS.ROMAN_Cor #Volumnia_Cor,3,1
3,2,85,#Volumnia_Cor,#Cominius_Cor #Coriolanus_Cor #Menenius_Cor #NOBLES.0.1_Cor #NOBLES_Cor #SENATORS.ROMAN.0.1_Cor #SENATORS.ROMAN_Cor #Volumnia_Cor,112,16
3,2,86,#Cominius_Cor,#Cominius_Cor #Coriolanus_Cor #Menenius_Cor #NOBLES.0.1_Cor #NOBLES_Cor #SENATORS.ROMAN.0.1_Cor #SENATORS.ROMAN_Cor,27,4
3,2,86,#Coriolanus_Cor,#Cominius_Cor #Coriolanus_Cor #Menenius_Cor #NOBLES.0.1_Cor #NOBLES_Cor #SENATORS.ROMAN.0.1_Cor #SENATORS.ROMAN_Cor,27,4
3,2,86,#Menenius_Cor,#Cominius_Cor #Coriolanus_Cor #Menenius_Cor #NOBLES.0.1_Cor #NOBLES_Cor #SENATORS.ROMAN.0.1_Cor #SENATORS.ROMAN_Cor,3,1
3,3,87,#TRIBUNES.Brutus_Cor,#TRIBUNES.Brutus_Cor #TRIBUNES.Sicinius_Cor,35,5
3,3,88,#AEDILES.X.2_Cor,#AEDILES.X.2_Cor #TRIBUNES.Brutus_Cor #TRIBUNES.Sicinius_Cor,24,7
3,3,88,#TRIBUNES.Brutus_Cor,#AEDILES.X.2_Cor #TRIBUNES.Brutus_Cor #TRIBUNES.Sicinius_Cor,37,7
3,3,88,#TRIBUNES.Sicinius_Cor,#AEDILES.X.2_Cor #TRIBUNES.Brutus_Cor #TRIBUNES.Sicinius_Cor,98,13
3,3,89,#TRIBUNES.Brutus_Cor,#TRIBUNES.Brutus_Cor #TRIBUNES.Sicinius_Cor,48,6
3,3,90,#Coriolanus_Cor,#Cominius_Cor #Coriolanus_Cor #Menenius_Cor #SENATORS.ROMAN_Cor #TRIBUNES.Brutus_Cor #TRIBUNES.Sicinius_Cor,51,7
3,3,90,#Menenius_Cor,#Cominius_Cor #Coriolanus_Cor #Menenius_Cor #SENATORS.ROMAN_Cor #TRIBUNES.Brutus_Cor #TRIBUNES.Sicinius_Cor,5,2
3,3,90,#TRIBUNES.Sicinius_Cor,#Cominius_Cor #Coriolanus_Cor #Menenius_Cor #SENATORS.ROMAN_Cor #TRIBUNES.Brutus_Cor #TRIBUNES.Sicinius_Cor,4,1
3,3,91,#Menenius_Cor,#Cominius_Cor #Coriolanus_Cor #Menenius_Cor #SENATORS.ROMAN.0.1_Cor #SENATORS.ROMAN_Cor #TRIBUNES.Brutus_Cor #TRIBUNES.Sicinius_Cor,3,1
3,3,91,#SENATORS.ROMAN.0.1_Cor,#Cominius_Cor #Coriolanus_Cor #Menenius_Cor #SENATORS.ROMAN.0.1_Cor #SENATORS.ROMAN_Cor #TRIBUNES.Brutus_Cor #TRIBUNES.Sicinius_Cor,2,1
3,3,92,#AEDILES.X.2_Cor,#AEDILES.X.2_Cor #CITIZENS.ROMAN_Cor #Cominius_Cor #Coriolanus_Cor #Menenius_Cor #SENATORS.ROMAN.0.1_Cor #SENATORS.ROMAN_Cor #TRIBUNES.Brutus_Cor #TRIBUNES.Sicinius_Cor,8,1
3,3,92,#CITIZENS.ROMAN_Cor,#AEDILES.X.2_Cor #CITIZENS.ROMAN_Cor #Cominius_Cor #Coriolanus_Cor #Menenius_Cor #SENATORS.ROMAN.0.1_Cor #SENATORS.ROMAN_Cor #TRIBUNES.Brutus_Cor #TRIBUNES.Sicinius_Cor,34,4
3,3,92,#Cominius_Cor,#AEDILES.X.2_Cor #CITIZENS.ROMAN_Cor #Cominius_Cor #Coriolanus_Cor #Menenius_Cor #SENATORS.ROMAN.0.1_Cor #SENATORS.ROMAN_Cor #TRIBUNES.Brutus_Cor #TRIBUNES.Sicinius_Cor,70,11
3,3,92,#Coriolanus_Cor,#AEDILES.X.2_Cor #CITIZENS.ROMAN_Cor #Cominius_Cor #Coriolanus_Cor #Menenius_Cor #SENATORS.ROMAN.0.1_Cor #SENATORS.ROMAN_Cor #TRIBUNES.Brutus_Cor #TRIBUNES.Sicinius_Cor,291,45
3,3,92,#Menenius_Cor,#AEDILES.X.2_Cor #CITIZENS.ROMAN_Cor #Cominius_Cor #Coriolanus_Cor #Menenius_Cor #SENATORS.ROMAN.0.1_Cor #SENATORS.ROMAN_Cor #TRIBUNES.Brutus_Cor #TRIBUNES.Sicinius_Cor,80,12
3,3,92,#TRIBUNES.Brutus_Cor,#AEDILES.X.2_Cor #CITIZENS.ROMAN_Cor #Cominius_Cor #Coriolanus_Cor #Menenius_Cor #SENATORS.ROMAN.0.1_Cor #SENATORS.ROMAN_Cor #TRIBUNES.Brutus_Cor #TRIBUNES.Sicinius_Cor,37,6
3,3,92,#TRIBUNES.Brutus_Cor #TRIBUNES.Sicinius_Cor,#AEDILES.X.2_Cor #CITIZENS.ROMAN_Cor #Cominius_Cor #Coriolanus_Cor #Menenius_Cor #SENATORS.ROMAN.0.1_Cor #SENATORS.ROMAN_Cor #TRIBUNES.Brutus_Cor #TRIBUNES.Sicinius_Cor,4,1
3,3,92,#TRIBUNES.Sicinius_Cor,#AEDILES.X.2_Cor #CITIZENS.ROMAN_Cor #Cominius_Cor #Coriolanus_Cor #Menenius_Cor #SENATORS.ROMAN.0.1_Cor #SENATORS.ROMAN_Cor #TRIBUNES.Brutus_Cor #TRIBUNES.Sicinius_Cor,233,35
3,3,93,#AEDILES.X.2_Cor,#AEDILES.X.2_Cor #CITIZENS.ROMAN_Cor #SENATORS.ROMAN.0.1_Cor #TRIBUNES.Brutus_Cor #TRIBUNES.Sicinius_Cor,7,1
3,3,93,#CITIZENS.ROMAN_Cor,#AEDILES.X.2_Cor #CITIZENS.ROMAN_Cor #SENATORS.ROMAN.0.1_Cor #TRIBUNES.Brutus_Cor #TRIBUNES.Sicinius_Cor,25,3
3,3,93,#TRIBUNES.Sicinius_Cor,#AEDILES.X.2_Cor #CITIZENS.ROMAN_Cor #SENATORS.ROMAN.0.1_Cor #TRIBUNES.Brutus_Cor #TRIBUNES.Sicinius_Cor,29,4
4,1,94,#Cominius_Cor,#Cominius_Cor #Coriolanus_Cor #Menenius_Cor #NOBLES_Cor #Virgilia_Cor #Volumnia_Cor,59,7
4,1,94,#Coriolanus_Cor,#Cominius_Cor #Coriolanus_Cor #Menenius_Cor #NOBLES_Cor #Virgilia_Cor #Volumnia_Cor,330,48
4,1,94,#Menenius_Cor,#Cominius_Cor #Coriolanus_Cor #Menenius_Cor #NOBLES_Cor #Virgilia_Cor #Volumnia_Cor,35,5
4,1,94,#Virgilia_Cor,#Cominius_Cor #Coriolanus_Cor #Menenius_Cor #NOBLES_Cor #Virgilia_Cor #Volumnia_Cor,7,2
4,1,94,#Volumnia_Cor,#Cominius_Cor #Coriolanus_Cor #Menenius_Cor #NOBLES_Cor #Virgilia_Cor #Volumnia_Cor,44,7
4,2,95,#TRIBUNES.Brutus_Cor,#AEDILES.X.2_Cor #TRIBUNES.Brutus_Cor #TRIBUNES.Sicinius_Cor,22,4
4,2,95,#TRIBUNES.Sicinius_Cor,#AEDILES.X.2_Cor #TRIBUNES.Brutus_Cor #TRIBUNES.Sicinius_Cor,38,6
4,2,96,#TRIBUNES.Brutus_Cor,#TRIBUNES.Brutus_Cor #TRIBUNES.Sicinius_Cor,4,1
4,2,97,#Menenius_Cor,#Menenius_Cor #TRIBUNES.Brutus_Cor #TRIBUNES.Sicinius_Cor #Virgilia_Cor #Volumnia_Cor,9,2
4,2,97,#TRIBUNES.Brutus_Cor,#Menenius_Cor #TRIBUNES.Brutus_Cor #TRIBUNES.Sicinius_Cor #Virgilia_Cor #Volumnia_Cor,23,5
4,2,97,#TRIBUNES.Sicinius_Cor,#Menenius_Cor #TRIBUNES.Brutus_Cor #TRIBUNES.Sicinius_Cor #Virgilia_Cor #Volumnia_Cor,48,10
4,2,97,#Virgilia_Cor,#Menenius_Cor #TRIBUNES.Brutus_Cor #TRIBUNES.Sicinius_Cor #Virgilia_Cor #Volumnia_Cor,25,4
4,2,97,#Volumnia_Cor,#Menenius_Cor #TRIBUNES.Brutus_Cor #TRIBUNES.Sicinius_Cor #Virgilia_Cor #Volumnia_Cor,201,26
4,2,98,#Menenius_Cor,#Menenius_Cor #Virgilia_Cor #Volumnia_Cor,16,3
4,2,98,#Volumnia_Cor,#Menenius_Cor #Virgilia_Cor #Volumnia_Cor,69,11
4,2,99,#Menenius_Cor,#Menenius_Cor,3,1
4,3,100,#Adrian_Cor,#Adrian_Cor #Nicanor_Cor,160,22
4,3,100,#Nicanor_Cor,#Adrian_Cor #Nicanor_Cor,234,31
4,4,101,#Coriolanus_Cor,#Coriolanus_Cor,48,6
4,4,102,#CITIZENS.ANTIUM.1_Cor,#CITIZENS.ANTIUM.1_Cor #Coriolanus_Cor,20,4
4,4,102,#Coriolanus_Cor,#CITIZENS.ANTIUM.1_Cor #Coriolanus_Cor,28,6
4,4,103,#Coriolanus_Cor,#Coriolanus_Cor,119,16
4,5,104,#SERVANTS.1_Cor,#SERVANTS.1_Cor,13,2
4,5,105,#SERVANTS.2_Cor,#SERVANTS.2_Cor,8,2
4,5,106,#Coriolanus_Cor,#Coriolanus_Cor,14,2
4,5,107,#SERVANTS.1_Cor,#Coriolanus_Cor #SERVANTS.1_Cor,18,3
4,5,108,#Coriolanus_Cor,#Coriolanus_Cor,9,2
4,5,109,#Coriolanus_Cor,#Coriolanus_Cor #SERVANTS.2_Cor,5,2
4,5,109,#SERVANTS.2_Cor,#Coriolanus_Cor #SERVANTS.2_Cor,37,6
4,5,110,#Coriolanus_Cor,#Coriolanus_Cor #SERVANTS.1_Cor #SERVANTS.2_Cor #SERVANTS.3_Cor,25,6
4,5,110,#SERVANTS.1_Cor,#Coriolanus_Cor #SERVANTS.1_Cor #SERVANTS.2_Cor #SERVANTS.3_Cor,22,3
4,5,110,#SERVANTS.2_Cor,#Coriolanus_Cor #SERVANTS.1_Cor #SERVANTS.2_Cor #SERVANTS.3_Cor,3,1
4,5,110,#SERVANTS.3_Cor,#Coriolanus_Cor #SERVANTS.1_Cor #SERVANTS.2_Cor #SERVANTS.3_Cor,55,10
4,5,111,#Coriolanus_Cor,#Coriolanus_Cor #SERVANTS.1_Cor #SERVANTS.3_Cor,37,7
4,5,111,#SERVANTS.3_Cor,#Coriolanus_Cor #SERVANTS.1_Cor #SERVANTS.3_Cor,34,7
4,5,112,#Aufidius_Cor,#Aufidius_Cor #Coriolanus_Cor #SERVANTS.1_Cor #SERVANTS.2_Cor,430,61
4,5,112,#Coriolanus_Cor,#Aufidius_Cor #Coriolanus_Cor #SERVANTS.1_Cor #SERVANTS.2_Cor,354,47
4,5,112,#SERVANTS.2_Cor,#Aufidius_Cor #Coriolanus_Cor #SERVANTS.1_Cor #SERVANTS.2_Cor,15,2
4,5,113,#SERVANTS.1_Cor,#SERVANTS.1_Cor #SERVANTS.2_Cor,87,13
4,5,113,#SERVANTS.2_Cor,#SERVANTS.1_Cor #SERVANTS.2_Cor,96,13
4,5,114,#SERVANTS.1_Cor,#SERVANTS.1_Cor #SERVANTS.2_Cor #SERVANTS.3_Cor,97,16
4,5,114,#SERVANTS.1_Cor #SERVANTS.2_Cor,#SERVANTS.1_Cor #SERVANTS.2_Cor #SERVANTS.3_Cor,11,3
4,5,114,#SERVANTS.2_Cor,#SERVANTS.1_Cor #SERVANTS.2_Cor #SERVANTS.3_Cor,97,13
4,5,114,#SERVANTS.3_Cor,#SERVANTS.1_Cor #SERVANTS.2_Cor #SERVANTS.3_Cor,308,38
4,6,115,#TRIBUNES.Brutus_Cor,#TRIBUNES.Brutus_Cor #TRIBUNES.Sicinius_Cor,7,1
4,6,115,#TRIBUNES.Sicinius_Cor,#TRIBUNES.Brutus_Cor #TRIBUNES.Sicinius_Cor,69,9
4,6,116,#Menenius_Cor,#Menenius_Cor #TRIBUNES.Brutus_Cor #TRIBUNES.Sicinius_Cor,30,5
4,6,116,#TRIBUNES.Brutus_Cor,#Menenius_Cor #TRIBUNES.Brutus_Cor #TRIBUNES.Sicinius_Cor,3,1
4,6,116,#TRIBUNES.Sicinius_Cor,#Menenius_Cor #TRIBUNES.Brutus_Cor #TRIBUNES.Sicinius_Cor,43,6
4,6,117,#CITIZENS.ROMAN_Cor,#CITIZENS.ROMAN_Cor #Menenius_Cor #TRIBUNES.Brutus_Cor #TRIBUNES.Sicinius_Cor,5,2
4,6,117,#TRIBUNES.Brutus_Cor,#CITIZENS.ROMAN_Cor #Menenius_Cor #TRIBUNES.Brutus_Cor #TRIBUNES.Sicinius_Cor,10,1
4,6,117,#TRIBUNES.Sicinius_Cor,#CITIZENS.ROMAN_Cor #Menenius_Cor #TRIBUNES.Brutus_Cor #TRIBUNES.Sicinius_Cor,4,1
4,6,118,#CITIZENS.ROMAN.0.1_Cor,#CITIZENS.ROMAN.0.1_Cor #CITIZENS.ROMAN_Cor #Menenius_Cor #TRIBUNES.Brutus_Cor #TRIBUNES.Sicinius_Cor,15,2
4,6,118,#CITIZENS.ROMAN_Cor,#CITIZENS.ROMAN.0.1_Cor #CITIZENS.ROMAN_Cor #Menenius_Cor #TRIBUNES.Brutus_Cor #TRIBUNES.Sicinius_Cor,5,1
4,6,118,#TRIBUNES.Brutus_Cor,#CITIZENS.ROMAN.0.1_Cor #CITIZENS.ROMAN_Cor #Menenius_Cor #TRIBUNES.Brutus_Cor #TRIBUNES.Sicinius_Cor,12,2
4,6,118,#TRIBUNES.Brutus_Cor #TRIBUNES.Sicinius_Cor,#CITIZENS.ROMAN.0.1_Cor #CITIZENS.ROMAN_Cor #Menenius_Cor #TRIBUNES.Brutus_Cor #TRIBUNES.Sicinius_Cor,2,1
4,6,118,#TRIBUNES.Sicinius_Cor,#CITIZENS.ROMAN.0.1_Cor #CITIZENS.ROMAN_Cor #Menenius_Cor #TRIBUNES.Brutus_Cor #TRIBUNES.Sicinius_Cor,3,1
4,6,119,#Menenius_Cor,#CITIZENS.ROMAN.0.1_Cor #Menenius_Cor #TRIBUNES.Brutus_Cor #TRIBUNES.Sicinius_Cor,4,1
4,6,119,#TRIBUNES.Brutus_Cor,#CITIZENS.ROMAN.0.1_Cor #Menenius_Cor #TRIBUNES.Brutus_Cor #TRIBUNES.Sicinius_Cor,33,6
4,6,119,#TRIBUNES.Sicinius_Cor,#CITIZENS.ROMAN.0.1_Cor #Menenius_Cor #TRIBUNES.Brutus_Cor #TRIBUNES.Sicinius_Cor,42,6
4,6,120,#AEDILES.X.3_Cor,#AEDILES.X.3_Cor #CITIZENS.ROMAN.0.1_Cor #Menenius_Cor #TRIBUNES.Brutus_Cor #TRIBUNES.Sicinius_Cor,38,6
4,6,120,#Menenius_Cor,#AEDILES.X.3_Cor #CITIZENS.ROMAN.0.1_Cor #Menenius_Cor #TRIBUNES.Brutus_Cor #TRIBUNES.Sicinius_Cor,85,13
4,6,120,#TRIBUNES.Brutus_Cor,#AEDILES.X.3_Cor #CITIZENS.ROMAN.0.1_Cor #Menenius_Cor #TRIBUNES.Brutus_Cor #TRIBUNES.Sicinius_Cor,16,3
4,6,120,#TRIBUNES.Sicinius_Cor,#AEDILES.X.3_Cor #CITIZENS.ROMAN.0.1_Cor #Menenius_Cor #TRIBUNES.Brutus_Cor #TRIBUNES.Sicinius_Cor,14,3
4,6,121,#MESSENGERS.TRIBUNES.1_Cor,#AEDILES.X.3_Cor #CITIZENS.ROMAN.0.1_Cor #MESSENGERS.TRIBUNES.1_Cor #Menenius_Cor #TRIBUNES.Brutus_Cor #TRIBUNES.Sicinius_Cor,70,11
4,6,121,#Menenius_Cor,#AEDILES.X.3_Cor #CITIZENS.ROMAN.0.1_Cor #MESSENGERS.TRIBUNES.1_Cor #Menenius_Cor #TRIBUNES.Brutus_Cor #TRIBUNES.Sicinius_Cor,13,3
4,6,121,#TRIBUNES.Brutus_Cor,#AEDILES.X.3_Cor #CITIZENS.ROMAN.0.1_Cor #MESSENGERS.TRIBUNES.1_Cor #Menenius_Cor #TRIBUNES.Brutus_Cor #TRIBUNES.Sicinius_Cor,12,2
4,6,121,#TRIBUNES.Sicinius_Cor,#AEDILES.X.3_Cor #CITIZENS.ROMAN.0.1_Cor #MESSENGERS.TRIBUNES.1_Cor #Menenius_Cor #TRIBUNES.Brutus_Cor #TRIBUNES.Sicinius_Cor,28,6
4,6,122,#MESSENGERS.TRIBUNES.2_Cor,#AEDILES.X.3_Cor #CITIZENS.ROMAN.0.1_Cor #MESSENGERS.TRIBUNES.1_Cor #MESSENGERS.TRIBUNES.2_Cor #Menenius_Cor #TRIBUNES.Brutus_Cor #TRIBUNES.Sicinius_Cor,36,6
4,6,123,#Cominius_Cor,#AEDILES.X.3_Cor #CITIZENS.ROMAN.0.1_Cor #Cominius_Cor #MESSENGERS.TRIBUNES.1_Cor #MESSENGERS.TRIBUNES.2_Cor #Menenius_Cor #TRIBUNES.Brutus_Cor #TRIBUNES.Sicinius_Cor,247,40
4,6,123,#Menenius_Cor,#AEDILES.X.3_Cor #CITIZENS.ROMAN.0.1_Cor #Cominius_Cor #MESSENGERS.TRIBUNES.1_Cor #MESSENGERS.TRIBUNES.2_Cor #Menenius_Cor #TRIBUNES.Brutus_Cor #TRIBUNES.Sicinius_Cor,143,23
4,6,123,#TRIBUNES.Brutus_Cor,#AEDILES.X.3_Cor #CITIZENS.ROMAN.0.1_Cor #Cominius_Cor #MESSENGERS.TRIBUNES.1_Cor #MESSENGERS.TRIBUNES.2_Cor #Menenius_Cor #TRIBUNES.Brutus_Cor #TRIBUNES.Sicinius_Cor,5,1
4,6,123,#TRIBUNES.Brutus_Cor #TRIBUNES.Sicinius_Cor,#AEDILES.X.3_Cor #CITIZENS.ROMAN.0.1_Cor #Cominius_Cor #MESSENGERS.TRIBUNES.1_Cor #MESSENGERS.TRIBUNES.2_Cor #Menenius_Cor #TRIBUNES.Brutus_Cor #TRIBUNES.Sicinius_Cor,5,1
4,6,124,#CITIZENS.ROMAN.0.1_Cor,#AEDILES.X.3_Cor #CITIZENS.ROMAN.0.1_Cor #CITIZENS.ROMAN_Cor #Cominius_Cor #MESSENGERS.TRIBUNES.1_Cor #MESSENGERS.TRIBUNES.2_Cor #Menenius_Cor #TRIBUNES.Brutus_Cor #TRIBUNES.Sicinius_Cor,13,2
4,6,124,#CITIZENS.ROMAN_Cor,#AEDILES.X.3_Cor #CITIZENS.ROMAN.0.1_Cor #CITIZENS.ROMAN_Cor #Cominius_Cor #MESSENGERS.TRIBUNES.1_Cor #MESSENGERS.TRIBUNES.2_Cor #Menenius_Cor #TRIBUNES.Brutus_Cor #TRIBUNES.Sicinius_Cor,5,1
4,6,124,#Menenius_Cor,#AEDILES.X.3_Cor #CITIZENS.ROMAN.0.1_Cor #CITIZENS.ROMAN_Cor #Cominius_Cor #MESSENGERS.TRIBUNES.1_Cor #MESSENGERS.TRIBUNES.2_Cor #Menenius_Cor #TRIBUNES.Brutus_Cor #TRIBUNES.Sicinius_Cor,80,12
4,6,125,#CITIZENS.ROMAN.0.2_Cor,#AEDILES.X.3_Cor #CITIZENS.ROMAN.0.1_Cor #CITIZENS.ROMAN.0.2_Cor #CITIZENS.ROMAN_Cor #Cominius_Cor #MESSENGERS.TRIBUNES.1_Cor #MESSENGERS.TRIBUNES.2_Cor #Menenius_Cor #TRIBUNES.Brutus_Cor #TRIBUNES.Sicinius_Cor,4,1
4,6,126,#CITIZENS.ROMAN.0.3_Cor,#AEDILES.X.3_Cor #CITIZENS.ROMAN.0.1_Cor #CITIZENS.ROMAN.0.2_Cor #CITIZENS.ROMAN.0.3_Cor #CITIZENS.ROMAN_Cor #Cominius_Cor #MESSENGERS.TRIBUNES.1_Cor #MESSENGERS.TRIBUNES.2_Cor #Menenius_Cor #TRIBUNES.Brutus_Cor #TRIBUNES.Sicinius_Cor,37,4
4,6,126,#Cominius_Cor,#AEDILES.X.3_Cor #CITIZENS.ROMAN.0.1_Cor #CITIZENS.ROMAN.0.2_Cor #CITIZENS.ROMAN.0.3_Cor #CITIZENS.ROMAN_Cor #Cominius_Cor #MESSENGERS.TRIBUNES.1_Cor #MESSENGERS.TRIBUNES.2_Cor #Menenius_Cor #TRIBUNES.Brutus_Cor #TRIBUNES.Sicinius_Cor,9,2
4,6,126,#Menenius_Cor,#AEDILES.X.3_Cor #CITIZENS.ROMAN.0.1_Cor #CITIZENS.ROMAN.0.2_Cor #CITIZENS.ROMAN.0.3_Cor #CITIZENS.ROMAN_Cor #Cominius_Cor #MESSENGERS.TRIBUNES.1_Cor #MESSENGERS.TRIBUNES.2_Cor #Menenius_Cor #TRIBUNES.Brutus_Cor #TRIBUNES.Sicinius_Cor,14,2
4,6,127,#CITIZENS.ROMAN.0.1_Cor,#AEDILES.X.3_Cor #CITIZENS.ROMAN.0.1_Cor #CITIZENS.ROMAN.0.2_Cor #CITIZENS.ROMAN.0.3_Cor #CITIZENS.ROMAN_Cor #MESSENGERS.TRIBUNES.1_Cor #MESSENGERS.TRIBUNES.2_Cor #TRIBUNES.Brutus_Cor #TRIBUNES.Sicinius_Cor,22,3
4,6,127,#CITIZENS.ROMAN.0.2_Cor,#AEDILES.X.3_Cor #CITIZENS.ROMAN.0.1_Cor #CITIZENS.ROMAN.0.2_Cor #CITIZENS.ROMAN.0.3_Cor #CITIZENS.ROMAN_Cor #MESSENGERS.TRIBUNES.1_Cor #MESSENGERS.TRIBUNES.2_Cor #TRIBUNES.Brutus_Cor #TRIBUNES.Sicinius_Cor,8,1
4,6,127,#TRIBUNES.Sicinius_Cor,#AEDILES.X.3_Cor #CITIZENS.ROMAN.0.1_Cor #CITIZENS.ROMAN.0.2_Cor #CITIZENS.ROMAN.0.3_Cor #CITIZENS.ROMAN_Cor #MESSENGERS.TRIBUNES.1_Cor #MESSENGERS.TRIBUNES.2_Cor #TRIBUNES.Brutus_Cor #TRIBUNES.Sicinius_Cor,34,4
4,6,128,#TRIBUNES.Brutus_Cor,#CITIZENS.ROMAN.0.1_Cor #CITIZENS.ROMAN.0.2_Cor #CITIZENS.ROMAN.0.3_Cor #TRIBUNES.Brutus_Cor #TRIBUNES.Sicinius_Cor,20,3
4,6,128,#TRIBUNES.Sicinius_Cor,#CITIZENS.ROMAN.0.1_Cor #CITIZENS.ROMAN.0.2_Cor #CITIZENS.ROMAN.0.3_Cor #TRIBUNES.Brutus_Cor #TRIBUNES.Sicinius_Cor,5,2
4,7,129,#Aufidius_Cor,#Aufidius_Cor #SOLDIERS.VOLSCIAN.Lieutenant_Cor,393,50
4,7,129,#SOLDIERS.VOLSCIAN.Lieutenant_Cor,#Aufidius_Cor #SOLDIERS.VOLSCIAN.Lieutenant_Cor,81,11
5,1,130,#Cominius_Cor,#Cominius_Cor #Menenius_Cor #TRIBUNES.Brutus_Cor #TRIBUNES.Sicinius_Cor,136,18
5,1,130,#Menenius_Cor,#Cominius_Cor #Menenius_Cor #TRIBUNES.Brutus_Cor #TRIBUNES.Sicinius_Cor,283,40
5,1,130,#TRIBUNES.Brutus_Cor,#Cominius_Cor #Menenius_Cor #TRIBUNES.Brutus_Cor #TRIBUNES.Sicinius_Cor,25,4
5,1,130,#TRIBUNES.Sicinius_Cor,#Cominius_Cor #Menenius_Cor #TRIBUNES.Brutus_Cor #TRIBUNES.Sicinius_Cor,67,10
5,1,131,#Cominius_Cor,#Cominius_Cor #TRIBUNES.Brutus_Cor #TRIBUNES.Sicinius_Cor,104,13
5,1,131,#TRIBUNES.Sicinius_Cor,#Cominius_Cor #TRIBUNES.Brutus_Cor #TRIBUNES.Sicinius_Cor,1,1
5,2,132,#Menenius_Cor,#Menenius_Cor #WATCHMEN.1_Cor #WATCHMEN.2_Cor,195,29
5,2,132,#WATCHMEN.1_Cor,#Menenius_Cor #WATCHMEN.1_Cor #WATCHMEN.2_Cor,228,28
5,2,132,#WATCHMEN.2_Cor,#Menenius_Cor #WATCHMEN.1_Cor #WATCHMEN.2_Cor,43,6
5,2,133,#Aufidius_Cor,#Aufidius_Cor #Coriolanus_Cor #Menenius_Cor #WATCHMEN.1_Cor #WATCHMEN.2_Cor,5,1
5,2,133,#Coriolanus_Cor,#Aufidius_Cor #Coriolanus_Cor #Menenius_Cor #WATCHMEN.1_Cor #WATCHMEN.2_Cor,97,14
5,2,133,#Menenius_Cor,#Aufidius_Cor #Coriolanus_Cor #Menenius_Cor #WATCHMEN.1_Cor #WATCHMEN.2_Cor,177,22
5,2,134,#Menenius_Cor,#Menenius_Cor #WATCHMEN.1_Cor #WATCHMEN.2_Cor,67,7
5,2,134,#WATCHMEN.1_Cor,#Menenius_Cor #WATCHMEN.1_Cor #WATCHMEN.2_Cor,18,3
5,2,134,#WATCHMEN.2_Cor,#Menenius_Cor #WATCHMEN.1_Cor #WATCHMEN.2_Cor,23,4
5,2,135,#WATCHMEN.1_Cor,#WATCHMEN.1_Cor #WATCHMEN.2_Cor,6,1
5,2,135,#WATCHMEN.2_Cor,#WATCHMEN.1_Cor #WATCHMEN.2_Cor,15,2
5,3,136,#Aufidius_Cor,#Aufidius_Cor #Coriolanus_Cor,31,5
5,3,136,#Coriolanus_Cor,#Aufidius_Cor #Coriolanus_Cor,146,19
5,3,137,#Aufidius_Cor,#ATTENDANTS.ROMAN_Cor #Aufidius_Cor #Coriolanus_Cor #Valeria_Cor #Virgilia_Cor #Volumnia_Cor #YoungMartius_Cor,28,4
5,3,137,#Coriolanus_Cor,#ATTENDANTS.ROMAN_Cor #Aufidius_Cor #Coriolanus_Cor #Valeria_Cor #Virgilia_Cor #Volumnia_Cor #YoungMartius_Cor,640,91
5,3,137,#Virgilia_Cor,#ATTENDANTS.ROMAN_Cor #Aufidius_Cor #Coriolanus_Cor #Valeria_Cor #Virgilia_Cor #Volumnia_Cor #YoungMartius_Cor,31,6
5,3,137,#Volumnia_Cor,#ATTENDANTS.ROMAN_Cor #Aufidius_Cor #Coriolanus_Cor #Valeria_Cor #Virgilia_Cor #Volumnia_Cor #YoungMartius_Cor,824,107
5,3,137,#YoungMartius_Cor,#ATTENDANTS.ROMAN_Cor #Aufidius_Cor #Coriolanus_Cor #Valeria_Cor #Virgilia_Cor #Volumnia_Cor #YoungMartius_Cor,17,2
5,4,138,#Menenius_Cor,#Menenius_Cor #TRIBUNES.Sicinius_Cor,255,30
5,4,138,#TRIBUNES.Sicinius_Cor,#Menenius_Cor #TRIBUNES.Sicinius_Cor,37,6
5,4,139,#MESSENGERS.TRIBUNES.1_Cor,#MESSENGERS.TRIBUNES.1_Cor #Menenius_Cor #TRIBUNES.Sicinius_Cor,39,5
5,4,140,#MESSENGERS.TRIBUNES.2_Cor,#MESSENGERS.TRIBUNES.1_Cor #MESSENGERS.TRIBUNES.2_Cor #Menenius_Cor #TRIBUNES.Sicinius_Cor,101,13
5,4,140,#Menenius_Cor,#MESSENGERS.TRIBUNES.1_Cor #MESSENGERS.TRIBUNES.2_Cor #Menenius_Cor #TRIBUNES.Sicinius_Cor,54,7
5,4,140,#TRIBUNES.Sicinius_Cor,#MESSENGERS.TRIBUNES.1_Cor #MESSENGERS.TRIBUNES.2_Cor #Menenius_Cor #TRIBUNES.Sicinius_Cor,38,7
5,5,141,#SENATORS.ROMAN.0.1_Cor,#SENATORS.ROMAN.0.1_Cor #SENATORS.ROMAN_Cor #Valeria_Cor #Virgilia_Cor #Volumnia_Cor,41,7
5,5,141,#SENATORS.ROMAN_Cor,#SENATORS.ROMAN.0.1_Cor #SENATORS.ROMAN_Cor #Valeria_Cor #Virgilia_Cor #Volumnia_Cor,3,1
5,6,142,#Aufidius_Cor,#ATTENDANTS.VOLSCIAN_Cor #Aufidius_Cor,63,9
5,6,143,#Aufidius_Cor,#Aufidius_Cor #CONSPIRATORS_Cor,2,1
5,6,144,#Aufidius_Cor,#Aufidius_Cor #CONSPIRATORS.0.1_Cor #CONSPIRATORS_Cor,16,3
5,6,144,#CONSPIRATORS.0.1_Cor,#Aufidius_Cor #CONSPIRATORS.0.1_Cor #CONSPIRATORS_Cor,6,1
5,6,145,#Aufidius_Cor,#Aufidius_Cor #CONSPIRATORS.0.1_Cor #CONSPIRATORS.0.2_Cor #CONSPIRATORS_Cor,13,2
5,6,145,#CONSPIRATORS.0.2_Cor,#Aufidius_Cor #CONSPIRATORS.0.1_Cor #CONSPIRATORS.0.2_Cor #CONSPIRATORS_Cor,22,4
5,6,146,#Aufidius_Cor,#Aufidius_Cor #CONSPIRATORS.0.1_Cor #CONSPIRATORS.0.2_Cor #CONSPIRATORS.0.3_Cor #CONSPIRATORS_Cor,216,28
5,6,146,#CONSPIRATORS.0.1_Cor,#Aufidius_Cor #CONSPIRATORS.0.1_Cor #CONSPIRATORS.0.2_Cor #CONSPIRATORS.0.3_Cor #CONSPIRATORS_Cor,50,7
5,6,146,#CONSPIRATORS.0.2_Cor,#Aufidius_Cor #CONSPIRATORS.0.1_Cor #CONSPIRATORS.0.2_Cor #CONSPIRATORS.0.3_Cor #CONSPIRATORS_Cor,16,3
5,6,146,#CONSPIRATORS.0.3_Cor,#Aufidius_Cor #CONSPIRATORS.0.1_Cor #CONSPIRATORS.0.2_Cor #CONSPIRATORS.0.3_Cor #CONSPIRATORS_Cor,80,12
5,6,147,#Aufidius_Cor,#Aufidius_Cor #CONSPIRATORS.0.1_Cor #CONSPIRATORS.0.2_Cor #CONSPIRATORS.0.3_Cor #CONSPIRATORS_Cor #LORDS.VOLSCIAN_Cor,23,4
5,6,147,#LORDS.VOLSCIAN_Cor,#Aufidius_Cor #CONSPIRATORS.0.1_Cor #CONSPIRATORS.0.2_Cor #CONSPIRATORS.0.3_Cor #CONSPIRATORS_Cor #LORDS.VOLSCIAN_Cor,7,2
5,6,148,#LORDS.VOLSCIAN.0.1_Cor,#Aufidius_Cor #CONSPIRATORS.0.1_Cor #CONSPIRATORS.0.2_Cor #CONSPIRATORS.0.3_Cor #CONSPIRATORS_Cor #LORDS.VOLSCIAN.0.1_Cor #LORDS.VOLSCIAN_Cor,54,7
5,6,149,#Aufidius_Cor,#Aufidius_Cor #CITIZENS.VOLSCIAN_Cor #CONSPIRATORS.0.1_Cor #CONSPIRATORS.0.2_Cor #CONSPIRATORS.0.3_Cor #CONSPIRATORS_Cor #Coriolanus_Cor #LORDS.VOLSCIAN.0.1_Cor #LORDS.VOLSCIAN_Cor,159,24
5,6,149,#CITIZENS.VOLSCIAN_Cor,#Aufidius_Cor #CITIZENS.VOLSCIAN_Cor #CONSPIRATORS.0.1_Cor #CONSPIRATORS.0.2_Cor #CONSPIRATORS.0.3_Cor #CONSPIRATORS_Cor #Coriolanus_Cor #LORDS.VOLSCIAN.0.1_Cor #LORDS.VOLSCIAN_Cor,22,3
5,6,149,#CONSPIRATORS_Cor,#Aufidius_Cor #CITIZENS.VOLSCIAN_Cor #CONSPIRATORS.0.1_Cor #CONSPIRATORS.0.2_Cor #CONSPIRATORS.0.3_Cor #CONSPIRATORS_Cor #Coriolanus_Cor #LORDS.VOLSCIAN.0.1_Cor #LORDS.VOLSCIAN_Cor,5,1
5,6,149,#Coriolanus_Cor,#Aufidius_Cor #CITIZENS.VOLSCIAN_Cor #CONSPIRATORS.0.1_Cor #CONSPIRATORS.0.2_Cor #CONSPIRATORS.0.3_Cor #CONSPIRATORS_Cor #Coriolanus_Cor #LORDS.VOLSCIAN.0.1_Cor #LORDS.VOLSCIAN_Cor,225,34
5,6,149,#LORDS.VOLSCIAN.0.1_Cor,#Aufidius_Cor #CITIZENS.VOLSCIAN_Cor #CONSPIRATORS.0.1_Cor #CONSPIRATORS.0.2_Cor #CONSPIRATORS.0.3_Cor #CONSPIRATORS_Cor #Coriolanus_Cor #LORDS.VOLSCIAN.0.1_Cor #LORDS.VOLSCIAN_Cor,6,1
5,6,150,#Aufidius_Cor,#Aufidius_Cor #CITIZENS.VOLSCIAN_Cor #CONSPIRATORS.0.1_Cor #CONSPIRATORS.0.2_Cor #CONSPIRATORS.0.3_Cor #CONSPIRATORS_Cor #Coriolanus_Cor #LORDS.VOLSCIAN.0.1_Cor #LORDS.VOLSCIAN.0.2_Cor #LORDS.VOLSCIAN_Cor,8,2
5,6,150,#CONSPIRATORS_Cor,#Aufidius_Cor #CITIZENS.VOLSCIAN_Cor #CONSPIRATORS.0.1_Cor #CONSPIRATORS.0.2_Cor #CONSPIRATORS.0.3_Cor #CONSPIRATORS_Cor #Coriolanus_Cor #LORDS.VOLSCIAN.0.1_Cor #LORDS.VOLSCIAN.0.2_Cor #LORDS.VOLSCIAN_Cor,6,1
5,6,150,#Coriolanus_Cor,#Aufidius_Cor #CITIZENS.VOLSCIAN_Cor #CONSPIRATORS.0.1_Cor #CONSPIRATORS.0.2_Cor #CONSPIRATORS.0.3_Cor #CONSPIRATORS_Cor #Coriolanus_Cor #LORDS.VOLSCIAN.0.1_Cor #LORDS.VOLSCIAN.0.2_Cor #LORDS.VOLSCIAN_Cor,17,3
5,6,150,#LORDS.VOLSCIAN.0.1_Cor,#Aufidius_Cor #CITIZENS.VOLSCIAN_Cor #CONSPIRATORS.0.1_Cor #CONSPIRATORS.0.2_Cor #CONSPIRATORS.0.3_Cor #CONSPIRATORS_Cor #Coriolanus_Cor #LORDS.VOLSCIAN.0.1_Cor #LORDS.VOLSCIAN.0.2_Cor #LORDS.VOLSCIAN_Cor,2,1
5,6,150,#LORDS.VOLSCIAN.0.2_Cor,#Aufidius_Cor #CITIZENS.VOLSCIAN_Cor #CONSPIRATORS.0.1_Cor #CONSPIRATORS.0.2_Cor #CONSPIRATORS.0.3_Cor #CONSPIRATORS_Cor #Coriolanus_Cor #LORDS.VOLSCIAN.0.1_Cor #LORDS.VOLSCIAN.0.2_Cor #LORDS.VOLSCIAN_Cor,44,6
5,6,150,#LORDS.VOLSCIAN_Cor,#Aufidius_Cor #CITIZENS.VOLSCIAN_Cor #CONSPIRATORS.0.1_Cor #CONSPIRATORS.0.2_Cor #CONSPIRATORS.0.3_Cor #CONSPIRATORS_Cor #Coriolanus_Cor #LORDS.VOLSCIAN.0.1_Cor #LORDS.VOLSCIAN.0.2_Cor #LORDS.VOLSCIAN_Cor,4,1
5,6,151,#Aufidius_Cor,#Aufidius_Cor #CITIZENS.VOLSCIAN_Cor #CONSPIRATORS.0.1_Cor #CONSPIRATORS.0.2_Cor #CONSPIRATORS.0.3_Cor #CONSPIRATORS_Cor #Coriolanus_Cor #LORDS.VOLSCIAN.0.1_Cor #LORDS.VOLSCIAN.0.2_Cor #LORDS.VOLSCIAN.0.3_Cor #LORDS.VOLSCIAN_Cor,115,16
5,6,151,#LORDS.VOLSCIAN.0.1_Cor,#Aufidius_Cor #CITIZENS.VOLSCIAN_Cor #CONSPIRATORS.0.1_Cor #CONSPIRATORS.0.2_Cor #CONSPIRATORS.0.3_Cor #CONSPIRATORS_Cor #Coriolanus_Cor #LORDS.VOLSCIAN.0.1_Cor #LORDS.VOLSCIAN.0.2_Cor #LORDS.VOLSCIAN.0.3_Cor #LORDS.VOLSCIAN_Cor,27,4
5,6,151,#LORDS.VOLSCIAN.0.2_Cor,#Aufidius_Cor #CITIZENS.VOLSCIAN_Cor #CONSPIRATORS.0.1_Cor #CONSPIRATORS.0.2_Cor #CONSPIRATORS.0.3_Cor #CONSPIRATORS_Cor #Coriolanus_Cor #LORDS.VOLSCIAN.0.1_Cor #LORDS.VOLSCIAN.0.2_Cor #LORDS.VOLSCIAN.0.3_Cor #LORDS.VOLSCIAN_Cor,17,3
5,6,151,#LORDS.VOLSCIAN.0.3_Cor,#Aufidius_Cor #CITIZENS.VOLSCIAN_Cor #CONSPIRATORS.0.1_Cor #CONSPIRATORS.0.2_Cor #CONSPIRATORS.0.3_Cor #CONSPIRATORS_Cor #Coriolanus_Cor #LORDS.VOLSCIAN.0.1_Cor #LORDS.VOLSCIAN.0.2_Cor #LORDS.VOLSCIAN.0.3_Cor #LORDS.VOLSCIAN_Cor,12,2
