source,target,n_lines,n_tokens,edge_type
#AEDILES.X.2_Cor,3.03.0088,7,24,active
#AEDILES.X.2_Cor,3.03.0092,1,8,active
#AEDILES.X.2_Cor,3.03.0093,1,7,active
#AEDILES.X.3_Cor,4.06.0120,6,38,active
#AEDILES_Cor,3.01.0073,1,2,active
#Adrian_Cor,4.03.0100,22,160,active
#Aufidius_Cor,1.02.0010,24,164,active
#Aufidius_Cor,1.02.0011,8,52,active
#Aufidius_Cor,1.08.0037,9,46,active
#Aufidius_Cor,1.08.0038,3,12,active
#Aufidius_Cor,1.10.0041,1,4,active
#Aufidius_Cor,1.10.0042,31,254,active
#Aufidius_Cor,4.05.0112,61,430,active
#Aufidius_Cor,4.07.0129,50,393,active
#Aufidius_Cor,5.02.0133,1,5,active
#Aufidius_Cor,5.03.0136,5,31,active
#Aufidius_Cor,5.03.0137,4,28,active
#Aufidius_Cor,5.06.0142,9,63,active
#Aufidius_Cor,5.06.0143,1,2,active
#Aufidius_Cor,5.06.0144,3,16,active
#Aufidius_Cor,5.06.0145,2,13,active
#Aufidius_Cor,5.06.0146,28,216,active
#Aufidius_Cor,5.06.0147,4,23,active
#Aufidius_Cor,5.06.0149,24,159,active
#Aufidius_Cor,5.06.0150,2,8,active
#Aufidius_Cor,5.06.0151,16,115,active
#CITIZENS.ANTIUM.1_Cor,4.04.0102,4,20,active
#CITIZENS.ROMAN.0.1_Cor,1.01.0001,8,45,active
#CITIZENS.ROMAN.0.1_Cor,1.01.0002,25,204,active
#CITIZENS.ROMAN.0.1_Cor,1.01.0003,3,14,active
#CITIZENS.ROMAN.0.1_Cor,3.01.0079,3,15,active
#CITIZENS.ROMAN.0.1_Cor,4.06.0118,2,15,active
#CITIZENS.ROMAN.0.1_Cor,4.06.0124,2,13,active
#CITIZENS.ROMAN.0.1_Cor,4.06.0127,3,22,active
#CITIZENS.ROMAN.0.2_Cor,1.01.0002,9,48,active
#CITIZENS.ROMAN.0.2_Cor,1.01.0003,34,245,active
#CITIZENS.ROMAN.0.2_Cor,1.01.0004,1,6,active
#CITIZENS.ROMAN.0.2_Cor,4.06.0125,1,4,active
#CITIZENS.ROMAN.0.2_Cor,4.06.0127,1,8,active
#CITIZENS.ROMAN.0.3_Cor,4.06.0126,4,37,active
#CITIZENS.ROMAN.1_Cor,2.03.0054,6,44,active
#CITIZENS.ROMAN.1_Cor,2.03.0055,1,2,active
#CITIZENS.ROMAN.1_Cor,2.03.0058,1,7,active
#CITIZENS.ROMAN.1_Cor,2.03.0065,6,41,active
#CITIZENS.ROMAN.2_Cor,2.03.0054,6,31,active
#CITIZENS.ROMAN.2_Cor,2.03.0055,1,2,active
#CITIZENS.ROMAN.2_Cor,2.03.0058,4,18,active
#CITIZENS.ROMAN.2_Cor,2.03.0065,10,68,active
#CITIZENS.ROMAN.3_Cor,2.03.0054,29,251,active
#CITIZENS.ROMAN.3_Cor,2.03.0055,8,73,active
#CITIZENS.ROMAN.3_Cor,2.03.0058,6,35,active
#CITIZENS.ROMAN.3_Cor,2.03.0065,16,102,active
#CITIZENS.ROMAN.4_Cor,2.03.0055,1,2,active
#CITIZENS.ROMAN.4_Cor,2.03.0059,8,52,active
#CITIZENS.ROMAN.4_Cor,2.03.0065,3,15,active
#CITIZENS.ROMAN.5_Cor,2.03.0055,1,2,active
#CITIZENS.ROMAN.5_Cor,2.03.0059,3,21,active
#CITIZENS.ROMAN.5_Cor,2.03.0065,3,15,active
#CITIZENS.ROMAN.6_Cor,2.03.0055,1,2,active
#CITIZENS.ROMAN.6_Cor,2.03.0061,3,19,active
#CITIZENS.ROMAN.6_Cor,2.03.0065,3,15,active
#CITIZENS.ROMAN.7_Cor,2.03.0055,1,2,active
#CITIZENS.ROMAN.7_Cor,2.03.0061,4,25,active
#CITIZENS.ROMAN.7_Cor,2.03.0065,3,15,active
#CITIZENS.ROMAN.8_Cor,2.03.0055,1,2,active
#CITIZENS.ROMAN.8_Cor,2.03.0061,1,7,active
#CITIZENS.ROMAN.8_Cor,2.03.0065,3,15,active
#CITIZENS.ROMAN_Cor,1.01.0001,4,21,active
#CITIZENS.ROMAN_Cor,1.01.0002,3,12,active
#CITIZENS.ROMAN_Cor,3.01.0072,1,6,active
#CITIZENS.ROMAN_Cor,3.01.0073,6,26,active
#CITIZENS.ROMAN_Cor,3.01.0079,2,10,active
#CITIZENS.ROMAN_Cor,3.03.0092,4,34,active
#CITIZENS.ROMAN_Cor,3.03.0093,3,25,active
#CITIZENS.ROMAN_Cor,4.06.0117,2,5,active
#CITIZENS.ROMAN_Cor,4.06.0118,1,5,active
#CITIZENS.ROMAN_Cor,4.06.0124,1,5,active
#CITIZENS.VOLSCIAN_Cor,5.06.0149,3,22,active
#CONSPIRATORS.0.1_Cor,5.06.0144,1,6,active
#CONSPIRATORS.0.1_Cor,5.06.0146,7,50,active
#CONSPIRATORS.0.2_Cor,5.06.0145,4,22,active
#CONSPIRATORS.0.2_Cor,5.06.0146,3,16,active
#CONSPIRATORS.0.3_Cor,5.06.0146,12,80,active
#CONSPIRATORS_Cor,5.06.0149,1,5,active
#CONSPIRATORS_Cor,5.06.0150,1,6,active
#Cominius_Cor,1.01.0007,3,11,active
#Cominius_Cor,1.06.0033,11,70,active
#Cominius_Cor,1.06.0034,7,40,active
#Cominius_Cor,1.06.0035,29,180,active
#Cominius_Cor,1.09.0039,12,88,active
#Cominius_Cor,1.09.0040,44,325,active
#Cominius_Cor,2.01.0045,3,10,active
#Cominius_Cor,2.02.0051,47,373,active
#Cominius_Cor,3.01.0067,3,18,active
#Cominius_Cor,3.01.0068,1,9,active
#Cominius_Cor,3.01.0069,7,44,active
#Cominius_Cor,3.01.0071,1,4,active
#Cominius_Cor,3.01.0073,1,6,active
#Cominius_Cor,3.01.0076,9,48,active
#Cominius_Cor,3.02.0085,7,41,active
#Cominius_Cor,3.02.0086,4,27,active
#Cominius_Cor,3.03.0092,11,70,active
#Cominius_Cor,4.01.0094,7,59,active
#Cominius_Cor,4.06.0123,40,247,active
#Cominius_Cor,4.06.0126,2,9,active
#Cominius_Cor,5.01.0130,18,136,active
#Cominius_Cor,5.01.0131,13,104,active
#Coriolanus_Cor,1.01.0004,63,434,active
#Coriolanus_Cor,1.01.0005,3,19,active
#Coriolanus_Cor,1.01.0006,1,4,active
#Coriolanus_Cor,1.01.0007,16,107,active
#Coriolanus_Cor,1.01.0008,2,9,active
#Coriolanus_Cor,1.04.0016,10,64,active
#Coriolanus_Cor,1.04.0017,1,7,active
#Coriolanus_Cor,1.04.0019,1,5,active
#Coriolanus_Cor,1.04.0020,9,60,active
#Coriolanus_Cor,1.04.0021,14,118,active
#Coriolanus_Cor,1.04.0022,4,27,active
#Coriolanus_Cor,1.05.0030,5,44,active
#Coriolanus_Cor,1.05.0031,13,89,active
#Coriolanus_Cor,1.06.0035,51,372,active
#Coriolanus_Cor,1.08.0037,10,66,active
#Coriolanus_Cor,1.09.0040,44,320,active
#Coriolanus_Cor,2.01.0045,23,123,active
#Coriolanus_Cor,2.02.0050,11,72,active
#Coriolanus_Cor,2.02.0052,15,95,active
#Coriolanus_Cor,2.03.0056,9,66,active
#Coriolanus_Cor,2.03.0057,2,10,active
#Coriolanus_Cor,2.03.0058,13,87,active
#Coriolanus_Cor,2.03.0059,18,141,active
#Coriolanus_Cor,2.03.0060,13,107,active
#Coriolanus_Cor,2.03.0061,8,52,active
#Coriolanus_Cor,2.03.0062,1,2,active
#Coriolanus_Cor,2.03.0063,5,26,active
#Coriolanus_Cor,3.01.0067,10,58,active
#Coriolanus_Cor,3.01.0068,8,42,active
#Coriolanus_Cor,3.01.0069,126,880,active
#Coriolanus_Cor,3.01.0071,3,16,active
#Coriolanus_Cor,3.01.0073,7,50,active
#Coriolanus_Cor,3.01.0075,2,9,active
#Coriolanus_Cor,3.01.0076,6,35,active
#Coriolanus_Cor,3.02.0080,6,45,active
#Coriolanus_Cor,3.02.0081,7,51,active
#Coriolanus_Cor,3.02.0082,6,31,active
#Coriolanus_Cor,3.02.0084,6,31,active
#Coriolanus_Cor,3.02.0085,31,244,active
#Coriolanus_Cor,3.02.0086,4,27,active
#Coriolanus_Cor,3.03.0090,7,51,active
#Coriolanus_Cor,3.03.0092,45,291,active
#Coriolanus_Cor,4.01.0094,48,330,active
#Coriolanus_Cor,4.04.0101,6,48,active
#Coriolanus_Cor,4.04.0102,6,28,active
#Coriolanus_Cor,4.04.0103,16,119,active
#Coriolanus_Cor,4.05.0106,2,14,active
#Coriolanus_Cor,4.05.0108,2,9,active
#Coriolanus_Cor,4.05.0109,2,5,active
#Coriolanus_Cor,4.05.0110,6,25,active
#Coriolanus_Cor,4.05.0111,7,37,active
#Coriolanus_Cor,4.05.0112,47,354,active
#Coriolanus_Cor,5.02.0133,14,97,active
#Coriolanus_Cor,5.03.0136,19,146,active
#Coriolanus_Cor,5.03.0137,91,640,active
#Coriolanus_Cor,5.06.0149,34,225,active
#Coriolanus_Cor,5.06.0150,3,17,active
#Gentlewoman_Cor,1.03.0013,2,9,active
#Herald_Cor,2.01.0045,6,38,active
#LORDS.VOLSCIAN.0.1_Cor,5.06.0148,7,54,active
#LORDS.VOLSCIAN.0.1_Cor,5.06.0149,1,6,active
#LORDS.VOLSCIAN.0.1_Cor,5.06.0150,1,2,active
#LORDS.VOLSCIAN.0.1_Cor,5.06.0151,4,27,active
#LORDS.VOLSCIAN.0.2_Cor,5.06.0150,6,44,active
#LORDS.VOLSCIAN.0.2_Cor,5.06.0151,3,17,active
#LORDS.VOLSCIAN.0.3_Cor,5.06.0151,2,12,active
#LORDS.VOLSCIAN_Cor,5.06.0147,2,7,active
#LORDS.VOLSCIAN_Cor,5.06.0150,1,4,active
#Lartius_Cor,1.01.0007,6,31,active
#Lartius_Cor,1.04.0016,5,32,active
#Lartius_Cor,1.04.0019,1,7,active
#Lartius_Cor,1.04.0025,12,79,active
#Lartius_Cor,1.04.0026,2,11,active
#Lartius_Cor,1.05.0031,8,44,active
#Lartius_Cor,1.05.0032,3,22,active
#Lartius_Cor,1.07.0036,8,59,active
#Lartius_Cor,1.09.0040,6,22,active
#Lartius_Cor,3.01.0067,12,81,active
#Lartius_Cor,3.01.0073,1,6,active
#MESSENGERS.TRIBUNES.1_Cor,4.06.0121,11,70,active
#MESSENGERS.TRIBUNES.1_Cor,5.04.0139,5,39,active
#MESSENGERS.TRIBUNES.2_Cor,4.06.0122,6,36,active
#MESSENGERS.TRIBUNES.2_Cor,5.04.0140,13,101,active
#MESSENGERS.X.1_Cor,1.01.0005,2,12,active
#MESSENGERS.X.2_Cor,1.04.0016,2,15,active
#MESSENGERS.X.3_Cor,1.06.0034,9,62,active
#MESSENGERS.X.4_Cor,2.01.0047,9,71,active
#Menenius_Cor,1.01.0003,86,641,active
#Menenius_Cor,1.01.0004,9,50,active
#Menenius_Cor,1.01.0007,1,3,active
#Menenius_Cor,2.01.0043,82,669,active
#Menenius_Cor,2.01.0044,34,242,active
#Menenius_Cor,2.01.0045,13,91,active
#Menenius_Cor,2.02.0049,13,80,active
#Menenius_Cor,2.02.0050,8,40,active
#Menenius_Cor,2.02.0051,9,50,active
#Menenius_Cor,2.02.0052,12,74,active
#Menenius_Cor,2.03.0056,8,51,active
#Menenius_Cor,2.03.0063,5,34,active
#Menenius_Cor,3.01.0068,1,2,active
#Menenius_Cor,3.01.0069,7,26,active
#Menenius_Cor,3.01.0072,1,5,active
#Menenius_Cor,3.01.0073,16,98,active
#Menenius_Cor,3.01.0074,2,13,active
#Menenius_Cor,3.01.0075,3,19,active
#Menenius_Cor,3.01.0076,10,57,active
#Menenius_Cor,3.01.0077,10,67,active
#Menenius_Cor,3.01.0078,1,3,active
#Menenius_Cor,3.01.0079,42,300,active
#Menenius_Cor,3.02.0083,3,16,active
#Menenius_Cor,3.02.0084,17,100,active
#Menenius_Cor,3.02.0085,1,3,active
#Menenius_Cor,3.02.0086,1,3,active
#Menenius_Cor,3.03.0090,2,5,active
#Menenius_Cor,3.03.0091,1,3,active
#Menenius_Cor,3.03.0092,12,80,active
#Menenius_Cor,4.01.0094,5,35,active
#Menenius_Cor,4.02.0097,2,9,active
#Menenius_Cor,4.02.0098,3,16,active
#Menenius_Cor,4.02.0099,1,3,active
#Menenius_Cor,4.06.0116,5,30,active
#Menenius_Cor,4.06.0119,1,4,active
#Menenius_Cor,4.06.0120,13,85,active
#Menenius_Cor,4.06.0121,3,13,active
#Menenius_Cor,4.06.0123,23,143,active
#Menenius_Cor,4.06.0124,12,80,active
#Menenius_Cor,4.06.0126,2,14,active
#Menenius_Cor,5.01.0130,40,283,active
#Menenius_Cor,5.02.0132,29,195,active
#Menenius_Cor,5.02.0133,22,177,active
#Menenius_Cor,5.02.0134,7,67,active
#Menenius_Cor,5.04.0138,30,255,active
#Menenius_Cor,5.04.0140,7,54,active
#NOBLES.0.1_Cor,3.02.0081,1,4,active
#Nicanor_Cor,4.03.0100,31,234,active
#OFFICERS.1_Cor,2.02.0048,14,111,active
#OFFICERS.1_Cor,2.02.0051,1,3,active
#OFFICERS.2_Cor,2.02.0048,22,186,active
#SENATORS.ROMAN.0.1_Cor,1.01.0007,7,41,active
#SENATORS.ROMAN.0.1_Cor,2.02.0050,10,59,active
#SENATORS.ROMAN.0.1_Cor,2.02.0051,3,14,active
#SENATORS.ROMAN.0.1_Cor,3.01.0069,3,20,active
#SENATORS.ROMAN.0.1_Cor,3.01.0073,1,9,active
#SENATORS.ROMAN.0.1_Cor,3.01.0075,3,17,active
#SENATORS.ROMAN.0.1_Cor,3.01.0077,2,11,active
#SENATORS.ROMAN.0.1_Cor,3.01.0079,5,28,active
#SENATORS.ROMAN.0.1_Cor,3.02.0084,3,17,active
#SENATORS.ROMAN.0.1_Cor,3.03.0091,1,2,active
#SENATORS.ROMAN.0.1_Cor,5.05.0141,7,41,active
#SENATORS.ROMAN.0.2_Cor,3.01.0073,3,12,active
#SENATORS.ROMAN.0.2_Cor,3.01.0074,1,3,active
#SENATORS.ROMAN_Cor,2.02.0052,1,7,active
#SENATORS.ROMAN_Cor,3.01.0071,1,3,active
#SENATORS.ROMAN_Cor,3.01.0073,1,6,active
#SENATORS.ROMAN_Cor,5.05.0141,1,3,active
#SENATORS.VOLSCIAN.0.1_Cor,1.02.0010,6,36,active
#SENATORS.VOLSCIAN.0.1_Cor,1.02.0011,1,1,active
#SENATORS.VOLSCIAN.0.1_Cor,1.04.0018,11,66,active
#SENATORS.VOLSCIAN.0.2_Cor,1.02.0011,7,40,active
#SENATORS.VOLSCIAN_Cor,1.02.0011,2,5,active
#SERVANTS.1_Cor,4.05.0104,2,13,active
#SERVANTS.1_Cor,4.05.0107,3,18,active
#SERVANTS.1_Cor,4.05.0110,3,22,active
#SERVANTS.1_Cor,4.05.0113,13,87,active
#SERVANTS.1_Cor,4.05.0114,19,108,active
#SERVANTS.2_Cor,4.05.0105,2,8,active
#SERVANTS.2_Cor,4.05.0109,6,37,active
#SERVANTS.2_Cor,4.05.0110,1,3,active
#SERVANTS.2_Cor,4.05.0112,2,15,active
#SERVANTS.2_Cor,4.05.0113,13,96,active
#SERVANTS.2_Cor,4.05.0114,16,108,active
#SERVANTS.3_Cor,4.05.0110,10,55,active
#SERVANTS.3_Cor,4.05.0111,7,34,active
#SERVANTS.3_Cor,4.05.0114,38,308,active
#SOLDIERS.ROMAN.0.1_Cor,1.04.0023,1,3,active
#SOLDIERS.ROMAN.0.1_Cor,1.04.0024,1,6,active
#SOLDIERS.ROMAN.0.1_Cor,1.04.0025,4,28,active
#SOLDIERS.ROMAN.0.1_Cor,1.04.0026,1,2,active
#SOLDIERS.ROMAN.0.1_Cor,1.05.0027,1,6,active
#SOLDIERS.ROMAN.0.2_Cor,1.04.0024,1,2,active
#SOLDIERS.ROMAN.0.2_Cor,1.05.0028,1,3,active
#SOLDIERS.ROMAN.0.3_Cor,1.05.0029,1,9,active
#SOLDIERS.ROMAN.Lieutenant_Cor,1.07.0036,1,5,active
#SOLDIERS.ROMAN_Cor,1.04.0024,1,6,active
#SOLDIERS.ROMAN_Cor,1.04.0025,1,3,active
#SOLDIERS.ROMAN_Cor,1.09.0040,1,3,active
#SOLDIERS.VOLSCIAN.0.1_Cor,1.10.0042,4,17,active
#SOLDIERS.VOLSCIAN.Lieutenant_Cor,4.07.0129,11,81,active
#TRIBUNES.Brutus_Cor,1.01.0009,19,124,active
#TRIBUNES.Brutus_Cor,2.01.0043,13,77,active
#TRIBUNES.Brutus_Cor,2.01.0046,42,292,active
#TRIBUNES.Brutus_Cor,2.01.0047,4,22,active
#TRIBUNES.Brutus_Cor,2.02.0050,9,48,active
#TRIBUNES.Brutus_Cor,2.02.0052,1,3,active
#TRIBUNES.Brutus_Cor,2.02.0053,4,26,active
#TRIBUNES.Brutus_Cor,2.03.0063,1,6,active
#TRIBUNES.Brutus_Cor,2.03.0064,2,14,active
#TRIBUNES.Brutus_Cor,2.03.0065,48,350,active
#TRIBUNES.Brutus_Cor,2.03.0066,6,38,active
#TRIBUNES.Brutus_Cor,3.01.0068,2,11,active
#TRIBUNES.Brutus_Cor,3.01.0069,19,101,active
#TRIBUNES.Brutus_Cor,3.01.0072,1,3,active
#TRIBUNES.Brutus_Cor,3.01.0073,14,86,active
#TRIBUNES.Brutus_Cor,3.01.0079,9,42,active
#TRIBUNES.Brutus_Cor,3.03.0087,5,35,active
#TRIBUNES.Brutus_Cor,3.03.0088,7,37,active
#TRIBUNES.Brutus_Cor,3.03.0089,6,48,active
#TRIBUNES.Brutus_Cor,3.03.0092,7,41,active
#TRIBUNES.Brutus_Cor,4.02.0095,4,22,active
#TRIBUNES.Brutus_Cor,4.02.0096,1,4,active
#TRIBUNES.Brutus_Cor,4.02.0097,5,23,active
#TRIBUNES.Brutus_Cor,4.06.0115,1,7,active
#TRIBUNES.Brutus_Cor,4.06.0116,1,3,active
#TRIBUNES.Brutus_Cor,4.06.0117,1,10,active
#TRIBUNES.Brutus_Cor,4.06.0118,3,14,active
#TRIBUNES.Brutus_Cor,4.06.0119,6,33,active
#TRIBUNES.Brutus_Cor,4.06.0120,3,16,active
#TRIBUNES.Brutus_Cor,4.06.0121,2,12,active
#TRIBUNES.Brutus_Cor,4.06.0123,2,10,active
#TRIBUNES.Brutus_Cor,4.06.0128,3,20,active
#TRIBUNES.Brutus_Cor,5.01.0130,4,25,active
#TRIBUNES.Sicinius_Cor,1.01.0009,16,94,active
#TRIBUNES.Sicinius_Cor,2.01.0043,8,33,active
#TRIBUNES.Sicinius_Cor,2.01.0046,25,153,active
#TRIBUNES.Sicinius_Cor,2.01.0047,1,3,active
#TRIBUNES.Sicinius_Cor,2.02.0050,4,20,active
#TRIBUNES.Sicinius_Cor,2.02.0052,3,15,active
#TRIBUNES.Sicinius_Cor,2.02.0053,3,23,active
#TRIBUNES.Sicinius_Cor,2.03.0063,6,29,active
#TRIBUNES.Sicinius_Cor,2.03.0064,2,14,active
#TRIBUNES.Sicinius_Cor,2.03.0065,41,288,active
#TRIBUNES.Sicinius_Cor,2.03.0066,4,28,active
#TRIBUNES.Sicinius_Cor,3.01.0068,1,3,active
#TRIBUNES.Sicinius_Cor,3.01.0069,17,94,active
#TRIBUNES.Sicinius_Cor,3.01.0070,1,4,active
#TRIBUNES.Sicinius_Cor,3.01.0071,6,28,active
#TRIBUNES.Sicinius_Cor,3.01.0072,1,10,active
#TRIBUNES.Sicinius_Cor,3.01.0073,10,60,active
#TRIBUNES.Sicinius_Cor,3.01.0078,8,50,active
#TRIBUNES.Sicinius_Cor,3.01.0079,25,133,active
#TRIBUNES.Sicinius_Cor,3.03.0088,13,98,active
#TRIBUNES.Sicinius_Cor,3.03.0090,1,4,active
#TRIBUNES.Sicinius_Cor,3.03.0092,36,237,active
#TRIBUNES.Sicinius_Cor,3.03.0093,4,29,active
#TRIBUNES.Sicinius_Cor,4.02.0095,6,38,active
#TRIBUNES.Sicinius_Cor,4.02.0097,10,48,active
#TRIBUNES.Sicinius_Cor,4.06.0115,9,69,active
#TRIBUNES.Sicinius_Cor,4.06.0116,6,43,active
#TRIBUNES.Sicinius_Cor,4.06.0117,1,4,active
#TRIBUNES.Sicinius_Cor,4.06.0118,2,5,active
#TRIBUNES.Sicinius_Cor,4.06.0119,6,42,active
#TRIBUNES.Sicinius_Cor,4.06.0120,3,14,active
#TRIBUNES.Sicinius_Cor,4.06.0121,6,28,active
#TRIBUNES.Sicinius_Cor,4.06.0123,1,5,active
#TRIBUNES.Sicinius_Cor,4.06.0127,4,34,active
#TRIBUNES.Sicinius_Cor,4.06.0128,2,5,active
#TRIBUNES.Sicinius_Cor,5.01.0130,10,67,active
#TRIBUNES.Sicinius_Cor,5.01.0131,1,1,active
#TRIBUNES.Sicinius_Cor,5.04.0138,6,37,active
#TRIBUNES.Sicinius_Cor,5.04.0140,7,38,active
#Valeria_Cor,1.03.0015,41,339,active
#Valeria_Cor,2.01.0044,3,11,active
#Valeria_Cor,2.01.0045,1,5,active
#Virgilia_Cor,1.03.0012,2,10,active
#Virgilia_Cor,1.03.0013,2,15,active
#Virgilia_Cor,1.03.0014,1,7,active
#Virgilia_Cor,1.03.0015,17,116,active
#Virgilia_Cor,2.01.0044,4,22,active
#Virgilia_Cor,2.01.0045,1,5,active
#Virgilia_Cor,4.01.0094,2,7,active
#Virgilia_Cor,4.02.0097,4,25,active
#Virgilia_Cor,5.03.0137,6,31,active
#Volumnia_Cor,1.03.0012,25,224,active
#Volumnia_Cor,1.03.0013,16,123,active
#Volumnia_Cor,1.03.0014,2,12,active
#Volumnia_Cor,1.03.0015,8,45,active
#Volumnia_Cor,2.01.0044,27,196,active
#Volumnia_Cor,2.01.0045,13,80,active
#Volumnia_Cor,3.02.0082,9,64,active
#Volumnia_Cor,3.02.0084,55,420,active
#Volumnia_Cor,3.02.0085,16,112,active
#Volumnia_Cor,4.01.0094,7,44,active
#Volumnia_Cor,4.02.0097,26,201,active
#Volumnia_Cor,4.02.0098,11,69,active
#Volumnia_Cor,5.03.0137,107,824,active
#WATCHMEN.1_Cor,5.02.0132,28,228,active
#WATCHMEN.1_Cor,5.02.0134,3,18,active
#WATCHMEN.1_Cor,5.02.0135,1,6,active
#WATCHMEN.2_Cor,5.02.0132,6,43,active
#WATCHMEN.2_Cor,5.02.0134,4,23,active
#WATCHMEN.2_Cor,5.02.0135,2,15,active
#YoungMartius_Cor,5.03.0137,2,17,active
1.01.0001,#CITIZENS.ROMAN.0.1_Cor,4,21,passive
1.01.0001,#CITIZENS.ROMAN_Cor,8,45,passive
1.01.0002,#CITIZENS.ROMAN.0.1_Cor,12,60,passive
1.01.0002,#CITIZENS.ROMAN.0.2_Cor,28,216,passive
1.01.0002,#CITIZENS.ROMAN_Cor,34,252,passive
1.01.0003,#CITIZENS.ROMAN.0.1_Cor,120,886,passive
1.01.0003,#CITIZENS.ROMAN.0.2_Cor,89,655,passive
1.01.0003,#CITIZENS.ROMAN_Cor,123,900,passive
1.01.0003,#Menenius_Cor,37,259,passive
1.01.0004,#CITIZENS.ROMAN.0.1_Cor,73,490,passive
1.01.0004,#CITIZENS.ROMAN.0.2_Cor,72,484,passive
1.01.0004,#CITIZENS.ROMAN_Cor,73,490,passive
1.01.0004,#Coriolanus_Cor,10,56,passive
1.01.0004,#Menenius_Cor,64,440,passive
1.01.0005,#CITIZENS.ROMAN.0.1_Cor,5,31,passive
1.01.0005,#CITIZENS.ROMAN.0.2_Cor,5,31,passive
1.01.0005,#CITIZENS.ROMAN_Cor,5,31,passive
1.01.0005,#Coriolanus_Cor,2,12,passive
1.01.0005,#MESSENGERS.X.1_Cor,3,19,passive
1.01.0005,#Menenius_Cor,5,31,passive
1.01.0006,#CITIZENS.ROMAN.0.1_Cor,1,4,passive
1.01.0006,#CITIZENS.ROMAN.0.2_Cor,1,4,passive
1.01.0006,#CITIZENS.ROMAN_Cor,1,4,passive
1.01.0006,#Cominius_Cor,1,4,passive
1.01.0006,#Lartius_Cor,1,4,passive
1.01.0006,#MESSENGERS.X.1_Cor,1,4,passive
1.01.0006,#Menenius_Cor,1,4,passive
1.01.0006,#SENATORS.ROMAN_Cor,1,4,passive
1.01.0006,#TRIBUNES.Brutus_Cor,1,4,passive
1.01.0006,#TRIBUNES.Sicinius_Cor,1,4,passive
1.01.0007,#CITIZENS.ROMAN.0.1_Cor,33,193,passive
1.01.0007,#CITIZENS.ROMAN.0.2_Cor,33,193,passive
1.01.0007,#CITIZENS.ROMAN_Cor,33,193,passive
1.01.0007,#Cominius_Cor,30,182,passive
1.01.0007,#Coriolanus_Cor,17,86,passive
1.01.0007,#Lartius_Cor,27,162,passive
1.01.0007,#MESSENGERS.X.1_Cor,33,193,passive
1.01.0007,#Menenius_Cor,32,190,passive
1.01.0007,#SENATORS.ROMAN.0.1_Cor,26,152,passive
1.01.0007,#SENATORS.ROMAN_Cor,33,193,passive
1.01.0007,#TRIBUNES.Brutus_Cor,33,193,passive
1.01.0007,#TRIBUNES.Sicinius_Cor,33,193,passive
1.01.0008,#CITIZENS.ROMAN.0.1_Cor,2,9,passive
1.01.0008,#CITIZENS.ROMAN.0.2_Cor,2,9,passive
1.01.0008,#Cominius_Cor,2,9,passive
1.01.0008,#Lartius_Cor,2,9,passive
1.01.0008,#MESSENGERS.X.1_Cor,2,9,passive
1.01.0008,#Menenius_Cor,2,9,passive
1.01.0008,#SENATORS.ROMAN.0.1_Cor,2,9,passive
1.01.0008,#SENATORS.ROMAN_Cor,2,9,passive
1.01.0008,#TRIBUNES.Brutus_Cor,2,9,passive
1.01.0008,#TRIBUNES.Sicinius_Cor,2,9,passive
1.01.0009,#CITIZENS.ROMAN.0.1_Cor,35,218,passive
1.01.0009,#CITIZENS.ROMAN.0.2_Cor,35,218,passive
1.01.0009,#SENATORS.ROMAN.0.1_Cor,35,218,passive
1.01.0009,#TRIBUNES.Brutus_Cor,16,94,passive
1.01.0009,#TRIBUNES.Sicinius_Cor,19,124,passive
1.02.0010,#Aufidius_Cor,6,36,passive
1.02.0010,#SENATORS.VOLSCIAN.0.1_Cor,24,164,passive
1.02.0010,#SENATORS.VOLSCIAN_Cor,30,200,passive
1.02.0011,#Aufidius_Cor,10,46,passive
1.02.0011,#SENATORS.VOLSCIAN.0.1_Cor,17,97,passive
1.02.0011,#SENATORS.VOLSCIAN.0.2_Cor,11,58,passive
1.02.0011,#SENATORS.VOLSCIAN_Cor,16,93,passive
1.03.0012,#Virgilia_Cor,25,224,passive
1.03.0012,#Volumnia_Cor,2,10,passive
1.03.0013,#Gentlewoman_Cor,18,138,passive
1.03.0013,#Virgilia_Cor,18,132,passive
1.03.0013,#Volumnia_Cor,4,24,passive
1.03.0014,#Virgilia_Cor,2,12,passive
1.03.0014,#Volumnia_Cor,1,7,passive
1.03.0015,#Gentlewoman_Cor,66,500,passive
1.03.0015,#Usher_Cor,66,500,passive
1.03.0015,#Valeria_Cor,25,161,passive
1.03.0015,#Virgilia_Cor,49,384,passive
1.03.0015,#Volumnia_Cor,58,455,passive
1.04.0016,#Coriolanus_Cor,7,47,passive
1.04.0016,#Lartius_Cor,12,79,passive
1.04.0016,#MESSENGERS.X.2_Cor,15,96,passive
1.04.0016,#SOLDIERS.ROMAN_Cor,17,111,passive
1.04.0017,#Lartius_Cor,1,7,passive
1.04.0017,#MESSENGERS.X.2_Cor,1,7,passive
1.04.0017,#SENATORS.VOLSCIAN_Cor,1,7,passive
1.04.0017,#SOLDIERS.ROMAN_Cor,1,7,passive
1.04.0018,#Coriolanus_Cor,11,66,passive
1.04.0018,#Lartius_Cor,11,66,passive
1.04.0018,#MESSENGERS.X.2_Cor,11,66,passive
1.04.0018,#SENATORS.VOLSCIAN_Cor,11,66,passive
1.04.0018,#SOLDIERS.ROMAN_Cor,11,66,passive
1.04.0019,#Coriolanus_Cor,1,7,passive
1.04.0019,#Lartius_Cor,1,5,passive
1.04.0019,#MESSENGERS.X.2_Cor,2,12,passive
1.04.0019,#SENATORS.VOLSCIAN.0.1_Cor,2,12,passive
1.04.0019,#SOLDIERS.ROMAN_Cor,2,12,passive
1.04.0020,#Lartius_Cor,9,60,passive
1.04.0020,#MESSENGERS.X.2_Cor,9,60,passive
1.04.0020,#SENATORS.VOLSCIAN.0.1_Cor,9,60,passive
1.04.0020,#SOLDIERS.ROMAN_Cor,9,60,passive
1.04.0020,#SOLDIERS.VOLSCIAN_Cor,9,60,passive
1.04.0021,#SENATORS.VOLSCIAN.0.1_Cor,14,118,passive
1.04.0021,#SOLDIERS.ROMAN_Cor,14,118,passive
1.04.0022,#SENATORS.VOLSCIAN.0.1_Cor,4,27,passive
1.04.0022,#SOLDIERS.ROMAN_Cor,4,27,passive
1.04.0022,#SOLDIERS.VOLSCIAN_Cor,4,27,passive
1.04.0023,#SENATORS.VOLSCIAN.0.1_Cor,1,3,passive
1.04.0023,#SOLDIERS.ROMAN_Cor,1,3,passive
1.04.0024,#SENATORS.VOLSCIAN.0.1_Cor,3,14,passive
1.04.0024,#SOLDIERS.ROMAN.0.1_Cor,2,8,passive
1.04.0024,#SOLDIERS.ROMAN.0.2_Cor,2,12,passive
1.04.0024,#SOLDIERS.ROMAN_Cor,2,8,passive
1.04.0025,#Lartius_Cor,5,31,passive
1.04.0025,#SENATORS.VOLSCIAN.0.1_Cor,17,110,passive
1.04.0025,#SOLDIERS.ROMAN.0.1_Cor,13,82,passive
1.04.0025,#SOLDIERS.ROMAN.0.2_Cor,17,110,passive
1.04.0025,#SOLDIERS.ROMAN_Cor,16,107,passive
1.04.0026,#Coriolanus_Cor,3,13,passive
1.04.0026,#Lartius_Cor,1,2,passive
1.04.0026,#SENATORS.VOLSCIAN.0.1_Cor,3,13,passive
1.04.0026,#SOLDIERS.ROMAN.0.1_Cor,2,11,passive
1.04.0026,#SOLDIERS.ROMAN.0.2_Cor,3,13,passive
1.04.0026,#SOLDIERS.ROMAN_Cor,3,13,passive
1.04.0026,#SOLDIERS.VOLSCIAN_Cor,3,13,passive
1.05.0027,#SOLDIERS.ROMAN_Cor,1,6,passive
1.05.0028,#SOLDIERS.ROMAN.0.1_Cor,1,3,passive
1.05.0028,#SOLDIERS.ROMAN_Cor,1,3,passive
1.05.0029,#SOLDIERS.ROMAN.0.1_Cor,1,9,passive
1.05.0029,#SOLDIERS.ROMAN.0.2_Cor,1,9,passive
1.05.0029,#SOLDIERS.ROMAN_Cor,1,9,passive
1.05.0030,#Lartius_Cor,5,44,passive
1.05.0030,#SOLDIERS.ROMAN.0.1_Cor,5,44,passive
1.05.0030,#SOLDIERS.ROMAN.0.2_Cor,5,44,passive
1.05.0030,#SOLDIERS.ROMAN.0.3_Cor,5,44,passive
1.05.0030,#SOLDIERS.ROMAN.Trumpeter_Cor,5,44,passive
1.05.0030,#SOLDIERS.ROMAN_Cor,5,44,passive
1.05.0031,#Coriolanus_Cor,8,44,passive
1.05.0031,#Lartius_Cor,13,89,passive
1.05.0031,#SOLDIERS.ROMAN.0.1_Cor,21,133,passive
1.05.0031,#SOLDIERS.ROMAN.0.2_Cor,21,133,passive
1.05.0031,#SOLDIERS.ROMAN.0.3_Cor,21,133,passive
1.05.0031,#SOLDIERS.ROMAN.Trumpeter_Cor,21,133,passive
1.05.0032,#SOLDIERS.ROMAN.0.1_Cor,3,22,passive
1.05.0032,#SOLDIERS.ROMAN.0.2_Cor,3,22,passive
1.05.0032,#SOLDIERS.ROMAN.0.3_Cor,3,22,passive
1.05.0032,#SOLDIERS.ROMAN.Trumpeter_Cor,3,22,passive
1.06.0033,#SOLDIERS.ROMAN_Cor,11,70,passive
1.06.0034,#Cominius_Cor,9,62,passive
1.06.0034,#MESSENGERS.X.3_Cor,7,40,passive
1.06.0034,#SOLDIERS.ROMAN_Cor,16,102,passive
1.06.0035,#Cominius_Cor,51,372,passive
1.06.0035,#Coriolanus_Cor,29,180,passive
1.06.0035,#SOLDIERS.ROMAN_Cor,80,552,passive
1.07.0036,#Lartius_Cor,1,5,passive
1.07.0036,#SOLDIERS.ROMAN.Lieutenant_Cor,8,59,passive
1.07.0036,#SOLDIERS.ROMAN.Scout_Cor,9,64,passive
1.07.0036,#SOLDIERS.ROMAN_Cor,9,64,passive
1.08.0037,#Aufidius_Cor,10,66,passive
1.08.0037,#Coriolanus_Cor,9,46,passive
1.08.0038,#Coriolanus_Cor,3,12,passive
1.08.0038,#SOLDIERS.VOLSCIAN_Cor,3,12,passive
1.09.0039,#Coriolanus_Cor,12,88,passive
1.09.0039,#SOLDIERS.ROMAN_Cor,12,88,passive
1.09.0040,#Cominius_Cor,50,342,passive
1.09.0040,#Coriolanus_Cor,50,347,passive
1.09.0040,#Lartius_Cor,88,645,passive
1.09.0040,#SOLDIERS.ROMAN.0_Cor,94,667,passive
1.09.0040,#SOLDIERS.ROMAN_Cor,93,664,passive
1.10.0041,#SOLDIERS.VOLSCIAN_Cor,1,4,passive
1.10.0042,#Aufidius_Cor,4,17,passive
1.10.0042,#SOLDIERS.VOLSCIAN.0.1_Cor,31,254,passive
1.10.0042,#SOLDIERS.VOLSCIAN_Cor,35,271,passive
2.01.0043,#Menenius_Cor,17,96,passive
2.01.0043,#TRIBUNES.Brutus_Cor,86,688,passive
2.01.0043,#TRIBUNES.Sicinius_Cor,91,732,passive
2.01.0044,#Menenius_Cor,33,226,passive
2.01.0044,#TRIBUNES.Brutus_Cor,67,468,passive
2.01.0044,#TRIBUNES.Sicinius_Cor,67,468,passive
2.01.0044,#Valeria_Cor,64,457,passive
2.01.0044,#Virgilia_Cor,63,446,passive
2.01.0044,#Volumnia_Cor,40,272,passive
2.01.0045,#Cominius_Cor,54,327,passive
2.01.0045,#Coriolanus_Cor,34,214,passive
2.01.0045,#Herald_Cor,51,299,passive
2.01.0045,#Lartius_Cor,57,337,passive
2.01.0045,#Menenius_Cor,44,246,passive
2.01.0045,#SOLDIERS.ROMAN_Cor,57,337,passive
2.01.0045,#TRIBUNES.Brutus_Cor,57,337,passive
2.01.0045,#TRIBUNES.Sicinius_Cor,57,337,passive
2.01.0045,#Valeria_Cor,56,332,passive
2.01.0045,#Virgilia_Cor,56,332,passive
2.01.0045,#Volumnia_Cor,44,257,passive
2.01.0046,#TRIBUNES.Brutus_Cor,25,153,passive
2.01.0046,#TRIBUNES.Sicinius_Cor,42,292,passive
2.01.0047,#MESSENGERS.X.4_Cor,5,25,passive
2.01.0047,#TRIBUNES.Brutus_Cor,10,74,passive
2.01.0047,#TRIBUNES.Sicinius_Cor,13,93,passive
2.02.0048,#OFFICERS.1_Cor,22,186,passive
2.02.0048,#OFFICERS.2_Cor,14,111,passive
2.02.0049,#Cominius_Cor,13,80,passive
2.02.0049,#Coriolanus_Cor,13,80,passive
2.02.0049,#LICTORS_Cor,13,80,passive
2.02.0049,#OFFICERS.1_Cor,13,80,passive
2.02.0049,#OFFICERS.2_Cor,13,80,passive
2.02.0049,#SENATORS.ROMAN_Cor,13,80,passive
2.02.0049,#TRIBUNES.Brutus_Cor,13,80,passive
2.02.0049,#TRIBUNES.Sicinius_Cor,13,80,passive
2.02.0050,#Cominius_Cor,42,239,passive
2.02.0050,#Coriolanus_Cor,31,167,passive
2.02.0050,#LICTORS_Cor,42,239,passive
2.02.0050,#Menenius_Cor,34,199,passive
2.02.0050,#OFFICERS.1_Cor,42,239,passive
2.02.0050,#OFFICERS.2_Cor,42,239,passive
2.02.0050,#SENATORS.ROMAN.0.1_Cor,32,180,passive
2.02.0050,#SENATORS.ROMAN_Cor,42,239,passive
2.02.0050,#TRIBUNES.Brutus_Cor,33,191,passive
2.02.0050,#TRIBUNES.Sicinius_Cor,38,219,passive
2.02.0051,#Cominius_Cor,13,67,passive
2.02.0051,#LICTORS_Cor,60,440,passive
2.02.0051,#Menenius_Cor,51,390,passive
2.02.0051,#OFFICERS.1_Cor,59,437,passive
2.02.0051,#OFFICERS.2_Cor,60,440,passive
2.02.0051,#SENATORS.ROMAN.0.1_Cor,57,426,passive
2.02.0051,#SENATORS.ROMAN_Cor,60,440,passive
2.02.0051,#TRIBUNES.Brutus_Cor,60,440,passive
2.02.0051,#TRIBUNES.Sicinius_Cor,60,440,passive
2.02.0052,#Cominius_Cor,32,194,passive
2.02.0052,#Coriolanus_Cor,17,99,passive
2.02.0052,#LICTORS_Cor,32,194,passive
2.02.0052,#Menenius_Cor,20,120,passive
2.02.0052,#OFFICERS.1_Cor,32,194,passive
2.02.0052,#OFFICERS.2_Cor,32,194,passive
2.02.0052,#SENATORS.ROMAN.0.1_Cor,32,194,passive
2.02.0052,#SENATORS.ROMAN_Cor,31,187,passive
2.02.0052,#TRIBUNES.Brutus_Cor,31,191,passive
2.02.0052,#TRIBUNES.Sicinius_Cor,29,179,passive
2.02.0053,#SENATORS.ROMAN.0.1_Cor,7,49,passive
2.02.0053,#TRIBUNES.Brutus_Cor,3,23,passive
2.02.0053,#TRIBUNES.Sicinius_Cor,4,26,passive
2.03.0054,#CITIZENS.ROMAN.1_Cor,35,282,passive
2.03.0054,#CITIZENS.ROMAN.2_Cor,35,295,passive
2.03.0054,#CITIZENS.ROMAN.3_Cor,12,75,passive
2.03.0054,#CITIZENS.ROMAN.4_Cor,41,326,passive
2.03.0054,#CITIZENS.ROMAN.5_Cor,41,326,passive
2.03.0054,#CITIZENS.ROMAN.6_Cor,41,326,passive
2.03.0054,#CITIZENS.ROMAN.7_Cor,41,326,passive
2.03.0054,#CITIZENS.ROMAN.8_Cor,41,326,passive
2.03.0055,#CITIZENS.ROMAN.1_Cor,8,73,passive
2.03.0055,#CITIZENS.ROMAN.2_Cor,8,73,passive
2.03.0055,#CITIZENS.ROMAN.3_Cor,1,2,passive
2.03.0055,#CITIZENS.ROMAN.4_Cor,8,73,passive
2.03.0055,#CITIZENS.ROMAN.5_Cor,8,73,passive
2.03.0055,#CITIZENS.ROMAN.6_Cor,8,73,passive
2.03.0055,#CITIZENS.ROMAN.7_Cor,8,73,passive
2.03.0055,#CITIZENS.ROMAN.8_Cor,8,73,passive
2.03.0055,#Coriolanus_Cor,9,75,passive
2.03.0055,#Menenius_Cor,9,75,passive
2.03.0056,#Coriolanus_Cor,8,51,passive
2.03.0056,#Menenius_Cor,9,66,passive
2.03.0058,#CITIZENS.ROMAN.1_Cor,23,140,passive
2.03.0058,#CITIZENS.ROMAN.2_Cor,20,129,passive
2.03.0058,#CITIZENS.ROMAN.3_Cor,18,112,passive
2.03.0058,#Coriolanus_Cor,11,60,passive
2.03.0059,#CITIZENS.ROMAN.4_Cor,20,155,passive
2.03.0059,#CITIZENS.ROMAN.5_Cor,25,186,passive
2.03.0059,#Coriolanus_Cor,10,66,passive
2.03.0061,#CITIZENS.ROMAN.6_Cor,11,70,passive
2.03.0061,#CITIZENS.ROMAN.7_Cor,10,64,passive
2.03.0061,#CITIZENS.ROMAN.8_Cor,13,82,passive
2.03.0061,#Coriolanus_Cor,6,37,passive
2.03.0063,#Coriolanus_Cor,12,69,passive
2.03.0063,#Menenius_Cor,12,61,passive
2.03.0063,#TRIBUNES.Brutus_Cor,16,89,passive
2.03.0063,#TRIBUNES.Sicinius_Cor,11,66,passive
2.03.0064,#TRIBUNES.Brutus_Cor,2,14,passive
2.03.0064,#TRIBUNES.Sicinius_Cor,2,14,passive
2.03.0065,#CITIZENS.ROMAN.1_Cor,109,778,passive
2.03.0065,#CITIZENS.ROMAN.2_Cor,105,751,passive
2.03.0065,#CITIZENS.ROMAN.3_Cor,99,717,passive
2.03.0065,#CITIZENS.ROMAN.4_Cor,112,804,passive
2.03.0065,#CITIZENS.ROMAN.5_Cor,112,804,passive
2.03.0065,#CITIZENS.ROMAN.6_Cor,112,804,passive
2.03.0065,#CITIZENS.ROMAN.7_Cor,112,804,passive
2.03.0065,#CITIZENS.ROMAN.8_Cor,112,804,passive
2.03.0065,#TRIBUNES.Brutus_Cor,67,469,passive
2.03.0065,#TRIBUNES.Sicinius_Cor,74,531,passive
2.03.0066,#TRIBUNES.Brutus_Cor,4,28,passive
2.03.0066,#TRIBUNES.Sicinius_Cor,6,38,passive
3.01.0067,#Cominius_Cor,22,139,passive
3.01.0067,#Coriolanus_Cor,15,99,passive
3.01.0067,#Lartius_Cor,13,76,passive
3.01.0067,#Menenius_Cor,25,157,passive
3.01.0067,#SENATORS.ROMAN_Cor,25,157,passive
3.01.0068,#Cominius_Cor,12,58,passive
3.01.0068,#Coriolanus_Cor,5,25,passive
3.01.0068,#Lartius_Cor,13,67,passive
3.01.0068,#Menenius_Cor,12,65,passive
3.01.0068,#SENATORS.ROMAN_Cor,13,67,passive
3.01.0068,#TRIBUNES.Brutus_Cor,11,56,passive
3.01.0068,#TRIBUNES.Sicinius_Cor,12,64,passive
3.01.0069,#Cominius_Cor,172,1121,passive
3.01.0069,#Coriolanus_Cor,53,285,passive
3.01.0069,#Lartius_Cor,179,1165,passive
3.01.0069,#Menenius_Cor,172,1139,passive
3.01.0069,#SENATORS.ROMAN.0.1_Cor,176,1145,passive
3.01.0069,#SENATORS.ROMAN_Cor,179,1165,passive
3.01.0069,#TRIBUNES.Brutus_Cor,160,1064,passive
3.01.0069,#TRIBUNES.Sicinius_Cor,162,1071,passive
3.01.0070,#AEDILES.X.1_Cor,1,4,passive
3.01.0070,#Cominius_Cor,1,4,passive
3.01.0070,#Coriolanus_Cor,1,4,passive
3.01.0070,#Lartius_Cor,1,4,passive
3.01.0070,#Menenius_Cor,1,4,passive
3.01.0070,#SENATORS.ROMAN.0.1_Cor,1,4,passive
3.01.0070,#SENATORS.ROMAN_Cor,1,4,passive
3.01.0070,#TRIBUNES.Brutus_Cor,1,4,passive
3.01.0071,#Cominius_Cor,10,47,passive
3.01.0071,#Coriolanus_Cor,8,35,passive
3.01.0071,#Lartius_Cor,11,51,passive
3.01.0071,#Menenius_Cor,11,51,passive
3.01.0071,#SENATORS.ROMAN.0.1_Cor,11,51,passive
3.01.0071,#SENATORS.ROMAN_Cor,10,48,passive
3.01.0071,#TRIBUNES.Brutus_Cor,11,51,passive
3.01.0071,#TRIBUNES.Sicinius_Cor,5,23,passive
3.01.0072,#AEDILES_Cor,4,24,passive
3.01.0072,#CITIZENS.ROMAN_Cor,3,18,passive
3.01.0072,#Cominius_Cor,4,24,passive
3.01.0072,#Coriolanus_Cor,4,24,passive
3.01.0072,#Lartius_Cor,4,24,passive
3.01.0072,#Menenius_Cor,3,19,passive
3.01.0072,#SENATORS.ROMAN.0.1_Cor,4,24,passive
3.01.0072,#SENATORS.ROMAN_Cor,4,24,passive
3.01.0072,#TRIBUNES.Brutus_Cor,3,21,passive
3.01.0072,#TRIBUNES.Sicinius_Cor,3,14,passive
3.01.0073,#AEDILES_Cor,55,329,passive
3.01.0073,#CITIZENS.ROMAN_Cor,50,305,passive
3.01.0073,#Cominius_Cor,55,325,passive
3.01.0073,#Coriolanus_Cor,49,281,passive
3.01.0073,#Lartius_Cor,55,325,passive
3.01.0073,#Menenius_Cor,40,233,passive
3.01.0073,#SENATORS.ROMAN.0.1_Cor,55,322,passive
3.01.0073,#SENATORS.ROMAN.0.2_Cor,53,319,passive
3.01.0073,#SENATORS.ROMAN_Cor,55,325,passive
3.01.0073,#TRIBUNES.Brutus_Cor,42,245,passive
3.01.0073,#TRIBUNES.Sicinius_Cor,46,271,passive
3.01.0074,#Menenius_Cor,1,3,passive
3.01.0074,#SENATORS.ROMAN.0.1_Cor,3,16,passive
3.01.0074,#SENATORS.ROMAN.0.2_Cor,2,13,passive
3.01.0075,#Coriolanus_Cor,6,36,passive
3.01.0075,#Menenius_Cor,5,26,passive
3.01.0075,#SENATORS.ROMAN.0.1_Cor,5,28,passive
3.01.0075,#SENATORS.ROMAN.0.2_Cor,8,45,passive
3.01.0076,#Cominius_Cor,16,92,passive
3.01.0076,#Coriolanus_Cor,19,105,passive
3.01.0076,#Menenius_Cor,15,83,passive
3.01.0076,#SENATORS.ROMAN.0.1_Cor,25,140,passive
3.01.0076,#SENATORS.ROMAN.0.2_Cor,25,140,passive
3.01.0077,#Menenius_Cor,2,11,passive
3.01.0077,#SENATORS.ROMAN.0.1_Cor,10,67,passive
3.01.0077,#SENATORS.ROMAN.0.2_Cor,12,78,passive
3.01.0078,#AEDILES_Cor,9,53,passive
3.01.0078,#CITIZENS.ROMAN_Cor,9,53,passive
3.01.0078,#Menenius_Cor,8,50,passive
3.01.0078,#SENATORS.ROMAN.0.1_Cor,9,53,passive
3.01.0078,#SENATORS.ROMAN.0.2_Cor,9,53,passive
3.01.0078,#TRIBUNES.Brutus_Cor,9,53,passive
3.01.0078,#TRIBUNES.Sicinius_Cor,1,3,passive
3.01.0079,#AEDILES_Cor,86,528,passive
3.01.0079,#CITIZENS.ROMAN.0.1_Cor,83,513,passive
3.01.0079,#CITIZENS.ROMAN_Cor,84,518,passive
3.01.0079,#Menenius_Cor,44,228,passive
3.01.0079,#SENATORS.ROMAN.0.1_Cor,81,500,passive
3.01.0079,#SENATORS.ROMAN.0.2_Cor,86,528,passive
3.01.0079,#TRIBUNES.Brutus_Cor,77,486,passive
3.01.0079,#TRIBUNES.Sicinius_Cor,61,395,passive
3.02.0080,#NOBLES_Cor,6,45,passive
3.02.0081,#Coriolanus_Cor,1,4,passive
3.02.0081,#NOBLES.0.1_Cor,7,51,passive
3.02.0081,#NOBLES_Cor,8,55,passive
3.02.0082,#Coriolanus_Cor,9,64,passive
3.02.0082,#NOBLES.0.1_Cor,15,95,passive
3.02.0082,#NOBLES_Cor,15,95,passive
3.02.0082,#Volumnia_Cor,6,31,passive
3.02.0083,#Coriolanus_Cor,3,16,passive
3.02.0083,#NOBLES.0.1_Cor,3,16,passive
3.02.0083,#NOBLES_Cor,3,16,passive
3.02.0083,#SENATORS.ROMAN_Cor,3,16,passive
3.02.0083,#Volumnia_Cor,3,16,passive
3.02.0084,#Coriolanus_Cor,75,537,passive
3.02.0084,#Menenius_Cor,64,468,passive
3.02.0084,#NOBLES.0.1_Cor,81,568,passive
3.02.0084,#NOBLES_Cor,81,568,passive
3.02.0084,#SENATORS.ROMAN.0.1_Cor,78,551,passive
3.02.0084,#SENATORS.ROMAN_Cor,81,568,passive
3.02.0084,#Volumnia_Cor,26,148,passive
3.02.0085,#Cominius_Cor,48,359,passive
3.02.0085,#Coriolanus_Cor,24,156,passive
3.02.0085,#Menenius_Cor,54,397,passive
3.02.0085,#NOBLES.0.1_Cor,55,400,passive
3.02.0085,#NOBLES_Cor,55,400,passive
3.02.0085,#SENATORS.ROMAN.0.1_Cor,55,400,passive
3.02.0085,#SENATORS.ROMAN_Cor,55,400,passive
3.02.0085,#Volumnia_Cor,39,288,passive
3.02.0086,#Cominius_Cor,5,30,passive
3.02.0086,#Coriolanus_Cor,5,30,passive
3.02.0086,#Menenius_Cor,8,54,passive
3.02.0086,#NOBLES.0.1_Cor,9,57,passive
3.02.0086,#NOBLES_Cor,9,57,passive
3.02.0086,#SENATORS.ROMAN.0.1_Cor,9,57,passive
3.02.0086,#SENATORS.ROMAN_Cor,9,57,passive
3.03.0087,#TRIBUNES.Sicinius_Cor,5,35,passive
3.03.0088,#AEDILES.X.2_Cor,20,135,passive
3.03.0088,#TRIBUNES.Brutus_Cor,20,122,passive
3.03.0088,#TRIBUNES.Sicinius_Cor,14,61,passive
3.03.0089,#TRIBUNES.Sicinius_Cor,6,48,passive
3.03.0090,#Cominius_Cor,10,60,passive
3.03.0090,#Coriolanus_Cor,3,9,passive
3.03.0090,#Menenius_Cor,8,55,passive
3.03.0090,#SENATORS.ROMAN_Cor,10,60,passive
3.03.0090,#TRIBUNES.Brutus_Cor,10,60,passive
3.03.0090,#TRIBUNES.Sicinius_Cor,9,56,passive
3.03.0091,#Cominius_Cor,2,5,passive
3.03.0091,#Coriolanus_Cor,2,5,passive
3.03.0091,#Menenius_Cor,1,2,passive
3.03.0091,#SENATORS.ROMAN.0.1_Cor,1,3,passive
3.03.0091,#SENATORS.ROMAN_Cor,2,5,passive
3.03.0091,#TRIBUNES.Brutus_Cor,2,5,passive
3.03.0091,#TRIBUNES.Sicinius_Cor,2,5,passive
3.03.0092,#AEDILES.X.2_Cor,114,749,passive
3.03.0092,#CITIZENS.ROMAN_Cor,111,723,passive
3.03.0092,#Cominius_Cor,104,687,passive
3.03.0092,#Coriolanus_Cor,70,466,passive
3.03.0092,#Menenius_Cor,103,677,passive
3.03.0092,#SENATORS.ROMAN.0.1_Cor,115,757,passive
3.03.0092,#SENATORS.ROMAN_Cor,115,757,passive
3.03.0092,#TRIBUNES.Brutus_Cor,108,716,passive
3.03.0092,#TRIBUNES.Sicinius_Cor,79,520,passive
3.03.0093,#AEDILES.X.2_Cor,7,54,passive
3.03.0093,#CITIZENS.ROMAN_Cor,5,36,passive
3.03.0093,#SENATORS.ROMAN.0.1_Cor,8,61,passive
3.03.0093,#TRIBUNES.Brutus_Cor,8,61,passive
3.03.0093,#TRIBUNES.Sicinius_Cor,4,32,passive
4.01.0094,#Cominius_Cor,62,416,passive
4.01.0094,#Coriolanus_Cor,21,145,passive
4.01.0094,#Menenius_Cor,64,440,passive
4.01.0094,#NOBLES_Cor,69,475,passive
4.01.0094,#Virgilia_Cor,67,468,passive
4.01.0094,#Volumnia_Cor,62,431,passive
4.02.0095,#AEDILES.X.2_Cor,10,60,passive
4.02.0095,#TRIBUNES.Brutus_Cor,6,38,passive
4.02.0095,#TRIBUNES.Sicinius_Cor,4,22,passive
4.02.0096,#TRIBUNES.Sicinius_Cor,1,4,passive
4.02.0097,#Menenius_Cor,45,297,passive
4.02.0097,#TRIBUNES.Brutus_Cor,42,283,passive
4.02.0097,#TRIBUNES.Sicinius_Cor,37,258,passive
4.02.0097,#Virgilia_Cor,43,281,passive
4.02.0097,#Volumnia_Cor,21,105,passive
4.02.0098,#Menenius_Cor,11,69,passive
4.02.0098,#Virgilia_Cor,14,85,passive
4.02.0098,#Volumnia_Cor,3,16,passive
4.03.0100,#Adrian_Cor,31,234,passive
4.03.0100,#Nicanor_Cor,22,160,passive
4.04.0102,#CITIZENS.ANTIUM.1_Cor,6,28,passive
4.04.0102,#Coriolanus_Cor,4,20,passive
4.05.0107,#Coriolanus_Cor,3,18,passive
4.05.0109,#Coriolanus_Cor,6,37,passive
4.05.0109,#SERVANTS.2_Cor,2,5,passive
4.05.0110,#Coriolanus_Cor,14,80,passive
4.05.0110,#SERVANTS.1_Cor,17,83,passive
4.05.0110,#SERVANTS.2_Cor,19,102,passive
4.05.0110,#SERVANTS.3_Cor,10,50,passive
4.05.0111,#Coriolanus_Cor,7,34,passive
4.05.0111,#SERVANTS.1_Cor,14,71,passive
4.05.0111,#SERVANTS.3_Cor,7,37,passive
4.05.0112,#Aufidius_Cor,49,369,passive
4.05.0112,#Coriolanus_Cor,63,445,passive
4.05.0112,#SERVANTS.1_Cor,110,799,passive
4.05.0112,#SERVANTS.2_Cor,108,784,passive
4.05.0113,#SERVANTS.1_Cor,13,96,passive
4.05.0113,#SERVANTS.2_Cor,13,87,passive
4.05.0114,#SERVANTS.1_Cor,51,405,passive
4.05.0114,#SERVANTS.2_Cor,54,405,passive
4.05.0114,#SERVANTS.3_Cor,32,205,passive
4.06.0115,#TRIBUNES.Brutus_Cor,9,69,passive
4.06.0115,#TRIBUNES.Sicinius_Cor,1,7,passive
4.06.0116,#Menenius_Cor,7,46,passive
4.06.0116,#TRIBUNES.Brutus_Cor,11,73,passive
4.06.0116,#TRIBUNES.Sicinius_Cor,6,33,passive
4.06.0117,#CITIZENS.ROMAN_Cor,2,14,passive
4.06.0117,#Menenius_Cor,4,19,passive
4.06.0117,#TRIBUNES.Brutus_Cor,3,9,passive
4.06.0117,#TRIBUNES.Sicinius_Cor,3,15,passive
4.06.0118,#CITIZENS.ROMAN.0.1_Cor,5,22,passive
4.06.0118,#CITIZENS.ROMAN_Cor,6,32,passive
4.06.0118,#Menenius_Cor,7,37,passive
4.06.0118,#TRIBUNES.Brutus_Cor,4,23,passive
4.06.0118,#TRIBUNES.Sicinius_Cor,5,32,passive
4.06.0119,#CITIZENS.ROMAN.0.1_Cor,13,79,passive
4.06.0119,#Menenius_Cor,12,75,passive
4.06.0119,#TRIBUNES.Brutus_Cor,7,46,passive
4.06.0119,#TRIBUNES.Sicinius_Cor,7,37,passive
4.06.0120,#AEDILES.X.3_Cor,19,115,passive
4.06.0120,#CITIZENS.ROMAN.0.1_Cor,25,153,passive
4.06.0120,#Menenius_Cor,12,68,passive
4.06.0120,#TRIBUNES.Brutus_Cor,22,137,passive
4.06.0120,#TRIBUNES.Sicinius_Cor,22,139,passive
4.06.0121,#AEDILES.X.3_Cor,22,123,passive
4.06.0121,#CITIZENS.ROMAN.0.1_Cor,22,123,passive
4.06.0121,#MESSENGERS.TRIBUNES.1_Cor,11,53,passive
4.06.0121,#Menenius_Cor,19,110,passive
4.06.0121,#TRIBUNES.Brutus_Cor,20,111,passive
4.06.0121,#TRIBUNES.Sicinius_Cor,16,95,passive
4.06.0122,#AEDILES.X.3_Cor,6,36,passive
4.06.0122,#CITIZENS.ROMAN.0.1_Cor,6,36,passive
4.06.0122,#MESSENGERS.TRIBUNES.1_Cor,6,36,passive
4.06.0122,#Menenius_Cor,6,36,passive
4.06.0122,#TRIBUNES.Brutus_Cor,6,36,passive
4.06.0122,#TRIBUNES.Sicinius_Cor,6,36,passive
4.06.0123,#AEDILES.X.3_Cor,65,400,passive
4.06.0123,#CITIZENS.ROMAN.0.1_Cor,65,400,passive
4.06.0123,#Cominius_Cor,25,153,passive
4.06.0123,#MESSENGERS.TRIBUNES.1_Cor,65,400,passive
4.06.0123,#MESSENGERS.TRIBUNES.2_Cor,65,400,passive
4.06.0123,#Menenius_Cor,42,257,passive
4.06.0123,#TRIBUNES.Brutus_Cor,63,390,passive
4.06.0123,#TRIBUNES.Sicinius_Cor,64,395,passive
4.06.0124,#AEDILES.X.3_Cor,15,98,passive
4.06.0124,#CITIZENS.ROMAN.0.1_Cor,13,85,passive
4.06.0124,#CITIZENS.ROMAN_Cor,14,93,passive
4.06.0124,#Cominius_Cor,15,98,passive
4.06.0124,#MESSENGERS.TRIBUNES.1_Cor,15,98,passive
4.06.0124,#MESSENGERS.TRIBUNES.2_Cor,15,98,passive
4.06.0124,#Menenius_Cor,3,18,passive
4.06.0124,#TRIBUNES.Brutus_Cor,15,98,passive
4.06.0124,#TRIBUNES.Sicinius_Cor,15,98,passive
4.06.0125,#AEDILES.X.3_Cor,1,4,passive
4.06.0125,#CITIZENS.ROMAN.0.1_Cor,1,4,passive
4.06.0125,#CITIZENS.ROMAN_Cor,1,4,passive
4.06.0125,#Cominius_Cor,1,4,passive
4.06.0125,#MESSENGERS.TRIBUNES.1_Cor,1,4,passive
4.06.0125,#MESSENGERS.TRIBUNES.2_Cor,1,4,passive
4.06.0125,#Menenius_Cor,1,4,passive
4.06.0125,#TRIBUNES.Brutus_Cor,1,4,passive
4.06.0125,#TRIBUNES.Sicinius_Cor,1,4,passive
4.06.0126,#AEDILES.X.3_Cor,8,60,passive
4.06.0126,#CITIZENS.ROMAN.0.1_Cor,8,60,passive
4.06.0126,#CITIZENS.ROMAN.0.2_Cor,8,60,passive
4.06.0126,#CITIZENS.ROMAN.0.3_Cor,4,23,passive
4.06.0126,#CITIZENS.ROMAN_Cor,8,60,passive
4.06.0126,#Cominius_Cor,6,51,passive
4.06.0126,#MESSENGERS.TRIBUNES.1_Cor,8,60,passive
4.06.0126,#MESSENGERS.TRIBUNES.2_Cor,8,60,passive
4.06.0126,#Menenius_Cor,6,46,passive
4.06.0126,#TRIBUNES.Brutus_Cor,8,60,passive
4.06.0126,#TRIBUNES.Sicinius_Cor,8,60,passive
4.06.0127,#AEDILES.X.3_Cor,8,64,passive
4.06.0127,#CITIZENS.ROMAN.0.1_Cor,5,42,passive
4.06.0127,#CITIZENS.ROMAN.0.2_Cor,7,56,passive
4.06.0127,#CITIZENS.ROMAN.0.3_Cor,8,64,passive
4.06.0127,#CITIZENS.ROMAN_Cor,8,64,passive
4.06.0127,#MESSENGERS.TRIBUNES.1_Cor,8,64,passive
4.06.0127,#MESSENGERS.TRIBUNES.2_Cor,8,64,passive
4.06.0127,#TRIBUNES.Brutus_Cor,8,64,passive
4.06.0127,#TRIBUNES.Sicinius_Cor,4,30,passive
4.06.0128,#CITIZENS.ROMAN.0.1_Cor,5,25,passive
4.06.0128,#CITIZENS.ROMAN.0.2_Cor,5,25,passive
4.06.0128,#CITIZENS.ROMAN.0.3_Cor,5,25,passive
4.06.0128,#TRIBUNES.Brutus_Cor,2,5,passive
4.06.0128,#TRIBUNES.Sicinius_Cor,3,20,passive
4.07.0129,#Aufidius_Cor,11,81,passive
4.07.0129,#SOLDIERS.VOLSCIAN.Lieutenant_Cor,50,393,passive
5.01.0130,#Cominius_Cor,54,375,passive
5.01.0130,#Menenius_Cor,32,228,passive
5.01.0130,#TRIBUNES.Brutus_Cor,68,486,passive
5.01.0130,#TRIBUNES.Sicinius_Cor,62,444,passive
5.01.0131,#Cominius_Cor,1,1,passive
5.01.0131,#TRIBUNES.Brutus_Cor,14,105,passive
5.01.0131,#TRIBUNES.Sicinius_Cor,13,104,passive
5.02.0132,#Menenius_Cor,34,271,passive
5.02.0132,#WATCHMEN.1_Cor,35,238,passive
5.02.0132,#WATCHMEN.2_Cor,57,423,passive
5.02.0133,#Aufidius_Cor,36,274,passive
5.02.0133,#Coriolanus_Cor,23,182,passive
5.02.0133,#Menenius_Cor,15,102,passive
5.02.0133,#WATCHMEN.1_Cor,37,279,passive
5.02.0133,#WATCHMEN.2_Cor,37,279,passive
5.02.0134,#Menenius_Cor,7,41,passive
5.02.0134,#WATCHMEN.1_Cor,11,90,passive
5.02.0134,#WATCHMEN.2_Cor,10,85,passive
5.02.0135,#WATCHMEN.1_Cor,2,15,passive
5.02.0135,#WATCHMEN.2_Cor,1,6,passive
5.03.0136,#Aufidius_Cor,19,146,passive
5.03.0136,#Coriolanus_Cor,5,31,passive
5.03.0137,#ATTENDANTS.ROMAN_Cor,210,1540,passive
5.03.0137,#Aufidius_Cor,206,1512,passive
5.03.0137,#Coriolanus_Cor,119,900,passive
5.03.0137,#Valeria_Cor,210,1540,passive
5.03.0137,#Virgilia_Cor,204,1509,passive
5.03.0137,#Volumnia_Cor,103,716,passive
5.03.0137,#YoungMartius_Cor,208,1523,passive
5.04.0138,#Menenius_Cor,6,37,passive
5.04.0138,#TRIBUNES.Sicinius_Cor,30,255,passive
5.04.0139,#Menenius_Cor,5,39,passive
5.04.0139,#TRIBUNES.Sicinius_Cor,5,39,passive
5.04.0140,#MESSENGERS.TRIBUNES.1_Cor,27,193,passive
5.04.0140,#MESSENGERS.TRIBUNES.2_Cor,14,92,passive
5.04.0140,#Menenius_Cor,20,139,passive
5.04.0140,#TRIBUNES.Sicinius_Cor,20,155,passive
5.05.0141,#SENATORS.ROMAN.0.1_Cor,1,3,passive
5.05.0141,#SENATORS.ROMAN_Cor,7,41,passive
5.05.0141,#Valeria_Cor,8,44,passive
5.05.0141,#Virgilia_Cor,8,44,passive
5.05.0141,#Volumnia_Cor,8,44,passive
5.06.0142,#ATTENDANTS.VOLSCIAN_Cor,9,63,passive
5.06.0143,#CONSPIRATORS_Cor,1,2,passive
5.06.0144,#Aufidius_Cor,1,6,passive
5.06.0144,#CONSPIRATORS.0.1_Cor,3,16,passive
5.06.0144,#CONSPIRATORS_Cor,4,22,passive
5.06.0145,#Aufidius_Cor,4,22,passive
5.06.0145,#CONSPIRATORS.0.1_Cor,6,35,passive
5.06.0145,#CONSPIRATORS.0.2_Cor,2,13,passive
5.06.0145,#CONSPIRATORS_Cor,6,35,passive
5.06.0146,#Aufidius_Cor,22,146,passive
5.06.0146,#CONSPIRATORS.0.1_Cor,43,312,passive
5.06.0146,#CONSPIRATORS.0.2_Cor,47,346,passive
5.06.0146,#CONSPIRATORS.0.3_Cor,38,282,passive
5.06.0146,#CONSPIRATORS_Cor,50,362,passive
5.06.0147,#Aufidius_Cor,2,7,passive
5.06.0147,#CONSPIRATORS.0.1_Cor,6,30,passive
5.06.0147,#CONSPIRATORS.0.2_Cor,6,30,passive
5.06.0147,#CONSPIRATORS.0.3_Cor,6,30,passive
5.06.0147,#CONSPIRATORS_Cor,6,30,passive
5.06.0147,#LORDS.VOLSCIAN_Cor,4,23,passive
5.06.0148,#Aufidius_Cor,7,54,passive
5.06.0148,#CONSPIRATORS.0.1_Cor,7,54,passive
5.06.0148,#CONSPIRATORS.0.2_Cor,7,54,passive
5.06.0148,#CONSPIRATORS.0.3_Cor,7,54,passive
5.06.0148,#CONSPIRATORS_Cor,7,54,passive
5.06.0148,#LORDS.VOLSCIAN_Cor,7,54,passive
5.06.0149,#Aufidius_Cor,39,258,passive
5.06.0149,#CITIZENS.VOLSCIAN_Cor,60,395,passive
5.06.0149,#CONSPIRATORS.0.1_Cor,63,417,passive
5.06.0149,#CONSPIRATORS.0.2_Cor,63,417,passive
5.06.0149,#CONSPIRATORS.0.3_Cor,63,417,passive
5.06.0149,#CONSPIRATORS_Cor,62,412,passive
5.06.0149,#Coriolanus_Cor,29,192,passive
5.06.0149,#LORDS.VOLSCIAN.0.1_Cor,62,411,passive
5.06.0149,#LORDS.VOLSCIAN_Cor,63,417,passive
5.06.0150,#Aufidius_Cor,12,73,passive
5.06.0150,#CITIZENS.VOLSCIAN_Cor,14,81,passive
5.06.0150,#CONSPIRATORS.0.1_Cor,14,81,passive
5.06.0150,#CONSPIRATORS.0.2_Cor,14,81,passive
5.06.0150,#CONSPIRATORS.0.3_Cor,14,81,passive
5.06.0150,#CONSPIRATORS_Cor,13,75,passive
5.06.0150,#Coriolanus_Cor,11,64,passive
5.06.0150,#LORDS.VOLSCIAN.0.1_Cor,13,79,passive
5.06.0150,#LORDS.VOLSCIAN.0.2_Cor,8,37,passive
5.06.0150,#LORDS.VOLSCIAN_Cor,13,77,passive
5.06.0151,#Aufidius_Cor,9,56,passive
5.06.0151,#CITIZENS.VOLSCIAN_Cor,25,171,passive
5.06.0151,#CONSPIRATORS.0.1_Cor,25,171,passive
5.06.0151,#CONSPIRATORS.0.2_Cor,25,171,passive
5.06.0151,#CONSPIRATORS.0.3_Cor,25,171,passive
5.06.0151,#CONSPIRATORS_Cor,25,171,passive
5.06.0151,#Coriolanus_Cor,25,171,passive
5.06.0151,#LORDS.VOLSCIAN.0.1_Cor,21,144,passive
5.06.0151,#LORDS.VOLSCIAN.0.2_Cor,22,154,passive
5.06.0151,#LORDS.VOLSCIAN.0.3_Cor,23,159,passive
5.06.0151,#LORDS.VOLSCIAN_Cor,25,171,passive
