node,node_type
#AEDILES.X.1_Cor,character
#AEDILES.X.2_Cor,character
#AEDILES.X.3_Cor,character
#AEDILES_Cor,character
#ATTENDANTS.ROMAN_Cor,character
#ATTENDANTS.VOLSCIAN_Cor,character
#Adrian_Cor,character
#Aufidius_Cor,character
#CITIZENS.ANTIUM.1_Cor,character
#CITIZENS.ROMAN.0.1_Cor,character
#CITIZENS.ROMAN.0.2_Cor,character
#CITIZENS.ROMAN.0.3_Cor,character
#CITIZENS.ROMAN.1_Cor,character
#CITIZENS.ROMAN.2_Cor,character
#CITIZENS.ROMAN.3_Cor,character
#CITIZENS.ROMAN.4_Cor,character
#CITIZENS.ROMAN.5_Cor,character
#CITIZENS.ROMAN.6_Cor,character
#CITIZENS.ROMAN.7_Cor,character
#CITIZENS.ROMAN.8_Cor,character
#CITIZENS.ROMAN_Cor,character
#CITIZENS.VOLSCIAN_Cor,character
#CONSPIRATORS.0.1_Cor,character
#CONSPIRATORS.0.2_Cor,character
#CONSPIRATORS.0.3_Cor,character
#CONSPIRATORS_Cor,character
#Cominius_Cor,character
#Coriolanus_Cor,character
#Gentlewoman_Cor,character
#Herald_Cor,character
#LICTORS_Cor,character
#LORDS.VOLSCIAN.0.1_Cor,character
#LORDS.VOLSCIAN.0.2_Cor,character
#LORDS.VOLSCIAN.0.3_Cor,character
#LORDS.VOLSCIAN_Cor,character
#Lartius_Cor,character
#MESSENGERS.TRIBUNES.1_Cor,character
#MESSENGERS.TRIBUNES.2_Cor,character
#MESSENGERS.X.1_Cor,character
#MESSENGERS.X.2_Cor,character
#MESSENGERS.X.3_Cor,character
#MESSENGERS.X.4_Cor,character
#Menenius_Cor,character
#NOBLES.0.1_Cor,character
#NOBLES_Cor,character
#Nicanor_Cor,character
#OFFICERS.1_Cor,character
#OFFICERS.2_Cor,character
#SENATORS.ROMAN.0.1_Cor,character
#SENATORS.ROMAN.0.2_Cor,character
#SENATORS.ROMAN_Cor,character
#SENATORS.VOLSCIAN.0.1_Cor,character
#SENATORS.VOLSCIAN.0.2_Cor,character
#SENATORS.VOLSCIAN_Cor,character
#SERVANTS.1_Cor,character
#SERVANTS.2_Cor,character
#SERVANTS.3_Cor,character
#SOLDIERS.ROMAN.0.1_Cor,character
#SOLDIERS.ROMAN.0.2_Cor,character
#SOLDIERS.ROMAN.0.3_Cor,character
#SOLDIERS.ROMAN.0_Cor,character
#SOLDIERS.ROMAN.Lieutenant_Cor,character
#SOLDIERS.ROMAN.Scout_Cor,character
#SOLDIERS.ROMAN.Trumpeter_Cor,character
#SOLDIERS.ROMAN_Cor,character
#SOLDIERS.VOLSCIAN.0.1_Cor,character
#SOLDIERS.VOLSCIAN.Lieutenant_Cor,character
#SOLDIERS.VOLSCIAN_Cor,character
#TRIBUNES.Brutus_Cor,character
#TRIBUNES.Sicinius_Cor,character
#Usher_Cor,character
#Valeria_Cor,character
#Virgilia_Cor,character
#Volumnia_Cor,character
#WATCHMEN.1_Cor,character
#WATCHMEN.2_Cor,character
#YoungMartius_Cor,character
1.01.0001,text_unit
1.01.0002,text_unit
1.01.0003,text_unit
1.01.0004,text_unit
1.01.0005,text_unit
1.01.0006,text_unit
1.01.0007,text_unit
1.01.0008,text_unit
1.01.0009,text_unit
1.02.0010,text_unit
1.02.0011,text_unit
1.03.0012,text_unit
1.03.0013,text_unit
1.03.0014,text_unit
1.03.0015,text_unit
1.04.0016,text_unit
1.04.0017,text_unit
1.04.0018,text_unit
1.04.0019,text_unit
1.04.0020,text_unit
1.04.0021,text_unit
1.04.0022,text_unit
1.04.0023,text_unit
1.04.0024,text_unit
1.04.0025,text_unit
1.04.0026,text_unit
1.05.0027,text_unit
1.05.0028,text_unit
1.05.0029,text_unit
1.05.0030,text_unit
1.05.0031,text_unit
1.05.0032,text_unit
1.06.0033,text_unit
1.06.0034,text_unit
1.06.0035,text_unit
1.07.0036,text_unit
1.08.0037,text_unit
1.08.0038,text_unit
1.09.0039,text_unit
1.09.0040,text_unit
1.10.0041,text_unit
1.10.0042,text_unit
2.01.0043,text_unit
2.01.0044,text_unit
2.01.0045,text_unit
2.01.0046,text_unit
2.01.0047,text_unit
2.02.0048,text_unit
2.02.0049,text_unit
2.02.0050,text_unit
2.02.0051,text_unit
2.02.0052,text_unit
2.02.0053,text_unit
2.03.0054,text_unit
2.03.0055,text_unit
2.03.0056,text_unit
2.03.0057,text_unit
2.03.0058,text_unit
2.03.0059,text_unit
2.03.0060,text_unit
2.03.0061,text_unit
2.03.0062,text_unit
2.03.0063,text_unit
2.03.0064,text_unit
2.03.0065,text_unit
2.03.0066,text_unit
3.01.0067,text_unit
3.01.0068,text_unit
3.01.0069,text_unit
3.01.0070,text_unit
3.01.0071,text_unit
3.01.0072,text_unit
3.01.0073,text_unit
3.01.0074,text_unit
3.01.0075,text_unit
3.01.0076,text_unit
3.01.0077,text_unit
3.01.0078,text_unit
3.01.0079,text_unit
3.02.0080,text_unit
3.02.0081,text_unit
3.02.0082,text_unit
3.02.0083,text_unit
3.02.0084,text_unit
3.02.0085,text_unit
3.02.0086,text_unit
3.03.0087,text_unit
3.03.0088,text_unit
3.03.0089,text_unit
3.03.0090,text_unit
3.03.0091,text_unit
3.03.0092,text_unit
3.03.0093,text_unit
4.01.0094,text_unit
4.02.0095,text_unit
4.02.0096,text_unit
4.02.0097,text_unit
4.02.0098,text_unit
4.02.0099,text_unit
4.03.0100,text_unit
4.04.0101,text_unit
4.04.0102,text_unit
4.04.0103,text_unit
4.05.0104,text_unit
4.05.0105,text_unit
4.05.0106,text_unit
4.05.0107,text_unit
4.05.0108,text_unit
4.05.0109,text_unit
4.05.0110,text_unit
4.05.0111,text_unit
4.05.0112,text_unit
4.05.0113,text_unit
4.05.0114,text_unit
4.06.0115,text_unit
4.06.0116,text_unit
4.06.0117,text_unit
4.06.0118,text_unit
4.06.0119,text_unit
4.06.0120,text_unit
4.06.0121,text_unit
4.06.0122,text_unit
4.06.0123,text_unit
4.06.0124,text_unit
4.06.0125,text_unit
4.06.0126,text_unit
4.06.0127,text_unit
4.06.0128,text_unit
4.07.0129,text_unit
5.01.0130,text_unit
5.01.0131,text_unit
5.02.0132,text_unit
5.02.0133,text_unit
5.02.0134,text_unit
5.02.0135,text_unit
5.03.0136,text_unit
5.03.0137,text_unit
5.04.0138,text_unit
5.04.0139,text_unit
5.04.0140,text_unit
5.05.0141,text_unit
5.06.0142,text_unit
5.06.0143,text_unit
5.06.0144,text_unit
5.06.0145,text_unit
5.06.0146,text_unit
5.06.0147,text_unit
5.06.0148,text_unit
5.06.0149,text_unit
5.06.0150,text_unit
5.06.0151,text_unit
