node1,node2,key,act,scene,n_tokens,n_lines,edge_index
#BishopOfCanterbury_H5,#BishopOfEly_H5,0,1,1,732,103,2
#AMBASSADORS.0.1_H5,#AMBASSADORS_H5,0,1,2,2411,323,3
#AMBASSADORS.0.1_H5,#ATTENDANTS.ENGLISH.0_H5,0,1,2,2411,323,3
#AMBASSADORS.0.1_H5,#ATTENDANTS.ENGLISH_H5,0,1,2,2411,323,3
#AMBASSADORS.0.1_H5,#Bedford_H5,0,1,2,2411,323,3
#AMBASSADORS.0.1_H5,#Clarence_2H4,0,1,2,2411,323,3
#AMBASSADORS.0.1_H5,#Exeter_H5,0,1,2,2411,323,3
#AMBASSADORS.0.1_H5,#Gloucester_2H4,0,1,2,2411,323,3
#AMBASSADORS.0.1_H5,#HenryV_H5,0,1,2,2411,323,3
#AMBASSADORS.0.1_H5,#Warwick_2H4,0,1,2,2411,323,3
#AMBASSADORS.0.1_H5,#Westmoreland_1H4,0,1,2,2411,323,3
#AMBASSADORS_H5,#ATTENDANTS.ENGLISH.0_H5,0,1,2,2411,323,3
#AMBASSADORS_H5,#ATTENDANTS.ENGLISH_H5,0,1,2,2411,323,3
#AMBASSADORS_H5,#Bedford_H5,0,1,2,2411,323,3
#AMBASSADORS_H5,#Clarence_2H4,0,1,2,2411,323,3
#AMBASSADORS_H5,#Exeter_H5,0,1,2,2411,323,3
#AMBASSADORS_H5,#Gloucester_2H4,0,1,2,2411,323,3
#AMBASSADORS_H5,#HenryV_H5,0,1,2,2411,323,3
#AMBASSADORS_H5,#Warwick_2H4,0,1,2,2411,323,3
#AMBASSADORS_H5,#Westmoreland_1H4,0,1,2,2411,323,3
#ATTENDANTS.ENGLISH.0_H5,#ATTENDANTS.ENGLISH_H5,0,1,2,2411,323,3
#ATTENDANTS.ENGLISH.0_H5,#Bedford_H5,0,1,2,2411,323,3
#ATTENDANTS.ENGLISH.0_H5,#Clarence_2H4,0,1,2,2411,323,3
#ATTENDANTS.ENGLISH.0_H5,#Exeter_H5,0,1,2,2411,323,3
#ATTENDANTS.ENGLISH.0_H5,#Gloucester_2H4,0,1,2,2411,323,3
#ATTENDANTS.ENGLISH.0_H5,#HenryV_H5,0,1,2,2411,323,3
#ATTENDANTS.ENGLISH.0_H5,#Warwick_2H4,0,1,2,2411,323,3
#ATTENDANTS.ENGLISH.0_H5,#Westmoreland_1H4,0,1,2,2411,323,3
#ATTENDANTS.ENGLISH_H5,#Bedford_H5,0,1,2,2411,323,3
#ATTENDANTS.ENGLISH_H5,#Clarence_2H4,0,1,2,2411,323,3
#ATTENDANTS.ENGLISH_H5,#Exeter_H5,0,1,2,2411,323,3
#ATTENDANTS.ENGLISH_H5,#Gloucester_2H4,0,1,2,2411,323,3
#ATTENDANTS.ENGLISH_H5,#HenryV_H5,0,1,2,2411,323,3
#ATTENDANTS.ENGLISH_H5,#Warwick_2H4,0,1,2,2411,323,3
#ATTENDANTS.ENGLISH_H5,#Westmoreland_1H4,0,1,2,2411,323,3
#Bedford_H5,#Clarence_2H4,0,1,2,2411,323,3
#Bedford_H5,#Exeter_H5,0,1,2,2411,323,3
#Bedford_H5,#Gloucester_2H4,0,1,2,2411,323,3
#Bedford_H5,#HenryV_H5,0,1,2,2411,323,3
#Bedford_H5,#Warwick_2H4,0,1,2,2411,323,3
#Bedford_H5,#Westmoreland_1H4,0,1,2,2411,323,3
#BishopOfCanterbury_H5,#AMBASSADORS.0.1_H5,0,1,2,2411,323,3
#BishopOfCanterbury_H5,#AMBASSADORS_H5,0,1,2,2411,323,3
#BishopOfCanterbury_H5,#ATTENDANTS.ENGLISH.0_H5,0,1,2,2411,323,3
#BishopOfCanterbury_H5,#ATTENDANTS.ENGLISH_H5,0,1,2,2411,323,3
#BishopOfCanterbury_H5,#Bedford_H5,0,1,2,2411,323,3
#BishopOfCanterbury_H5,#BishopOfEly_H5,1,1,2,2411,323,3
#BishopOfCanterbury_H5,#Clarence_2H4,0,1,2,2411,323,3
#BishopOfCanterbury_H5,#Exeter_H5,0,1,2,2411,323,3
#BishopOfCanterbury_H5,#Gloucester_2H4,0,1,2,2411,323,3
#BishopOfCanterbury_H5,#HenryV_H5,0,1,2,2411,323,3
#BishopOfCanterbury_H5,#Warwick_2H4,0,1,2,2411,323,3
#BishopOfCanterbury_H5,#Westmoreland_1H4,0,1,2,2411,323,3
#BishopOfEly_H5,#AMBASSADORS.0.1_H5,0,1,2,2411,323,3
#BishopOfEly_H5,#AMBASSADORS_H5,0,1,2,2411,323,3
#BishopOfEly_H5,#ATTENDANTS.ENGLISH.0_H5,0,1,2,2411,323,3
#BishopOfEly_H5,#ATTENDANTS.ENGLISH_H5,0,1,2,2411,323,3
#BishopOfEly_H5,#Bedford_H5,0,1,2,2411,323,3
#BishopOfEly_H5,#Clarence_2H4,0,1,2,2411,323,3
#BishopOfEly_H5,#Exeter_H5,0,1,2,2411,323,3
#BishopOfEly_H5,#Gloucester_2H4,0,1,2,2411,323,3
#BishopOfEly_H5,#HenryV_H5,0,1,2,2411,323,3
#BishopOfEly_H5,#Warwick_2H4,0,1,2,2411,323,3
#BishopOfEly_H5,#Westmoreland_1H4,0,1,2,2411,323,3
#Clarence_2H4,#Exeter_H5,0,1,2,2411,323,3
#Clarence_2H4,#Gloucester_2H4,0,1,2,2411,323,3
#Clarence_2H4,#HenryV_H5,0,1,2,2411,323,3
#Clarence_2H4,#Warwick_2H4,0,1,2,2411,323,3
#Clarence_2H4,#Westmoreland_1H4,0,1,2,2411,323,3
#Exeter_H5,#Gloucester_2H4,0,1,2,2411,323,3
#Exeter_H5,#HenryV_H5,0,1,2,2411,323,3
#Exeter_H5,#Warwick_2H4,0,1,2,2411,323,3
#Exeter_H5,#Westmoreland_1H4,0,1,2,2411,323,3
#Gloucester_2H4,#HenryV_H5,0,1,2,2411,323,3
#Gloucester_2H4,#Warwick_2H4,0,1,2,2411,323,3
#Gloucester_2H4,#Westmoreland_1H4,0,1,2,2411,323,3
#HenryV_H5,#Warwick_2H4,0,1,2,2411,323,3
#HenryV_H5,#Westmoreland_1H4,0,1,2,2411,323,3
#Warwick_2H4,#Westmoreland_1H4,0,1,2,2411,323,3
#Bardolph_1H4,#Boy_H5,0,2,1,967,125,5
#Bardolph_1H4,#MistressQuickly_1H4,0,2,1,967,125,5
#Bardolph_1H4,#Nym_H5,0,2,1,967,125,5
#Bardolph_1H4,#Pistol_2H4,0,2,1,967,125,5
#Boy_H5,#MistressQuickly_1H4,0,2,1,967,125,5
#Boy_H5,#Nym_H5,0,2,1,967,125,5
#Boy_H5,#Pistol_2H4,0,2,1,967,125,5
#MistressQuickly_1H4,#Nym_H5,0,2,1,967,125,5
#MistressQuickly_1H4,#Pistol_2H4,0,2,1,967,125,5
#Nym_H5,#Pistol_2H4,0,2,1,967,125,5
#ATTENDANTS.ENGLISH_H5,#Bedford_H5,1,2,2,1483,202,6
#ATTENDANTS.ENGLISH_H5,#Cambridge_H5,0,2,2,1483,202,6
#ATTENDANTS.ENGLISH_H5,#Exeter_H5,1,2,2,1483,202,6
#ATTENDANTS.ENGLISH_H5,#Grey_H5,0,2,2,1483,202,6
#ATTENDANTS.ENGLISH_H5,#HenryV_H5,1,2,2,1483,202,6
#ATTENDANTS.ENGLISH_H5,#Scroop_H5,0,2,2,1483,202,6
#ATTENDANTS.ENGLISH_H5,#Westmoreland_1H4,1,2,2,1483,202,6
#Bedford_H5,#Cambridge_H5,0,2,2,1483,202,6
#Bedford_H5,#Exeter_H5,1,2,2,1483,202,6
#Bedford_H5,#Grey_H5,0,2,2,1483,202,6
#Bedford_H5,#HenryV_H5,1,2,2,1483,202,6
#Bedford_H5,#Scroop_H5,0,2,2,1483,202,6
#Bedford_H5,#Westmoreland_1H4,1,2,2,1483,202,6
#Cambridge_H5,#Grey_H5,0,2,2,1483,202,6
#Cambridge_H5,#Scroop_H5,0,2,2,1483,202,6
#Exeter_H5,#Cambridge_H5,0,2,2,1483,202,6
#Exeter_H5,#Grey_H5,0,2,2,1483,202,6
#Exeter_H5,#HenryV_H5,1,2,2,1483,202,6
#Exeter_H5,#Scroop_H5,0,2,2,1483,202,6
#Exeter_H5,#Westmoreland_1H4,1,2,2,1483,202,6
#Grey_H5,#Scroop_H5,0,2,2,1483,202,6
#HenryV_H5,#Cambridge_H5,0,2,2,1483,202,6
#HenryV_H5,#Grey_H5,0,2,2,1483,202,6
#HenryV_H5,#Scroop_H5,0,2,2,1483,202,6
#HenryV_H5,#Westmoreland_1H4,1,2,2,1483,202,6
#Westmoreland_1H4,#Cambridge_H5,0,2,2,1483,202,6
#Westmoreland_1H4,#Grey_H5,0,2,2,1483,202,6
#Westmoreland_1H4,#Scroop_H5,0,2,2,1483,202,6
#Bardolph_1H4,#Boy_H5,1,2,3,467,62,7
#Bardolph_1H4,#MistressQuickly_1H4,1,2,3,467,62,7
#Bardolph_1H4,#Nym_H5,1,2,3,467,62,7
#Bardolph_1H4,#Pistol_2H4,1,2,3,467,62,7
#Boy_H5,#MistressQuickly_1H4,1,2,3,467,62,7
#Boy_H5,#Nym_H5,1,2,3,467,62,7
#Boy_H5,#Pistol_2H4,1,2,3,467,62,7
#MistressQuickly_1H4,#Nym_H5,1,2,3,467,62,7
#MistressQuickly_1H4,#Pistol_2H4,1,2,3,467,62,7
#Nym_H5,#Pistol_2H4,1,2,3,467,62,7
#ATTENDANTS.ENGLISH_H5,#ATTENDANTS.FRENCH_H5,0,2,4,1125,155,8
#ATTENDANTS.ENGLISH_H5,#Berri_H5,0,2,4,1125,155,8
#ATTENDANTS.ENGLISH_H5,#Brittany_H5,0,2,4,1125,155,8
#ATTENDANTS.ENGLISH_H5,#Constable_H5,0,2,4,1125,155,8
#ATTENDANTS.ENGLISH_H5,#Dauphin_H5,0,2,4,1125,155,8
#ATTENDANTS.ENGLISH_H5,#Exeter_H5,2,2,4,1125,155,8
#ATTENDANTS.ENGLISH_H5,#KingOfFrance_H5,0,2,4,1125,155,8
#ATTENDANTS.ENGLISH_H5,#MESSENGERS.X.1_H5,0,2,4,1125,155,8
#ATTENDANTS.FRENCH_H5,#Berri_H5,0,2,4,1125,155,8
#ATTENDANTS.FRENCH_H5,#Brittany_H5,0,2,4,1125,155,8
#ATTENDANTS.FRENCH_H5,#Constable_H5,0,2,4,1125,155,8
#ATTENDANTS.FRENCH_H5,#Dauphin_H5,0,2,4,1125,155,8
#ATTENDANTS.FRENCH_H5,#KingOfFrance_H5,0,2,4,1125,155,8
#ATTENDANTS.FRENCH_H5,#MESSENGERS.X.1_H5,0,2,4,1125,155,8
#Berri_H5,#Brittany_H5,0,2,4,1125,155,8
#Berri_H5,#Constable_H5,0,2,4,1125,155,8
#Berri_H5,#Dauphin_H5,0,2,4,1125,155,8
#Berri_H5,#KingOfFrance_H5,0,2,4,1125,155,8
#Berri_H5,#MESSENGERS.X.1_H5,0,2,4,1125,155,8
#Brittany_H5,#Constable_H5,0,2,4,1125,155,8
#Brittany_H5,#Dauphin_H5,0,2,4,1125,155,8
#Brittany_H5,#KingOfFrance_H5,0,2,4,1125,155,8
#Brittany_H5,#MESSENGERS.X.1_H5,0,2,4,1125,155,8
#Constable_H5,#Dauphin_H5,0,2,4,1125,155,8
#Constable_H5,#KingOfFrance_H5,0,2,4,1125,155,8
#Constable_H5,#MESSENGERS.X.1_H5,0,2,4,1125,155,8
#Dauphin_H5,#KingOfFrance_H5,0,2,4,1125,155,8
#Dauphin_H5,#MESSENGERS.X.1_H5,0,2,4,1125,155,8
#Exeter_H5,#ATTENDANTS.FRENCH_H5,0,2,4,1125,155,8
#Exeter_H5,#Berri_H5,0,2,4,1125,155,8
#Exeter_H5,#Brittany_H5,0,2,4,1125,155,8
#Exeter_H5,#Constable_H5,0,2,4,1125,155,8
#Exeter_H5,#Dauphin_H5,0,2,4,1125,155,8
#Exeter_H5,#KingOfFrance_H5,0,2,4,1125,155,8
#Exeter_H5,#MESSENGERS.X.1_H5,0,2,4,1125,155,8
#KingOfFrance_H5,#MESSENGERS.X.1_H5,0,2,4,1125,155,8
#Bedford_H5,#Exeter_H5,2,3,1,273,37,10
#Bedford_H5,#Gloucester_2H4,1,3,1,273,37,10
#Bedford_H5,#HenryV_H5,2,3,1,273,37,10
#Bedford_H5,#SOLDIERS.ENGLISH_H5,0,3,1,273,37,10
#Exeter_H5,#Gloucester_2H4,1,3,1,273,37,10
#Exeter_H5,#HenryV_H5,2,3,1,273,37,10
#Exeter_H5,#SOLDIERS.ENGLISH_H5,0,3,1,273,37,10
#Gloucester_2H4,#HenryV_H5,1,3,1,273,37,10
#Gloucester_2H4,#SOLDIERS.ENGLISH_H5,0,3,1,273,37,10
#HenryV_H5,#SOLDIERS.ENGLISH_H5,0,3,1,273,37,10
#Bardolph_1H4,#Boy_H5,2,3,2,1177,143,11
#Bardolph_1H4,#Fluellen_H5,0,3,2,1177,143,11
#Bardolph_1H4,#Gower_H5,0,3,2,1177,143,11
#Bardolph_1H4,#Jamy_H5,0,3,2,1177,143,11
#Bardolph_1H4,#MacMorris_H5,0,3,2,1177,143,11
#Bardolph_1H4,#Nym_H5,2,3,2,1177,143,11
#Bardolph_1H4,#Pistol_2H4,2,3,2,1177,143,11
#Boy_H5,#Fluellen_H5,0,3,2,1177,143,11
#Boy_H5,#Gower_H5,0,3,2,1177,143,11
#Boy_H5,#Jamy_H5,0,3,2,1177,143,11
#Boy_H5,#MacMorris_H5,0,3,2,1177,143,11
#Boy_H5,#Nym_H5,2,3,2,1177,143,11
#Boy_H5,#Pistol_2H4,2,3,2,1177,143,11
#Fluellen_H5,#Gower_H5,0,3,2,1177,143,11
#Fluellen_H5,#Jamy_H5,0,3,2,1177,143,11
#Fluellen_H5,#MacMorris_H5,0,3,2,1177,143,11
#Gower_H5,#Jamy_H5,0,3,2,1177,143,11
#Gower_H5,#MacMorris_H5,0,3,2,1177,143,11
#Jamy_H5,#MacMorris_H5,0,3,2,1177,143,11
#Nym_H5,#Fluellen_H5,0,3,2,1177,143,11
#Nym_H5,#Gower_H5,0,3,2,1177,143,11
#Nym_H5,#Jamy_H5,0,3,2,1177,143,11
#Nym_H5,#MacMorris_H5,0,3,2,1177,143,11
#Nym_H5,#Pistol_2H4,2,3,2,1177,143,11
#Pistol_2H4,#Fluellen_H5,0,3,2,1177,143,11
#Pistol_2H4,#Gower_H5,0,3,2,1177,143,11
#Pistol_2H4,#Jamy_H5,0,3,2,1177,143,11
#Pistol_2H4,#MacMorris_H5,0,3,2,1177,143,11
#Bedford_H5,#Exeter_H5,3,3,3,447,59,12
#Bedford_H5,#Gloucester_2H4,2,3,3,447,59,12
#Bedford_H5,#Governor_H5,0,3,3,447,59,12
#Bedford_H5,#HenryV_H5,3,3,3,447,59,12
#Bedford_H5,#SOLDIERS.ENGLISH_H5,1,3,3,447,59,12
#Exeter_H5,#Gloucester_2H4,2,3,3,447,59,12
#Exeter_H5,#Governor_H5,0,3,3,447,59,12
#Exeter_H5,#HenryV_H5,3,3,3,447,59,12
#Exeter_H5,#SOLDIERS.ENGLISH_H5,1,3,3,447,59,12
#Gloucester_2H4,#Governor_H5,0,3,3,447,59,12
#Gloucester_2H4,#HenryV_H5,2,3,3,447,59,12
#Gloucester_2H4,#SOLDIERS.ENGLISH_H5,1,3,3,447,59,12
#HenryV_H5,#Governor_H5,0,3,3,447,59,12
#HenryV_H5,#SOLDIERS.ENGLISH_H5,1,3,3,447,59,12
#SOLDIERS.ENGLISH_H5,#Governor_H5,0,3,3,447,59,12
#Alice_H5,#Katherine_H5,0,3,4,383,60,13
#ATTENDANTS.FRENCH_H5,#Brittany_H5,1,3,5,520,71,14
#ATTENDANTS.FRENCH_H5,#Constable_H5,1,3,5,520,71,14
#ATTENDANTS.FRENCH_H5,#Dauphin_H5,1,3,5,520,71,14
#ATTENDANTS.FRENCH_H5,#KingOfFrance_H5,1,3,5,520,71,14
#Brittany_H5,#Constable_H5,1,3,5,520,71,14
#Brittany_H5,#Dauphin_H5,1,3,5,520,71,14
#Brittany_H5,#KingOfFrance_H5,1,3,5,520,71,14
#Constable_H5,#Dauphin_H5,1,3,5,520,71,14
#Constable_H5,#KingOfFrance_H5,1,3,5,520,71,14
#Dauphin_H5,#KingOfFrance_H5,1,3,5,520,71,14
#Fluellen_H5,#Gower_H5,1,3,6,1415,177,15
#Fluellen_H5,#Montjoy_H5,0,3,6,1415,177,15
#Gloucester_2H4,#Fluellen_H5,0,3,6,1415,177,15
#Gloucester_2H4,#Gower_H5,0,3,6,1415,177,15
#Gloucester_2H4,#HenryV_H5,3,3,6,1415,177,15
#Gloucester_2H4,#Montjoy_H5,0,3,6,1415,177,15
#Gloucester_2H4,#Pistol_2H4,0,3,6,1415,177,15
#Gloucester_2H4,#SOLDIERS.ENGLISH_H5,2,3,6,1415,177,15
#Gower_H5,#Montjoy_H5,0,3,6,1415,177,15
#HenryV_H5,#Fluellen_H5,0,3,6,1415,177,15
#HenryV_H5,#Gower_H5,0,3,6,1415,177,15
#HenryV_H5,#Montjoy_H5,0,3,6,1415,177,15
#HenryV_H5,#Pistol_2H4,0,3,6,1415,177,15
#HenryV_H5,#SOLDIERS.ENGLISH_H5,2,3,6,1415,177,15
#Pistol_2H4,#Fluellen_H5,1,3,6,1415,177,15
#Pistol_2H4,#Gower_H5,1,3,6,1415,177,15
#Pistol_2H4,#Montjoy_H5,0,3,6,1415,177,15
#Pistol_2H4,#SOLDIERS.ENGLISH_H5,0,3,6,1415,177,15
#SOLDIERS.ENGLISH_H5,#Fluellen_H5,0,3,6,1415,177,15
#SOLDIERS.ENGLISH_H5,#Gower_H5,0,3,6,1415,177,15
#SOLDIERS.ENGLISH_H5,#Montjoy_H5,0,3,6,1415,177,15
#ATTENDANTS.FRENCH_H5,#Constable_H5,2,3,7,1168,161,16
#ATTENDANTS.FRENCH_H5,#Dauphin_H5,2,3,7,1168,161,16
#ATTENDANTS.FRENCH_H5,#MESSENGERS.X.2_H5,0,3,7,1168,161,16
#ATTENDANTS.FRENCH_H5,#Orleans_H5,0,3,7,1168,161,16
#ATTENDANTS.FRENCH_H5,#Rambures_H5,0,3,7,1168,161,16
#Constable_H5,#Dauphin_H5,2,3,7,1168,161,16
#Constable_H5,#MESSENGERS.X.2_H5,0,3,7,1168,161,16
#Constable_H5,#Orleans_H5,0,3,7,1168,161,16
#Constable_H5,#Rambures_H5,0,3,7,1168,161,16
#Dauphin_H5,#MESSENGERS.X.2_H5,0,3,7,1168,161,16
#Dauphin_H5,#Orleans_H5,0,3,7,1168,161,16
#Dauphin_H5,#Rambures_H5,0,3,7,1168,161,16
#MESSENGERS.X.2_H5,#Orleans_H5,0,3,7,1168,161,16
#MESSENGERS.X.2_H5,#Rambures_H5,0,3,7,1168,161,16
#Orleans_H5,#Rambures_H5,0,3,7,1168,161,16
#Bedford_H5,#Erpingham_H5,0,4,1,2475,320,18
#Bedford_H5,#Fluellen_H5,0,4,1,2475,320,18
#Bedford_H5,#Gloucester_2H4,3,4,1,2475,320,18
#Bedford_H5,#Gower_H5,0,4,1,2475,320,18
#Bedford_H5,#HenryV_H5,4,4,1,2475,320,18
#Bedford_H5,#Pistol_2H4,0,4,1,2475,320,18
#Bedford_H5,#SOLDIERS.ENGLISH.Bates_H5,0,4,1,2475,320,18
#Bedford_H5,#SOLDIERS.ENGLISH.Court_H5,0,4,1,2475,320,18
#Bedford_H5,#SOLDIERS.ENGLISH.Williams_H5,0,4,1,2475,320,18
#Erpingham_H5,#SOLDIERS.ENGLISH.Bates_H5,0,4,1,2475,320,18
#Erpingham_H5,#SOLDIERS.ENGLISH.Court_H5,0,4,1,2475,320,18
#Erpingham_H5,#SOLDIERS.ENGLISH.Williams_H5,0,4,1,2475,320,18
#Fluellen_H5,#Erpingham_H5,0,4,1,2475,320,18
#Fluellen_H5,#Gower_H5,2,4,1,2475,320,18
#Fluellen_H5,#SOLDIERS.ENGLISH.Bates_H5,0,4,1,2475,320,18
#Fluellen_H5,#SOLDIERS.ENGLISH.Court_H5,0,4,1,2475,320,18
#Fluellen_H5,#SOLDIERS.ENGLISH.Williams_H5,0,4,1,2475,320,18
#Gloucester_2H4,#Erpingham_H5,0,4,1,2475,320,18
#Gloucester_2H4,#Fluellen_H5,1,4,1,2475,320,18
#Gloucester_2H4,#Gower_H5,1,4,1,2475,320,18
#Gloucester_2H4,#HenryV_H5,4,4,1,2475,320,18
#Gloucester_2H4,#Pistol_2H4,1,4,1,2475,320,18
#Gloucester_2H4,#SOLDIERS.ENGLISH.Bates_H5,0,4,1,2475,320,18
#Gloucester_2H4,#SOLDIERS.ENGLISH.Court_H5,0,4,1,2475,320,18
#Gloucester_2H4,#SOLDIERS.ENGLISH.Williams_H5,0,4,1,2475,320,18
#Gower_H5,#Erpingham_H5,0,4,1,2475,320,18
#Gower_H5,#SOLDIERS.ENGLISH.Bates_H5,0,4,1,2475,320,18
#Gower_H5,#SOLDIERS.ENGLISH.Court_H5,0,4,1,2475,320,18
#Gower_H5,#SOLDIERS.ENGLISH.Williams_H5,0,4,1,2475,320,18
#HenryV_H5,#Erpingham_H5,0,4,1,2475,320,18
#HenryV_H5,#Fluellen_H5,1,4,1,2475,320,18
#HenryV_H5,#Gower_H5,1,4,1,2475,320,18
#HenryV_H5,#Pistol_2H4,1,4,1,2475,320,18
#HenryV_H5,#SOLDIERS.ENGLISH.Bates_H5,0,4,1,2475,320,18
#HenryV_H5,#SOLDIERS.ENGLISH.Court_H5,0,4,1,2475,320,18
#HenryV_H5,#SOLDIERS.ENGLISH.Williams_H5,0,4,1,2475,320,18
#Pistol_2H4,#Erpingham_H5,0,4,1,2475,320,18
#Pistol_2H4,#Fluellen_H5,2,4,1,2475,320,18
#Pistol_2H4,#Gower_H5,2,4,1,2475,320,18
#Pistol_2H4,#SOLDIERS.ENGLISH.Bates_H5,0,4,1,2475,320,18
#Pistol_2H4,#SOLDIERS.ENGLISH.Court_H5,0,4,1,2475,320,18
#Pistol_2H4,#SOLDIERS.ENGLISH.Williams_H5,0,4,1,2475,320,18
#SOLDIERS.ENGLISH.Bates_H5,#SOLDIERS.ENGLISH.Court_H5,0,4,1,2475,320,18
#SOLDIERS.ENGLISH.Bates_H5,#SOLDIERS.ENGLISH.Williams_H5,0,4,1,2475,320,18
#SOLDIERS.ENGLISH.Court_H5,#SOLDIERS.ENGLISH.Williams_H5,0,4,1,2475,320,18
#Beaumont_H5,#Grandpre_H5,0,4,2,480,64,19
#Beaumont_H5,#MESSENGERS.X.3_H5,0,4,2,480,64,19
#Constable_H5,#Beaumont_H5,0,4,2,480,64,19
#Constable_H5,#Dauphin_H5,3,4,2,480,64,19
#Constable_H5,#Grandpre_H5,0,4,2,480,64,19
#Constable_H5,#MESSENGERS.X.3_H5,0,4,2,480,64,19
#Constable_H5,#Orleans_H5,1,4,2,480,64,19
#Constable_H5,#Rambures_H5,1,4,2,480,64,19
#Dauphin_H5,#Beaumont_H5,0,4,2,480,64,19
#Dauphin_H5,#Grandpre_H5,0,4,2,480,64,19
#Dauphin_H5,#MESSENGERS.X.3_H5,0,4,2,480,64,19
#Dauphin_H5,#Orleans_H5,1,4,2,480,64,19
#Dauphin_H5,#Rambures_H5,1,4,2,480,64,19
#Grandpre_H5,#MESSENGERS.X.3_H5,0,4,2,480,64,19
#Orleans_H5,#Beaumont_H5,0,4,2,480,64,19
#Orleans_H5,#Grandpre_H5,0,4,2,480,64,19
#Orleans_H5,#MESSENGERS.X.3_H5,0,4,2,480,64,19
#Orleans_H5,#Rambures_H5,1,4,2,480,64,19
#Rambures_H5,#Beaumont_H5,0,4,2,480,64,19
#Rambures_H5,#Grandpre_H5,0,4,2,480,64,19
#Rambures_H5,#MESSENGERS.X.3_H5,0,4,2,480,64,19
#Bedford_H5,#Erpingham_H5,1,4,3,1084,140,20
#Bedford_H5,#Exeter_H5,4,4,3,1084,140,20
#Bedford_H5,#Gloucester_2H4,4,4,3,1084,140,20
#Bedford_H5,#HenryV_H5,5,4,3,1084,140,20
#Bedford_H5,#Montjoy_H5,0,4,3,1084,140,20
#Bedford_H5,#SOLDIERS.ENGLISH_H5,2,4,3,1084,140,20
#Bedford_H5,#Salisbury_H5,0,4,3,1084,140,20
#Bedford_H5,#Westmoreland_1H4,2,4,3,1084,140,20
#Bedford_H5,#York_H5,0,4,3,1084,140,20
#Erpingham_H5,#Salisbury_H5,0,4,3,1084,140,20
#Erpingham_H5,#York_H5,0,4,3,1084,140,20
#Exeter_H5,#Erpingham_H5,0,4,3,1084,140,20
#Exeter_H5,#Gloucester_2H4,3,4,3,1084,140,20
#Exeter_H5,#HenryV_H5,4,4,3,1084,140,20
#Exeter_H5,#Montjoy_H5,0,4,3,1084,140,20
#Exeter_H5,#SOLDIERS.ENGLISH_H5,2,4,3,1084,140,20
#Exeter_H5,#Salisbury_H5,0,4,3,1084,140,20
#Exeter_H5,#Westmoreland_1H4,2,4,3,1084,140,20
#Exeter_H5,#York_H5,0,4,3,1084,140,20
#Gloucester_2H4,#Erpingham_H5,1,4,3,1084,140,20
#Gloucester_2H4,#HenryV_H5,5,4,3,1084,140,20
#Gloucester_2H4,#Montjoy_H5,1,4,3,1084,140,20
#Gloucester_2H4,#SOLDIERS.ENGLISH_H5,3,4,3,1084,140,20
#Gloucester_2H4,#Salisbury_H5,0,4,3,1084,140,20
#Gloucester_2H4,#Westmoreland_1H4,1,4,3,1084,140,20
#Gloucester_2H4,#York_H5,0,4,3,1084,140,20
#HenryV_H5,#Erpingham_H5,1,4,3,1084,140,20
#HenryV_H5,#Montjoy_H5,1,4,3,1084,140,20
#HenryV_H5,#SOLDIERS.ENGLISH_H5,3,4,3,1084,140,20
#HenryV_H5,#Salisbury_H5,0,4,3,1084,140,20
#HenryV_H5,#Westmoreland_1H4,2,4,3,1084,140,20
#HenryV_H5,#York_H5,0,4,3,1084,140,20
#Montjoy_H5,#Erpingham_H5,0,4,3,1084,140,20
#Montjoy_H5,#Salisbury_H5,0,4,3,1084,140,20
#Montjoy_H5,#York_H5,0,4,3,1084,140,20
#SOLDIERS.ENGLISH_H5,#Erpingham_H5,0,4,3,1084,140,20
#SOLDIERS.ENGLISH_H5,#Montjoy_H5,1,4,3,1084,140,20
#SOLDIERS.ENGLISH_H5,#Salisbury_H5,0,4,3,1084,140,20
#SOLDIERS.ENGLISH_H5,#York_H5,0,4,3,1084,140,20
#Salisbury_H5,#York_H5,0,4,3,1084,140,20
#Westmoreland_1H4,#Erpingham_H5,0,4,3,1084,140,20
#Westmoreland_1H4,#Montjoy_H5,0,4,3,1084,140,20
#Westmoreland_1H4,#SOLDIERS.ENGLISH_H5,0,4,3,1084,140,20
#Westmoreland_1H4,#Salisbury_H5,0,4,3,1084,140,20
#Westmoreland_1H4,#York_H5,0,4,3,1084,140,20
#Boy_H5,#Pistol_2H4,3,4,4,529,76,21
#Boy_H5,#SOLDIERS.FRENCH.LeFer_H5,0,4,4,529,76,21
#Pistol_2H4,#SOLDIERS.FRENCH.LeFer_H5,0,4,4,529,76,21
#Constable_H5,#Bourbon_H5,0,4,5,181,25,22
#Constable_H5,#Dauphin_H5,4,4,5,181,25,22
#Constable_H5,#Orleans_H5,2,4,5,181,25,22
#Constable_H5,#Rambures_H5,2,4,5,181,25,22
#Dauphin_H5,#Bourbon_H5,0,4,5,181,25,22
#Dauphin_H5,#Orleans_H5,2,4,5,181,25,22
#Dauphin_H5,#Rambures_H5,2,4,5,181,25,22
#Orleans_H5,#Bourbon_H5,0,4,5,181,25,22
#Orleans_H5,#Rambures_H5,2,4,5,181,25,22
#Rambures_H5,#Bourbon_H5,0,4,5,181,25,22
#ATTENDANTS.ENGLISH_H5,#Exeter_H5,3,4,6,299,39,23
#ATTENDANTS.ENGLISH_H5,#HenryV_H5,2,4,6,299,39,23
#ATTENDANTS.ENGLISH_H5,#SOLDIERS.FRENCH_H5,0,4,6,299,39,23
#Exeter_H5,#HenryV_H5,5,4,6,299,39,23
#Exeter_H5,#SOLDIERS.FRENCH_H5,0,4,6,299,39,23
#HenryV_H5,#SOLDIERS.FRENCH_H5,0,4,6,299,39,23
#Bourbon_H5,#HERALDS_H5,0,4,7,1494,191,24
#Bourbon_H5,#SOLDIERS.FRENCH_H5,0,4,7,1494,191,24
#Exeter_H5,#Bourbon_H5,0,4,7,1494,191,24
#Exeter_H5,#Fluellen_H5,0,4,7,1494,191,24
#Exeter_H5,#Gloucester_2H4,4,4,7,1494,191,24
#Exeter_H5,#Gower_H5,0,4,7,1494,191,24
#Exeter_H5,#HERALDS_H5,0,4,7,1494,191,24
#Exeter_H5,#HenryV_H5,6,4,7,1494,191,24
#Exeter_H5,#Montjoy_H5,1,4,7,1494,191,24
#Exeter_H5,#SOLDIERS.ENGLISH.Williams_H5,0,4,7,1494,191,24
#Exeter_H5,#SOLDIERS.FRENCH_H5,1,4,7,1494,191,24
#Exeter_H5,#Warwick_2H4,1,4,7,1494,191,24
#Fluellen_H5,#Bourbon_H5,0,4,7,1494,191,24
#Fluellen_H5,#Gower_H5,3,4,7,1494,191,24
#Fluellen_H5,#HERALDS_H5,0,4,7,1494,191,24
#Fluellen_H5,#Montjoy_H5,1,4,7,1494,191,24
#Fluellen_H5,#SOLDIERS.ENGLISH.Williams_H5,1,4,7,1494,191,24
#Fluellen_H5,#SOLDIERS.FRENCH_H5,0,4,7,1494,191,24
#Gloucester_2H4,#Bourbon_H5,0,4,7,1494,191,24
#Gloucester_2H4,#Fluellen_H5,2,4,7,1494,191,24
#Gloucester_2H4,#Gower_H5,2,4,7,1494,191,24
#Gloucester_2H4,#HERALDS_H5,0,4,7,1494,191,24
#Gloucester_2H4,#HenryV_H5,6,4,7,1494,191,24
#Gloucester_2H4,#Montjoy_H5,2,4,7,1494,191,24
#Gloucester_2H4,#SOLDIERS.ENGLISH.Williams_H5,1,4,7,1494,191,24
#Gloucester_2H4,#SOLDIERS.FRENCH_H5,0,4,7,1494,191,24
#Gloucester_2H4,#Warwick_2H4,1,4,7,1494,191,24
#Gower_H5,#Bourbon_H5,0,4,7,1494,191,24
#Gower_H5,#HERALDS_H5,0,4,7,1494,191,24
#Gower_H5,#Montjoy_H5,1,4,7,1494,191,24
#Gower_H5,#SOLDIERS.ENGLISH.Williams_H5,1,4,7,1494,191,24
#Gower_H5,#SOLDIERS.FRENCH_H5,0,4,7,1494,191,24
#HenryV_H5,#Bourbon_H5,0,4,7,1494,191,24
#HenryV_H5,#Fluellen_H5,2,4,7,1494,191,24
#HenryV_H5,#Gower_H5,2,4,7,1494,191,24
#HenryV_H5,#HERALDS_H5,0,4,7,1494,191,24
#HenryV_H5,#Montjoy_H5,2,4,7,1494,191,24
#HenryV_H5,#SOLDIERS.ENGLISH.Williams_H5,1,4,7,1494,191,24
#HenryV_H5,#SOLDIERS.FRENCH_H5,1,4,7,1494,191,24
#HenryV_H5,#Warwick_2H4,1,4,7,1494,191,24
#Montjoy_H5,#Bourbon_H5,0,4,7,1494,191,24
#Montjoy_H5,#HERALDS_H5,0,4,7,1494,191,24
#Montjoy_H5,#SOLDIERS.ENGLISH.Williams_H5,0,4,7,1494,191,24
#Montjoy_H5,#SOLDIERS.FRENCH_H5,0,4,7,1494,191,24
#SOLDIERS.ENGLISH.Williams_H5,#Bourbon_H5,0,4,7,1494,191,24
#SOLDIERS.ENGLISH.Williams_H5,#HERALDS_H5,0,4,7,1494,191,24
#SOLDIERS.ENGLISH.Williams_H5,#SOLDIERS.FRENCH_H5,0,4,7,1494,191,24
#SOLDIERS.FRENCH_H5,#HERALDS_H5,0,4,7,1494,191,24
#Warwick_2H4,#Bourbon_H5,0,4,7,1494,191,24
#Warwick_2H4,#Fluellen_H5,0,4,7,1494,191,24
#Warwick_2H4,#Gower_H5,0,4,7,1494,191,24
#Warwick_2H4,#HERALDS_H5,0,4,7,1494,191,24
#Warwick_2H4,#Montjoy_H5,0,4,7,1494,191,24
#Warwick_2H4,#SOLDIERS.ENGLISH.Williams_H5,0,4,7,1494,191,24
#Warwick_2H4,#SOLDIERS.FRENCH_H5,0,4,7,1494,191,24
#Exeter_H5,#Fluellen_H5,1,4,8,989,131,25
#Exeter_H5,#Gloucester_2H4,5,4,8,989,131,25
#Exeter_H5,#Gower_H5,1,4,8,989,131,25
#Exeter_H5,#HERALDS.1_H5,0,4,8,989,131,25
#Exeter_H5,#HenryV_H5,7,4,8,989,131,25
#Exeter_H5,#SOLDIERS.ENGLISH.Williams_H5,1,4,8,989,131,25
#Exeter_H5,#Warwick_2H4,2,4,8,989,131,25
#Fluellen_H5,#Gower_H5,4,4,8,989,131,25
#Fluellen_H5,#HERALDS.1_H5,0,4,8,989,131,25
#Fluellen_H5,#SOLDIERS.ENGLISH.Williams_H5,2,4,8,989,131,25
#Gloucester_2H4,#Fluellen_H5,3,4,8,989,131,25
#Gloucester_2H4,#Gower_H5,3,4,8,989,131,25
#Gloucester_2H4,#HERALDS.1_H5,0,4,8,989,131,25
#Gloucester_2H4,#HenryV_H5,7,4,8,989,131,25
#Gloucester_2H4,#SOLDIERS.ENGLISH.Williams_H5,2,4,8,989,131,25
#Gloucester_2H4,#Warwick_2H4,2,4,8,989,131,25
#Gower_H5,#HERALDS.1_H5,0,4,8,989,131,25
#Gower_H5,#SOLDIERS.ENGLISH.Williams_H5,2,4,8,989,131,25
#HenryV_H5,#Fluellen_H5,3,4,8,989,131,25
#HenryV_H5,#Gower_H5,3,4,8,989,131,25
#HenryV_H5,#HERALDS.1_H5,0,4,8,989,131,25
#HenryV_H5,#SOLDIERS.ENGLISH.Williams_H5,2,4,8,989,131,25
#HenryV_H5,#Warwick_2H4,2,4,8,989,131,25
#SOLDIERS.ENGLISH.Williams_H5,#HERALDS.1_H5,0,4,8,989,131,25
#Warwick_2H4,#Fluellen_H5,1,4,8,989,131,25
#Warwick_2H4,#Gower_H5,1,4,8,989,131,25
#Warwick_2H4,#HERALDS.1_H5,0,4,8,989,131,25
#Warwick_2H4,#SOLDIERS.ENGLISH.Williams_H5,1,4,8,989,131,25
#Fluellen_H5,#Gower_H5,5,5,1,726,92,27
#Pistol_2H4,#Fluellen_H5,3,5,1,726,92,27
#Pistol_2H4,#Gower_H5,3,5,1,726,92,27
#ATTENDANTS.ENGLISH.Huntington_H5,#Burgundy_H5,0,5,2,3076,386,28
#ATTENDANTS.ENGLISH.Huntington_H5,#QueenOfFrance_H5,0,5,2,3076,386,28
#ATTENDANTS.ENGLISH_H5,#ATTENDANTS.ENGLISH.Huntington_H5,0,5,2,3076,386,28
#ATTENDANTS.ENGLISH_H5,#ATTENDANTS.FRENCH_H5,1,5,2,3076,386,28
#ATTENDANTS.ENGLISH_H5,#Alice_H5,0,5,2,3076,386,28
#ATTENDANTS.ENGLISH_H5,#Bedford_H5,2,5,2,3076,386,28
#ATTENDANTS.ENGLISH_H5,#Burgundy_H5,0,5,2,3076,386,28
#ATTENDANTS.ENGLISH_H5,#Exeter_H5,4,5,2,3076,386,28
#ATTENDANTS.ENGLISH_H5,#HenryV_H5,3,5,2,3076,386,28
#ATTENDANTS.ENGLISH_H5,#Katherine_H5,0,5,2,3076,386,28
#ATTENDANTS.ENGLISH_H5,#KingOfFrance_H5,1,5,2,3076,386,28
#ATTENDANTS.ENGLISH_H5,#QueenOfFrance_H5,0,5,2,3076,386,28
#ATTENDANTS.ENGLISH_H5,#Warwick_2H4,1,5,2,3076,386,28
#ATTENDANTS.ENGLISH_H5,#Westmoreland_1H4,2,5,2,3076,386,28
#ATTENDANTS.FRENCH_H5,#ATTENDANTS.ENGLISH.Huntington_H5,0,5,2,3076,386,28
#ATTENDANTS.FRENCH_H5,#Alice_H5,0,5,2,3076,386,28
#ATTENDANTS.FRENCH_H5,#Burgundy_H5,0,5,2,3076,386,28
#ATTENDANTS.FRENCH_H5,#Katherine_H5,0,5,2,3076,386,28
#ATTENDANTS.FRENCH_H5,#KingOfFrance_H5,2,5,2,3076,386,28
#ATTENDANTS.FRENCH_H5,#QueenOfFrance_H5,0,5,2,3076,386,28
#Alice_H5,#ATTENDANTS.ENGLISH.Huntington_H5,0,5,2,3076,386,28
#Alice_H5,#Burgundy_H5,0,5,2,3076,386,28
#Alice_H5,#Katherine_H5,1,5,2,3076,386,28
#Alice_H5,#QueenOfFrance_H5,0,5,2,3076,386,28
#Bedford_H5,#ATTENDANTS.ENGLISH.Huntington_H5,0,5,2,3076,386,28
#Bedford_H5,#ATTENDANTS.FRENCH_H5,0,5,2,3076,386,28
#Bedford_H5,#Alice_H5,0,5,2,3076,386,28
#Bedford_H5,#Burgundy_H5,0,5,2,3076,386,28
#Bedford_H5,#Exeter_H5,5,5,2,3076,386,28
#Bedford_H5,#HenryV_H5,6,5,2,3076,386,28
#Bedford_H5,#Katherine_H5,0,5,2,3076,386,28
#Bedford_H5,#KingOfFrance_H5,0,5,2,3076,386,28
#Bedford_H5,#QueenOfFrance_H5,0,5,2,3076,386,28
#Bedford_H5,#Warwick_2H4,1,5,2,3076,386,28
#Bedford_H5,#Westmoreland_1H4,3,5,2,3076,386,28
#Burgundy_H5,#QueenOfFrance_H5,0,5,2,3076,386,28
#Exeter_H5,#ATTENDANTS.ENGLISH.Huntington_H5,0,5,2,3076,386,28
#Exeter_H5,#ATTENDANTS.FRENCH_H5,1,5,2,3076,386,28
#Exeter_H5,#Alice_H5,0,5,2,3076,386,28
#Exeter_H5,#Burgundy_H5,0,5,2,3076,386,28
#Exeter_H5,#HenryV_H5,8,5,2,3076,386,28
#Exeter_H5,#Katherine_H5,0,5,2,3076,386,28
#Exeter_H5,#KingOfFrance_H5,1,5,2,3076,386,28
#Exeter_H5,#QueenOfFrance_H5,0,5,2,3076,386,28
#Exeter_H5,#Warwick_2H4,3,5,2,3076,386,28
#Exeter_H5,#Westmoreland_1H4,3,5,2,3076,386,28
#HenryV_H5,#ATTENDANTS.ENGLISH.Huntington_H5,0,5,2,3076,386,28
#HenryV_H5,#ATTENDANTS.FRENCH_H5,0,5,2,3076,386,28
#HenryV_H5,#Alice_H5,0,5,2,3076,386,28
#HenryV_H5,#Burgundy_H5,0,5,2,3076,386,28
#HenryV_H5,#Katherine_H5,0,5,2,3076,386,28
#HenryV_H5,#KingOfFrance_H5,0,5,2,3076,386,28
#HenryV_H5,#QueenOfFrance_H5,0,5,2,3076,386,28
#HenryV_H5,#Warwick_2H4,3,5,2,3076,386,28
#HenryV_H5,#Westmoreland_1H4,3,5,2,3076,386,28
#Katherine_H5,#ATTENDANTS.ENGLISH.Huntington_H5,0,5,2,3076,386,28
#Katherine_H5,#Burgundy_H5,0,5,2,3076,386,28
#Katherine_H5,#QueenOfFrance_H5,0,5,2,3076,386,28
#KingOfFrance_H5,#ATTENDANTS.ENGLISH.Huntington_H5,0,5,2,3076,386,28
#KingOfFrance_H5,#Alice_H5,0,5,2,3076,386,28
#KingOfFrance_H5,#Burgundy_H5,0,5,2,3076,386,28
#KingOfFrance_H5,#Katherine_H5,0,5,2,3076,386,28
#KingOfFrance_H5,#QueenOfFrance_H5,0,5,2,3076,386,28
#Warwick_2H4,#ATTENDANTS.ENGLISH.Huntington_H5,0,5,2,3076,386,28
#Warwick_2H4,#ATTENDANTS.FRENCH_H5,0,5,2,3076,386,28
#Warwick_2H4,#Alice_H5,0,5,2,3076,386,28
#Warwick_2H4,#Burgundy_H5,0,5,2,3076,386,28
#Warwick_2H4,#Katherine_H5,0,5,2,3076,386,28
#Warwick_2H4,#KingOfFrance_H5,0,5,2,3076,386,28
#Warwick_2H4,#QueenOfFrance_H5,0,5,2,3076,386,28
#Warwick_2H4,#Westmoreland_1H4,1,5,2,3076,386,28
#Westmoreland_1H4,#ATTENDANTS.ENGLISH.Huntington_H5,0,5,2,3076,386,28
#Westmoreland_1H4,#ATTENDANTS.FRENCH_H5,0,5,2,3076,386,28
#Westmoreland_1H4,#Alice_H5,0,5,2,3076,386,28
#Westmoreland_1H4,#Burgundy_H5,0,5,2,3076,386,28
#Westmoreland_1H4,#Katherine_H5,0,5,2,3076,386,28
#Westmoreland_1H4,#KingOfFrance_H5,0,5,2,3076,386,28
#Westmoreland_1H4,#QueenOfFrance_H5,0,5,2,3076,386,28
