node1,node2,count
#AMBASSADORS.ARMAGNAC.1_1H6,#AMBASSADORS.EMPEROR.1_1H6,1
#AMBASSADORS.ARMAGNAC.1_1H6,#Legate_1H6,1
#AMBASSADORS.EMPEROR.1_1H6,#Legate_1H6,1
#ATTENDANTS.ENGLISH_1H6,#AMBASSADORS.ARMAGNAC.1_1H6,1
#ATTENDANTS.ENGLISH_1H6,#AMBASSADORS.EMPEROR.1_1H6,1
#ATTENDANTS.ENGLISH_1H6,#Alanson_1H6,2
#ATTENDANTS.ENGLISH_1H6,#Bastard_1H6,2
#ATTENDANTS.ENGLISH_1H6,#Bedford_H5,12
#ATTENDANTS.ENGLISH_1H6,#Burgundy_1H6,3
#ATTENDANTS.ENGLISH_1H6,#CardinalBeaufort_1H6,11
#ATTENDANTS.ENGLISH_1H6,#Charles_1H6,2
#ATTENDANTS.ENGLISH_1H6,#Exeter_H5,12
#ATTENDANTS.ENGLISH_1H6,#Fastolf_1H6,1
#ATTENDANTS.ENGLISH_1H6,#Gargrave_1H6,1
#ATTENDANTS.ENGLISH_1H6,#Glansdale_1H6,1
#ATTENDANTS.ENGLISH_1H6,#Gloucester_2H4,11
#ATTENDANTS.ENGLISH_1H6,#HERALDS.ENGLISH_1H6,10
#ATTENDANTS.ENGLISH_1H6,#HERALDS.FRENCH.1_1H6,1
#ATTENDANTS.ENGLISH_1H6,#HenryVI_1H6,3
#ATTENDANTS.ENGLISH_1H6,#JohnTalbot_1H6,1
#ATTENDANTS.ENGLISH_1H6,#Legate_1H6,1
#ATTENDANTS.ENGLISH_1H6,#Lucy_1H6,1
#ATTENDANTS.ENGLISH_1H6,#MESSENGERS.ENGLISH.1_1H6,1
#ATTENDANTS.ENGLISH_1H6,#MESSENGERS.ENGLISH.2_1H6,1
#ATTENDANTS.ENGLISH_1H6,#MESSENGERS.ENGLISH.3_1H6,1
#ATTENDANTS.ENGLISH_1H6,#Pucelle_1H6,2
#ATTENDANTS.ENGLISH_1H6,#Reignier_1H6,1
#ATTENDANTS.ENGLISH_1H6,#SERVANTS.TALBOT.1_1H6,1
#ATTENDANTS.ENGLISH_1H6,#SOLDIERS.ENGLISH.Captain_1H6,2
#ATTENDANTS.ENGLISH_1H6,#SOLDIERS.FRENCH.PUCELLE.0.1_1H6,5
#ATTENDANTS.ENGLISH_1H6,#SOLDIERS.FRENCH_1H6,1
#ATTENDANTS.ENGLISH_1H6,#Salisbury_1H6,1
#ATTENDANTS.ENGLISH_1H6,#Somerset_1H6,10
#ATTENDANTS.ENGLISH_1H6,#Suffolk_1H6,1
#ATTENDANTS.ENGLISH_1H6,#Talbot_1H6,4
#ATTENDANTS.ENGLISH_1H6,#Warwick_2H4,10
#ATTENDANTS.ENGLISH_1H6,#Watchman_1H6,5
#Alanson_1H6,#ATTENDANTS.FRENCH_1H6,1
#Alanson_1H6,#Bastard_1H6,15
#Alanson_1H6,#Burgundy_1H6,7
#Alanson_1H6,#Charles_1H6,20
#Alanson_1H6,#HERALDS.FRENCH.1_1H6,2
#Alanson_1H6,#JohnTalbot_1H6,2
#Alanson_1H6,#Lucy_1H6,1
#Alanson_1H6,#Pucelle_1H6,13
#Alanson_1H6,#Reignier_1H6,16
#Alanson_1H6,#SERVANTS.TALBOT.1_1H6,2
#Alanson_1H6,#SOLDIERS.FRENCH.PUCELLE.0.1_1H6,3
#Alanson_1H6,#SOLDIERS.FRENCH.Scout_1H6,1
#Alanson_1H6,#SOLDIERS.FRENCH_1H6,12
#Alanson_1H6,#Watchman_1H6,3
#Alanson_1H6,#York_1H6,1
#Basset_1H6,#Governor_1H6,1
#Basset_1H6,#Vernon_1H6,3
#Bastard_1H6,#ATTENDANTS.FRENCH_1H6,1
#Bastard_1H6,#Burgundy_1H6,7
#Bastard_1H6,#Charles_1H6,14
#Bastard_1H6,#HERALDS.FRENCH.1_1H6,2
#Bastard_1H6,#JohnTalbot_1H6,2
#Bastard_1H6,#Lucy_1H6,1
#Bastard_1H6,#Pucelle_1H6,11
#Bastard_1H6,#Reignier_1H6,10
#Bastard_1H6,#SERVANTS.TALBOT.1_1H6,2
#Bastard_1H6,#SOLDIERS.FRENCH.PUCELLE.0.1_1H6,3
#Bastard_1H6,#SOLDIERS.FRENCH.Scout_1H6,1
#Bastard_1H6,#SOLDIERS.FRENCH_1H6,9
#Bastard_1H6,#Watchman_1H6,3
#Bastard_1H6,#York_1H6,1
#Bedford_H5,#Alanson_1H6,1
#Bedford_H5,#Bastard_1H6,1
#Bedford_H5,#Burgundy_1H6,8
#Bedford_H5,#CardinalBeaufort_1H6,7
#Bedford_H5,#Charles_1H6,1
#Bedford_H5,#Exeter_H5,7
#Bedford_H5,#Fastolf_1H6,1
#Bedford_H5,#Gloucester_2H4,7
#Bedford_H5,#HERALDS.ENGLISH_1H6,7
#Bedford_H5,#MESSENGERS.ENGLISH.1_1H6,1
#Bedford_H5,#MESSENGERS.ENGLISH.2_1H6,1
#Bedford_H5,#MESSENGERS.ENGLISH.3_1H6,1
#Bedford_H5,#MESSENGERS.FRENCH.1_1H6,2
#Bedford_H5,#Pucelle_1H6,1
#Bedford_H5,#Reignier_1H6,1
#Bedford_H5,#SOLDIERS.ENGLISH.0.1_1H6,1
#Bedford_H5,#SOLDIERS.ENGLISH.0_1H6,1
#Bedford_H5,#SOLDIERS.ENGLISH.Captain_1H6,2
#Bedford_H5,#SOLDIERS.ENGLISH_1H6,5
#Bedford_H5,#SOLDIERS.FRENCH.PUCELLE.0.1_1H6,5
#Bedford_H5,#Salisbury_1H6,1
#Bedford_H5,#Somerset_1H6,7
#Bedford_H5,#Talbot_1H6,8
#Bedford_H5,#WATCHMEN.1_1H6,1
#Bedford_H5,#WATCHMEN.2_1H6,1
#Bedford_H5,#Warwick_2H4,7
#Bedford_H5,#Watchman_1H6,5
#Boy_1H6,#MasterGunner_1H6,1
#Burgundy_1H6,#Charles_1H6,7
#Burgundy_1H6,#HERALDS.FRENCH.1_1H6,2
#Burgundy_1H6,#JohnTalbot_1H6,2
#Burgundy_1H6,#Lucy_1H6,1
#Burgundy_1H6,#MESSENGERS.FRENCH.1_1H6,2
#Burgundy_1H6,#Pucelle_1H6,7
#Burgundy_1H6,#Reignier_1H6,3
#Burgundy_1H6,#SERVANTS.TALBOT.1_1H6,2
#Burgundy_1H6,#SOLDIERS.ENGLISH.0.1_1H6,1
#Burgundy_1H6,#SOLDIERS.ENGLISH.0_1H6,1
#Burgundy_1H6,#SOLDIERS.ENGLISH_1H6,6
#Burgundy_1H6,#SOLDIERS.FRENCH.PUCELLE.0.1_1H6,3
#Burgundy_1H6,#SOLDIERS.FRENCH.Scout_1H6,1
#Burgundy_1H6,#SOLDIERS.FRENCH_1H6,6
#Burgundy_1H6,#WATCHMEN.1_1H6,1
#Burgundy_1H6,#WATCHMEN.2_1H6,1
#Burgundy_1H6,#Watchman_1H6,3
#CardinalBeaufort_1H6,#AMBASSADORS.ARMAGNAC.1_1H6,1
#CardinalBeaufort_1H6,#AMBASSADORS.EMPEROR.1_1H6,1
#CardinalBeaufort_1H6,#ATTENDANTS.FRENCH_1H6,1
#CardinalBeaufort_1H6,#Alanson_1H6,1
#CardinalBeaufort_1H6,#Basset_1H6,2
#CardinalBeaufort_1H6,#Bastard_1H6,1
#CardinalBeaufort_1H6,#Charles_1H6,1
#CardinalBeaufort_1H6,#Exeter_H5,25
#CardinalBeaufort_1H6,#Fastolf_1H6,1
#CardinalBeaufort_1H6,#Gloucester_2H4,27
#CardinalBeaufort_1H6,#Governor_1H6,4
#CardinalBeaufort_1H6,#HERALDS.ENGLISH_1H6,10
#CardinalBeaufort_1H6,#HenryVI_1H6,16
#CardinalBeaufort_1H6,#Legate_1H6,2
#CardinalBeaufort_1H6,#MESSENGERS.ENGLISH.1_1H6,1
#CardinalBeaufort_1H6,#MESSENGERS.ENGLISH.2_1H6,1
#CardinalBeaufort_1H6,#MESSENGERS.ENGLISH.3_1H6,1
#CardinalBeaufort_1H6,#Mayor_1H6,10
#CardinalBeaufort_1H6,#OFFICERS.0.1_1H6,1
#CardinalBeaufort_1H6,#OFFICERS_1H6,2
#CardinalBeaufort_1H6,#Reignier_1H6,1
#CardinalBeaufort_1H6,#SERVANTS.1_1H6,4
#CardinalBeaufort_1H6,#SERVANTS.2_1H6,3
#CardinalBeaufort_1H6,#SERVANTS.3_1H6,2
#CardinalBeaufort_1H6,#SERVANTS.GLOUCESTER.0.1_1H6,9
#CardinalBeaufort_1H6,#SERVANTS.GLOUCESTER.0.2_1H6,5
#CardinalBeaufort_1H6,#SERVANTS.GLOUCESTER_1H6,10
#CardinalBeaufort_1H6,#SERVANTS.WINCHESTER.0.1_1H6,7
#CardinalBeaufort_1H6,#SERVANTS.WINCHESTER_1H6,10
#CardinalBeaufort_1H6,#SOLDIERS.ENGLISH_1H6,1
#CardinalBeaufort_1H6,#Somerset_1H6,25
#CardinalBeaufort_1H6,#Suffolk_1H6,15
#CardinalBeaufort_1H6,#Talbot_1H6,4
#CardinalBeaufort_1H6,#Vernon_1H6,2
#CardinalBeaufort_1H6,#WARDERS.1_1H6,3
#CardinalBeaufort_1H6,#WARDERS.2_1H6,3
#CardinalBeaufort_1H6,#Warwick_2H4,27
#CardinalBeaufort_1H6,#Woodville_1H6,3
#CardinalBeaufort_1H6,#York_1H6,17
#Charles_1H6,#ATTENDANTS.FRENCH_1H6,1
#Charles_1H6,#HERALDS.FRENCH.1_1H6,2
#Charles_1H6,#JohnTalbot_1H6,2
#Charles_1H6,#Lucy_1H6,1
#Charles_1H6,#Pucelle_1H6,14
#Charles_1H6,#Reignier_1H6,15
#Charles_1H6,#SERVANTS.TALBOT.1_1H6,2
#Charles_1H6,#SOLDIERS.FRENCH.PUCELLE.0.1_1H6,3
#Charles_1H6,#SOLDIERS.FRENCH.Scout_1H6,1
#Charles_1H6,#SOLDIERS.FRENCH_1H6,12
#Charles_1H6,#Watchman_1H6,3
#Charles_1H6,#York_1H6,1
#Countess_1H6,#Porter_1H6,3
#Exeter_H5,#AMBASSADORS.ARMAGNAC.1_1H6,1
#Exeter_H5,#AMBASSADORS.EMPEROR.1_1H6,1
#Exeter_H5,#Basset_1H6,2
#Exeter_H5,#Fastolf_1H6,1
#Exeter_H5,#Gloucester_2H4,27
#Exeter_H5,#Governor_1H6,4
#Exeter_H5,#HERALDS.ENGLISH_1H6,9
#Exeter_H5,#HenryVI_1H6,18
#Exeter_H5,#Legate_1H6,1
#Exeter_H5,#MESSENGERS.ENGLISH.1_1H6,1
#Exeter_H5,#MESSENGERS.ENGLISH.2_1H6,1
#Exeter_H5,#MESSENGERS.ENGLISH.3_1H6,1
#Exeter_H5,#Mayor_1H6,8
#Exeter_H5,#SERVANTS.1_1H6,5
#Exeter_H5,#SERVANTS.2_1H6,4
#Exeter_H5,#SERVANTS.3_1H6,3
#Exeter_H5,#SERVANTS.GLOUCESTER.0.1_1H6,7
#Exeter_H5,#SERVANTS.GLOUCESTER.0.2_1H6,6
#Exeter_H5,#SERVANTS.GLOUCESTER_1H6,7
#Exeter_H5,#SERVANTS.WINCHESTER.0.1_1H6,8
#Exeter_H5,#SERVANTS.WINCHESTER_1H6,7
#Exeter_H5,#SOLDIERS.ENGLISH_1H6,1
#Exeter_H5,#Somerset_1H6,24
#Exeter_H5,#Suffolk_1H6,17
#Exeter_H5,#Talbot_1H6,4
#Exeter_H5,#Vernon_1H6,3
#Exeter_H5,#Warwick_2H4,25
#Exeter_H5,#York_1H6,16
#Fastolf_1H6,#Governor_1H6,1
#Fastolf_1H6,#HenryVI_1H6,1
#Fastolf_1H6,#SOLDIERS.ENGLISH.Captain_1H6,1
#Fastolf_1H6,#Suffolk_1H6,1
#Fastolf_1H6,#York_1H6,1
#Gargrave_1H6,#Glansdale_1H6,1
#Gargrave_1H6,#Salisbury_1H6,1
#Gargrave_1H6,#Talbot_1H6,1
#Glansdale_1H6,#MESSENGERS.ENGLISH.X.1_1H6,1
#Glansdale_1H6,#Salisbury_1H6,3
#Glansdale_1H6,#Talbot_1H6,3
#Gloucester_2H4,#AMBASSADORS.ARMAGNAC.1_1H6,1
#Gloucester_2H4,#AMBASSADORS.EMPEROR.1_1H6,1
#Gloucester_2H4,#Basset_1H6,2
#Gloucester_2H4,#Fastolf_1H6,1
#Gloucester_2H4,#Governor_1H6,4
#Gloucester_2H4,#HERALDS.ENGLISH_1H6,8
#Gloucester_2H4,#HenryVI_1H6,18
#Gloucester_2H4,#Legate_1H6,1
#Gloucester_2H4,#MESSENGERS.ENGLISH.1_1H6,1
#Gloucester_2H4,#MESSENGERS.ENGLISH.2_1H6,1
#Gloucester_2H4,#MESSENGERS.ENGLISH.3_1H6,1
#Gloucester_2H4,#Mayor_1H6,10
#Gloucester_2H4,#OFFICERS.0.1_1H6,1
#Gloucester_2H4,#OFFICERS_1H6,2
#Gloucester_2H4,#SERVANTS.1_1H6,4
#Gloucester_2H4,#SERVANTS.2_1H6,3
#Gloucester_2H4,#SERVANTS.3_1H6,2
#Gloucester_2H4,#SERVANTS.GLOUCESTER.0.1_1H6,12
#Gloucester_2H4,#SERVANTS.GLOUCESTER.0.2_1H6,5
#Gloucester_2H4,#SERVANTS.GLOUCESTER_1H6,15
#Gloucester_2H4,#SERVANTS.WINCHESTER.0.1_1H6,7
#Gloucester_2H4,#SERVANTS.WINCHESTER_1H6,10
#Gloucester_2H4,#SOLDIERS.ENGLISH_1H6,1
#Gloucester_2H4,#Somerset_1H6,23
#Gloucester_2H4,#Suffolk_1H6,17
#Gloucester_2H4,#Talbot_1H6,4
#Gloucester_2H4,#Vernon_1H6,2
#Gloucester_2H4,#WARDERS.1_1H6,7
#Gloucester_2H4,#WARDERS.2_1H6,5
#Gloucester_2H4,#Warwick_2H4,23
#Gloucester_2H4,#Woodville_1H6,4
#Gloucester_2H4,#York_1H6,15
#HERALDS.ENGLISH_1H6,#MESSENGERS.ENGLISH.1_1H6,1
#HERALDS.ENGLISH_1H6,#MESSENGERS.ENGLISH.2_1H6,1
#HERALDS.ENGLISH_1H6,#MESSENGERS.ENGLISH.3_1H6,1
#HERALDS.ENGLISH_1H6,#Somerset_1H6,10
#HERALDS.ENGLISH_1H6,#Warwick_2H4,10
#HERALDS.FRENCH.1_1H6,#JohnTalbot_1H6,1
#HERALDS.FRENCH.1_1H6,#Lucy_1H6,1
#HERALDS.FRENCH.1_1H6,#SERVANTS.TALBOT.1_1H6,1
#HERALDS.FRENCH.1_1H6,#SOLDIERS.FRENCH_1H6,2
#HenryVI_1H6,#AMBASSADORS.ARMAGNAC.1_1H6,1
#HenryVI_1H6,#AMBASSADORS.EMPEROR.1_1H6,1
#HenryVI_1H6,#Basset_1H6,2
#HenryVI_1H6,#Governor_1H6,4
#HenryVI_1H6,#Legate_1H6,1
#HenryVI_1H6,#Mayor_1H6,8
#HenryVI_1H6,#SERVANTS.1_1H6,4
#HenryVI_1H6,#SERVANTS.2_1H6,3
#HenryVI_1H6,#SERVANTS.3_1H6,2
#HenryVI_1H6,#SERVANTS.GLOUCESTER.0.1_1H6,6
#HenryVI_1H6,#SERVANTS.GLOUCESTER.0.2_1H6,5
#HenryVI_1H6,#SERVANTS.GLOUCESTER_1H6,7
#HenryVI_1H6,#SERVANTS.WINCHESTER.0.1_1H6,7
#HenryVI_1H6,#SERVANTS.WINCHESTER_1H6,7
#HenryVI_1H6,#SOLDIERS.ENGLISH_1H6,1
#HenryVI_1H6,#Suffolk_1H6,16
#HenryVI_1H6,#Vernon_1H6,2
#HenryVI_1H6,#York_1H6,15
#JAILERS.0.1_1H6,#JAILERS_1H6,2
#JAILERS.0.1_1H6,#Mortimer_1H4,2
#JAILERS_1H6,#Mortimer_1H4,3
#JohnTalbot_1H6,#Lucy_1H6,1
#JohnTalbot_1H6,#SERVANTS.TALBOT.1_1H6,3
#JohnTalbot_1H6,#SOLDIERS.ENGLISH_1H6,1
#JohnTalbot_1H6,#SOLDIERS.FRENCH_1H6,2
#Lucy_1H6,#SERVANTS.TALBOT.1_1H6,1
#Lucy_1H6,#SOLDIERS.ENGLISH.SOMERSET.0.1_1H6,1
#Lucy_1H6,#SOLDIERS.ENGLISH.SOMERSET_1H6,1
#Lucy_1H6,#SOLDIERS.ENGLISH.YORK_1H6,1
#Lucy_1H6,#SOLDIERS.FRENCH_1H6,1
#Lucy_1H6,#York_1H6,1
#MESSENGERS.ENGLISH.X.2_1H6,#SOLDIERS.ENGLISH.YORK_1H6,1
#MESSENGERS.FRENCH.1_1H6,#Countess_1H6,3
#MESSENGERS.FRENCH.1_1H6,#Porter_1H6,2
#MESSENGERS.FRENCH.1_1H6,#SOLDIERS.ENGLISH.0.1_1H6,1
#Mayor_1H6,#OFFICERS.0.1_1H6,2
#Mayor_1H6,#OFFICERS_1H6,3
#Mayor_1H6,#SERVANTS.1_1H6,3
#Mayor_1H6,#SERVANTS.2_1H6,2
#Mayor_1H6,#SERVANTS.3_1H6,1
#Mayor_1H6,#SERVANTS.GLOUCESTER.0.2_1H6,4
#Mayor_1H6,#SERVANTS.WINCHESTER.0.1_1H6,6
#Mayor_1H6,#York_1H6,8
#OFFICERS_1H6,#OFFICERS.0.1_1H6,2
#OFFICERS_1H6,#Shepherd_1H6,1
#OFFICERS_1H6,#York_1H6,2
#Pucelle_1H6,#HERALDS.FRENCH.1_1H6,2
#Pucelle_1H6,#JohnTalbot_1H6,2
#Pucelle_1H6,#Lucy_1H6,1
#Pucelle_1H6,#OFFICERS_1H6,2
#Pucelle_1H6,#Reignier_1H6,8
#Pucelle_1H6,#SERVANTS.TALBOT.1_1H6,2
#Pucelle_1H6,#SOLDIERS.ENGLISH_1H6,1
#Pucelle_1H6,#SOLDIERS.FRENCH.PUCELLE.0.1_1H6,4
#Pucelle_1H6,#SOLDIERS.FRENCH.PUCELLE_1H6,3
#Pucelle_1H6,#SOLDIERS.FRENCH.Scout_1H6,1
#Pucelle_1H6,#SOLDIERS.FRENCH_1H6,10
#Pucelle_1H6,#SPIRITS_1H6,1
#Pucelle_1H6,#Shepherd_1H6,1
#Pucelle_1H6,#Watchman_1H6,3
#Pucelle_1H6,#York_1H6,3
#Reignier_1H6,#ATTENDANTS.FRENCH_1H6,1
#Reignier_1H6,#QueenMargaret_1H6,2
#Reignier_1H6,#SOLDIERS.ENGLISH.0_1H6,2
#Reignier_1H6,#SOLDIERS.ENGLISH_1H6,2
#Reignier_1H6,#SOLDIERS.FRENCH.PUCELLE.0.1_1H6,3
#Reignier_1H6,#SOLDIERS.FRENCH.Scout_1H6,1
#Reignier_1H6,#SOLDIERS.FRENCH_1H6,7
#Reignier_1H6,#Suffolk_1H6,2
#Reignier_1H6,#Watchman_1H6,3
#Reignier_1H6,#York_1H6,1
#SERVANTS.1_1H6,#SERVANTS.2_1H6,4
#SERVANTS.1_1H6,#SERVANTS.3_1H6,3
#SERVANTS.2_1H6,#SERVANTS.3_1H6,3
#SERVANTS.GLOUCESTER.0.1_1H6,#Mayor_1H6,8
#SERVANTS.GLOUCESTER.0.1_1H6,#OFFICERS.0.1_1H6,2
#SERVANTS.GLOUCESTER.0.1_1H6,#OFFICERS_1H6,3
#SERVANTS.GLOUCESTER.0.1_1H6,#SERVANTS.1_1H6,5
#SERVANTS.GLOUCESTER.0.1_1H6,#SERVANTS.2_1H6,4
#SERVANTS.GLOUCESTER.0.1_1H6,#SERVANTS.3_1H6,3
#SERVANTS.GLOUCESTER.0.1_1H6,#SERVANTS.GLOUCESTER.0.2_1H6,6
#SERVANTS.GLOUCESTER.0.1_1H6,#SERVANTS.GLOUCESTER_1H6,11
#SERVANTS.GLOUCESTER.0.1_1H6,#SERVANTS.WINCHESTER.0.1_1H6,7
#SERVANTS.GLOUCESTER.0.1_1H6,#SERVANTS.WINCHESTER_1H6,8
#SERVANTS.GLOUCESTER.0.1_1H6,#WARDERS.1_1H6,7
#SERVANTS.GLOUCESTER.0.1_1H6,#WARDERS.2_1H6,6
#SERVANTS.GLOUCESTER.0.1_1H6,#Woodville_1H6,5
#SERVANTS.GLOUCESTER.0.1_1H6,#York_1H6,6
#SERVANTS.GLOUCESTER.0.2_1H6,#SERVANTS.1_1H6,5
#SERVANTS.GLOUCESTER.0.2_1H6,#SERVANTS.2_1H6,4
#SERVANTS.GLOUCESTER.0.2_1H6,#SERVANTS.3_1H6,3
#SERVANTS.GLOUCESTER_1H6,#Mayor_1H6,9
#SERVANTS.GLOUCESTER_1H6,#OFFICERS.0.1_1H6,1
#SERVANTS.GLOUCESTER_1H6,#OFFICERS_1H6,2
#SERVANTS.GLOUCESTER_1H6,#SERVANTS.1_1H6,3
#SERVANTS.GLOUCESTER_1H6,#SERVANTS.2_1H6,2
#SERVANTS.GLOUCESTER_1H6,#SERVANTS.3_1H6,1
#SERVANTS.GLOUCESTER_1H6,#SERVANTS.GLOUCESTER.0.2_1H6,4
#SERVANTS.GLOUCESTER_1H6,#SERVANTS.WINCHESTER.0.1_1H6,6
#SERVANTS.GLOUCESTER_1H6,#SERVANTS.WINCHESTER_1H6,10
#SERVANTS.GLOUCESTER_1H6,#WARDERS.1_1H6,7
#SERVANTS.GLOUCESTER_1H6,#WARDERS.2_1H6,5
#SERVANTS.GLOUCESTER_1H6,#Woodville_1H6,4
#SERVANTS.GLOUCESTER_1H6,#York_1H6,7
#SERVANTS.TALBOT.1_1H6,#SOLDIERS.ENGLISH_1H6,1
#SERVANTS.TALBOT.1_1H6,#SOLDIERS.FRENCH_1H6,2
#SERVANTS.WINCHESTER.0.1_1H6,#SERVANTS.1_1H6,5
#SERVANTS.WINCHESTER.0.1_1H6,#SERVANTS.2_1H6,4
#SERVANTS.WINCHESTER.0.1_1H6,#SERVANTS.3_1H6,3
#SERVANTS.WINCHESTER.0.1_1H6,#SERVANTS.GLOUCESTER.0.2_1H6,6
#SERVANTS.WINCHESTER_1H6,#Mayor_1H6,9
#SERVANTS.WINCHESTER_1H6,#OFFICERS.0.1_1H6,1
#SERVANTS.WINCHESTER_1H6,#OFFICERS_1H6,2
#SERVANTS.WINCHESTER_1H6,#SERVANTS.1_1H6,3
#SERVANTS.WINCHESTER_1H6,#SERVANTS.2_1H6,2
#SERVANTS.WINCHESTER_1H6,#SERVANTS.3_1H6,1
#SERVANTS.WINCHESTER_1H6,#SERVANTS.GLOUCESTER.0.2_1H6,4
#SERVANTS.WINCHESTER_1H6,#SERVANTS.WINCHESTER.0.1_1H6,6
#SERVANTS.WINCHESTER_1H6,#WARDERS.1_1H6,3
#SERVANTS.WINCHESTER_1H6,#WARDERS.2_1H6,3
#SERVANTS.WINCHESTER_1H6,#Woodville_1H6,3
#SERVANTS.WINCHESTER_1H6,#York_1H6,7
#SOLDIERS.ENGLISH.0_1H6,#QueenMargaret_1H6,4
#SOLDIERS.ENGLISH.SOMERSET_1H6,#SOLDIERS.ENGLISH.SOMERSET.0.1_1H6,1
#SOLDIERS.ENGLISH_1H6,#Basset_1H6,1
#SOLDIERS.ENGLISH_1H6,#Countess_1H6,1
#SOLDIERS.ENGLISH_1H6,#General_1H6,1
#SOLDIERS.ENGLISH_1H6,#MESSENGERS.FRENCH.1_1H6,3
#SOLDIERS.ENGLISH_1H6,#Porter_1H6,1
#SOLDIERS.ENGLISH_1H6,#QueenMargaret_1H6,5
#SOLDIERS.ENGLISH_1H6,#SOLDIERS.ENGLISH.0.1_1H6,1
#SOLDIERS.ENGLISH_1H6,#SOLDIERS.ENGLISH.0_1H6,6
#SOLDIERS.ENGLISH_1H6,#Vernon_1H6,1
#SOLDIERS.ENGLISH_1H6,#York_1H6,2
#SOLDIERS.FRENCH.PUCELLE.0.1_1H6,#Fastolf_1H6,1
#SOLDIERS.FRENCH.PUCELLE.0.1_1H6,#SOLDIERS.ENGLISH.Captain_1H6,2
#SOLDIERS.FRENCH.PUCELLE.0.1_1H6,#SOLDIERS.ENGLISH_1H6,1
#SOLDIERS.FRENCH.PUCELLE.0.1_1H6,#SOLDIERS.FRENCH.PUCELLE_1H6,2
#SOLDIERS.FRENCH.PUCELLE.0.1_1H6,#SOLDIERS.FRENCH_1H6,2
#SOLDIERS.FRENCH.PUCELLE.0.1_1H6,#Watchman_1H6,10
#SOLDIERS.FRENCH_1H6,#General_1H6,1
#SOLDIERS.FRENCH_1H6,#SOLDIERS.ENGLISH_1H6,2
#SOLDIERS.FRENCH_1H6,#SOLDIERS.FRENCH.Scout_1H6,1
#Salisbury_1H6,#Burgundy_1H6,1
#Salisbury_1H6,#MESSENGERS.ENGLISH.X.1_1H6,1
#Salisbury_1H6,#SOLDIERS.ENGLISH.0_1H6,1
#Salisbury_1H6,#SOLDIERS.ENGLISH_1H6,1
#Salisbury_1H6,#Talbot_1H6,4
#Somerset_1H6,#Basset_1H6,2
#Somerset_1H6,#Fastolf_1H6,1
#Somerset_1H6,#Governor_1H6,4
#Somerset_1H6,#HenryVI_1H6,15
#Somerset_1H6,#Lawyer_1H6,2
#Somerset_1H6,#Lucy_1H6,1
#Somerset_1H6,#MESSENGERS.ENGLISH.1_1H6,1
#Somerset_1H6,#MESSENGERS.ENGLISH.2_1H6,1
#Somerset_1H6,#MESSENGERS.ENGLISH.3_1H6,1
#Somerset_1H6,#Mayor_1H6,8
#Somerset_1H6,#SERVANTS.1_1H6,4
#Somerset_1H6,#SERVANTS.2_1H6,3
#Somerset_1H6,#SERVANTS.3_1H6,2
#Somerset_1H6,#SERVANTS.GLOUCESTER.0.1_1H6,6
#Somerset_1H6,#SERVANTS.GLOUCESTER.0.2_1H6,5
#Somerset_1H6,#SERVANTS.GLOUCESTER_1H6,7
#Somerset_1H6,#SERVANTS.WINCHESTER.0.1_1H6,7
#Somerset_1H6,#SERVANTS.WINCHESTER_1H6,7
#Somerset_1H6,#SOLDIERS.ENGLISH.SOMERSET.0.1_1H6,1
#Somerset_1H6,#SOLDIERS.ENGLISH.SOMERSET_1H6,2
#Somerset_1H6,#SOLDIERS.ENGLISH_1H6,1
#Somerset_1H6,#Suffolk_1H6,16
#Somerset_1H6,#Talbot_1H6,4
#Somerset_1H6,#Vernon_1H6,4
#Somerset_1H6,#Warwick_2H4,27
#Somerset_1H6,#York_1H6,17
#Suffolk_1H6,#Basset_1H6,2
#Suffolk_1H6,#Governor_1H6,4
#Suffolk_1H6,#Lawyer_1H6,1
#Suffolk_1H6,#Mayor_1H6,8
#Suffolk_1H6,#QueenMargaret_1H6,5
#Suffolk_1H6,#SERVANTS.1_1H6,4
#Suffolk_1H6,#SERVANTS.2_1H6,3
#Suffolk_1H6,#SERVANTS.3_1H6,2
#Suffolk_1H6,#SERVANTS.GLOUCESTER.0.1_1H6,6
#Suffolk_1H6,#SERVANTS.GLOUCESTER.0.2_1H6,5
#Suffolk_1H6,#SERVANTS.GLOUCESTER_1H6,7
#Suffolk_1H6,#SERVANTS.WINCHESTER.0.1_1H6,7
#Suffolk_1H6,#SERVANTS.WINCHESTER_1H6,7
#Suffolk_1H6,#SOLDIERS.ENGLISH.0_1H6,5
#Suffolk_1H6,#SOLDIERS.ENGLISH_1H6,7
#Suffolk_1H6,#Vernon_1H6,3
#Suffolk_1H6,#York_1H6,16
#Talbot_1H6,#Alanson_1H6,3
#Talbot_1H6,#Basset_1H6,1
#Talbot_1H6,#Bastard_1H6,3
#Talbot_1H6,#Burgundy_1H6,11
#Talbot_1H6,#Charles_1H6,3
#Talbot_1H6,#Countess_1H6,3
#Talbot_1H6,#Fastolf_1H6,1
#Talbot_1H6,#General_1H6,1
#Talbot_1H6,#Governor_1H6,3
#Talbot_1H6,#HERALDS.FRENCH.1_1H6,1
#Talbot_1H6,#HenryVI_1H6,4
#Talbot_1H6,#JohnTalbot_1H6,5
#Talbot_1H6,#Lucy_1H6,1
#Talbot_1H6,#MESSENGERS.ENGLISH.X.1_1H6,1
#Talbot_1H6,#MESSENGERS.FRENCH.1_1H6,5
#Talbot_1H6,#Porter_1H6,2
#Talbot_1H6,#Pucelle_1H6,4
#Talbot_1H6,#Reignier_1H6,1
#Talbot_1H6,#SERVANTS.TALBOT.1_1H6,4
#Talbot_1H6,#SOLDIERS.ENGLISH.0.1_1H6,1
#Talbot_1H6,#SOLDIERS.ENGLISH.0_1H6,1
#Talbot_1H6,#SOLDIERS.ENGLISH_1H6,13
#Talbot_1H6,#SOLDIERS.FRENCH.PUCELLE.0.1_1H6,4
#Talbot_1H6,#SOLDIERS.FRENCH_1H6,5
#Talbot_1H6,#Suffolk_1H6,4
#Talbot_1H6,#Vernon_1H6,1
#Talbot_1H6,#WATCHMEN.1_1H6,1
#Talbot_1H6,#WATCHMEN.2_1H6,1
#Talbot_1H6,#Watchman_1H6,4
#Talbot_1H6,#York_1H6,4
#Vernon_1H6,#Governor_1H6,1
#Vernon_1H6,#Lawyer_1H6,3
#WARDERS.1_1H6,#Mayor_1H6,3
#WARDERS.1_1H6,#OFFICERS.0.1_1H6,2
#WARDERS.1_1H6,#OFFICERS_1H6,3
#WARDERS.1_1H6,#WARDERS.2_1H6,6
#WARDERS.1_1H6,#Woodville_1H6,5
#WARDERS.2_1H6,#Mayor_1H6,3
#WARDERS.2_1H6,#OFFICERS.0.1_1H6,2
#WARDERS.2_1H6,#OFFICERS_1H6,3
#WARDERS.2_1H6,#Woodville_1H6,5
#WATCHMEN.1_1H6,#SOLDIERS.FRENCH.Sergeant_1H6,1
#WATCHMEN.1_1H6,#WATCHMEN.2_1H6,3
#WATCHMEN.2_1H6,#SOLDIERS.FRENCH.Sergeant_1H6,1
#Warwick_2H4,#ATTENDANTS.FRENCH_1H6,1
#Warwick_2H4,#Alanson_1H6,1
#Warwick_2H4,#Basset_1H6,2
#Warwick_2H4,#Bastard_1H6,1
#Warwick_2H4,#Charles_1H6,1
#Warwick_2H4,#Fastolf_1H6,1
#Warwick_2H4,#Governor_1H6,4
#Warwick_2H4,#HenryVI_1H6,15
#Warwick_2H4,#Lawyer_1H6,3
#Warwick_2H4,#MESSENGERS.ENGLISH.1_1H6,1
#Warwick_2H4,#MESSENGERS.ENGLISH.2_1H6,1
#Warwick_2H4,#MESSENGERS.ENGLISH.3_1H6,1
#Warwick_2H4,#Mayor_1H6,8
#Warwick_2H4,#OFFICERS_1H6,2
#Warwick_2H4,#Pucelle_1H6,2
#Warwick_2H4,#Reignier_1H6,1
#Warwick_2H4,#SERVANTS.1_1H6,4
#Warwick_2H4,#SERVANTS.2_1H6,3
#Warwick_2H4,#SERVANTS.3_1H6,2
#Warwick_2H4,#SERVANTS.GLOUCESTER.0.1_1H6,6
#Warwick_2H4,#SERVANTS.GLOUCESTER.0.2_1H6,5
#Warwick_2H4,#SERVANTS.GLOUCESTER_1H6,7
#Warwick_2H4,#SERVANTS.WINCHESTER.0.1_1H6,7
#Warwick_2H4,#SERVANTS.WINCHESTER_1H6,7
#Warwick_2H4,#SOLDIERS.ENGLISH_1H6,1
#Warwick_2H4,#Shepherd_1H6,1
#Warwick_2H4,#Suffolk_1H6,16
#Warwick_2H4,#Talbot_1H6,4
#Warwick_2H4,#Vernon_1H6,6
#Warwick_2H4,#York_1H6,24
#Watchman_1H6,#Fastolf_1H6,1
#Watchman_1H6,#SOLDIERS.ENGLISH.Captain_1H6,2
#Watchman_1H6,#SOLDIERS.ENGLISH_1H6,1
#Watchman_1H6,#SOLDIERS.FRENCH.PUCELLE_1H6,1
#Watchman_1H6,#SOLDIERS.FRENCH_1H6,2
#Woodville_1H6,#Mayor_1H6,3
#Woodville_1H6,#OFFICERS.0.1_1H6,2
#Woodville_1H6,#OFFICERS_1H6,3
#York_1H6,#ATTENDANTS.FRENCH_1H6,1
#York_1H6,#Basset_1H6,2
#York_1H6,#Governor_1H6,4
#York_1H6,#JAILERS.0.1_1H6,2
#York_1H6,#JAILERS_1H6,1
#York_1H6,#Lawyer_1H6,3
#York_1H6,#MESSENGERS.ENGLISH.X.2_1H6,1
#York_1H6,#Mortimer_1H4,1
#York_1H6,#SERVANTS.1_1H6,4
#York_1H6,#SERVANTS.2_1H6,3
#York_1H6,#SERVANTS.3_1H6,2
#York_1H6,#SERVANTS.GLOUCESTER.0.2_1H6,5
#York_1H6,#SERVANTS.WINCHESTER.0.1_1H6,7
#York_1H6,#SOLDIERS.ENGLISH.YORK_1H6,3
#York_1H6,#Shepherd_1H6,1
#York_1H6,#Vernon_1H6,6
