node1,node2,key,act,scene,stagegroup,n_tokens,n_lines,edge_index
#ATTENDANTS_1H4,#Bedford_H5,0,1,1,1,803,107,1
#ATTENDANTS_1H4,#HenryIV_1H4,0,1,1,1,803,107,1
#ATTENDANTS_1H4,#Westmoreland_1H4,0,1,1,1,803,107,1
#Bedford_H5,#HenryIV_1H4,0,1,1,1,803,107,1
#Bedford_H5,#Westmoreland_1H4,0,1,1,1,803,107,1
#HenryIV_1H4,#Westmoreland_1H4,0,1,1,1,803,107,1
#Falstaff_1H4,#HenryV_H5,0,1,2,2,894,111,2
#Falstaff_1H4,#HenryV_H5,1,1,2,3,403,55,3
#Falstaff_1H4,#Poins_1H4,0,1,2,3,403,55,3
#HenryV_H5,#Poins_1H4,0,1,2,3,403,55,3
#HenryV_H5,#Poins_1H4,1,1,2,4,292,35,4
#ATTENDANTS_1H4,#Blunt_1H4,0,1,3,6,159,21,6
#ATTENDANTS_1H4,#HenryIV_1H4,1,1,3,6,159,21,6
#ATTENDANTS_1H4,#Hotspur_R2,0,1,3,6,159,21,6
#ATTENDANTS_1H4,#Northumberland_R2,0,1,3,6,159,21,6
#ATTENDANTS_1H4,#Worcester_1H4,0,1,3,6,159,21,6
#Blunt_1H4,#Hotspur_R2,0,1,3,6,159,21,6
#Blunt_1H4,#Northumberland_R2,0,1,3,6,159,21,6
#Blunt_1H4,#Worcester_1H4,0,1,3,6,159,21,6
#HenryIV_1H4,#Blunt_1H4,0,1,3,6,159,21,6
#HenryIV_1H4,#Hotspur_R2,0,1,3,6,159,21,6
#HenryIV_1H4,#Northumberland_R2,0,1,3,6,159,21,6
#HenryIV_1H4,#Worcester_1H4,0,1,3,6,159,21,6
#Hotspur_R2,#Northumberland_R2,0,1,3,6,159,21,6
#Hotspur_R2,#Worcester_1H4,0,1,3,6,159,21,6
#Northumberland_R2,#Worcester_1H4,0,1,3,6,159,21,6
#ATTENDANTS_1H4,#Blunt_1H4,1,1,3,7,766,105,7
#ATTENDANTS_1H4,#HenryIV_1H4,2,1,3,7,766,105,7
#ATTENDANTS_1H4,#Hotspur_R2,1,1,3,7,766,105,7
#ATTENDANTS_1H4,#Northumberland_R2,1,1,3,7,766,105,7
#Blunt_1H4,#Hotspur_R2,1,1,3,7,766,105,7
#Blunt_1H4,#Northumberland_R2,1,1,3,7,766,105,7
#HenryIV_1H4,#Blunt_1H4,1,1,3,7,766,105,7
#HenryIV_1H4,#Hotspur_R2,1,1,3,7,766,105,7
#HenryIV_1H4,#Northumberland_R2,1,1,3,7,766,105,7
#Hotspur_R2,#Northumberland_R2,1,1,3,7,766,105,7
#Hotspur_R2,#Northumberland_R2,2,1,3,8,48,6,8
#Hotspur_R2,#Northumberland_R2,3,1,3,9,1323,181,9
#Hotspur_R2,#Worcester_1H4,1,1,3,9,1323,181,9
#Northumberland_R2,#Worcester_1H4,1,1,3,9,1323,181,9
#Ostler_1H4,#TRAVELERS.CARRIERS.1_1H4,0,2,1,11,26,4,11
#Ostler_1H4,#TRAVELERS.CARRIERS.1_1H4,1,2,1,12,198,26,12
#Ostler_1H4,#TRAVELERS.CARRIERS.2_1H4,0,2,1,12,198,26,12
#TRAVELERS.CARRIERS.1_1H4,#TRAVELERS.CARRIERS.2_1H4,0,2,1,12,198,26,12
#Ostler_1H4,#Gadshill_1H4,0,2,1,13,101,17,13
#Ostler_1H4,#TRAVELERS.CARRIERS.1_1H4,2,2,1,13,101,17,13
#Ostler_1H4,#TRAVELERS.CARRIERS.2_1H4,1,2,1,13,101,17,13
#TRAVELERS.CARRIERS.1_1H4,#Gadshill_1H4,0,2,1,13,101,17,13
#TRAVELERS.CARRIERS.1_1H4,#TRAVELERS.CARRIERS.2_1H4,1,2,1,13,101,17,13
#TRAVELERS.CARRIERS.2_1H4,#Gadshill_1H4,0,2,1,13,101,17,13
#Ostler_1H4,#Gadshill_1H4,1,2,1,14,3,1,14
#Gadshill_1H4,#Chamberlain_1H4,0,2,1,15,419,51,15
#Ostler_1H4,#Chamberlain_1H4,0,2,1,15,419,51,15
#Ostler_1H4,#Gadshill_1H4,2,2,1,15,419,51,15
#Bardolph_1H4,#Peto_1H4,0,2,2,16,17,3,16
#HenryV_H5,#Bardolph_1H4,0,2,2,16,17,3,16
#HenryV_H5,#Peto_1H4,0,2,2,16,17,3,16
#HenryV_H5,#Poins_1H4,2,2,2,16,17,3,16
#Poins_1H4,#Bardolph_1H4,0,2,2,16,17,3,16
#Poins_1H4,#Peto_1H4,0,2,2,16,17,3,16
#Falstaff_1H4,#HenryV_H5,2,2,2,17,33,6,17
#Bardolph_1H4,#Peto_1H4,1,2,2,19,154,20,19
#Falstaff_1H4,#Bardolph_1H4,0,2,2,19,154,20,19
#Falstaff_1H4,#HenryV_H5,3,2,2,19,154,20,19
#Falstaff_1H4,#Peto_1H4,0,2,2,19,154,20,19
#Falstaff_1H4,#Poins_1H4,1,2,2,19,154,20,19
#HenryV_H5,#Bardolph_1H4,1,2,2,19,154,20,19
#HenryV_H5,#Peto_1H4,1,2,2,19,154,20,19
#HenryV_H5,#Poins_1H4,3,2,2,19,154,20,19
#Poins_1H4,#Bardolph_1H4,1,2,2,19,154,20,19
#Poins_1H4,#Peto_1H4,1,2,2,19,154,20,19
#Bardolph_1H4,#Peto_1H4,2,2,2,20,171,28,20
#Falstaff_1H4,#Bardolph_1H4,1,2,2,20,171,28,20
#Falstaff_1H4,#Gadshill_1H4,0,2,2,20,171,28,20
#Falstaff_1H4,#HenryV_H5,4,2,2,20,171,28,20
#Falstaff_1H4,#Peto_1H4,1,2,2,20,171,28,20
#Falstaff_1H4,#Poins_1H4,2,2,2,20,171,28,20
#Gadshill_1H4,#Bardolph_1H4,0,2,2,20,171,28,20
#Gadshill_1H4,#Peto_1H4,0,2,2,20,171,28,20
#HenryV_H5,#Bardolph_1H4,2,2,2,20,171,28,20
#HenryV_H5,#Gadshill_1H4,0,2,2,20,171,28,20
#HenryV_H5,#Peto_1H4,2,2,2,20,171,28,20
#HenryV_H5,#Poins_1H4,4,2,2,20,171,28,20
#Poins_1H4,#Bardolph_1H4,2,2,2,20,171,28,20
#Poins_1H4,#Gadshill_1H4,0,2,2,20,171,28,20
#Poins_1H4,#Peto_1H4,2,2,2,20,171,28,20
#Bardolph_1H4,#Peto_1H4,3,2,2,21,15,2,21
#Falstaff_1H4,#Bardolph_1H4,2,2,2,21,15,2,21
#Falstaff_1H4,#Gadshill_1H4,1,2,2,21,15,2,21
#Falstaff_1H4,#Peto_1H4,2,2,2,21,15,2,21
#Gadshill_1H4,#Bardolph_1H4,1,2,2,21,15,2,21
#Gadshill_1H4,#Peto_1H4,1,2,2,21,15,2,21
#Bardolph_1H4,#Peto_1H4,4,2,2,22,90,16,22
#Bardolph_1H4,#TRAVELERS.CARRIERS_1H4,0,2,2,22,90,16,22
#Bardolph_1H4,#TRAVELERS.GENTLEMEN.0.1_1H4,0,2,2,22,90,16,22
#Bardolph_1H4,#TRAVELERS.GENTLEMEN_1H4,0,2,2,22,90,16,22
#Falstaff_1H4,#Bardolph_1H4,3,2,2,22,90,16,22
#Falstaff_1H4,#Gadshill_1H4,2,2,2,22,90,16,22
#Falstaff_1H4,#Peto_1H4,3,2,2,22,90,16,22
#Falstaff_1H4,#TRAVELERS.CARRIERS_1H4,0,2,2,22,90,16,22
#Falstaff_1H4,#TRAVELERS.GENTLEMEN.0.1_1H4,0,2,2,22,90,16,22
#Falstaff_1H4,#TRAVELERS.GENTLEMEN_1H4,0,2,2,22,90,16,22
#Gadshill_1H4,#Bardolph_1H4,2,2,2,22,90,16,22
#Gadshill_1H4,#Peto_1H4,2,2,2,22,90,16,22
#Gadshill_1H4,#TRAVELERS.CARRIERS_1H4,0,2,2,22,90,16,22
#Gadshill_1H4,#TRAVELERS.GENTLEMEN.0.1_1H4,0,2,2,22,90,16,22
#Gadshill_1H4,#TRAVELERS.GENTLEMEN_1H4,0,2,2,22,90,16,22
#Peto_1H4,#TRAVELERS.CARRIERS_1H4,0,2,2,22,90,16,22
#Peto_1H4,#TRAVELERS.GENTLEMEN.0.1_1H4,0,2,2,22,90,16,22
#Peto_1H4,#TRAVELERS.GENTLEMEN_1H4,0,2,2,22,90,16,22
#TRAVELERS.CARRIERS_1H4,#TRAVELERS.GENTLEMEN.0.1_1H4,0,2,2,22,90,16,22
#TRAVELERS.CARRIERS_1H4,#TRAVELERS.GENTLEMEN_1H4,0,2,2,22,90,16,22
#TRAVELERS.GENTLEMEN.0.1_1H4,#TRAVELERS.GENTLEMEN_1H4,0,2,2,22,90,16,22
#HenryV_H5,#Poins_1H4,5,2,2,23,42,5,23
#HenryV_H5,#TRAVELERS.GENTLEMEN.0.1_1H4,0,2,2,23,42,5,23
#Poins_1H4,#TRAVELERS.GENTLEMEN.0.1_1H4,0,2,2,23,42,5,23
#Bardolph_1H4,#Peto_1H4,5,2,2,24,41,7,24
#Bardolph_1H4,#TRAVELERS.GENTLEMEN.0.1_1H4,1,2,2,24,41,7,24
#Falstaff_1H4,#Bardolph_1H4,4,2,2,24,41,7,24
#Falstaff_1H4,#Gadshill_1H4,3,2,2,24,41,7,24
#Falstaff_1H4,#HenryV_H5,5,2,2,24,41,7,24
#Falstaff_1H4,#Peto_1H4,4,2,2,24,41,7,24
#Falstaff_1H4,#Poins_1H4,3,2,2,24,41,7,24
#Falstaff_1H4,#TRAVELERS.GENTLEMEN.0.1_1H4,1,2,2,24,41,7,24
#Gadshill_1H4,#Bardolph_1H4,3,2,2,24,41,7,24
#Gadshill_1H4,#Peto_1H4,3,2,2,24,41,7,24
#Gadshill_1H4,#TRAVELERS.GENTLEMEN.0.1_1H4,1,2,2,24,41,7,24
#HenryV_H5,#Bardolph_1H4,3,2,2,24,41,7,24
#HenryV_H5,#Gadshill_1H4,1,2,2,24,41,7,24
#HenryV_H5,#Peto_1H4,3,2,2,24,41,7,24
#HenryV_H5,#Poins_1H4,6,2,2,24,41,7,24
#HenryV_H5,#TRAVELERS.GENTLEMEN.0.1_1H4,1,2,2,24,41,7,24
#Peto_1H4,#TRAVELERS.GENTLEMEN.0.1_1H4,1,2,2,24,41,7,24
#Poins_1H4,#Bardolph_1H4,3,2,2,24,41,7,24
#Poins_1H4,#Gadshill_1H4,1,2,2,24,41,7,24
#Poins_1H4,#Peto_1H4,3,2,2,24,41,7,24
#Poins_1H4,#TRAVELERS.GENTLEMEN.0.1_1H4,1,2,2,24,41,7,24
#HenryV_H5,#Poins_1H4,7,2,2,25,63,9,25
#HenryV_H5,#TRAVELERS.GENTLEMEN.0.1_1H4,2,2,2,25,63,9,25
#Poins_1H4,#TRAVELERS.GENTLEMEN.0.1_1H4,2,2,2,25,63,9,25
#Hotspur_R2,#LadyPercy_1H4,0,2,3,27,240,32,27
#Hotspur_R2,#LadyPercy_1H4,1,2,3,28,64,9,28
#Hotspur_R2,#SERVANTS.HOTSPUR.1_1H4,0,2,3,28,64,9,28
#LadyPercy_1H4,#SERVANTS.HOTSPUR.1_1H4,0,2,3,28,64,9,28
#Hotspur_R2,#LadyPercy_1H4,2,2,3,29,342,47,29
#HenryV_H5,#Poins_1H4,8,2,4,30,315,34,30
#HenryV_H5,#Poins_1H4,9,2,4,31,5,3,31
#HenryV_H5,#DRAWERS.Francis_1H4,0,2,4,32,244,45,32
#HenryV_H5,#Poins_1H4,10,2,4,32,244,45,32
#Poins_1H4,#DRAWERS.Francis_1H4,0,2,4,32,244,45,32
#DRAWERS.Francis_1H4,#Vintner_1H4,0,2,4,33,14,2,33
#HenryV_H5,#DRAWERS.Francis_1H4,1,2,4,33,14,2,33
#HenryV_H5,#Poins_1H4,11,2,4,33,14,2,33
#HenryV_H5,#Vintner_1H4,0,2,4,33,14,2,33
#Poins_1H4,#DRAWERS.Francis_1H4,1,2,4,33,14,2,33
#Poins_1H4,#Vintner_1H4,0,2,4,33,14,2,33
#HenryV_H5,#Poins_1H4,12,2,4,34,28,4,34
#HenryV_H5,#Vintner_1H4,1,2,4,34,28,4,34
#Poins_1H4,#Vintner_1H4,1,2,4,34,28,4,34
#HenryV_H5,#Poins_1H4,13,2,4,35,74,11,35
#HenryV_H5,#DRAWERS.Francis_1H4,2,2,4,36,6,2,36
#HenryV_H5,#Poins_1H4,14,2,4,36,6,2,36
#Poins_1H4,#DRAWERS.Francis_1H4,2,2,4,36,6,2,36
#HenryV_H5,#Poins_1H4,15,2,4,37,132,15,37
#Bardolph_1H4,#DRAWERS.Francis_1H4,0,2,4,38,1377,180,38
#Bardolph_1H4,#Peto_1H4,6,2,4,38,1377,180,38
#Falstaff_1H4,#Bardolph_1H4,5,2,4,38,1377,180,38
#Falstaff_1H4,#DRAWERS.Francis_1H4,0,2,4,38,1377,180,38
#Falstaff_1H4,#Gadshill_1H4,4,2,4,38,1377,180,38
#Falstaff_1H4,#HenryV_H5,6,2,4,38,1377,180,38
#Falstaff_1H4,#Peto_1H4,5,2,4,38,1377,180,38
#Falstaff_1H4,#Poins_1H4,4,2,4,38,1377,180,38
#Gadshill_1H4,#Bardolph_1H4,4,2,4,38,1377,180,38
#Gadshill_1H4,#DRAWERS.Francis_1H4,0,2,4,38,1377,180,38
#Gadshill_1H4,#Peto_1H4,4,2,4,38,1377,180,38
#HenryV_H5,#Bardolph_1H4,4,2,4,38,1377,180,38
#HenryV_H5,#DRAWERS.Francis_1H4,3,2,4,38,1377,180,38
#HenryV_H5,#Gadshill_1H4,2,2,4,38,1377,180,38
#HenryV_H5,#Peto_1H4,4,2,4,38,1377,180,38
#HenryV_H5,#Poins_1H4,16,2,4,38,1377,180,38
#Peto_1H4,#DRAWERS.Francis_1H4,0,2,4,38,1377,180,38
#Poins_1H4,#Bardolph_1H4,4,2,4,38,1377,180,38
#Poins_1H4,#DRAWERS.Francis_1H4,3,2,4,38,1377,180,38
#Poins_1H4,#Gadshill_1H4,2,2,4,38,1377,180,38
#Poins_1H4,#Peto_1H4,4,2,4,38,1377,180,38
#Bardolph_1H4,#DRAWERS.Francis_1H4,1,2,4,39,92,14,39
#Bardolph_1H4,#MistressQuickly_1H4,0,2,4,39,92,14,39
#Bardolph_1H4,#Peto_1H4,7,2,4,39,92,14,39
#DRAWERS.Francis_1H4,#MistressQuickly_1H4,0,2,4,39,92,14,39
#Falstaff_1H4,#Bardolph_1H4,6,2,4,39,92,14,39
#Falstaff_1H4,#DRAWERS.Francis_1H4,1,2,4,39,92,14,39
#Falstaff_1H4,#Gadshill_1H4,5,2,4,39,92,14,39
#Falstaff_1H4,#HenryV_H5,7,2,4,39,92,14,39
#Falstaff_1H4,#MistressQuickly_1H4,0,2,4,39,92,14,39
#Falstaff_1H4,#Peto_1H4,6,2,4,39,92,14,39
#Falstaff_1H4,#Poins_1H4,5,2,4,39,92,14,39
#Gadshill_1H4,#Bardolph_1H4,5,2,4,39,92,14,39
#Gadshill_1H4,#DRAWERS.Francis_1H4,1,2,4,39,92,14,39
#Gadshill_1H4,#MistressQuickly_1H4,0,2,4,39,92,14,39
#Gadshill_1H4,#Peto_1H4,5,2,4,39,92,14,39
#HenryV_H5,#Bardolph_1H4,5,2,4,39,92,14,39
#HenryV_H5,#DRAWERS.Francis_1H4,4,2,4,39,92,14,39
#HenryV_H5,#Gadshill_1H4,3,2,4,39,92,14,39
#HenryV_H5,#MistressQuickly_1H4,0,2,4,39,92,14,39
#HenryV_H5,#Peto_1H4,5,2,4,39,92,14,39
#HenryV_H5,#Poins_1H4,17,2,4,39,92,14,39
#Peto_1H4,#DRAWERS.Francis_1H4,1,2,4,39,92,14,39
#Peto_1H4,#MistressQuickly_1H4,0,2,4,39,92,14,39
#Poins_1H4,#Bardolph_1H4,5,2,4,39,92,14,39
#Poins_1H4,#DRAWERS.Francis_1H4,4,2,4,39,92,14,39
#Poins_1H4,#Gadshill_1H4,3,2,4,39,92,14,39
#Poins_1H4,#MistressQuickly_1H4,0,2,4,39,92,14,39
#Poins_1H4,#Peto_1H4,5,2,4,39,92,14,39
#Bardolph_1H4,#DRAWERS.Francis_1H4,2,2,4,40,212,28,40
#Bardolph_1H4,#MistressQuickly_1H4,1,2,4,40,212,28,40
#Bardolph_1H4,#Peto_1H4,8,2,4,40,212,28,40
#DRAWERS.Francis_1H4,#MistressQuickly_1H4,1,2,4,40,212,28,40
#Gadshill_1H4,#Bardolph_1H4,6,2,4,40,212,28,40
#Gadshill_1H4,#DRAWERS.Francis_1H4,2,2,4,40,212,28,40
#Gadshill_1H4,#MistressQuickly_1H4,1,2,4,40,212,28,40
#Gadshill_1H4,#Peto_1H4,6,2,4,40,212,28,40
#HenryV_H5,#Bardolph_1H4,6,2,4,40,212,28,40
#HenryV_H5,#DRAWERS.Francis_1H4,5,2,4,40,212,28,40
#HenryV_H5,#Gadshill_1H4,4,2,4,40,212,28,40
#HenryV_H5,#MistressQuickly_1H4,1,2,4,40,212,28,40
#HenryV_H5,#Peto_1H4,6,2,4,40,212,28,40
#HenryV_H5,#Poins_1H4,18,2,4,40,212,28,40
#Peto_1H4,#DRAWERS.Francis_1H4,2,2,4,40,212,28,40
#Peto_1H4,#MistressQuickly_1H4,1,2,4,40,212,28,40
#Poins_1H4,#Bardolph_1H4,6,2,4,40,212,28,40
#Poins_1H4,#DRAWERS.Francis_1H4,5,2,4,40,212,28,40
#Poins_1H4,#Gadshill_1H4,4,2,4,40,212,28,40
#Poins_1H4,#MistressQuickly_1H4,1,2,4,40,212,28,40
#Poins_1H4,#Peto_1H4,6,2,4,40,212,28,40
#Bardolph_1H4,#DRAWERS.Francis_1H4,3,2,4,41,1317,162,41
#Bardolph_1H4,#MistressQuickly_1H4,2,2,4,41,1317,162,41
#Bardolph_1H4,#Peto_1H4,9,2,4,41,1317,162,41
#DRAWERS.Francis_1H4,#MistressQuickly_1H4,2,2,4,41,1317,162,41
#Falstaff_1H4,#Bardolph_1H4,7,2,4,41,1317,162,41
#Falstaff_1H4,#DRAWERS.Francis_1H4,2,2,4,41,1317,162,41
#Falstaff_1H4,#Gadshill_1H4,6,2,4,41,1317,162,41
#Falstaff_1H4,#HenryV_H5,8,2,4,41,1317,162,41
#Falstaff_1H4,#MistressQuickly_1H4,1,2,4,41,1317,162,41
#Falstaff_1H4,#Peto_1H4,7,2,4,41,1317,162,41
#Falstaff_1H4,#Poins_1H4,6,2,4,41,1317,162,41
#Gadshill_1H4,#Bardolph_1H4,7,2,4,41,1317,162,41
#Gadshill_1H4,#DRAWERS.Francis_1H4,3,2,4,41,1317,162,41
#Gadshill_1H4,#MistressQuickly_1H4,2,2,4,41,1317,162,41
#Gadshill_1H4,#Peto_1H4,7,2,4,41,1317,162,41
#HenryV_H5,#Bardolph_1H4,7,2,4,41,1317,162,41
#HenryV_H5,#DRAWERS.Francis_1H4,6,2,4,41,1317,162,41
#HenryV_H5,#Gadshill_1H4,5,2,4,41,1317,162,41
#HenryV_H5,#MistressQuickly_1H4,2,2,4,41,1317,162,41
#HenryV_H5,#Peto_1H4,7,2,4,41,1317,162,41
#HenryV_H5,#Poins_1H4,19,2,4,41,1317,162,41
#Peto_1H4,#DRAWERS.Francis_1H4,3,2,4,41,1317,162,41
#Peto_1H4,#MistressQuickly_1H4,2,2,4,41,1317,162,41
#Poins_1H4,#Bardolph_1H4,7,2,4,41,1317,162,41
#Poins_1H4,#DRAWERS.Francis_1H4,6,2,4,41,1317,162,41
#Poins_1H4,#Gadshill_1H4,5,2,4,41,1317,162,41
#Poins_1H4,#MistressQuickly_1H4,2,2,4,41,1317,162,41
#Poins_1H4,#Peto_1H4,7,2,4,41,1317,162,41
#Bardolph_1H4,#Peto_1H4,10,2,4,42,34,4,42
#Falstaff_1H4,#Bardolph_1H4,8,2,4,42,34,4,42
#Falstaff_1H4,#Gadshill_1H4,7,2,4,42,34,4,42
#Falstaff_1H4,#HenryV_H5,9,2,4,42,34,4,42
#Falstaff_1H4,#Peto_1H4,8,2,4,42,34,4,42
#Falstaff_1H4,#Poins_1H4,7,2,4,42,34,4,42
#Gadshill_1H4,#Bardolph_1H4,8,2,4,42,34,4,42
#Gadshill_1H4,#Peto_1H4,8,2,4,42,34,4,42
#HenryV_H5,#Bardolph_1H4,8,2,4,42,34,4,42
#HenryV_H5,#Gadshill_1H4,6,2,4,42,34,4,42
#HenryV_H5,#Peto_1H4,8,2,4,42,34,4,42
#HenryV_H5,#Poins_1H4,20,2,4,42,34,4,42
#Poins_1H4,#Bardolph_1H4,8,2,4,42,34,4,42
#Poins_1H4,#Gadshill_1H4,6,2,4,42,34,4,42
#Poins_1H4,#Peto_1H4,8,2,4,42,34,4,42
#Bardolph_1H4,#MistressQuickly_1H4,3,2,4,43,152,21,43
#Bardolph_1H4,#Peto_1H4,11,2,4,43,152,21,43
#Falstaff_1H4,#Bardolph_1H4,9,2,4,43,152,21,43
#Falstaff_1H4,#Gadshill_1H4,8,2,4,43,152,21,43
#Falstaff_1H4,#HenryV_H5,10,2,4,43,152,21,43
#Falstaff_1H4,#MistressQuickly_1H4,2,2,4,43,152,21,43
#Falstaff_1H4,#Peto_1H4,9,2,4,43,152,21,43
#Falstaff_1H4,#Poins_1H4,8,2,4,43,152,21,43
#Gadshill_1H4,#Bardolph_1H4,9,2,4,43,152,21,43
#Gadshill_1H4,#MistressQuickly_1H4,3,2,4,43,152,21,43
#Gadshill_1H4,#Peto_1H4,9,2,4,43,152,21,43
#HenryV_H5,#Bardolph_1H4,9,2,4,43,152,21,43
#HenryV_H5,#Gadshill_1H4,7,2,4,43,152,21,43
#HenryV_H5,#MistressQuickly_1H4,3,2,4,43,152,21,43
#HenryV_H5,#Peto_1H4,9,2,4,43,152,21,43
#HenryV_H5,#Poins_1H4,21,2,4,43,152,21,43
#Peto_1H4,#MistressQuickly_1H4,3,2,4,43,152,21,43
#Poins_1H4,#Bardolph_1H4,9,2,4,43,152,21,43
#Poins_1H4,#Gadshill_1H4,7,2,4,43,152,21,43
#Poins_1H4,#MistressQuickly_1H4,3,2,4,43,152,21,43
#Poins_1H4,#Peto_1H4,9,2,4,43,152,21,43
#Falstaff_1H4,#HenryV_H5,11,2,4,44,158,21,44
#Falstaff_1H4,#Peto_1H4,10,2,4,44,158,21,44
#Falstaff_1H4,#Sheriff_1H4,0,2,4,44,158,21,44
#Falstaff_1H4,#TRAVELERS.CARRIERS.X_1H4,0,2,4,44,158,21,44
#HenryV_H5,#Peto_1H4,10,2,4,44,158,21,44
#HenryV_H5,#Sheriff_1H4,0,2,4,44,158,21,44
#HenryV_H5,#TRAVELERS.CARRIERS.X_1H4,0,2,4,44,158,21,44
#Peto_1H4,#Sheriff_1H4,0,2,4,44,158,21,44
#Peto_1H4,#TRAVELERS.CARRIERS.X_1H4,0,2,4,44,158,21,44
#Sheriff_1H4,#TRAVELERS.CARRIERS.X_1H4,0,2,4,44,158,21,44
#Falstaff_1H4,#HenryV_H5,12,2,4,45,171,25,45
#Falstaff_1H4,#Peto_1H4,11,2,4,45,171,25,45
#HenryV_H5,#Peto_1H4,11,2,4,45,171,25,45
#Glendower_1H4,#Mortimer_1H4,0,3,1,46,1121,150,46
#Hotspur_R2,#Glendower_1H4,0,3,1,46,1121,150,46
#Hotspur_R2,#Mortimer_1H4,0,3,1,46,1121,150,46
#Hotspur_R2,#Worcester_1H4,2,3,1,46,1121,150,46
#Worcester_1H4,#Glendower_1H4,0,3,1,46,1121,150,46
#Worcester_1H4,#Mortimer_1H4,0,3,1,46,1121,150,46
#Hotspur_R2,#Mortimer_1H4,1,3,1,47,351,47,47
#Hotspur_R2,#Worcester_1H4,3,3,1,47,351,47,47
#Worcester_1H4,#Mortimer_1H4,1,3,1,47,351,47,47
#Glendower_1H4,#LadyMortimer_1H4,0,3,1,48,520,74,48
#Glendower_1H4,#Mortimer_1H4,1,3,1,48,520,74,48
#Hotspur_R2,#Glendower_1H4,1,3,1,48,520,74,48
#Hotspur_R2,#LadyMortimer_1H4,0,3,1,48,520,74,48
#Hotspur_R2,#LadyPercy_1H4,3,3,1,48,520,74,48
#Hotspur_R2,#Mortimer_1H4,2,3,1,48,520,74,48
#Hotspur_R2,#Worcester_1H4,4,3,1,48,520,74,48
#LadyPercy_1H4,#Glendower_1H4,0,3,1,48,520,74,48
#LadyPercy_1H4,#LadyMortimer_1H4,0,3,1,48,520,74,48
#LadyPercy_1H4,#Mortimer_1H4,0,3,1,48,520,74,48
#Mortimer_1H4,#LadyMortimer_1H4,0,3,1,48,520,74,48
#Worcester_1H4,#Glendower_1H4,1,3,1,48,520,74,48
#Worcester_1H4,#LadyMortimer_1H4,0,3,1,48,520,74,48
#Worcester_1H4,#LadyPercy_1H4,0,3,1,48,520,74,48
#Worcester_1H4,#Mortimer_1H4,2,3,1,48,520,74,48
#Glendower_1H4,#LadyMortimer_1H4,1,3,1,49,35,5,49
#Glendower_1H4,#Mortimer_1H4,2,3,1,49,35,5,49
#LadyPercy_1H4,#Glendower_1H4,1,3,1,49,35,5,49
#LadyPercy_1H4,#LadyMortimer_1H4,1,3,1,49,35,5,49
#LadyPercy_1H4,#Mortimer_1H4,1,3,1,49,35,5,49
#Mortimer_1H4,#LadyMortimer_1H4,1,3,1,49,35,5,49
#Worcester_1H4,#Glendower_1H4,2,3,1,49,35,5,49
#Worcester_1H4,#LadyMortimer_1H4,1,3,1,49,35,5,49
#Worcester_1H4,#LadyPercy_1H4,1,3,1,49,35,5,49
#Worcester_1H4,#Mortimer_1H4,3,3,1,49,35,5,49
#ATTENDANTS_1H4,#HenryIV_1H4,3,3,2,50,28,4,50
#ATTENDANTS_1H4,#HenryV_H5,0,3,2,50,28,4,50
#HenryIV_1H4,#HenryV_H5,0,3,2,50,28,4,50
#HenryIV_1H4,#HenryV_H5,1,3,2,51,1193,162,51
#HenryIV_1H4,#Blunt_1H4,2,3,2,52,143,19,52
#HenryIV_1H4,#HenryV_H5,2,3,2,52,143,19,52
#HenryV_H5,#Blunt_1H4,0,3,2,52,143,19,52
#Falstaff_1H4,#Bardolph_1H4,10,3,3,53,471,54,53
#Bardolph_1H4,#MistressQuickly_1H4,4,3,3,54,326,40,54
#Falstaff_1H4,#Bardolph_1H4,11,3,3,54,326,40,54
#Falstaff_1H4,#MistressQuickly_1H4,3,3,3,54,326,40,54
#Bardolph_1H4,#MistressQuickly_1H4,5,3,3,55,672,91,55
#Bardolph_1H4,#Peto_1H4,12,3,3,55,672,91,55
#Falstaff_1H4,#Bardolph_1H4,12,3,3,55,672,91,55
#Falstaff_1H4,#HenryV_H5,13,3,3,55,672,91,55
#Falstaff_1H4,#MistressQuickly_1H4,4,3,3,55,672,91,55
#Falstaff_1H4,#Peto_1H4,12,3,3,55,672,91,55
#HenryV_H5,#Bardolph_1H4,10,3,3,55,672,91,55
#HenryV_H5,#MistressQuickly_1H4,4,3,3,55,672,91,55
#HenryV_H5,#Peto_1H4,12,3,3,55,672,91,55
#Peto_1H4,#MistressQuickly_1H4,4,3,3,55,672,91,55
#Bardolph_1H4,#Peto_1H4,13,3,3,56,157,24,56
#Falstaff_1H4,#Bardolph_1H4,13,3,3,56,157,24,56
#Falstaff_1H4,#HenryV_H5,14,3,3,56,157,24,56
#Falstaff_1H4,#Peto_1H4,13,3,3,56,157,24,56
#HenryV_H5,#Bardolph_1H4,11,3,3,56,157,24,56
#HenryV_H5,#Peto_1H4,13,3,3,56,157,24,56
#Falstaff_1H4,#HenryV_H5,15,3,3,57,19,2,57
#Falstaff_1H4,#Peto_1H4,14,3,3,57,19,2,57
#HenryV_H5,#Peto_1H4,14,3,3,57,19,2,57
#Falstaff_1H4,#HenryV_H5,16,3,3,58,45,6,58
#Hotspur_R2,#Douglas_1H4,0,4,1,60,96,13,60
#Hotspur_R2,#Worcester_1H4,5,4,1,60,96,13,60
#Worcester_1H4,#Douglas_1H4,0,4,1,60,96,13,60
#Douglas_1H4,#MESSENGERS.X_1H4,0,4,1,61,586,76,61
#Hotspur_R2,#Douglas_1H4,1,4,1,61,586,76,61
#Hotspur_R2,#MESSENGERS.X_1H4,0,4,1,61,586,76,61
#Hotspur_R2,#Worcester_1H4,6,4,1,61,586,76,61
#Worcester_1H4,#Douglas_1H4,1,4,1,61,586,76,61
#Worcester_1H4,#MESSENGERS.X_1H4,0,4,1,61,586,76,61
#Douglas_1H4,#MESSENGERS.X_1H4,1,4,1,62,404,55,62
#Douglas_1H4,#Vernon_1H4,0,4,1,62,404,55,62
#Hotspur_R2,#Douglas_1H4,2,4,1,62,404,55,62
#Hotspur_R2,#MESSENGERS.X_1H4,1,4,1,62,404,55,62
#Hotspur_R2,#Vernon_1H4,0,4,1,62,404,55,62
#Hotspur_R2,#Worcester_1H4,7,4,1,62,404,55,62
#MESSENGERS.X_1H4,#Vernon_1H4,0,4,1,62,404,55,62
#Worcester_1H4,#Douglas_1H4,2,4,1,62,404,55,62
#Worcester_1H4,#MESSENGERS.X_1H4,1,4,1,62,404,55,62
#Worcester_1H4,#Vernon_1H4,0,4,1,62,404,55,62
#Falstaff_1H4,#Bardolph_1H4,14,4,2,63,71,10,63
#Falstaff_1H4,#HenryV_H5,17,4,2,65,208,27,65
#Westmoreland_1H4,#Falstaff_1H4,0,4,2,65,208,27,65
#Westmoreland_1H4,#HenryV_H5,0,4,2,65,208,27,65
#Westmoreland_1H4,#Falstaff_1H4,1,4,2,66,16,3,66
#Douglas_1H4,#Vernon_1H4,1,4,3,68,231,35,68
#Hotspur_R2,#Douglas_1H4,3,4,3,68,231,35,68
#Hotspur_R2,#Vernon_1H4,1,4,3,68,231,35,68
#Hotspur_R2,#Worcester_1H4,8,4,3,68,231,35,68
#Worcester_1H4,#Douglas_1H4,3,4,3,68,231,35,68
#Worcester_1H4,#Vernon_1H4,1,4,3,68,231,35,68
#Blunt_1H4,#Douglas_1H4,0,4,3,69,641,86,69
#Blunt_1H4,#Hotspur_R2,2,4,3,69,641,86,69
#Blunt_1H4,#Vernon_1H4,0,4,3,69,641,86,69
#Blunt_1H4,#Worcester_1H4,1,4,3,69,641,86,69
#Douglas_1H4,#Vernon_1H4,2,4,3,69,641,86,69
#Hotspur_R2,#Douglas_1H4,4,4,3,69,641,86,69
#Hotspur_R2,#Vernon_1H4,2,4,3,69,641,86,69
#Hotspur_R2,#Worcester_1H4,9,4,3,69,641,86,69
#Worcester_1H4,#Douglas_1H4,4,4,3,69,641,86,69
#Worcester_1H4,#Vernon_1H4,2,4,3,69,641,86,69
#Archbishop_1H4,#SirMichael_1H4,0,4,4,70,311,41,70
#Bedford_H5,#Blunt_1H4,0,5,1,71,59,9,71
#Bedford_H5,#Falstaff_1H4,0,5,1,71,59,9,71
#Bedford_H5,#HenryIV_1H4,1,5,1,71,59,9,71
#Bedford_H5,#HenryV_H5,0,5,1,71,59,9,71
#Falstaff_1H4,#Blunt_1H4,0,5,1,71,59,9,71
#Falstaff_1H4,#HenryV_H5,18,5,1,71,59,9,71
#HenryIV_1H4,#Blunt_1H4,3,5,1,71,59,9,71
#HenryIV_1H4,#Falstaff_1H4,0,5,1,71,59,9,71
#HenryIV_1H4,#HenryV_H5,3,5,1,71,59,9,71
#HenryV_H5,#Blunt_1H4,1,5,1,71,59,9,71
#Bedford_H5,#Blunt_1H4,1,5,1,72,821,106,72
#Bedford_H5,#Falstaff_1H4,1,5,1,72,821,106,72
#Bedford_H5,#HenryIV_1H4,2,5,1,72,821,106,72
#Bedford_H5,#HenryV_H5,1,5,1,72,821,106,72
#Bedford_H5,#Vernon_1H4,0,5,1,72,821,106,72
#Bedford_H5,#Worcester_1H4,0,5,1,72,821,106,72
#Blunt_1H4,#Vernon_1H4,1,5,1,72,821,106,72
#Blunt_1H4,#Worcester_1H4,2,5,1,72,821,106,72
#Falstaff_1H4,#Blunt_1H4,1,5,1,72,821,106,72
#Falstaff_1H4,#HenryV_H5,19,5,1,72,821,106,72
#Falstaff_1H4,#Vernon_1H4,0,5,1,72,821,106,72
#Falstaff_1H4,#Worcester_1H4,0,5,1,72,821,106,72
#HenryIV_1H4,#Blunt_1H4,4,5,1,72,821,106,72
#HenryIV_1H4,#Falstaff_1H4,1,5,1,72,821,106,72
#HenryIV_1H4,#HenryV_H5,4,5,1,72,821,106,72
#HenryIV_1H4,#Vernon_1H4,0,5,1,72,821,106,72
#HenryIV_1H4,#Worcester_1H4,1,5,1,72,821,106,72
#HenryV_H5,#Blunt_1H4,2,5,1,72,821,106,72
#HenryV_H5,#Vernon_1H4,0,5,1,72,821,106,72
#HenryV_H5,#Worcester_1H4,0,5,1,72,821,106,72
#Worcester_1H4,#Vernon_1H4,3,5,1,72,821,106,72
#Bedford_H5,#Blunt_1H4,2,5,1,73,47,6,73
#Bedford_H5,#Falstaff_1H4,2,5,1,73,47,6,73
#Bedford_H5,#HenryIV_1H4,3,5,1,73,47,6,73
#Bedford_H5,#HenryV_H5,2,5,1,73,47,6,73
#Falstaff_1H4,#Blunt_1H4,2,5,1,73,47,6,73
#Falstaff_1H4,#HenryV_H5,20,5,1,73,47,6,73
#HenryIV_1H4,#Blunt_1H4,5,5,1,73,47,6,73
#HenryIV_1H4,#Falstaff_1H4,2,5,1,73,47,6,73
#HenryIV_1H4,#HenryV_H5,5,5,1,73,47,6,73
#HenryV_H5,#Blunt_1H4,3,5,1,73,47,6,73
#Falstaff_1H4,#HenryV_H5,21,5,1,74,46,6,74
#Worcester_1H4,#Vernon_1H4,4,5,2,76,208,28,76
#Douglas_1H4,#SOLDIERS.HOTSPUR_1H4,0,5,2,77,45,8,77
#Douglas_1H4,#Vernon_1H4,3,5,2,77,45,8,77
#Hotspur_R2,#Douglas_1H4,5,5,2,77,45,8,77
#Hotspur_R2,#SOLDIERS.HOTSPUR_1H4,0,5,2,77,45,8,77
#Hotspur_R2,#Vernon_1H4,3,5,2,77,45,8,77
#Hotspur_R2,#Worcester_1H4,10,5,2,77,45,8,77
#Vernon_1H4,#SOLDIERS.HOTSPUR_1H4,0,5,2,77,45,8,77
#Worcester_1H4,#Douglas_1H4,5,5,2,77,45,8,77
#Worcester_1H4,#SOLDIERS.HOTSPUR_1H4,0,5,2,77,45,8,77
#Worcester_1H4,#Vernon_1H4,5,5,2,77,45,8,77
#Hotspur_R2,#SOLDIERS.HOTSPUR_1H4,1,5,2,78,51,7,78
#Hotspur_R2,#Vernon_1H4,4,5,2,78,51,7,78
#Hotspur_R2,#Worcester_1H4,11,5,2,78,51,7,78
#Vernon_1H4,#SOLDIERS.HOTSPUR_1H4,1,5,2,78,51,7,78
#Worcester_1H4,#SOLDIERS.HOTSPUR_1H4,1,5,2,78,51,7,78
#Worcester_1H4,#Vernon_1H4,6,5,2,78,51,7,78
#Douglas_1H4,#SOLDIERS.HOTSPUR_1H4,1,5,2,79,295,39,79
#Douglas_1H4,#Vernon_1H4,4,5,2,79,295,39,79
#Hotspur_R2,#Douglas_1H4,6,5,2,79,295,39,79
#Hotspur_R2,#SOLDIERS.HOTSPUR_1H4,2,5,2,79,295,39,79
#Hotspur_R2,#Vernon_1H4,5,5,2,79,295,39,79
#Hotspur_R2,#Worcester_1H4,12,5,2,79,295,39,79
#Vernon_1H4,#SOLDIERS.HOTSPUR_1H4,2,5,2,79,295,39,79
#Worcester_1H4,#Douglas_1H4,6,5,2,79,295,39,79
#Worcester_1H4,#SOLDIERS.HOTSPUR_1H4,2,5,2,79,295,39,79
#Worcester_1H4,#Vernon_1H4,7,5,2,79,295,39,79
#Douglas_1H4,#MESSENGERS.1_1H4,0,5,2,80,79,10,80
#Douglas_1H4,#SOLDIERS.HOTSPUR_1H4,2,5,2,80,79,10,80
#Douglas_1H4,#Vernon_1H4,5,5,2,80,79,10,80
#Hotspur_R2,#Douglas_1H4,7,5,2,80,79,10,80
#Hotspur_R2,#MESSENGERS.1_1H4,0,5,2,80,79,10,80
#Hotspur_R2,#SOLDIERS.HOTSPUR_1H4,3,5,2,80,79,10,80
#Hotspur_R2,#Vernon_1H4,6,5,2,80,79,10,80
#Hotspur_R2,#Worcester_1H4,13,5,2,80,79,10,80
#SOLDIERS.HOTSPUR_1H4,#MESSENGERS.1_1H4,0,5,2,80,79,10,80
#Vernon_1H4,#MESSENGERS.1_1H4,0,5,2,80,79,10,80
#Vernon_1H4,#SOLDIERS.HOTSPUR_1H4,3,5,2,80,79,10,80
#Worcester_1H4,#Douglas_1H4,7,5,2,80,79,10,80
#Worcester_1H4,#MESSENGERS.1_1H4,0,5,2,80,79,10,80
#Worcester_1H4,#SOLDIERS.HOTSPUR_1H4,3,5,2,80,79,10,80
#Worcester_1H4,#Vernon_1H4,8,5,2,80,79,10,80
#Douglas_1H4,#MESSENGERS.1_1H4,1,5,2,81,96,12,81
#Douglas_1H4,#MESSENGERS.2_1H4,0,5,2,81,96,12,81
#Douglas_1H4,#SOLDIERS.HOTSPUR_1H4,3,5,2,81,96,12,81
#Douglas_1H4,#Vernon_1H4,6,5,2,81,96,12,81
#Hotspur_R2,#Douglas_1H4,8,5,2,81,96,12,81
#Hotspur_R2,#MESSENGERS.1_1H4,1,5,2,81,96,12,81
#Hotspur_R2,#MESSENGERS.2_1H4,0,5,2,81,96,12,81
#Hotspur_R2,#SOLDIERS.HOTSPUR_1H4,4,5,2,81,96,12,81
#Hotspur_R2,#Vernon_1H4,7,5,2,81,96,12,81
#Hotspur_R2,#Worcester_1H4,14,5,2,81,96,12,81
#MESSENGERS.1_1H4,#MESSENGERS.2_1H4,0,5,2,81,96,12,81
#SOLDIERS.HOTSPUR_1H4,#MESSENGERS.1_1H4,1,5,2,81,96,12,81
#SOLDIERS.HOTSPUR_1H4,#MESSENGERS.2_1H4,0,5,2,81,96,12,81
#Vernon_1H4,#MESSENGERS.1_1H4,1,5,2,81,96,12,81
#Vernon_1H4,#MESSENGERS.2_1H4,0,5,2,81,96,12,81
#Vernon_1H4,#SOLDIERS.HOTSPUR_1H4,4,5,2,81,96,12,81
#Worcester_1H4,#Douglas_1H4,8,5,2,81,96,12,81
#Worcester_1H4,#MESSENGERS.1_1H4,1,5,2,81,96,12,81
#Worcester_1H4,#MESSENGERS.2_1H4,0,5,2,81,96,12,81
#Worcester_1H4,#SOLDIERS.HOTSPUR_1H4,4,5,2,81,96,12,81
#Worcester_1H4,#Vernon_1H4,9,5,2,81,96,12,81
#Blunt_1H4,#Douglas_1H4,1,5,3,82,101,14,82
#Blunt_1H4,#Douglas_1H4,2,5,3,83,119,17,83
#Blunt_1H4,#Hotspur_R2,3,5,3,83,119,17,83
#Hotspur_R2,#Douglas_1H4,9,5,3,83,119,17,83
#Falstaff_1H4,#Blunt_1H4,3,5,3,84,93,10,84
#Falstaff_1H4,#Blunt_1H4,4,5,3,85,131,18,85
#Falstaff_1H4,#HenryV_H5,22,5,3,85,131,18,85
#HenryV_H5,#Blunt_1H4,4,5,3,85,131,18,85
#Falstaff_1H4,#Blunt_1H4,5,5,3,86,62,6,86
#Bedford_H5,#HenryIV_1H4,4,5,4,87,117,16,87
#Bedford_H5,#HenryV_H5,3,5,4,87,117,16,87
#Bedford_H5,#Westmoreland_1H4,1,5,4,87,117,16,87
#HenryIV_1H4,#HenryV_H5,6,5,4,87,117,16,87
#HenryIV_1H4,#Westmoreland_1H4,1,5,4,87,117,16,87
#Westmoreland_1H4,#HenryV_H5,1,5,4,87,117,16,87
#HenryIV_1H4,#HenryV_H5,7,5,4,88,64,8,88
#HenryIV_1H4,#Douglas_1H4,0,5,4,89,109,14,89
#HenryIV_1H4,#Douglas_1H4,1,5,4,90,44,5,90
#HenryIV_1H4,#HenryV_H5,8,5,4,90,44,5,90
#HenryV_H5,#Douglas_1H4,0,5,4,90,44,5,90
#HenryIV_1H4,#HenryV_H5,9,5,4,91,116,15,91
#HenryV_H5,#Hotspur_R2,0,5,4,92,138,17,92
#Falstaff_1H4,#HenryV_H5,23,5,4,93,18,2,93
#Falstaff_1H4,#Hotspur_R2,0,5,4,93,18,2,93
#HenryV_H5,#Hotspur_R2,1,5,4,93,18,2,93
#Falstaff_1H4,#HenryV_H5,24,5,4,94,276,35,94
#Falstaff_1H4,#Hotspur_R2,1,5,4,94,276,35,94
#HenryV_H5,#Hotspur_R2,2,5,4,94,276,35,94
#Falstaff_1H4,#Hotspur_R2,2,5,4,95,182,19,95
#Bedford_H5,#Falstaff_1H4,3,5,4,96,297,34,96
#Bedford_H5,#HenryV_H5,4,5,4,96,297,34,96
#Bedford_H5,#Hotspur_R2,0,5,4,96,297,34,96
#Falstaff_1H4,#HenryV_H5,25,5,4,96,297,34,96
#Falstaff_1H4,#Hotspur_R2,3,5,4,96,297,34,96
#HenryV_H5,#Hotspur_R2,3,5,4,96,297,34,96
#Falstaff_1H4,#Hotspur_R2,4,5,4,97,36,4,97
#Bedford_H5,#HenryIV_1H4,5,5,5,98,107,15,98
#Bedford_H5,#HenryV_H5,5,5,5,98,107,15,98
#Bedford_H5,#SOLDIERS.HENRY_1H4,0,5,5,98,107,15,98
#Bedford_H5,#Vernon_1H4,1,5,5,98,107,15,98
#Bedford_H5,#Westmoreland_1H4,2,5,5,98,107,15,98
#Bedford_H5,#Worcester_1H4,1,5,5,98,107,15,98
#HenryIV_1H4,#HenryV_H5,10,5,5,98,107,15,98
#HenryIV_1H4,#SOLDIERS.HENRY_1H4,0,5,5,98,107,15,98
#HenryIV_1H4,#Vernon_1H4,1,5,5,98,107,15,98
#HenryIV_1H4,#Westmoreland_1H4,2,5,5,98,107,15,98
#HenryIV_1H4,#Worcester_1H4,2,5,5,98,107,15,98
#HenryV_H5,#SOLDIERS.HENRY_1H4,0,5,5,98,107,15,98
#HenryV_H5,#Vernon_1H4,1,5,5,98,107,15,98
#HenryV_H5,#Worcester_1H4,1,5,5,98,107,15,98
#Vernon_1H4,#SOLDIERS.HENRY_1H4,0,5,5,98,107,15,98
#Westmoreland_1H4,#HenryV_H5,2,5,5,98,107,15,98
#Westmoreland_1H4,#SOLDIERS.HENRY_1H4,0,5,5,98,107,15,98
#Westmoreland_1H4,#Vernon_1H4,0,5,5,98,107,15,98
#Westmoreland_1H4,#Worcester_1H4,0,5,5,98,107,15,98
#Worcester_1H4,#SOLDIERS.HENRY_1H4,0,5,5,98,107,15,98
#Worcester_1H4,#Vernon_1H4,10,5,5,98,107,15,98
#Bedford_H5,#HenryIV_1H4,6,5,5,99,224,31,99
#Bedford_H5,#HenryV_H5,6,5,5,99,224,31,99
#Bedford_H5,#SOLDIERS.HENRY_1H4,1,5,5,99,224,31,99
#Bedford_H5,#Westmoreland_1H4,3,5,5,99,224,31,99
#HenryIV_1H4,#HenryV_H5,11,5,5,99,224,31,99
#HenryIV_1H4,#SOLDIERS.HENRY_1H4,1,5,5,99,224,31,99
#HenryIV_1H4,#Westmoreland_1H4,3,5,5,99,224,31,99
#HenryV_H5,#SOLDIERS.HENRY_1H4,1,5,5,99,224,31,99
#Westmoreland_1H4,#HenryV_H5,3,5,5,99,224,31,99
#Westmoreland_1H4,#SOLDIERS.HENRY_1H4,1,5,5,99,224,31,99
