act,scene,n_tokens,n_lines,onstage
1,1,1976,271,#Buckingham_2H6 #CardinalBeaufort_1H6 #Gloucester_2H4 #HenryVI_1H6 #QueenMargaret_1H6 #Salisbury_2H6 #Somerset_1H6 #Suffolk_1H6 #Warwick_2H6 #York_1H6
1,2,848,110,#DuchessOfGloucester_2H6 #Gloucester_2H4 #Hume_2H6 #MESSENGERS.X.1_2H6
1,3,1695,226,#Buckingham_2H6 #CardinalBeaufort_1H6 #DuchessOfGloucester_2H6 #Gloucester_2H4 #HenryVI_1H6 #Horner_2H6 #OFFICERS_2H6 #PETITIONERS.0.1_2H6 #PETITIONERS.0.2_2H6 #PETITIONERS_2H6 #QueenMargaret_1H6 #SERVANTS.SUFFOLK_2H6 #Salisbury_2H6 #Somerset_1H6 #Suffolk_1H6 #Thump_2H6 #Warwick_2H6 #York_1H6
1,4,600,86,#Bolingbroke_2H6 #Buckingham_2H6 #DuchessOfGloucester_2H6 #Hume_2H6 #Jourdain_2H6 #OFFICERS_2H6 #SERVANTS.YORK.1_2H6 #Southwell_2H6 #Spirit_2H6 #Stafford_2H6 #York_1H6
2,1,1536,219,#ATTENDANTS_2H6 #Beadle_2H6 #Buckingham_2H6 #CITIZENS.STALBANS.0.1_2H6 #CITIZENS.STALBANS_2H6 #CardinalBeaufort_1H6 #FALCONERS_2H6 #Gloucester_2H4 #HenryVI_1H6 #MayorOfStAlbans_2H6 #QueenMargaret_1H6 #SimpcoxWife_2H6 #Simpcox_2H6 #Suffolk_1H6
2,2,650,87,#Salisbury_2H6 #Warwick_2H6 #York_1H6
2,3,815,108,#ATTENDANTS_2H6 #Bolingbroke_2H6 #DuchessOfGloucester_2H6 #Gloucester_2H4 #HenryVI_1H6 #Horner_2H6 #Hume_2H6 #Jourdain_2H6 #NEIGHBORS.1_2H6 #NEIGHBORS.2_2H6 #NEIGHBORS.3_2H6 #OFFICERS_2H6 #PRENTICES.1_2H6 #PRENTICES.2_2H6 #PRENTICES.3_2H6 #QueenMargaret_1H6 #Salisbury_2H6 #Southwell_2H6 #Suffolk_1H6 #Thump_2H6 #York_1H6
2,4,901,111,#DuchessOfGloucester_2H6 #Gloucester_2H4 #HERALDS.X.1_2H6 #OFFICERS_2H6 #SERVANTS.GLOUCESTER.0.1_2H6 #SERVANTS.GLOUCESTER_2H6 #Sheriff_2H6 #Stanley_2H6
3,1,3035,388,#ATTENDANTS_2H6 #Buckingham_2H6 #CardinalBeaufort_1H6 #Gloucester_2H4 #HenryVI_1H6 #MESSENGERS.Post_2H6 #QueenMargaret_1H6 #Salisbury_2H6 #Somerset_1H6 #Suffolk_1H6 #Warwick_2H6 #York_1H6
3,2,3261,429,#ATTENDANTS_2H6 #CITIZENS_2H6 #CardinalBeaufort_1H6 #Gloucester_2H4 #HenryVI_1H6 #MURDERERS.0.1_2H6 #MURDERERS.0.2_2H6 #MURDERERS_2H6 #QueenMargaret_1H6 #Salisbury_2H6 #Somerset_1H6 #Suffolk_1H6 #Vaux_2H6 #Warwick_2H6
3,3,276,33,#CardinalBeaufort_1H6 #HenryVI_1H6 #Salisbury_2H6 #Warwick_2H6
4,1,1168,156,#GENTLEMEN.1_2H6 #GENTLEMEN.2_2H6 #Lieutenant_2H6 #Master_2H6 #Mate_2H6 #Suffolk_1H6 #Whitmore_2H6
4,2,1361,187,#Bevis_2H6 #Cade_2H6 #Clerk_2H6 #Dick_2H6 #FOLLOWERS.CADE.0_2H6 #FOLLOWERS.CADE_2H6 #HERALDS.X.2_2H6 #Holland_2H6 #Michael_2H6 #SOLDIERS_2H6 #Sawyer_2H6 #Smith_2H6 #Stafford_2H6 #WilliamStafford_2H6
4,3,132,18,#Bevis_2H6 #Cade_2H6 #Dick_2H6 #FOLLOWERS.CADE_2H6 #Holland_2H6 #Michael_2H6 #Smith_2H6 #Stafford_2H6 #WilliamStafford_2H6
4,4,450,61,#Buckingham_2H6 #HenryVI_1H6 #MESSENGERS.1_2H6 #MESSENGERS.2_2H6 #QueenMargaret_1H6 #Saye_2H6
4,5,102,13,#CITIZENS.LONDON.0.1_2H6 #CITIZENS.LONDON_2H6 #Scales_2H6
4,6,117,15,#Bevis_2H6 #Cade_2H6 #Dick_2H6 #FOLLOWERS.CADE_2H6 #Holland_2H6 #Michael_2H6 #SOLDIERS.1_2H6 #Smith_2H6
4,7,1062,137,#Bevis_2H6 #Cade_2H6 #Dick_2H6 #FOLLOWERS.CADE.0.1_2H6 #FOLLOWERS.CADE.0_2H6 #FOLLOWERS.CADE_2H6 #George_2H6 #Holland_2H6 #MESSENGERS.X.2_2H6 #Michael_2H6 #Saye_2H6 #Smith_2H6
4,8,578,71,#ATTENDANTS_2H6 #Bevis_2H6 #Buckingham_2H6 #Cade_2H6 #Clifford_2H6 #Dick_2H6 #FOLLOWERS.CADE_2H6 #George_2H6 #Holland_2H6 #Michael_2H6 #Smith_2H6
4,9,393,51,#Buckingham_2H6 #Clifford_2H6 #FOLLOWERS.CADE_2H6 #HenryVI_1H6 #MESSENGERS.X.3_2H6 #QueenMargaret_1H6 #Somerset_1H6
4,10,784,86,#Cade_2H6 #Iden_2H6 #SERVANTS.IDEN_2H6
5,1,1721,220,#ATTENDANTS.YORK_2H6 #ATTENDANTS_2H6 #Buckingham_2H6 #Clifford_2H6 #Clifford_3H6 #EdwardIV_3H6 #HenryVI_1H6 #Iden_2H6 #QueenMargaret_1H6 #RichardIII_R3 #SOLDIERS.YORK_2H6 #Salisbury_2H6 #Somerset_1H6 #Warwick_2H6 #York_1H6
5,2,713,91,#ATTENDANTS_2H6 #Clifford_2H6 #Clifford_3H6 #HenryVI_1H6 #QueenMargaret_1H6 #RichardIII_R3 #Somerset_1H6 #Warwick_2H6 #York_1H6
5,3,275,34,#EdwardIV_3H6 #RichardIII_R3 #SOLDIERS.YORK_2H6 #Salisbury_2H6 #Warwick_2H6 #York_1H6
