source,target,n_lines,n_tokens,edge_type
#AMBASSADORS.0.1_H5,1.02.0006,17,132,active
#ATTENDANTS.ENGLISH_H5,5.02.0090,1,1,active
#Alice_H5,3.04.0032,21,112,active
#Alice_H5,5.02.0088,7,51,active
#Alice_H5,5.02.0090,1,1,active
#Bardolph_1H4,2.01.0009,9,60,active
#Bardolph_1H4,2.01.0010,8,49,active
#Bardolph_1H4,2.01.0011,1,3,active
#Bardolph_1H4,2.01.0012,9,64,active
#Bardolph_1H4,2.03.0017,6,37,active
#Bardolph_1H4,3.02.0024,2,11,active
#Bedford_H5,2.02.0014,3,26,active
#Bedford_H5,4.03.0060,5,39,active
#Bedford_H5,4.03.0061,2,12,active
#BishopOfCanterbury_H5,1.01.0002,83,603,active
#BishopOfCanterbury_H5,1.02.0004,143,1049,active
#BishopOfEly_H5,1.01.0002,20,129,active
#BishopOfEly_H5,1.02.0004,15,111,active
#Bourbon_H5,4.05.0068,9,74,active
#Boy_H5,2.01.0011,5,39,active
#Boy_H5,2.03.0017,8,50,active
#Boy_H5,3.02.0024,5,33,active
#Boy_H5,3.02.0026,27,259,active
#Boy_H5,4.04.0066,20,142,active
#Boy_H5,4.04.0067,10,103,active
#Brittany_H5,3.05.0033,9,65,active
#Burgundy_H5,5.02.0087,48,341,active
#Burgundy_H5,5.02.0089,21,170,active
#Burgundy_H5,5.02.0090,1,1,active
#Cambridge_H5,2.02.0015,15,107,active
#Chorus_H5,0.00.0001,36,244,active
#Chorus_H5,2.00.0008,42,320,active
#Chorus_H5,3.00.0022,37,261,active
#Chorus_H5,4.00.0043,54,381,active
#Chorus_H5,5.00.0082,47,350,active
#Chorus_H5,6.00.0091,14,112,active
#Constable_H5,2.04.0018,12,81,active
#Constable_H5,3.05.0033,22,172,active
#Constable_H5,3.07.0040,24,168,active
#Constable_H5,3.07.0041,19,130,active
#Constable_H5,3.07.0042,14,108,active
#Constable_H5,4.02.0057,1,8,active
#Constable_H5,4.02.0058,24,184,active
#Constable_H5,4.02.0059,5,46,active
#Constable_H5,4.05.0068,4,25,active
#Dauphin_H5,2.04.0018,24,178,active
#Dauphin_H5,2.04.0020,8,53,active
#Dauphin_H5,2.04.0021,7,51,active
#Dauphin_H5,3.05.0033,11,76,active
#Dauphin_H5,3.07.0040,53,443,active
#Dauphin_H5,4.02.0056,3,16,active
#Dauphin_H5,4.02.0057,4,28,active
#Dauphin_H5,4.02.0059,3,20,active
#Dauphin_H5,4.05.0068,7,40,active
#Erpingham_H5,4.01.0045,4,32,active
#Erpingham_H5,4.01.0053,3,21,active
#Exeter_H5,1.02.0003,1,4,active
#Exeter_H5,1.02.0004,13,95,active
#Exeter_H5,1.02.0006,2,4,active
#Exeter_H5,1.02.0007,1,5,active
#Exeter_H5,2.02.0014,6,40,active
#Exeter_H5,2.02.0015,6,44,active
#Exeter_H5,2.04.0021,58,436,active
#Exeter_H5,4.03.0060,2,15,active
#Exeter_H5,4.06.0070,27,212,active
#Exeter_H5,4.07.0073,1,9,active
#Exeter_H5,4.07.0074,1,7,active
#Exeter_H5,4.08.0081,5,31,active
#Exeter_H5,5.02.0089,8,62,active
#Exeter_H5,5.02.0090,1,1,active
#Fluellen_H5,3.02.0025,1,9,active
#Fluellen_H5,3.02.0027,13,122,active
#Fluellen_H5,3.02.0028,31,235,active
#Fluellen_H5,3.06.0034,14,119,active
#Fluellen_H5,3.06.0035,21,152,active
#Fluellen_H5,3.06.0036,9,81,active
#Fluellen_H5,3.06.0037,20,171,active
#Fluellen_H5,4.01.0049,16,147,active
#Fluellen_H5,4.07.0071,40,354,active
#Fluellen_H5,4.07.0073,21,174,active
#Fluellen_H5,4.07.0074,11,94,active
#Fluellen_H5,4.07.0075,8,68,active
#Fluellen_H5,4.08.0078,12,94,active
#Fluellen_H5,4.08.0079,4,28,active
#Fluellen_H5,4.08.0080,23,190,active
#Fluellen_H5,4.08.0081,3,22,active
#Fluellen_H5,5.01.0083,12,115,active
#Fluellen_H5,5.01.0084,42,326,active
#Gloucester_2H4,3.06.0039,1,9,active
#Gloucester_2H4,4.01.0045,1,4,active
#Gloucester_2H4,4.01.0055,1,2,active
#Gloucester_2H4,4.03.0060,1,4,active
#Gloucester_2H4,4.07.0073,1,9,active
#Governor_H5,3.03.0030,7,56,active
#Gower_H5,3.02.0027,7,46,active
#Gower_H5,3.02.0028,6,37,active
#Gower_H5,3.06.0034,5,24,active
#Gower_H5,3.06.0036,18,159,active
#Gower_H5,4.01.0049,4,16,active
#Gower_H5,4.07.0071,15,99,active
#Gower_H5,4.08.0078,1,5,active
#Gower_H5,5.01.0083,2,15,active
#Gower_H5,5.01.0084,3,14,active
#Gower_H5,5.01.0085,11,92,active
#Grandpre_H5,4.02.0059,18,137,active
#Grey_H5,2.02.0015,12,86,active
#HERALDS.1_H5,4.08.0081,1,8,active
#HenryV_H5,1.02.0003,5,37,active
#HenryV_H5,1.02.0004,57,421,active
#HenryV_H5,1.02.0005,3,26,active
#HenryV_H5,1.02.0006,47,381,active
#HenryV_H5,1.02.0007,12,96,active
#HenryV_H5,2.02.0015,133,980,active
#HenryV_H5,2.02.0016,12,91,active
#HenryV_H5,3.01.0023,37,273,active
#HenryV_H5,3.03.0029,43,332,active
#HenryV_H5,3.03.0030,1,3,active
#HenryV_H5,3.03.0031,8,56,active
#HenryV_H5,3.06.0037,11,73,active
#HenryV_H5,3.06.0038,32,252,active
#HenryV_H5,3.06.0039,4,31,active
#HenryV_H5,4.01.0044,12,89,active
#HenryV_H5,4.01.0045,18,126,active
#HenryV_H5,4.01.0046,1,6,active
#HenryV_H5,4.01.0047,11,59,active
#HenryV_H5,4.01.0048,1,6,active
#HenryV_H5,4.01.0050,2,17,active
#HenryV_H5,4.01.0051,86,723,active
#HenryV_H5,4.01.0052,56,420,active
#HenryV_H5,4.01.0053,3,14,active
#HenryV_H5,4.01.0054,17,132,active
#HenryV_H5,4.01.0055,3,24,active
#HenryV_H5,4.03.0062,49,399,active
#HenryV_H5,4.03.0063,5,44,active
#HenryV_H5,4.03.0064,41,320,active
#HenryV_H5,4.03.0065,3,16,active
#HenryV_H5,4.06.0069,2,16,active
#HenryV_H5,4.06.0070,10,71,active
#HenryV_H5,4.07.0072,11,95,active
#HenryV_H5,4.07.0073,19,128,active
#HenryV_H5,4.07.0074,12,66,active
#HenryV_H5,4.07.0075,10,71,active
#HenryV_H5,4.07.0076,14,108,active
#HenryV_H5,4.08.0080,13,88,active
#HenryV_H5,4.08.0081,47,344,active
#HenryV_H5,5.02.0087,29,216,active
#HenryV_H5,5.02.0088,157,1403,active
#HenryV_H5,5.02.0089,28,217,active
#HenryV_H5,5.02.0090,8,62,active
#Jamy_H5,3.02.0028,11,98,active
#Katherine_H5,3.04.0032,39,271,active
#Katherine_H5,5.02.0088,27,169,active
#Katherine_H5,5.02.0090,1,1,active
#KingOfFrance_H5,2.04.0018,32,236,active
#KingOfFrance_H5,2.04.0019,2,9,active
#KingOfFrance_H5,2.04.0020,1,8,active
#KingOfFrance_H5,2.04.0021,9,61,active
#KingOfFrance_H5,3.05.0033,29,207,active
#KingOfFrance_H5,5.02.0087,9,62,active
#KingOfFrance_H5,5.02.0089,16,115,active
#KingOfFrance_H5,5.02.0090,1,1,active
#MESSENGERS.X.1_H5,2.04.0019,2,12,active
#MESSENGERS.X.2_H5,3.07.0042,3,17,active
#MESSENGERS.X.3_H5,4.02.0058,1,7,active
#MacMorris_H5,3.02.0028,20,205,active
#MistressQuickly_1H4,2.01.0010,8,65,active
#MistressQuickly_1H4,2.01.0011,3,24,active
#MistressQuickly_1H4,2.01.0013,4,35,active
#MistressQuickly_1H4,2.03.0017,28,236,active
#Montjoy_H5,3.06.0038,24,193,active
#Montjoy_H5,4.03.0064,14,93,active
#Montjoy_H5,4.07.0073,16,113,active
#Nym_H5,2.01.0009,17,158,active
#Nym_H5,2.01.0010,11,89,active
#Nym_H5,2.01.0012,5,34,active
#Nym_H5,2.01.0013,4,33,active
#Nym_H5,2.03.0017,4,28,active
#Nym_H5,3.02.0024,4,35,active
#Nym_H5,3.02.0025,2,9,active
#Orleans_H5,3.07.0040,10,54,active
#Orleans_H5,3.07.0041,15,91,active
#Orleans_H5,3.07.0042,15,108,active
#Orleans_H5,4.02.0056,3,17,active
#Orleans_H5,4.05.0068,5,42,active
#Pistol_2H4,2.01.0010,25,204,active
#Pistol_2H4,2.01.0012,12,88,active
#Pistol_2H4,2.01.0013,4,22,active
#Pistol_2H4,2.03.0017,16,116,active
#Pistol_2H4,3.02.0024,10,49,active
#Pistol_2H4,3.02.0025,4,29,active
#Pistol_2H4,3.06.0035,18,151,active
#Pistol_2H4,4.01.0047,17,109,active
#Pistol_2H4,4.04.0066,27,186,active
#Pistol_2H4,5.01.0084,12,75,active
#Pistol_2H4,5.01.0085,1,6,active
#Pistol_2H4,5.01.0086,9,83,active
#QueenOfFrance_H5,5.02.0087,14,108,active
#QueenOfFrance_H5,5.02.0090,10,80,active
#Rambures_H5,3.07.0040,4,29,active
#Rambures_H5,3.07.0041,1,6,active
#Rambures_H5,3.07.0042,3,14,active
#Rambures_H5,4.02.0057,2,17,active
#SOLDIERS.ENGLISH.Bates_H5,4.01.0051,20,167,active
#SOLDIERS.ENGLISH.Court_H5,4.01.0051,2,11,active
#SOLDIERS.ENGLISH.Williams_H5,4.01.0051,42,350,active
#SOLDIERS.ENGLISH.Williams_H5,4.07.0074,11,99,active
#SOLDIERS.ENGLISH.Williams_H5,4.08.0077,1,8,active
#SOLDIERS.ENGLISH.Williams_H5,4.08.0078,4,23,active
#SOLDIERS.ENGLISH.Williams_H5,4.08.0080,16,141,active
#SOLDIERS.FRENCH.LeFer_H5,4.04.0066,19,98,active
#Salisbury_H5,4.03.0060,6,52,active
#Salisbury_H5,4.03.0063,3,23,active
#Scroop_H5,2.02.0015,13,93,active
#Warwick_2H4,4.08.0079,1,7,active
#Westmoreland_1H4,1.02.0003,1,8,active
#Westmoreland_1H4,1.02.0004,6,42,active
#Westmoreland_1H4,2.02.0014,3,21,active
#Westmoreland_1H4,4.03.0060,1,8,active
#Westmoreland_1H4,4.03.0062,3,20,active
#Westmoreland_1H4,4.03.0063,3,25,active
#Westmoreland_1H4,5.02.0089,3,19,active
#Westmoreland_1H4,5.02.0090,1,1,active
#York_H5,4.03.0065,2,14,active
1.01.0002,#BishopOfCanterbury_H5,20,129,passive
1.01.0002,#BishopOfEly_H5,83,603,passive
1.02.0003,#ATTENDANTS.ENGLISH_H5,7,49,passive
1.02.0003,#Bedford_H5,7,49,passive
1.02.0003,#Clarence_2H4,7,49,passive
1.02.0003,#Exeter_H5,6,45,passive
1.02.0003,#Gloucester_2H4,7,49,passive
1.02.0003,#HenryV_H5,2,12,passive
1.02.0003,#Warwick_2H4,7,49,passive
1.02.0003,#Westmoreland_1H4,6,41,passive
1.02.0004,#ATTENDANTS.ENGLISH_H5,234,1718,passive
1.02.0004,#Bedford_H5,234,1718,passive
1.02.0004,#BishopOfCanterbury_H5,91,669,passive
1.02.0004,#BishopOfEly_H5,219,1607,passive
1.02.0004,#Clarence_2H4,234,1718,passive
1.02.0004,#Exeter_H5,221,1623,passive
1.02.0004,#Gloucester_2H4,234,1718,passive
1.02.0004,#HenryV_H5,177,1297,passive
1.02.0004,#Warwick_2H4,234,1718,passive
1.02.0004,#Westmoreland_1H4,228,1676,passive
1.02.0005,#AMBASSADORS_H5,3,26,passive
1.02.0005,#ATTENDANTS.ENGLISH.0_H5,3,26,passive
1.02.0005,#ATTENDANTS.ENGLISH_H5,3,26,passive
1.02.0005,#Bedford_H5,3,26,passive
1.02.0005,#BishopOfCanterbury_H5,3,26,passive
1.02.0005,#BishopOfEly_H5,3,26,passive
1.02.0005,#Clarence_2H4,3,26,passive
1.02.0005,#Exeter_H5,3,26,passive
1.02.0005,#Gloucester_2H4,3,26,passive
1.02.0005,#Warwick_2H4,3,26,passive
1.02.0005,#Westmoreland_1H4,3,26,passive
1.02.0006,#AMBASSADORS.0.1_H5,49,385,passive
1.02.0006,#AMBASSADORS_H5,66,517,passive
1.02.0006,#ATTENDANTS.ENGLISH.0_H5,66,517,passive
1.02.0006,#ATTENDANTS.ENGLISH_H5,66,517,passive
1.02.0006,#Bedford_H5,66,517,passive
1.02.0006,#BishopOfCanterbury_H5,66,517,passive
1.02.0006,#BishopOfEly_H5,66,517,passive
1.02.0006,#Clarence_2H4,66,517,passive
1.02.0006,#Exeter_H5,64,513,passive
1.02.0006,#Gloucester_2H4,66,517,passive
1.02.0006,#HenryV_H5,19,136,passive
1.02.0006,#Warwick_2H4,66,517,passive
1.02.0006,#Westmoreland_1H4,66,517,passive
1.02.0007,#AMBASSADORS.0.1_H5,13,101,passive
1.02.0007,#ATTENDANTS.ENGLISH_H5,13,101,passive
1.02.0007,#Bedford_H5,13,101,passive
1.02.0007,#BishopOfCanterbury_H5,13,101,passive
1.02.0007,#BishopOfEly_H5,13,101,passive
1.02.0007,#Clarence_2H4,13,101,passive
1.02.0007,#Exeter_H5,12,96,passive
1.02.0007,#Gloucester_2H4,13,101,passive
1.02.0007,#HenryV_H5,1,5,passive
1.02.0007,#Warwick_2H4,13,101,passive
1.02.0007,#Westmoreland_1H4,13,101,passive
2.01.0009,#Bardolph_1H4,17,158,passive
2.01.0009,#Nym_H5,9,60,passive
2.01.0010,#Bardolph_1H4,44,358,passive
2.01.0010,#MistressQuickly_1H4,44,342,passive
2.01.0010,#Nym_H5,41,318,passive
2.01.0010,#Pistol_2H4,27,203,passive
2.01.0011,#Bardolph_1H4,8,63,passive
2.01.0011,#Boy_H5,4,27,passive
2.01.0011,#MistressQuickly_1H4,6,42,passive
2.01.0011,#Nym_H5,9,66,passive
2.01.0011,#Pistol_2H4,9,66,passive
2.01.0012,#Bardolph_1H4,17,122,passive
2.01.0012,#Nym_H5,21,152,passive
2.01.0012,#Pistol_2H4,14,98,passive
2.01.0013,#Bardolph_1H4,12,90,passive
2.01.0013,#MistressQuickly_1H4,8,55,passive
2.01.0013,#Nym_H5,8,57,passive
2.01.0013,#Pistol_2H4,8,68,passive
2.02.0014,#Bedford_H5,9,61,passive
2.02.0014,#Exeter_H5,6,47,passive
2.02.0014,#Westmoreland_1H4,9,66,passive
2.02.0015,#ATTENDANTS.ENGLISH_H5,178,1305,passive
2.02.0015,#Bedford_H5,178,1305,passive
2.02.0015,#Cambridge_H5,163,1198,passive
2.02.0015,#Exeter_H5,172,1261,passive
2.02.0015,#Grey_H5,166,1219,passive
2.02.0015,#HenryV_H5,45,325,passive
2.02.0015,#Scroop_H5,165,1212,passive
2.02.0015,#Westmoreland_1H4,178,1305,passive
2.02.0016,#ATTENDANTS.ENGLISH_H5,12,91,passive
2.02.0016,#Bedford_H5,12,91,passive
2.02.0016,#Exeter_H5,12,91,passive
2.02.0016,#Westmoreland_1H4,12,91,passive
2.03.0017,#Bardolph_1H4,56,430,passive
2.03.0017,#Boy_H5,54,417,passive
2.03.0017,#MistressQuickly_1H4,34,231,passive
2.03.0017,#Nym_H5,58,439,passive
2.03.0017,#Pistol_2H4,46,351,passive
2.04.0018,#ATTENDANTS.FRENCH_H5,68,495,passive
2.04.0018,#Berri_H5,68,495,passive
2.04.0018,#Brittany_H5,68,495,passive
2.04.0018,#Constable_H5,56,414,passive
2.04.0018,#Dauphin_H5,44,317,passive
2.04.0018,#KingOfFrance_H5,36,259,passive
2.04.0019,#ATTENDANTS.FRENCH_H5,4,21,passive
2.04.0019,#Berri_H5,4,21,passive
2.04.0019,#Brittany_H5,4,21,passive
2.04.0019,#Constable_H5,4,21,passive
2.04.0019,#Dauphin_H5,4,21,passive
2.04.0019,#KingOfFrance_H5,2,12,passive
2.04.0019,#MESSENGERS.X.1_H5,2,9,passive
2.04.0020,#ATTENDANTS.FRENCH_H5,9,61,passive
2.04.0020,#Berri_H5,9,61,passive
2.04.0020,#Brittany_H5,9,61,passive
2.04.0020,#Constable_H5,9,61,passive
2.04.0020,#Dauphin_H5,1,8,passive
2.04.0020,#KingOfFrance_H5,8,53,passive
2.04.0021,#ATTENDANTS.ENGLISH_H5,74,548,passive
2.04.0021,#ATTENDANTS.FRENCH_H5,74,548,passive
2.04.0021,#Berri_H5,74,548,passive
2.04.0021,#Brittany_H5,74,548,passive
2.04.0021,#Constable_H5,74,548,passive
2.04.0021,#Dauphin_H5,67,497,passive
2.04.0021,#Exeter_H5,16,112,passive
2.04.0021,#KingOfFrance_H5,65,487,passive
3.01.0023,#Bedford_H5,37,273,passive
3.01.0023,#Exeter_H5,37,273,passive
3.01.0023,#Gloucester_2H4,37,273,passive
3.01.0023,#SOLDIERS.ENGLISH_H5,37,273,passive
3.02.0024,#Bardolph_1H4,19,117,passive
3.02.0024,#Boy_H5,16,95,passive
3.02.0024,#Nym_H5,17,93,passive
3.02.0024,#Pistol_2H4,11,79,passive
3.02.0025,#Bardolph_1H4,7,47,passive
3.02.0025,#Boy_H5,7,47,passive
3.02.0025,#Fluellen_H5,6,38,passive
3.02.0025,#Nym_H5,5,38,passive
3.02.0025,#Pistol_2H4,3,18,passive
3.02.0027,#Fluellen_H5,7,46,passive
3.02.0027,#Gower_H5,13,122,passive
3.02.0028,#Fluellen_H5,37,340,passive
3.02.0028,#Gower_H5,62,538,passive
3.02.0028,#Jamy_H5,57,477,passive
3.02.0028,#MacMorris_H5,48,370,passive
3.03.0029,#Bedford_H5,43,332,passive
3.03.0029,#Exeter_H5,43,332,passive
3.03.0029,#Gloucester_2H4,43,332,passive
3.03.0029,#SOLDIERS.ENGLISH_H5,43,332,passive
3.03.0030,#Bedford_H5,8,59,passive
3.03.0030,#Exeter_H5,8,59,passive
3.03.0030,#Gloucester_2H4,8,59,passive
3.03.0030,#Governor_H5,1,3,passive
3.03.0030,#HenryV_H5,7,56,passive
3.03.0030,#SOLDIERS.ENGLISH_H5,8,59,passive
3.03.0031,#Bedford_H5,8,56,passive
3.03.0031,#Exeter_H5,8,56,passive
3.03.0031,#Gloucester_2H4,8,56,passive
3.03.0031,#SOLDIERS.ENGLISH_H5,8,56,passive
3.04.0032,#Alice_H5,39,271,passive
3.04.0032,#Katherine_H5,21,112,passive
3.05.0033,#ATTENDANTS.FRENCH_H5,71,520,passive
3.05.0033,#Brittany_H5,62,455,passive
3.05.0033,#Constable_H5,49,348,passive
3.05.0033,#Dauphin_H5,60,444,passive
3.05.0033,#KingOfFrance_H5,42,313,passive
3.06.0034,#Fluellen_H5,5,24,passive
3.06.0034,#Gower_H5,14,119,passive
3.06.0035,#Fluellen_H5,18,151,passive
3.06.0035,#Gower_H5,39,303,passive
3.06.0035,#Pistol_2H4,21,152,passive
3.06.0036,#Fluellen_H5,18,159,passive
3.06.0036,#Gower_H5,9,81,passive
3.06.0037,#Fluellen_H5,11,73,passive
3.06.0037,#Gloucester_2H4,31,244,passive
3.06.0037,#Gower_H5,31,244,passive
3.06.0037,#HenryV_H5,20,171,passive
3.06.0037,#SOLDIERS.ENGLISH_H5,31,244,passive
3.06.0038,#Fluellen_H5,56,445,passive
3.06.0038,#Gloucester_2H4,56,445,passive
3.06.0038,#Gower_H5,56,445,passive
3.06.0038,#HenryV_H5,24,193,passive
3.06.0038,#Montjoy_H5,32,252,passive
3.06.0038,#SOLDIERS.ENGLISH_H5,56,445,passive
3.06.0039,#Fluellen_H5,5,40,passive
3.06.0039,#Gloucester_2H4,4,31,passive
3.06.0039,#Gower_H5,5,40,passive
3.06.0039,#HenryV_H5,1,9,passive
3.06.0039,#SOLDIERS.ENGLISH_H5,5,40,passive
3.07.0040,#ATTENDANTS.FRENCH_H5,91,694,passive
3.07.0040,#Constable_H5,67,526,passive
3.07.0040,#Dauphin_H5,38,251,passive
3.07.0040,#Orleans_H5,81,640,passive
3.07.0040,#Rambures_H5,87,665,passive
3.07.0041,#ATTENDANTS.FRENCH_H5,35,227,passive
3.07.0041,#Constable_H5,16,97,passive
3.07.0041,#Orleans_H5,20,136,passive
3.07.0041,#Rambures_H5,34,221,passive
3.07.0042,#ATTENDANTS.FRENCH_H5,35,247,passive
3.07.0042,#Constable_H5,21,139,passive
3.07.0042,#MESSENGERS.X.2_H5,32,230,passive
3.07.0042,#Orleans_H5,20,139,passive
3.07.0042,#Rambures_H5,32,233,passive
4.01.0044,#Bedford_H5,12,89,passive
4.01.0044,#Gloucester_2H4,12,89,passive
4.01.0045,#Bedford_H5,23,162,passive
4.01.0045,#Erpingham_H5,19,130,passive
4.01.0045,#Gloucester_2H4,22,158,passive
4.01.0045,#HenryV_H5,5,36,passive
4.01.0047,#HenryV_H5,17,109,passive
4.01.0047,#Pistol_2H4,11,59,passive
4.01.0049,#Fluellen_H5,4,16,passive
4.01.0049,#Gower_H5,16,147,passive
4.01.0049,#HenryV_H5,20,163,passive
4.01.0051,#HenryV_H5,64,528,passive
4.01.0051,#SOLDIERS.ENGLISH.Bates_H5,130,1084,passive
4.01.0051,#SOLDIERS.ENGLISH.Court_H5,148,1240,passive
4.01.0051,#SOLDIERS.ENGLISH.Williams_H5,108,901,passive
4.01.0053,#Erpingham_H5,3,14,passive
4.01.0053,#HenryV_H5,3,21,passive
4.01.0055,#Gloucester_2H4,3,24,passive
4.01.0055,#HenryV_H5,1,2,passive
4.02.0056,#Beaumont_H5,6,33,passive
4.02.0056,#Dauphin_H5,3,17,passive
4.02.0056,#Orleans_H5,3,16,passive
4.02.0056,#Rambures_H5,6,33,passive
4.02.0057,#Beaumont_H5,7,53,passive
4.02.0057,#Constable_H5,6,45,passive
4.02.0057,#Dauphin_H5,3,25,passive
4.02.0057,#Orleans_H5,7,53,passive
4.02.0057,#Rambures_H5,5,36,passive
4.02.0058,#Beaumont_H5,25,191,passive
4.02.0058,#Constable_H5,1,7,passive
4.02.0058,#Dauphin_H5,25,191,passive
4.02.0058,#MESSENGERS.X.3_H5,24,184,passive
4.02.0058,#Orleans_H5,25,191,passive
4.02.0058,#Rambures_H5,25,191,passive
4.02.0059,#Beaumont_H5,26,203,passive
4.02.0059,#Constable_H5,21,157,passive
4.02.0059,#Dauphin_H5,23,183,passive
4.02.0059,#Grandpre_H5,8,66,passive
4.02.0059,#MESSENGERS.X.3_H5,26,203,passive
4.02.0059,#Orleans_H5,26,203,passive
4.02.0059,#Rambures_H5,26,203,passive
4.03.0060,#Bedford_H5,10,79,passive
4.03.0060,#Erpingham_H5,15,118,passive
4.03.0060,#Exeter_H5,13,103,passive
4.03.0060,#Gloucester_2H4,14,114,passive
4.03.0060,#SOLDIERS.ENGLISH_H5,15,118,passive
4.03.0060,#Salisbury_H5,9,66,passive
4.03.0060,#Westmoreland_1H4,14,110,passive
4.03.0061,#Erpingham_H5,2,12,passive
4.03.0061,#Exeter_H5,2,12,passive
4.03.0061,#Gloucester_2H4,2,12,passive
4.03.0061,#SOLDIERS.ENGLISH_H5,2,12,passive
4.03.0061,#Westmoreland_1H4,2,12,passive
4.03.0062,#Bedford_H5,52,419,passive
4.03.0062,#Erpingham_H5,52,419,passive
4.03.0062,#Exeter_H5,52,419,passive
4.03.0062,#Gloucester_2H4,52,419,passive
4.03.0062,#HenryV_H5,3,20,passive
4.03.0062,#SOLDIERS.ENGLISH_H5,52,419,passive
4.03.0062,#Westmoreland_1H4,49,399,passive
4.03.0063,#Bedford_H5,11,92,passive
4.03.0063,#Erpingham_H5,11,92,passive
4.03.0063,#Exeter_H5,11,92,passive
4.03.0063,#Gloucester_2H4,11,92,passive
4.03.0063,#HenryV_H5,6,48,passive
4.03.0063,#SOLDIERS.ENGLISH_H5,11,92,passive
4.03.0063,#Salisbury_H5,8,69,passive
4.03.0063,#Westmoreland_1H4,8,67,passive
4.03.0064,#Bedford_H5,55,413,passive
4.03.0064,#Erpingham_H5,55,413,passive
4.03.0064,#Exeter_H5,55,413,passive
4.03.0064,#Gloucester_2H4,55,413,passive
4.03.0064,#HenryV_H5,14,93,passive
4.03.0064,#Montjoy_H5,41,320,passive
4.03.0064,#SOLDIERS.ENGLISH_H5,55,413,passive
4.03.0064,#Salisbury_H5,55,413,passive
4.03.0064,#Westmoreland_1H4,55,413,passive
4.03.0065,#Bedford_H5,5,30,passive
4.03.0065,#Erpingham_H5,5,30,passive
4.03.0065,#Exeter_H5,5,30,passive
4.03.0065,#Gloucester_2H4,5,30,passive
4.03.0065,#HenryV_H5,2,14,passive
4.03.0065,#SOLDIERS.ENGLISH_H5,5,30,passive
4.03.0065,#Salisbury_H5,5,30,passive
4.03.0065,#Westmoreland_1H4,5,30,passive
4.03.0065,#York_H5,3,16,passive
4.04.0066,#Boy_H5,46,284,passive
4.04.0066,#Pistol_2H4,39,240,passive
4.04.0066,#SOLDIERS.FRENCH.LeFer_H5,47,328,passive
4.05.0068,#Bourbon_H5,16,107,passive
4.05.0068,#Constable_H5,21,156,passive
4.05.0068,#Dauphin_H5,18,141,passive
4.05.0068,#Orleans_H5,20,139,passive
4.05.0068,#Rambures_H5,25,181,passive
4.06.0069,#ATTENDANTS.ENGLISH_H5,2,16,passive
4.06.0069,#SOLDIERS.FRENCH_H5,2,16,passive
4.06.0070,#ATTENDANTS.ENGLISH_H5,37,283,passive
4.06.0070,#Exeter_H5,10,71,passive
4.06.0070,#HenryV_H5,27,212,passive
4.06.0070,#SOLDIERS.FRENCH_H5,37,283,passive
4.07.0071,#Fluellen_H5,15,99,passive
4.07.0071,#Gower_H5,40,354,passive
4.07.0072,#Bourbon_H5,11,95,passive
4.07.0072,#Exeter_H5,11,95,passive
4.07.0072,#Fluellen_H5,11,95,passive
4.07.0072,#Gloucester_2H4,11,95,passive
4.07.0072,#Gower_H5,11,95,passive
4.07.0072,#HERALDS_H5,11,95,passive
4.07.0072,#SOLDIERS.FRENCH_H5,11,95,passive
4.07.0072,#Warwick_2H4,11,95,passive
4.07.0073,#Bourbon_H5,58,433,passive
4.07.0073,#Exeter_H5,57,424,passive
4.07.0073,#Fluellen_H5,37,259,passive
4.07.0073,#Gloucester_2H4,57,424,passive
4.07.0073,#Gower_H5,58,433,passive
4.07.0073,#HERALDS_H5,58,433,passive
4.07.0073,#HenryV_H5,39,305,passive
4.07.0073,#Montjoy_H5,42,320,passive
4.07.0073,#SOLDIERS.FRENCH_H5,58,433,passive
4.07.0073,#Warwick_2H4,58,433,passive
4.07.0074,#Bourbon_H5,35,266,passive
4.07.0074,#Exeter_H5,34,259,passive
4.07.0074,#Fluellen_H5,24,172,passive
4.07.0074,#Gloucester_2H4,35,266,passive
4.07.0074,#HenryV_H5,23,200,passive
4.07.0074,#SOLDIERS.ENGLISH.Williams_H5,24,167,passive
4.07.0074,#SOLDIERS.FRENCH_H5,35,266,passive
4.07.0074,#Warwick_2H4,35,266,passive
4.07.0075,#Bourbon_H5,18,139,passive
4.07.0075,#Exeter_H5,18,139,passive
4.07.0075,#Fluellen_H5,10,71,passive
4.07.0075,#Gloucester_2H4,18,139,passive
4.07.0075,#HenryV_H5,8,68,passive
4.07.0075,#SOLDIERS.FRENCH_H5,18,139,passive
4.07.0075,#Warwick_2H4,18,139,passive
4.07.0076,#Bourbon_H5,14,108,passive
4.07.0076,#Exeter_H5,14,108,passive
4.07.0076,#Gloucester_2H4,14,108,passive
4.07.0076,#SOLDIERS.FRENCH_H5,14,108,passive
4.07.0076,#Warwick_2H4,14,108,passive
4.08.0077,#Gower_H5,1,8,passive
4.08.0078,#Fluellen_H5,5,28,passive
4.08.0078,#Gower_H5,16,117,passive
4.08.0078,#SOLDIERS.ENGLISH.Williams_H5,13,99,passive
4.08.0079,#Fluellen_H5,1,7,passive
4.08.0079,#Gloucester_2H4,5,35,passive
4.08.0079,#Gower_H5,5,35,passive
4.08.0079,#SOLDIERS.ENGLISH.Williams_H5,5,35,passive
4.08.0079,#Warwick_2H4,4,28,passive
4.08.0080,#Exeter_H5,52,419,passive
4.08.0080,#Fluellen_H5,29,229,passive
4.08.0080,#Gloucester_2H4,52,419,passive
4.08.0080,#Gower_H5,52,419,passive
4.08.0080,#HenryV_H5,39,331,passive
4.08.0080,#SOLDIERS.ENGLISH.Williams_H5,36,278,passive
4.08.0080,#Warwick_2H4,52,419,passive
4.08.0081,#Exeter_H5,51,374,passive
4.08.0081,#Fluellen_H5,53,383,passive
4.08.0081,#Gloucester_2H4,56,405,passive
4.08.0081,#Gower_H5,56,405,passive
4.08.0081,#HERALDS.1_H5,55,397,passive
4.08.0081,#HenryV_H5,9,61,passive
4.08.0081,#SOLDIERS.ENGLISH.Williams_H5,56,405,passive
4.08.0081,#Warwick_2H4,56,405,passive
5.01.0083,#Fluellen_H5,2,15,passive
5.01.0083,#Gower_H5,12,115,passive
5.01.0084,#Fluellen_H5,15,89,passive
5.01.0084,#Gower_H5,54,401,passive
5.01.0084,#Pistol_2H4,45,340,passive
5.01.0085,#Gower_H5,1,6,passive
5.01.0085,#Pistol_2H4,11,92,passive
5.02.0087,#ATTENDANTS.ENGLISH.Huntington_H5,100,727,passive
5.02.0087,#ATTENDANTS.ENGLISH_H5,100,727,passive
5.02.0087,#ATTENDANTS.FRENCH_H5,100,727,passive
5.02.0087,#Alice_H5,100,727,passive
5.02.0087,#Bedford_H5,100,727,passive
5.02.0087,#Burgundy_H5,52,386,passive
5.02.0087,#Exeter_H5,100,727,passive
5.02.0087,#HenryV_H5,71,511,passive
5.02.0087,#Katherine_H5,100,727,passive
5.02.0087,#KingOfFrance_H5,91,665,passive
5.02.0087,#QueenOfFrance_H5,86,619,passive
5.02.0087,#Warwick_2H4,100,727,passive
5.02.0087,#Westmoreland_1H4,100,727,passive
5.02.0088,#Alice_H5,184,1572,passive
5.02.0088,#HenryV_H5,34,220,passive
5.02.0088,#Katherine_H5,164,1454,passive
5.02.0089,#Alice_H5,76,583,passive
5.02.0089,#Burgundy_H5,55,413,passive
5.02.0089,#Exeter_H5,68,521,passive
5.02.0089,#HenryV_H5,48,366,passive
5.02.0089,#Katherine_H5,76,583,passive
5.02.0089,#KingOfFrance_H5,60,468,passive
5.02.0089,#QueenOfFrance_H5,76,583,passive
5.02.0089,#Westmoreland_1H4,73,564,passive
5.02.0090,#ATTENDANTS.ENGLISH_H5,18,142,passive
5.02.0090,#Alice_H5,18,142,passive
5.02.0090,#Burgundy_H5,18,142,passive
5.02.0090,#Exeter_H5,18,142,passive
5.02.0090,#HenryV_H5,11,81,passive
5.02.0090,#Katherine_H5,18,142,passive
5.02.0090,#KingOfFrance_H5,18,142,passive
5.02.0090,#QueenOfFrance_H5,9,63,passive
5.02.0090,#Westmoreland_1H4,18,142,passive
