source,target,n_lines,n_tokens,edge_type
#Alanson_1H6,1.02.0011,4,32,active
#Alanson_1H6,1.02.0012,9,57,active
#Alanson_1H6,1.02.0017,6,44,active
#Alanson_1H6,1.06.0038,2,19,active
#Alanson_1H6,2.01.0042,5,37,active
#Alanson_1H6,2.01.0043,3,22,active
#Alanson_1H6,3.02.0079,1,2,active
#Alanson_1H6,3.03.0085,5,39,active
#Alanson_1H6,3.03.0086,2,15,active
#Alanson_1H6,5.02.0116,2,16,active
#Alanson_1H6,5.04.0132,11,76,active
#Basset_1H6,3.04.0088,10,83,active
#Basset_1H6,4.01.0093,15,108,active
#Bastard_1H6,1.02.0013,13,103,active
#Bastard_1H6,2.01.0042,2,17,active
#Bastard_1H6,2.01.0043,2,10,active
#Bastard_1H6,3.02.0076,3,22,active
#Bastard_1H6,3.02.0077,2,15,active
#Bastard_1H6,3.03.0085,2,16,active
#Bastard_1H6,3.03.0086,1,8,active
#Bastard_1H6,4.07.0109,4,31,active
#Bedford_H5,1.01.0001,21,158,active
#Bedford_H5,1.01.0002,3,27,active
#Bedford_H5,1.01.0003,5,37,active
#Bedford_H5,1.01.0005,3,20,active
#Bedford_H5,1.01.0006,13,105,active
#Bedford_H5,1.01.0007,2,14,active
#Bedford_H5,2.01.0041,6,42,active
#Bedford_H5,2.02.0045,3,23,active
#Bedford_H5,2.02.0047,4,33,active
#Bedford_H5,2.02.0048,3,22,active
#Bedford_H5,3.02.0079,1,9,active
#Bedford_H5,3.02.0080,8,64,active
#Bedford_H5,3.02.0083,5,41,active
#Boy_1H6,1.04.0027,2,15,active
#Boy_1H6,1.04.0028,2,17,active
#Burgundy_1H6,2.01.0041,6,40,active
#Burgundy_1H6,2.02.0047,8,64,active
#Burgundy_1H6,2.02.0048,4,33,active
#Burgundy_1H6,3.02.0079,3,26,active
#Burgundy_1H6,3.02.0080,2,15,active
#Burgundy_1H6,3.02.0084,4,25,active
#Burgundy_1H6,3.03.0086,12,88,active
#Burgundy_1H6,4.07.0109,3,24,active
#Burgundy_1H6,5.02.0117,2,19,active
#CardinalBeaufort_1H6,1.01.0001,9,73,active
#CardinalBeaufort_1H6,1.01.0006,1,7,active
#CardinalBeaufort_1H6,1.01.0010,5,39,active
#CardinalBeaufort_1H6,1.03.0023,8,64,active
#CardinalBeaufort_1H6,1.03.0024,7,50,active
#CardinalBeaufort_1H6,1.03.0025,4,30,active
#CardinalBeaufort_1H6,3.01.0062,27,196,active
#CardinalBeaufort_1H6,3.01.0067,4,36,active
#CardinalBeaufort_1H6,3.01.0071,2,15,active
#CardinalBeaufort_1H6,4.01.0090,1,9,active
#CardinalBeaufort_1H6,5.01.0114,4,28,active
#CardinalBeaufort_1H6,5.01.0115,7,51,active
#CardinalBeaufort_1H6,5.04.0131,8,57,active
#CardinalBeaufort_1H6,5.04.0132,10,72,active
#Charles_1H6,1.02.0011,12,99,active
#Charles_1H6,1.02.0012,7,60,active
#Charles_1H6,1.02.0013,2,11,active
#Charles_1H6,1.02.0014,4,32,active
#Charles_1H6,1.02.0016,15,115,active
#Charles_1H6,1.02.0017,9,69,active
#Charles_1H6,1.06.0038,22,158,active
#Charles_1H6,2.01.0043,12,93,active
#Charles_1H6,3.02.0076,2,14,active
#Charles_1H6,3.02.0077,2,17,active
#Charles_1H6,3.02.0079,1,8,active
#Charles_1H6,3.03.0085,8,58,active
#Charles_1H6,3.03.0086,4,34,active
#Charles_1H6,4.07.0109,4,34,active
#Charles_1H6,4.07.0110,5,38,active
#Charles_1H6,4.07.0111,2,16,active
#Charles_1H6,5.02.0116,3,23,active
#Charles_1H6,5.02.0117,4,30,active
#Charles_1H6,5.04.0132,15,110,active
#Countess_1H6,2.03.0050,2,18,active
#Countess_1H6,2.03.0051,7,56,active
#Countess_1H6,2.03.0052,12,94,active
#Countess_1H6,2.03.0053,16,119,active
#Countess_1H6,2.03.0054,8,63,active
#Exeter_H5,1.01.0001,11,75,active
#Exeter_H5,1.01.0002,1,8,active
#Exeter_H5,1.01.0003,2,15,active
#Exeter_H5,1.01.0005,2,16,active
#Exeter_H5,1.01.0007,3,21,active
#Exeter_H5,1.01.0009,3,22,active
#Exeter_H5,3.01.0071,1,8,active
#Exeter_H5,3.01.0072,15,118,active
#Exeter_H5,4.01.0093,1,9,active
#Exeter_H5,4.01.0095,13,95,active
#Exeter_H5,5.01.0113,6,42,active
#Exeter_H5,5.05.0133,2,15,active
#Fastolf_1H6,3.02.0081,4,26,active
#Fastolf_1H6,4.01.0091,4,29,active
#Gargrave_1H6,1.04.0029,2,18,active
#General_1H6,4.02.0097,27,202,active
#Glansdale_1H6,1.04.0029,1,9,active
#Gloucester_2H4,1.01.0001,16,128,active
#Gloucester_2H4,1.01.0002,4,24,active
#Gloucester_2H4,1.01.0005,2,18,active
#Gloucester_2H4,1.01.0008,3,24,active
#Gloucester_2H4,1.03.0018,4,33,active
#Gloucester_2H4,1.03.0021,4,33,active
#Gloucester_2H4,1.03.0022,7,54,active
#Gloucester_2H4,1.03.0023,21,165,active
#Gloucester_2H4,1.03.0024,4,33,active
#Gloucester_2H4,1.03.0025,3,26,active
#Gloucester_2H4,3.01.0062,28,182,active
#Gloucester_2H4,3.01.0066,2,14,active
#Gloucester_2H4,3.01.0067,12,90,active
#Gloucester_2H4,3.01.0071,12,85,active
#Gloucester_2H4,3.04.0087,1,8,active
#Gloucester_2H4,4.01.0090,7,55,active
#Gloucester_2H4,4.01.0091,3,23,active
#Gloucester_2H4,4.01.0092,17,116,active
#Gloucester_2H4,4.01.0093,10,70,active
#Gloucester_2H4,5.01.0112,13,96,active
#Gloucester_2H4,5.01.0113,5,40,active
#Gloucester_2H4,5.05.0133,10,74,active
#Gloucester_2H4,5.05.0134,1,10,active
#HenryVI_1H6,3.01.0062,10,71,active
#HenryVI_1H6,3.01.0064,3,22,active
#HenryVI_1H6,3.01.0067,15,111,active
#HenryVI_1H6,3.01.0071,14,104,active
#HenryVI_1H6,3.04.0087,14,105,active
#HenryVI_1H6,4.01.0091,3,24,active
#HenryVI_1H6,4.01.0092,10,80,active
#HenryVI_1H6,4.01.0093,50,374,active
#HenryVI_1H6,5.01.0112,14,101,active
#HenryVI_1H6,5.01.0113,12,84,active
#HenryVI_1H6,5.05.0133,35,254,active
#JAILERS.0.1_1H6,2.05.0059,3,22,active
#JAILERS.0.1_1H6,2.05.0060,1,8,active
#JohnTalbot_1H6,4.05.0105,31,262,active
#JohnTalbot_1H6,4.06.0106,16,138,active
#Lawyer_1H6,2.04.0055,3,25,active
#Lawyer_1H6,2.04.0057,1,4,active
#Legate_1H6,5.01.0114,1,7,active
#Lucy_1H6,4.03.0101,13,105,active
#Lucy_1H6,4.03.0102,7,47,active
#Lucy_1H6,4.04.0104,27,197,active
#Lucy_1H6,4.07.0110,32,237,active
#MESSENGERS.ENGLISH.1_1H6,1.01.0002,18,126,active
#MESSENGERS.ENGLISH.2_1H6,1.01.0004,7,54,active
#MESSENGERS.ENGLISH.3_1H6,1.01.0006,46,338,active
#MESSENGERS.ENGLISH.X.1_1H6,1.04.0031,4,33,active
#MESSENGERS.ENGLISH.X.2_1H6,4.03.0099,7,49,active
#MESSENGERS.FRENCH.1_1H6,2.02.0048,9,69,active
#MESSENGERS.FRENCH.1_1H6,2.03.0052,5,33,active
#MasterGunner_1H6,1.04.0027,18,138,active
#Mayor_1H6,1.03.0024,5,35,active
#Mayor_1H6,1.03.0025,2,16,active
#Mayor_1H6,1.03.0026,4,25,active
#Mayor_1H6,3.01.0063,10,75,active
#Mortimer_1H4,2.05.0058,17,125,active
#Mortimer_1H4,2.05.0059,12,83,active
#Mortimer_1H4,2.05.0060,59,443,active
#OFFICERS.0.1_1H6,1.03.0025,6,49,active
#Porter_1H6,2.03.0050,1,3,active
#Pucelle_1H6,1.02.0015,6,51,active
#Pucelle_1H6,1.02.0016,32,241,active
#Pucelle_1H6,1.02.0017,13,94,active
#Pucelle_1H6,1.05.0033,7,54,active
#Pucelle_1H6,1.06.0037,3,21,active
#Pucelle_1H6,2.01.0043,12,96,active
#Pucelle_1H6,3.02.0073,9,76,active
#Pucelle_1H6,3.02.0075,3,24,active
#Pucelle_1H6,3.02.0077,3,19,active
#Pucelle_1H6,3.02.0079,15,124,active
#Pucelle_1H6,3.03.0085,21,163,active
#Pucelle_1H6,3.03.0086,36,283,active
#Pucelle_1H6,4.07.0109,7,54,active
#Pucelle_1H6,4.07.0110,9,71,active
#Pucelle_1H6,5.02.0116,2,15,active
#Pucelle_1H6,5.02.0117,3,24,active
#Pucelle_1H6,5.03.0118,7,48,active
#Pucelle_1H6,5.03.0119,16,121,active
#Pucelle_1H6,5.03.0120,6,47,active
#Pucelle_1H6,5.03.0121,5,40,active
#Pucelle_1H6,5.04.0128,5,35,active
#Pucelle_1H6,5.04.0129,35,256,active
#QueenMargaret_1H6,5.03.0122,25,193,active
#QueenMargaret_1H6,5.03.0125,2,14,active
#QueenMargaret_1H6,5.03.0126,6,47,active
#Reignier_1H6,1.02.0011,5,40,active
#Reignier_1H6,1.02.0012,8,64,active
#Reignier_1H6,1.02.0015,2,18,active
#Reignier_1H6,1.02.0017,6,49,active
#Reignier_1H6,1.06.0038,4,31,active
#Reignier_1H6,2.01.0042,3,25,active
#Reignier_1H6,2.01.0043,1,6,active
#Reignier_1H6,3.02.0076,3,25,active
#Reignier_1H6,3.02.0077,3,20,active
#Reignier_1H6,5.03.0123,7,38,active
#Reignier_1H6,5.03.0125,13,98,active
#Reignier_1H6,5.04.0132,4,30,active
#SERVANTS.1_1H6,3.01.0068,1,5,active
#SERVANTS.2_1H6,3.01.0069,1,4,active
#SERVANTS.3_1H6,3.01.0070,2,9,active
#SERVANTS.GLOUCESTER.0.1_1H6,1.03.0020,1,7,active
#SERVANTS.GLOUCESTER.0.1_1H6,1.03.0021,1,7,active
#SERVANTS.GLOUCESTER.0.1_1H6,3.01.0066,2,8,active
#SERVANTS.GLOUCESTER.0.2_1H6,3.01.0067,8,65,active
#SERVANTS.GLOUCESTER_1H6,1.03.0022,2,18,active
#SERVANTS.TALBOT.1_1H6,4.07.0108,1,10,active
#SERVANTS.WINCHESTER.0.1_1H6,3.01.0065,2,13,active
#SERVANTS.WINCHESTER.0.1_1H6,3.01.0067,2,16,active
#SOLDIERS.ENGLISH.0.1_1H6,2.02.0049,1,7,active
#SOLDIERS.ENGLISH.1_1H6,2.01.0044,4,34,active
#SOLDIERS.ENGLISH.Captain_1H6,3.02.0081,2,16,active
#SOLDIERS.ENGLISH.Captain_1H6,3.02.0082,1,6,active
#SOLDIERS.ENGLISH.SOMERSET.0.1_1H6,4.04.0104,2,16,active
#SOLDIERS.FRENCH.PUCELLE.0.1_1H6,3.02.0074,3,21,active
#SOLDIERS.FRENCH.Scout_1H6,5.02.0117,5,31,active
#SOLDIERS.FRENCH.Sergeant_1H6,2.01.0039,4,31,active
#Salisbury_1H6,1.04.0029,15,113,active
#Shepherd_1H6,5.04.0128,25,201,active
#Somerset_1H6,2.04.0055,36,290,active
#Somerset_1H6,2.04.0056,1,7,active
#Somerset_1H6,3.01.0062,4,30,active
#Somerset_1H6,3.01.0071,1,7,active
#Somerset_1H6,4.01.0093,5,38,active
#Somerset_1H6,4.04.0103,9,70,active
#Somerset_1H6,4.04.0104,8,71,active
#Suffolk_1H6,2.04.0055,11,88,active
#Suffolk_1H6,3.01.0071,1,8,active
#Suffolk_1H6,5.03.0122,63,478,active
#Suffolk_1H6,5.03.0123,10,61,active
#Suffolk_1H6,5.03.0124,1,7,active
#Suffolk_1H6,5.03.0125,14,105,active
#Suffolk_1H6,5.03.0126,6,35,active
#Suffolk_1H6,5.03.0127,9,65,active
#Suffolk_1H6,5.05.0133,54,406,active
#Suffolk_1H6,5.05.0135,6,51,active
#Talbot_1H6,1.04.0029,49,387,active
#Talbot_1H6,1.04.0030,10,77,active
#Talbot_1H6,1.04.0031,8,59,active
#Talbot_1H6,1.05.0032,3,24,active
#Talbot_1H6,1.05.0033,8,68,active
#Talbot_1H6,1.05.0034,8,68,active
#Talbot_1H6,1.05.0035,11,83,active
#Talbot_1H6,1.05.0036,2,17,active
#Talbot_1H6,2.01.0041,20,144,active
#Talbot_1H6,2.02.0045,3,21,active
#Talbot_1H6,2.02.0046,11,83,active
#Talbot_1H6,2.02.0047,4,29,active
#Talbot_1H6,2.02.0048,11,75,active
#Talbot_1H6,2.03.0052,5,39,active
#Talbot_1H6,2.03.0053,14,92,active
#Talbot_1H6,2.03.0054,14,104,active
#Talbot_1H6,3.02.0078,5,35,active
#Talbot_1H6,3.02.0079,13,101,active
#Talbot_1H6,3.02.0080,19,144,active
#Talbot_1H6,3.02.0084,20,139,active
#Talbot_1H6,3.04.0087,12,85,active
#Talbot_1H6,4.01.0091,29,222,active
#Talbot_1H6,4.01.0092,4,33,active
#Talbot_1H6,4.02.0096,2,13,active
#Talbot_1H6,4.02.0097,12,90,active
#Talbot_1H6,4.02.0098,15,118,active
#Talbot_1H6,4.05.0105,24,196,active
#Talbot_1H6,4.06.0106,41,328,active
#Talbot_1H6,4.07.0107,16,119,active
#Talbot_1H6,4.07.0108,16,116,active
#Vernon_1H6,2.04.0055,10,82,active
#Vernon_1H6,2.04.0057,1,9,active
#Vernon_1H6,3.04.0088,6,50,active
#Vernon_1H6,3.04.0089,2,17,active
#Vernon_1H6,4.01.0093,10,79,active
#WARDERS.1_1H6,1.03.0019,1,6,active
#WARDERS.1_1H6,1.03.0021,2,16,active
#WARDERS.2_1H6,1.03.0021,1,9,active
#WATCHMEN.1_1H6,2.01.0039,1,3,active
#WATCHMEN.1_1H6,2.01.0040,3,19,active
#WATCHMEN.1_1H6,2.01.0041,1,7,active
#Warwick_2H4,2.04.0055,15,117,active
#Warwick_2H4,2.04.0057,12,94,active
#Warwick_2H4,3.01.0062,7,49,active
#Warwick_2H4,3.01.0067,13,95,active
#Warwick_2H4,3.01.0071,6,41,active
#Warwick_2H4,4.01.0094,4,33,active
#Warwick_2H4,5.04.0128,1,6,active
#Warwick_2H4,5.04.0129,10,75,active
#Warwick_2H4,5.04.0131,3,24,active
#Warwick_2H4,5.04.0132,1,8,active
#Watchman_1H6,3.02.0075,2,10,active
#Woodville_1H6,1.03.0022,5,38,active
#York_1H6,2.04.0055,39,297,active
#York_1H6,2.04.0057,6,45,active
#York_1H6,2.05.0060,29,216,active
#York_1H6,2.05.0061,8,59,active
#York_1H6,3.01.0062,4,32,active
#York_1H6,3.01.0071,5,37,active
#York_1H6,4.01.0093,5,38,active
#York_1H6,4.01.0094,4,33,active
#York_1H6,4.03.0099,2,15,active
#York_1H6,4.03.0100,8,53,active
#York_1H6,4.03.0101,17,133,active
#York_1H6,5.03.0121,10,82,active
#York_1H6,5.04.0128,3,24,active
#York_1H6,5.04.0129,13,101,active
#York_1H6,5.04.0130,2,14,active
#York_1H6,5.04.0131,11,80,active
#York_1H6,5.04.0132,18,126,active
1.01.0001,#ATTENDANTS.ENGLISH_1H6,57,434,passive
1.01.0001,#Bedford_H5,36,276,passive
1.01.0001,#CardinalBeaufort_1H6,48,361,passive
1.01.0001,#Exeter_H5,46,359,passive
1.01.0001,#Gloucester_2H4,41,306,passive
1.01.0001,#HERALDS.ENGLISH_1H6,57,434,passive
1.01.0001,#Somerset_1H6,57,434,passive
1.01.0001,#Warwick_2H4,57,434,passive
1.01.0002,#ATTENDANTS.ENGLISH_1H6,26,185,passive
1.01.0002,#Bedford_H5,23,158,passive
1.01.0002,#CardinalBeaufort_1H6,26,185,passive
1.01.0002,#Exeter_H5,25,177,passive
1.01.0002,#Gloucester_2H4,22,161,passive
1.01.0002,#HERALDS.ENGLISH_1H6,26,185,passive
1.01.0002,#MESSENGERS.ENGLISH.1_1H6,8,59,passive
1.01.0002,#Somerset_1H6,26,185,passive
1.01.0002,#Warwick_2H4,26,185,passive
1.01.0003,#ATTENDANTS.ENGLISH_1H6,7,52,passive
1.01.0003,#Bedford_H5,2,15,passive
1.01.0003,#CardinalBeaufort_1H6,7,52,passive
1.01.0003,#Exeter_H5,5,37,passive
1.01.0003,#Gloucester_2H4,7,52,passive
1.01.0003,#HERALDS.ENGLISH_1H6,7,52,passive
1.01.0003,#Somerset_1H6,7,52,passive
1.01.0003,#Warwick_2H4,7,52,passive
1.01.0004,#ATTENDANTS.ENGLISH_1H6,7,54,passive
1.01.0004,#Bedford_H5,7,54,passive
1.01.0004,#CardinalBeaufort_1H6,7,54,passive
1.01.0004,#Exeter_H5,7,54,passive
1.01.0004,#Gloucester_2H4,7,54,passive
1.01.0004,#HERALDS.ENGLISH_1H6,7,54,passive
1.01.0004,#Somerset_1H6,7,54,passive
1.01.0004,#Warwick_2H4,7,54,passive
1.01.0005,#ATTENDANTS.ENGLISH_1H6,7,54,passive
1.01.0005,#Bedford_H5,4,34,passive
1.01.0005,#CardinalBeaufort_1H6,7,54,passive
1.01.0005,#Exeter_H5,5,38,passive
1.01.0005,#Gloucester_2H4,5,36,passive
1.01.0005,#HERALDS.ENGLISH_1H6,7,54,passive
1.01.0005,#Somerset_1H6,7,54,passive
1.01.0005,#Warwick_2H4,7,54,passive
1.01.0006,#ATTENDANTS.ENGLISH_1H6,60,450,passive
1.01.0006,#Bedford_H5,47,345,passive
1.01.0006,#CardinalBeaufort_1H6,59,443,passive
1.01.0006,#Exeter_H5,60,450,passive
1.01.0006,#Gloucester_2H4,60,450,passive
1.01.0006,#HERALDS.ENGLISH_1H6,60,450,passive
1.01.0006,#MESSENGERS.ENGLISH.3_1H6,14,112,passive
1.01.0006,#Somerset_1H6,60,450,passive
1.01.0006,#Warwick_2H4,60,450,passive
1.01.0007,#ATTENDANTS.ENGLISH_1H6,5,35,passive
1.01.0007,#Bedford_H5,3,21,passive
1.01.0007,#CardinalBeaufort_1H6,5,35,passive
1.01.0007,#Exeter_H5,2,14,passive
1.01.0007,#Gloucester_2H4,5,35,passive
1.01.0007,#HERALDS.ENGLISH_1H6,5,35,passive
1.01.0007,#Somerset_1H6,5,35,passive
1.01.0007,#Warwick_2H4,5,35,passive
1.01.0008,#ATTENDANTS.ENGLISH_1H6,3,24,passive
1.01.0008,#CardinalBeaufort_1H6,3,24,passive
1.01.0008,#Exeter_H5,3,24,passive
1.01.0008,#HERALDS.ENGLISH_1H6,3,24,passive
1.01.0008,#Somerset_1H6,3,24,passive
1.01.0008,#Warwick_2H4,3,24,passive
1.01.0009,#ATTENDANTS.ENGLISH_1H6,3,22,passive
1.01.0009,#CardinalBeaufort_1H6,3,22,passive
1.01.0009,#HERALDS.ENGLISH_1H6,3,22,passive
1.01.0009,#Somerset_1H6,3,22,passive
1.01.0009,#Warwick_2H4,3,22,passive
1.01.0010,#ATTENDANTS.ENGLISH_1H6,5,39,passive
1.01.0010,#HERALDS.ENGLISH_1H6,5,39,passive
1.01.0010,#Somerset_1H6,5,39,passive
1.01.0010,#Warwick_2H4,5,39,passive
1.02.0011,#Alanson_1H6,17,139,passive
1.02.0011,#Charles_1H6,9,72,passive
1.02.0011,#Reignier_1H6,16,131,passive
1.02.0011,#SOLDIERS.FRENCH_1H6,21,171,passive
1.02.0012,#Alanson_1H6,15,124,passive
1.02.0012,#Charles_1H6,17,121,passive
1.02.0012,#Reignier_1H6,16,117,passive
1.02.0013,#Alanson_1H6,15,114,passive
1.02.0013,#Bastard_1H6,2,11,passive
1.02.0013,#Charles_1H6,13,103,passive
1.02.0013,#Reignier_1H6,15,114,passive
1.02.0014,#Alanson_1H6,4,32,passive
1.02.0014,#Reignier_1H6,4,32,passive
1.02.0015,#Alanson_1H6,8,69,passive
1.02.0015,#Bastard_1H6,8,69,passive
1.02.0015,#Charles_1H6,8,69,passive
1.02.0015,#Pucelle_1H6,2,18,passive
1.02.0015,#Reignier_1H6,6,51,passive
1.02.0016,#Charles_1H6,32,241,passive
1.02.0016,#Pucelle_1H6,15,115,passive
1.02.0017,#Alanson_1H6,28,212,passive
1.02.0017,#Charles_1H6,25,187,passive
1.02.0017,#Pucelle_1H6,21,162,passive
1.02.0017,#Reignier_1H6,28,207,passive
1.03.0018,#SERVANTS.GLOUCESTER_1H6,4,33,passive
1.03.0019,#Gloucester_2H4,1,6,passive
1.03.0019,#SERVANTS.GLOUCESTER_1H6,1,6,passive
1.03.0020,#Gloucester_2H4,1,7,passive
1.03.0020,#SERVANTS.GLOUCESTER_1H6,1,7,passive
1.03.0020,#WARDERS.1_1H6,1,7,passive
1.03.0021,#Gloucester_2H4,4,32,passive
1.03.0021,#SERVANTS.GLOUCESTER.0.1_1H6,7,58,passive
1.03.0021,#SERVANTS.GLOUCESTER_1H6,8,65,passive
1.03.0021,#WARDERS.1_1H6,6,49,passive
1.03.0021,#WARDERS.2_1H6,7,56,passive
1.03.0022,#Gloucester_2H4,7,56,passive
1.03.0022,#SERVANTS.GLOUCESTER.0.1_1H6,14,110,passive
1.03.0022,#SERVANTS.GLOUCESTER_1H6,12,92,passive
1.03.0022,#WARDERS.1_1H6,14,110,passive
1.03.0022,#WARDERS.2_1H6,14,110,passive
1.03.0022,#Woodville_1H6,9,72,passive
1.03.0023,#CardinalBeaufort_1H6,21,165,passive
1.03.0023,#Gloucester_2H4,8,64,passive
1.03.0023,#SERVANTS.GLOUCESTER.0.1_1H6,29,229,passive
1.03.0023,#SERVANTS.GLOUCESTER_1H6,29,229,passive
1.03.0023,#SERVANTS.WINCHESTER_1H6,29,229,passive
1.03.0023,#WARDERS.1_1H6,29,229,passive
1.03.0023,#WARDERS.2_1H6,29,229,passive
1.03.0023,#Woodville_1H6,29,229,passive
1.03.0024,#CardinalBeaufort_1H6,9,68,passive
1.03.0024,#Gloucester_2H4,12,85,passive
1.03.0024,#Mayor_1H6,11,83,passive
1.03.0024,#OFFICERS_1H6,16,118,passive
1.03.0024,#SERVANTS.GLOUCESTER.0.1_1H6,16,118,passive
1.03.0024,#SERVANTS.GLOUCESTER_1H6,16,118,passive
1.03.0024,#SERVANTS.WINCHESTER_1H6,16,118,passive
1.03.0024,#WARDERS.1_1H6,16,118,passive
1.03.0024,#WARDERS.2_1H6,16,118,passive
1.03.0024,#Woodville_1H6,16,118,passive
1.03.0025,#CardinalBeaufort_1H6,11,91,passive
1.03.0025,#Gloucester_2H4,12,95,passive
1.03.0025,#Mayor_1H6,13,105,passive
1.03.0025,#OFFICERS.0.1_1H6,9,72,passive
1.03.0025,#OFFICERS_1H6,15,121,passive
1.03.0025,#SERVANTS.GLOUCESTER.0.1_1H6,15,121,passive
1.03.0025,#SERVANTS.GLOUCESTER_1H6,15,121,passive
1.03.0025,#SERVANTS.WINCHESTER_1H6,15,121,passive
1.03.0025,#WARDERS.1_1H6,15,121,passive
1.03.0025,#WARDERS.2_1H6,15,121,passive
1.03.0025,#Woodville_1H6,15,121,passive
1.03.0026,#OFFICERS.0.1_1H6,4,25,passive
1.03.0026,#OFFICERS_1H6,4,25,passive
1.03.0026,#SERVANTS.GLOUCESTER.0.1_1H6,4,25,passive
1.03.0026,#WARDERS.1_1H6,4,25,passive
1.03.0026,#WARDERS.2_1H6,4,25,passive
1.03.0026,#Woodville_1H6,4,25,passive
1.04.0027,#Boy_1H6,18,138,passive
1.04.0027,#MasterGunner_1H6,2,15,passive
1.04.0029,#ATTENDANTS.ENGLISH_1H6,67,527,passive
1.04.0029,#Gargrave_1H6,65,509,passive
1.04.0029,#Glansdale_1H6,66,518,passive
1.04.0029,#Salisbury_1H6,52,414,passive
1.04.0029,#Talbot_1H6,18,140,passive
1.04.0030,#Glansdale_1H6,10,77,passive
1.04.0030,#Salisbury_1H6,10,77,passive
1.04.0031,#Glansdale_1H6,12,92,passive
1.04.0031,#MESSENGERS.ENGLISH.X.1_1H6,8,59,passive
1.04.0031,#Salisbury_1H6,12,92,passive
1.04.0031,#Talbot_1H6,4,33,passive
1.05.0033,#Pucelle_1H6,8,68,passive
1.05.0033,#SOLDIERS.FRENCH_1H6,15,122,passive
1.05.0033,#Talbot_1H6,7,54,passive
1.05.0035,#SOLDIERS.ENGLISH_1H6,11,83,passive
1.05.0035,#SOLDIERS.FRENCH_1H6,11,83,passive
1.06.0037,#Alanson_1H6,3,21,passive
1.06.0037,#Charles_1H6,3,21,passive
1.06.0037,#Reignier_1H6,3,21,passive
1.06.0037,#SOLDIERS.FRENCH_1H6,3,21,passive
1.06.0038,#Alanson_1H6,26,189,passive
1.06.0038,#Charles_1H6,6,50,passive
1.06.0038,#Reignier_1H6,24,177,passive
1.06.0038,#SOLDIERS.FRENCH_1H6,28,208,passive
2.01.0039,#SOLDIERS.FRENCH.Sergeant_1H6,1,3,passive
2.01.0039,#WATCHMEN.1_1H6,4,31,passive
2.01.0039,#WATCHMEN.2_1H6,5,34,passive
2.01.0040,#WATCHMEN.2_1H6,3,19,passive
2.01.0041,#Bedford_H5,27,191,passive
2.01.0041,#Burgundy_1H6,27,193,passive
2.01.0041,#Talbot_1H6,13,89,passive
2.01.0041,#WATCHMEN.1_1H6,32,226,passive
2.01.0041,#WATCHMEN.2_1H6,33,233,passive
2.01.0042,#Alanson_1H6,5,42,passive
2.01.0042,#Bastard_1H6,8,62,passive
2.01.0042,#Reignier_1H6,7,54,passive
2.01.0043,#Alanson_1H6,27,205,passive
2.01.0043,#Bastard_1H6,28,217,passive
2.01.0043,#Charles_1H6,18,134,passive
2.01.0043,#Pucelle_1H6,18,131,passive
2.01.0043,#Reignier_1H6,29,221,passive
2.02.0045,#Bedford_H5,3,21,passive
2.02.0045,#Burgundy_1H6,6,44,passive
2.02.0045,#SOLDIERS.ENGLISH_1H6,6,44,passive
2.02.0045,#Talbot_1H6,3,23,passive
2.02.0046,#Bedford_H5,11,83,passive
2.02.0046,#Burgundy_1H6,11,83,passive
2.02.0046,#SOLDIERS.ENGLISH.0_1H6,11,83,passive
2.02.0046,#SOLDIERS.ENGLISH_1H6,11,83,passive
2.02.0046,#Salisbury_1H6,11,83,passive
2.02.0047,#Bedford_H5,12,93,passive
2.02.0047,#Burgundy_1H6,8,62,passive
2.02.0047,#SOLDIERS.ENGLISH_1H6,16,126,passive
2.02.0047,#Talbot_1H6,12,97,passive
2.02.0048,#Bedford_H5,24,177,passive
2.02.0048,#Burgundy_1H6,23,166,passive
2.02.0048,#MESSENGERS.FRENCH.1_1H6,18,130,passive
2.02.0048,#SOLDIERS.ENGLISH_1H6,27,199,passive
2.02.0048,#Talbot_1H6,16,124,passive
2.02.0049,#Bedford_H5,1,7,passive
2.02.0049,#Burgundy_1H6,1,7,passive
2.02.0049,#MESSENGERS.FRENCH.1_1H6,1,7,passive
2.02.0049,#SOLDIERS.ENGLISH_1H6,1,7,passive
2.02.0049,#Talbot_1H6,1,7,passive
2.03.0050,#Countess_1H6,1,3,passive
2.03.0050,#Porter_1H6,2,18,passive
2.03.0052,#Countess_1H6,10,72,passive
2.03.0052,#MESSENGERS.FRENCH.1_1H6,17,133,passive
2.03.0052,#Talbot_1H6,17,127,passive
2.03.0053,#Countess_1H6,14,92,passive
2.03.0053,#MESSENGERS.FRENCH.1_1H6,30,211,passive
2.03.0053,#Porter_1H6,30,211,passive
2.03.0053,#Talbot_1H6,16,119,passive
2.03.0054,#Countess_1H6,14,104,passive
2.03.0054,#MESSENGERS.FRENCH.1_1H6,22,167,passive
2.03.0054,#Porter_1H6,22,167,passive
2.03.0054,#SOLDIERS.ENGLISH_1H6,22,167,passive
2.03.0054,#Talbot_1H6,8,63,passive
2.04.0055,#Lawyer_1H6,111,874,passive
2.04.0055,#Somerset_1H6,78,609,passive
2.04.0055,#Suffolk_1H6,103,811,passive
2.04.0055,#Vernon_1H6,104,817,passive
2.04.0055,#Warwick_2H4,99,782,passive
2.04.0055,#York_1H6,75,602,passive
2.04.0056,#Lawyer_1H6,1,7,passive
2.04.0056,#Vernon_1H6,1,7,passive
2.04.0056,#Warwick_2H4,1,7,passive
2.04.0056,#York_1H6,1,7,passive
2.04.0057,#Lawyer_1H6,19,148,passive
2.04.0057,#Vernon_1H6,19,143,passive
2.04.0057,#Warwick_2H4,8,58,passive
2.04.0057,#York_1H6,14,107,passive
2.05.0058,#JAILERS_1H6,17,125,passive
2.05.0059,#JAILERS.0.1_1H6,12,83,passive
2.05.0059,#JAILERS_1H6,15,105,passive
2.05.0059,#Mortimer_1H4,3,22,passive
2.05.0060,#JAILERS.0.1_1H6,88,659,passive
2.05.0060,#JAILERS_1H6,89,667,passive
2.05.0060,#Mortimer_1H4,30,224,passive
2.05.0060,#York_1H6,60,451,passive
2.05.0061,#JAILERS.0.1_1H6,8,59,passive
3.01.0062,#CardinalBeaufort_1H6,53,364,passive
3.01.0062,#Exeter_H5,80,560,passive
3.01.0062,#Gloucester_2H4,52,378,passive
3.01.0062,#HenryVI_1H6,70,489,passive
3.01.0062,#Somerset_1H6,76,530,passive
3.01.0062,#Suffolk_1H6,80,560,passive
3.01.0062,#Warwick_2H4,73,511,passive
3.01.0062,#York_1H6,76,528,passive
3.01.0063,#CardinalBeaufort_1H6,10,75,passive
3.01.0063,#Exeter_H5,10,75,passive
3.01.0063,#Gloucester_2H4,10,75,passive
3.01.0063,#HenryVI_1H6,10,75,passive
3.01.0063,#Somerset_1H6,10,75,passive
3.01.0063,#Suffolk_1H6,10,75,passive
3.01.0063,#Warwick_2H4,10,75,passive
3.01.0063,#York_1H6,10,75,passive
3.01.0064,#CardinalBeaufort_1H6,3,22,passive
3.01.0064,#Exeter_H5,3,22,passive
3.01.0064,#Gloucester_2H4,3,22,passive
3.01.0064,#Mayor_1H6,3,22,passive
3.01.0064,#SERVANTS.GLOUCESTER_1H6,3,22,passive
3.01.0064,#SERVANTS.WINCHESTER_1H6,3,22,passive
3.01.0064,#Somerset_1H6,3,22,passive
3.01.0064,#Suffolk_1H6,3,22,passive
3.01.0064,#Warwick_2H4,3,22,passive
3.01.0064,#York_1H6,3,22,passive
3.01.0065,#CardinalBeaufort_1H6,2,13,passive
3.01.0065,#Exeter_H5,2,13,passive
3.01.0065,#Gloucester_2H4,2,13,passive
3.01.0065,#HenryVI_1H6,2,13,passive
3.01.0065,#Mayor_1H6,2,13,passive
3.01.0065,#SERVANTS.GLOUCESTER_1H6,2,13,passive
3.01.0065,#SERVANTS.WINCHESTER_1H6,2,13,passive
3.01.0065,#Somerset_1H6,2,13,passive
3.01.0065,#Suffolk_1H6,2,13,passive
3.01.0065,#Warwick_2H4,2,13,passive
3.01.0065,#York_1H6,2,13,passive
3.01.0066,#CardinalBeaufort_1H6,4,22,passive
3.01.0066,#Exeter_H5,4,22,passive
3.01.0066,#Gloucester_2H4,2,8,passive
3.01.0066,#HenryVI_1H6,4,22,passive
3.01.0066,#Mayor_1H6,4,22,passive
3.01.0066,#SERVANTS.GLOUCESTER.0.1_1H6,2,14,passive
3.01.0066,#SERVANTS.GLOUCESTER_1H6,4,22,passive
3.01.0066,#SERVANTS.WINCHESTER.0.1_1H6,4,22,passive
3.01.0066,#SERVANTS.WINCHESTER_1H6,4,22,passive
3.01.0066,#Somerset_1H6,4,22,passive
3.01.0066,#Suffolk_1H6,4,22,passive
3.01.0066,#Warwick_2H4,4,22,passive
3.01.0066,#York_1H6,4,22,passive
3.01.0067,#CardinalBeaufort_1H6,50,377,passive
3.01.0067,#Exeter_H5,54,413,passive
3.01.0067,#Gloucester_2H4,42,323,passive
3.01.0067,#HenryVI_1H6,39,302,passive
3.01.0067,#Mayor_1H6,54,413,passive
3.01.0067,#SERVANTS.GLOUCESTER.0.1_1H6,54,413,passive
3.01.0067,#SERVANTS.GLOUCESTER.0.2_1H6,46,348,passive
3.01.0067,#SERVANTS.GLOUCESTER_1H6,54,413,passive
3.01.0067,#SERVANTS.WINCHESTER.0.1_1H6,52,397,passive
3.01.0067,#SERVANTS.WINCHESTER_1H6,54,413,passive
3.01.0067,#Somerset_1H6,54,413,passive
3.01.0067,#Suffolk_1H6,54,413,passive
3.01.0067,#Warwick_2H4,41,318,passive
3.01.0067,#York_1H6,54,413,passive
3.01.0068,#CardinalBeaufort_1H6,1,5,passive
3.01.0068,#Exeter_H5,1,5,passive
3.01.0068,#Gloucester_2H4,1,5,passive
3.01.0068,#HenryVI_1H6,1,5,passive
3.01.0068,#Mayor_1H6,1,5,passive
3.01.0068,#SERVANTS.GLOUCESTER.0.1_1H6,1,5,passive
3.01.0068,#SERVANTS.GLOUCESTER.0.2_1H6,1,5,passive
3.01.0068,#SERVANTS.GLOUCESTER_1H6,1,5,passive
3.01.0068,#SERVANTS.WINCHESTER.0.1_1H6,1,5,passive
3.01.0068,#SERVANTS.WINCHESTER_1H6,1,5,passive
3.01.0068,#Somerset_1H6,1,5,passive
3.01.0068,#Suffolk_1H6,1,5,passive
3.01.0068,#Warwick_2H4,1,5,passive
3.01.0068,#York_1H6,1,5,passive
3.01.0069,#CardinalBeaufort_1H6,1,4,passive
3.01.0069,#Exeter_H5,1,4,passive
3.01.0069,#Gloucester_2H4,1,4,passive
3.01.0069,#HenryVI_1H6,1,4,passive
3.01.0069,#Mayor_1H6,1,4,passive
3.01.0069,#SERVANTS.1_1H6,1,4,passive
3.01.0069,#SERVANTS.GLOUCESTER.0.1_1H6,1,4,passive
3.01.0069,#SERVANTS.GLOUCESTER.0.2_1H6,1,4,passive
3.01.0069,#SERVANTS.GLOUCESTER_1H6,1,4,passive
3.01.0069,#SERVANTS.WINCHESTER.0.1_1H6,1,4,passive
3.01.0069,#SERVANTS.WINCHESTER_1H6,1,4,passive
3.01.0069,#Somerset_1H6,1,4,passive
3.01.0069,#Suffolk_1H6,1,4,passive
3.01.0069,#Warwick_2H4,1,4,passive
3.01.0069,#York_1H6,1,4,passive
3.01.0070,#CardinalBeaufort_1H6,2,9,passive
3.01.0070,#Exeter_H5,2,9,passive
3.01.0070,#Gloucester_2H4,2,9,passive
3.01.0070,#HenryVI_1H6,2,9,passive
3.01.0070,#Mayor_1H6,2,9,passive
3.01.0070,#SERVANTS.1_1H6,2,9,passive
3.01.0070,#SERVANTS.2_1H6,2,9,passive
3.01.0070,#SERVANTS.GLOUCESTER.0.1_1H6,2,9,passive
3.01.0070,#SERVANTS.GLOUCESTER.0.2_1H6,2,9,passive
3.01.0070,#SERVANTS.GLOUCESTER_1H6,2,9,passive
3.01.0070,#SERVANTS.WINCHESTER.0.1_1H6,2,9,passive
3.01.0070,#SERVANTS.WINCHESTER_1H6,2,9,passive
3.01.0070,#Somerset_1H6,2,9,passive
3.01.0070,#Suffolk_1H6,2,9,passive
3.01.0070,#Warwick_2H4,2,9,passive
3.01.0070,#York_1H6,2,9,passive
3.01.0071,#CardinalBeaufort_1H6,36,258,passive
3.01.0071,#Exeter_H5,37,265,passive
3.01.0071,#Gloucester_2H4,26,188,passive
3.01.0071,#HenryVI_1H6,24,169,passive
3.01.0071,#SERVANTS.1_1H6,38,273,passive
3.01.0071,#SERVANTS.2_1H6,38,273,passive
3.01.0071,#SERVANTS.3_1H6,38,273,passive
3.01.0071,#SERVANTS.GLOUCESTER.0.1_1H6,38,273,passive
3.01.0071,#SERVANTS.GLOUCESTER.0.2_1H6,38,273,passive
3.01.0071,#SERVANTS.WINCHESTER.0.1_1H6,38,273,passive
3.01.0071,#Somerset_1H6,37,266,passive
3.01.0071,#Suffolk_1H6,37,265,passive
3.01.0071,#Warwick_2H4,32,232,passive
3.01.0071,#York_1H6,33,236,passive
3.01.0072,#SERVANTS.1_1H6,15,118,passive
3.01.0072,#SERVANTS.2_1H6,15,118,passive
3.01.0072,#SERVANTS.3_1H6,15,118,passive
3.01.0072,#SERVANTS.GLOUCESTER.0.1_1H6,15,118,passive
3.01.0072,#SERVANTS.GLOUCESTER.0.2_1H6,15,118,passive
3.01.0072,#SERVANTS.WINCHESTER.0.1_1H6,15,118,passive
3.02.0073,#SOLDIERS.FRENCH.PUCELLE_1H6,9,76,passive
3.02.0074,#Pucelle_1H6,3,21,passive
3.02.0074,#SOLDIERS.FRENCH.PUCELLE_1H6,3,21,passive
3.02.0075,#Pucelle_1H6,2,10,passive
3.02.0075,#SOLDIERS.FRENCH.PUCELLE.0.1_1H6,5,34,passive
3.02.0075,#SOLDIERS.FRENCH.PUCELLE_1H6,5,34,passive
3.02.0075,#Watchman_1H6,3,24,passive
3.02.0076,#Alanson_1H6,8,61,passive
3.02.0076,#Bastard_1H6,5,39,passive
3.02.0076,#Charles_1H6,6,47,passive
3.02.0076,#Reignier_1H6,5,36,passive
3.02.0076,#SOLDIERS.FRENCH.PUCELLE.0.1_1H6,8,61,passive
3.02.0076,#SOLDIERS.FRENCH_1H6,8,61,passive
3.02.0076,#Watchman_1H6,8,61,passive
3.02.0077,#Alanson_1H6,10,71,passive
3.02.0077,#Bastard_1H6,8,56,passive
3.02.0077,#Charles_1H6,8,54,passive
3.02.0077,#Pucelle_1H6,7,52,passive
3.02.0077,#Reignier_1H6,7,51,passive
3.02.0077,#SOLDIERS.FRENCH.PUCELLE.0.1_1H6,10,71,passive
3.02.0077,#SOLDIERS.FRENCH_1H6,10,71,passive
3.02.0077,#Watchman_1H6,10,71,passive
3.02.0078,#SOLDIERS.FRENCH.PUCELLE.0.1_1H6,5,35,passive
3.02.0078,#Watchman_1H6,5,35,passive
3.02.0079,#ATTENDANTS.ENGLISH_1H6,34,270,passive
3.02.0079,#Alanson_1H6,33,268,passive
3.02.0079,#Bastard_1H6,34,270,passive
3.02.0079,#Bedford_H5,33,261,passive
3.02.0079,#Burgundy_1H6,31,244,passive
3.02.0079,#Charles_1H6,33,262,passive
3.02.0079,#Pucelle_1H6,19,146,passive
3.02.0079,#Reignier_1H6,34,270,passive
3.02.0079,#SOLDIERS.FRENCH.PUCELLE.0.1_1H6,34,270,passive
3.02.0079,#Talbot_1H6,21,169,passive
3.02.0079,#Watchman_1H6,34,270,passive
3.02.0080,#ATTENDANTS.ENGLISH_1H6,29,223,passive
3.02.0080,#Bedford_H5,21,159,passive
3.02.0080,#Burgundy_1H6,27,208,passive
3.02.0080,#SOLDIERS.FRENCH.PUCELLE.0.1_1H6,29,223,passive
3.02.0080,#Talbot_1H6,10,79,passive
3.02.0080,#Watchman_1H6,29,223,passive
3.02.0081,#ATTENDANTS.ENGLISH_1H6,6,42,passive
3.02.0081,#Bedford_H5,6,42,passive
3.02.0081,#Fastolf_1H6,2,16,passive
3.02.0081,#SOLDIERS.ENGLISH.Captain_1H6,4,26,passive
3.02.0081,#SOLDIERS.FRENCH.PUCELLE.0.1_1H6,6,42,passive
3.02.0081,#Watchman_1H6,6,42,passive
3.02.0082,#ATTENDANTS.ENGLISH_1H6,1,6,passive
3.02.0082,#Bedford_H5,1,6,passive
3.02.0082,#SOLDIERS.FRENCH.PUCELLE.0.1_1H6,1,6,passive
3.02.0082,#Watchman_1H6,1,6,passive
3.02.0083,#ATTENDANTS.ENGLISH_1H6,5,41,passive
3.02.0083,#SOLDIERS.FRENCH.PUCELLE.0.1_1H6,5,41,passive
3.02.0083,#Watchman_1H6,5,41,passive
3.02.0084,#Burgundy_1H6,20,139,passive
3.02.0084,#SOLDIERS.ENGLISH_1H6,24,164,passive
3.02.0084,#SOLDIERS.FRENCH.PUCELLE.0.1_1H6,24,164,passive
3.02.0084,#Talbot_1H6,4,25,passive
3.02.0084,#Watchman_1H6,24,164,passive
3.03.0085,#Alanson_1H6,31,237,passive
3.03.0085,#Bastard_1H6,34,260,passive
3.03.0085,#Charles_1H6,28,218,passive
3.03.0085,#Pucelle_1H6,15,113,passive
3.03.0085,#SOLDIERS.FRENCH_1H6,36,276,passive
3.03.0086,#Alanson_1H6,53,413,passive
3.03.0086,#Bastard_1H6,54,420,passive
3.03.0086,#Burgundy_1H6,43,340,passive
3.03.0086,#Charles_1H6,51,394,passive
3.03.0086,#Pucelle_1H6,19,145,passive
3.03.0086,#SOLDIERS.FRENCH_1H6,55,428,passive
3.04.0087,#Basset_1H6,27,198,passive
3.04.0087,#CardinalBeaufort_1H6,27,198,passive
3.04.0087,#Exeter_H5,27,198,passive
3.04.0087,#Gloucester_2H4,26,190,passive
3.04.0087,#HenryVI_1H6,13,93,passive
3.04.0087,#SOLDIERS.ENGLISH_1H6,27,198,passive
3.04.0087,#Somerset_1H6,27,198,passive
3.04.0087,#Suffolk_1H6,27,198,passive
3.04.0087,#Talbot_1H6,15,113,passive
3.04.0087,#Vernon_1H6,27,198,passive
3.04.0087,#Warwick_2H4,27,198,passive
3.04.0087,#York_1H6,27,198,passive
3.04.0088,#Basset_1H6,6,50,passive
3.04.0088,#Vernon_1H6,10,83,passive
4.01.0090,#CardinalBeaufort_1H6,7,55,passive
4.01.0090,#Exeter_H5,8,64,passive
4.01.0090,#Gloucester_2H4,1,9,passive
4.01.0090,#Governor_1H6,8,64,passive
4.01.0090,#HenryVI_1H6,8,64,passive
4.01.0090,#Somerset_1H6,8,64,passive
4.01.0090,#Suffolk_1H6,8,64,passive
4.01.0090,#Talbot_1H6,8,64,passive
4.01.0090,#Warwick_2H4,8,64,passive
4.01.0090,#York_1H6,8,64,passive
4.01.0091,#CardinalBeaufort_1H6,39,298,passive
4.01.0091,#Exeter_H5,39,298,passive
4.01.0091,#Fastolf_1H6,35,269,passive
4.01.0091,#Gloucester_2H4,36,275,passive
4.01.0091,#Governor_1H6,39,298,passive
4.01.0091,#HenryVI_1H6,36,274,passive
4.01.0091,#Somerset_1H6,39,298,passive
4.01.0091,#Suffolk_1H6,39,298,passive
4.01.0091,#Talbot_1H6,10,76,passive
4.01.0091,#Warwick_2H4,39,298,passive
4.01.0091,#York_1H6,39,298,passive
4.01.0092,#CardinalBeaufort_1H6,31,229,passive
4.01.0092,#Exeter_H5,31,229,passive
4.01.0092,#Gloucester_2H4,14,113,passive
4.01.0092,#Governor_1H6,31,229,passive
4.01.0092,#HenryVI_1H6,21,149,passive
4.01.0092,#Somerset_1H6,31,229,passive
4.01.0092,#Suffolk_1H6,31,229,passive
4.01.0092,#Talbot_1H6,27,196,passive
4.01.0092,#Warwick_2H4,31,229,passive
4.01.0092,#York_1H6,31,229,passive
4.01.0093,#Basset_1H6,81,608,passive
4.01.0093,#CardinalBeaufort_1H6,96,716,passive
4.01.0093,#Exeter_H5,95,707,passive
4.01.0093,#Gloucester_2H4,86,646,passive
4.01.0093,#Governor_1H6,96,716,passive
4.01.0093,#HenryVI_1H6,46,342,passive
4.01.0093,#Somerset_1H6,91,678,passive
4.01.0093,#Suffolk_1H6,96,716,passive
4.01.0093,#Vernon_1H6,86,637,passive
4.01.0093,#Warwick_2H4,96,716,passive
4.01.0093,#York_1H6,91,678,passive
4.01.0094,#Exeter_H5,8,66,passive
4.01.0094,#Vernon_1H6,8,66,passive
4.01.0094,#Warwick_2H4,4,33,passive
4.01.0094,#York_1H6,4,33,passive
4.02.0096,#SOLDIERS.ENGLISH_1H6,2,13,passive
4.02.0097,#General_1H6,12,90,passive
4.02.0097,#SOLDIERS.ENGLISH_1H6,39,292,passive
4.02.0097,#SOLDIERS.FRENCH_1H6,39,292,passive
4.02.0097,#Talbot_1H6,27,202,passive
4.02.0098,#SOLDIERS.ENGLISH_1H6,15,118,passive
4.03.0099,#MESSENGERS.ENGLISH.X.2_1H6,2,15,passive
4.03.0099,#SOLDIERS.ENGLISH.YORK_1H6,9,64,passive
4.03.0099,#York_1H6,7,49,passive
4.03.0100,#SOLDIERS.ENGLISH.YORK_1H6,8,53,passive
4.03.0101,#Lucy_1H6,17,133,passive
4.03.0101,#SOLDIERS.ENGLISH.YORK_1H6,30,238,passive
4.03.0101,#York_1H6,13,105,passive
4.04.0103,#SOLDIERS.ENGLISH.SOMERSET_1H6,9,70,passive
4.04.0104,#Lucy_1H6,10,87,passive
4.04.0104,#SOLDIERS.ENGLISH.SOMERSET.0.1_1H6,35,268,passive
4.04.0104,#SOLDIERS.ENGLISH.SOMERSET_1H6,37,284,passive
4.04.0104,#Somerset_1H6,29,213,passive
4.05.0105,#JohnTalbot_1H6,24,196,passive
4.05.0105,#Talbot_1H6,31,262,passive
4.06.0106,#JohnTalbot_1H6,41,328,passive
4.06.0106,#Talbot_1H6,16,138,passive
4.07.0107,#SERVANTS.TALBOT.1_1H6,16,119,passive
4.07.0108,#JohnTalbot_1H6,17,126,passive
4.07.0108,#SERVANTS.TALBOT.1_1H6,16,116,passive
4.07.0108,#SOLDIERS.ENGLISH_1H6,17,126,passive
4.07.0108,#Talbot_1H6,1,10,passive
4.07.0109,#Alanson_1H6,18,143,passive
4.07.0109,#Bastard_1H6,14,112,passive
4.07.0109,#Burgundy_1H6,15,119,passive
4.07.0109,#Charles_1H6,14,109,passive
4.07.0109,#JohnTalbot_1H6,18,143,passive
4.07.0109,#Pucelle_1H6,11,89,passive
4.07.0109,#SERVANTS.TALBOT.1_1H6,18,143,passive
4.07.0109,#SOLDIERS.FRENCH_1H6,18,143,passive
4.07.0109,#Talbot_1H6,18,143,passive
4.07.0110,#ATTENDANTS.ENGLISH_1H6,46,346,passive
4.07.0110,#Alanson_1H6,46,346,passive
4.07.0110,#Bastard_1H6,46,346,passive
4.07.0110,#Burgundy_1H6,46,346,passive
4.07.0110,#Charles_1H6,41,308,passive
4.07.0110,#HERALDS.FRENCH.1_1H6,46,346,passive
4.07.0110,#JohnTalbot_1H6,46,346,passive
4.07.0110,#Lucy_1H6,14,109,passive
4.07.0110,#Pucelle_1H6,37,275,passive
4.07.0110,#SERVANTS.TALBOT.1_1H6,46,346,passive
4.07.0110,#SOLDIERS.FRENCH_1H6,46,346,passive
4.07.0110,#Talbot_1H6,46,346,passive
4.07.0111,#Alanson_1H6,2,16,passive
4.07.0111,#Bastard_1H6,2,16,passive
4.07.0111,#Burgundy_1H6,2,16,passive
4.07.0111,#HERALDS.FRENCH.1_1H6,2,16,passive
4.07.0111,#Pucelle_1H6,2,16,passive
4.07.0111,#SOLDIERS.FRENCH_1H6,2,16,passive
5.01.0112,#ATTENDANTS.ENGLISH_1H6,27,197,passive
5.01.0112,#Exeter_H5,27,197,passive
5.01.0112,#Gloucester_2H4,14,101,passive
5.01.0112,#HenryVI_1H6,13,96,passive
5.01.0113,#AMBASSADORS.ARMAGNAC.1_1H6,23,166,passive
5.01.0113,#AMBASSADORS.EMPEROR.1_1H6,23,166,passive
5.01.0113,#ATTENDANTS.ENGLISH_1H6,23,166,passive
5.01.0113,#CardinalBeaufort_1H6,23,166,passive
5.01.0113,#Exeter_H5,17,124,passive
5.01.0113,#Gloucester_2H4,18,126,passive
5.01.0113,#HenryVI_1H6,11,82,passive
5.01.0113,#Legate_1H6,23,166,passive
5.01.0114,#CardinalBeaufort_1H6,1,7,passive
5.01.0114,#Legate_1H6,4,28,passive
5.02.0116,#Alanson_1H6,5,38,passive
5.02.0116,#Bastard_1H6,7,54,passive
5.02.0116,#Burgundy_1H6,7,54,passive
5.02.0116,#Charles_1H6,4,31,passive
5.02.0116,#Pucelle_1H6,5,39,passive
5.02.0116,#Reignier_1H6,7,54,passive
5.02.0116,#SOLDIERS.FRENCH_1H6,7,54,passive
5.02.0117,#Alanson_1H6,14,104,passive
5.02.0117,#Bastard_1H6,14,104,passive
5.02.0117,#Burgundy_1H6,12,85,passive
5.02.0117,#Charles_1H6,10,74,passive
5.02.0117,#Pucelle_1H6,11,80,passive
5.02.0117,#Reignier_1H6,14,104,passive
5.02.0117,#SOLDIERS.FRENCH.Scout_1H6,9,73,passive
5.02.0117,#SOLDIERS.FRENCH_1H6,14,104,passive
5.03.0119,#SPIRITS_1H6,16,121,passive
5.03.0121,#Pucelle_1H6,10,82,passive
5.03.0121,#SOLDIERS.ENGLISH_1H6,15,122,passive
5.03.0121,#York_1H6,5,40,passive
5.03.0122,#QueenMargaret_1H6,63,478,passive
5.03.0122,#SOLDIERS.ENGLISH_1H6,88,671,passive
5.03.0122,#Suffolk_1H6,25,193,passive
5.03.0123,#QueenMargaret_1H6,17,99,passive
5.03.0123,#Reignier_1H6,10,61,passive
5.03.0123,#SOLDIERS.ENGLISH.0_1H6,17,99,passive
5.03.0123,#SOLDIERS.ENGLISH_1H6,17,99,passive
5.03.0123,#Suffolk_1H6,7,38,passive
5.03.0124,#QueenMargaret_1H6,1,7,passive
5.03.0124,#SOLDIERS.ENGLISH.0_1H6,1,7,passive
5.03.0124,#SOLDIERS.ENGLISH_1H6,1,7,passive
5.03.0125,#QueenMargaret_1H6,27,203,passive
5.03.0125,#Reignier_1H6,16,119,passive
5.03.0125,#SOLDIERS.ENGLISH.0_1H6,29,217,passive
5.03.0125,#SOLDIERS.ENGLISH_1H6,29,217,passive
5.03.0125,#Suffolk_1H6,15,112,passive
5.03.0126,#QueenMargaret_1H6,6,35,passive
5.03.0126,#SOLDIERS.ENGLISH.0_1H6,12,82,passive
5.03.0126,#SOLDIERS.ENGLISH_1H6,12,82,passive
5.03.0126,#Suffolk_1H6,6,47,passive
5.03.0127,#SOLDIERS.ENGLISH.0_1H6,9,65,passive
5.03.0127,#SOLDIERS.ENGLISH_1H6,9,65,passive
5.04.0128,#OFFICERS_1H6,34,266,passive
5.04.0128,#Pucelle_1H6,29,231,passive
5.04.0128,#Shepherd_1H6,9,65,passive
5.04.0128,#Warwick_2H4,33,260,passive
5.04.0128,#York_1H6,31,242,passive
5.04.0129,#OFFICERS_1H6,58,432,passive
5.04.0129,#Pucelle_1H6,23,176,passive
5.04.0129,#Warwick_2H4,48,357,passive
5.04.0129,#York_1H6,45,331,passive
5.04.0130,#Warwick_2H4,2,14,passive
5.04.0131,#CardinalBeaufort_1H6,14,104,passive
5.04.0131,#Warwick_2H4,19,137,passive
5.04.0131,#York_1H6,11,81,passive
5.04.0132,#ATTENDANTS.FRENCH_1H6,59,422,passive
5.04.0132,#Alanson_1H6,48,346,passive
5.04.0132,#Bastard_1H6,59,422,passive
5.04.0132,#CardinalBeaufort_1H6,49,350,passive
5.04.0132,#Charles_1H6,44,312,passive
5.04.0132,#Reignier_1H6,55,392,passive
5.04.0132,#Warwick_2H4,58,414,passive
5.04.0132,#York_1H6,41,296,passive
5.05.0133,#ATTENDANTS.ENGLISH_1H6,101,749,passive
5.05.0133,#Exeter_H5,99,734,passive
5.05.0133,#Gloucester_2H4,91,675,passive
5.05.0133,#HenryVI_1H6,66,495,passive
5.05.0133,#Suffolk_1H6,47,343,passive
5.05.0134,#Exeter_H5,1,10,passive
5.05.0134,#Suffolk_1H6,1,10,passive
