act,scene,stagegroup,node,n_tokens_speaker,n_lines_speaker,n_tokens_onstage,n_lines_onstage
0,0,1,#Chorus_2H4,297,42,297,42
1,1,2,#LordBardolph_2H4,6,1,6,1
1,1,3,#LordBardolph_2H4,16,3,44,7
1,1,3,#Porter_2H4,28,4,44,7
1,1,4,#LordBardolph_2H4,4,1,4,1
1,1,5,#LordBardolph_2H4,118,16,170,24
1,1,5,#Northumberland_R2,52,8,170,24
1,1,6,#LordBardolph_2H4,77,11,245,35
1,1,6,#Northumberland_R2,56,9,245,35
1,1,6,#Travers_2H4,112,15,245,35
1,1,7,#LordBardolph_2H4,79,10,1281,167
1,1,7,#Morton_2H4,633,83,1281,167
1,1,7,#Northumberland_R2,569,74,1281,167
1,2,8,#Falstaff_1H4,456,47,517,55
1,2,8,#SERVANTS.FALSTAFF.1_2H4,61,8,517,55
1,2,9,#ChiefJustice_2H4,416,59,1455,178
1,2,9,#Falstaff_1H4,932,103,1455,178
1,2,9,#SERVANTS.CHIEFJUSTICE.1_2H4,85,12,1455,178
1,2,9,#SERVANTS.FALSTAFF.1_2H4,22,4,1455,178
1,2,10,#Falstaff_1H4,126,15,132,17
1,2,10,#SERVANTS.FALSTAFF.1_2H4,6,2,132,17
1,2,11,#Falstaff_1H4,60,7,60,7
1,3,12,#Archbishop_1H4,253,36,846,116
1,3,12,#Hastings_2H4,203,28,846,116
1,3,12,#LordBardolph_2H4,343,46,846,116
1,3,12,#Mowbray_2H4,47,6,846,116
2,1,13,#MistressQuickly_1H4,278,32,331,41
2,1,13,#OFFICERS.Fang_2H4,38,6,331,41
2,1,13,#OFFICERS.Snare_2H4,15,3,331,41
2,1,14,#Falstaff_1H4,28,6,121,20
2,1,14,#MistressQuickly_1H4,67,9,121,20
2,1,14,#OFFICERS.Fang_2H4,15,3,121,20
2,1,14,#OFFICERS.Snare_2H4,4,1,121,20
2,1,14,#SERVANTS.FALSTAFF.1_2H4,11,2,121,20
2,1,15,#ChiefJustice_2H4,213,29,637,77
2,1,15,#Falstaff_1H4,143,17,637,77
2,1,15,#MistressQuickly_1H4,281,31,637,77
2,1,16,#ChiefJustice_2H4,5,1,242,33
2,1,16,#Falstaff_1H4,137,18,242,33
2,1,16,#MESSENGERS.Gower_2H4,18,2,242,33
2,1,16,#MistressQuickly_1H4,82,12,242,33
2,1,17,#ChiefJustice_2H4,71,13,185,31
2,1,17,#Falstaff_1H4,76,12,185,31
2,1,17,#MESSENGERS.Gower_2H4,38,6,185,31
2,2,18,#HenryV_H5,391,45,570,67
2,2,18,#Poins_1H4,179,22,570,67
2,2,19,#Bardolph_1H4,62,11,683,98
2,2,19,#HenryV_H5,321,47,683,98
2,2,19,#Poins_1H4,195,26,683,98
2,2,19,#SERVANTS.FALSTAFF.1_2H4,105,14,683,98
2,2,20,#HenryV_H5,63,9,92,13
2,2,20,#Poins_1H4,29,4,92,13
2,3,21,#LadyNorthumberland_2H4,38,5,552,71
2,3,21,#LadyPercy_1H4,372,46,552,71
2,3,21,#Northumberland_R2,142,20,552,71
2,4,22,#DRAWERS.1_2H4,54,6,106,14
2,4,22,#DRAWERS.Francis_1H4,52,8,106,14
2,4,23,#DRAWERS.1_2H4,14,2,55,7
2,4,23,#DRAWERS.Francis_1H4,8,1,55,7
2,4,23,#DRAWERS.Will_2H4,33,4,55,7
2,4,24,#DollTearsheet_2H4,5,1,86,11
2,4,24,#MistressQuickly_1H4,81,10,86,11
2,4,25,#Falstaff_1H4,8,2,8,2
2,4,26,#DollTearsheet_2H4,100,13,264,35
2,4,26,#Falstaff_1H4,98,14,264,35
2,4,26,#MistressQuickly_1H4,66,8,264,35
2,4,27,#DRAWERS.X_2H4,9,2,264,33
2,4,27,#DollTearsheet_2H4,16,2,264,33
2,4,27,#Falstaff_1H4,51,7,264,33
2,4,27,#MistressQuickly_1H4,188,22,264,33
2,4,28,#DollTearsheet_2H4,4,1,63,8
2,4,28,#MistressQuickly_1H4,59,7,63,8
2,4,29,#Bardolph_1H4,20,4,685,99
2,4,29,#DollTearsheet_2H4,201,25,685,99
2,4,29,#Falstaff_1H4,85,14,685,99
2,4,29,#MistressQuickly_1H4,116,17,685,99
2,4,29,#Pistol_2H4,259,38,685,99
2,4,29,#SERVANTS.FALSTAFF.1_2H4,4,1,685,99
2,4,30,#DollTearsheet_2H4,16,2,32,4
2,4,30,#MistressQuickly_1H4,16,2,32,4
2,4,31,#Bardolph_1H4,13,2,106,14
2,4,31,#DollTearsheet_2H4,70,8,106,14
2,4,31,#Falstaff_1H4,23,4,106,14
2,4,32,#DollTearsheet_2H4,34,5,60,9
2,4,32,#Falstaff_1H4,21,3,60,9
2,4,32,#SERVANTS.FALSTAFF.1_2H4,5,1,60,9
2,4,33,#DollTearsheet_2H4,85,12,902,124
2,4,33,#Falstaff_1H4,471,62,902,124
2,4,33,#HenryV_H5,205,29,902,124
2,4,33,#MistressQuickly_1H4,73,11,902,124
2,4,33,#Poins_1H4,71,11,902,124
2,4,34,#HenryV_H5,52,8,96,14
2,4,34,#Peto_1H4,44,6,96,14
2,4,35,#Falstaff_1H4,17,2,17,2
2,4,36,#Falstaff_1H4,10,3,10,3
2,4,37,#Bardolph_1H4,15,2,86,11
2,4,37,#DollTearsheet_2H4,19,2,86,11
2,4,37,#Falstaff_1H4,52,7,86,11
2,4,38,#MistressQuickly_1H4,24,4,24,4
2,4,39,#Bardolph_1H4,9,3,28,6
2,4,39,#MistressQuickly_1H4,19,3,28,6
3,1,40,#HenryIV_1H4,26,3,26,3
3,1,41,#HenryIV_1H4,217,28,217,28
3,1,42,#HenryIV_1H4,367,50,587,81
3,1,42,#Warwick_2H4,220,31,587,81
3,2,43,#Shallow_2H4,361,44,434,58
3,2,43,#Silence_2H4,73,14,434,58
3,2,44,#Bardolph_1H4,112,14,211,26
3,2,44,#Shallow_2H4,99,12,211,26
3,2,45,#Falstaff_1H4,51,7,156,20
3,2,45,#Shallow_2H4,100,12,156,20
3,2,45,#Silence_2H4,5,1,156,20
3,2,46,#Bullcalf_2H4,37,6,793,122
3,2,46,#Falstaff_1H4,374,58,793,122
3,2,46,#Feeble_2H4,29,6,793,122
3,2,46,#Mouldy_2H4,57,8,793,122
3,2,46,#Shadow_2H4,6,2,793,122
3,2,46,#Shallow_2H4,282,39,793,122
3,2,46,#Silence_2H4,4,1,793,122
3,2,46,#Wart_2H4,4,2,793,122
3,2,47,#Bardolph_1H4,15,3,191,23
3,2,47,#Bullcalf_2H4,72,8,191,23
3,2,47,#Feeble_2H4,66,7,191,23
3,2,47,#Mouldy_2H4,38,5,191,23
3,2,48,#Bardolph_1H4,14,2,79,13
3,2,48,#Falstaff_1H4,45,7,79,13
3,2,48,#Shallow_2H4,20,4,79,13
3,2,49,#Bardolph_1H4,6,2,388,48
3,2,49,#Falstaff_1H4,227,28,388,48
3,2,49,#Shallow_2H4,155,18,388,48
3,2,50,#Falstaff_1H4,6,1,6,1
3,2,51,#Falstaff_1H4,329,34,329,34
4,1,52,#Archbishop_1H4,101,15,130,19
4,1,52,#Hastings_2H4,14,2,130,19
4,1,52,#Mowbray_2H4,15,2,130,19
4,1,53,#Hastings_2H4,3,1,54,7
4,1,53,#MESSENGERS.1_2H4,33,4,54,7
4,1,53,#Mowbray_2H4,18,2,54,7
4,1,54,#Archbishop_1H4,383,53,1228,166
4,1,54,#Hastings_2H4,27,4,1228,166
4,1,54,#Mowbray_2H4,204,27,1228,166
4,1,54,#Westmoreland_1H4,614,82,1228,166
4,1,55,#Archbishop_1H4,166,23,322,44
4,1,55,#Hastings_2H4,67,9,322,44
4,1,55,#Mowbray_2H4,89,12,322,44
4,1,56,#Westmoreland_1H4,18,2,18,2
4,1,57,#Archbishop_1H4,172,25,746,106
4,1,57,#Bedford_H5,373,53,746,106
4,1,57,#Hastings_2H4,69,9,746,106
4,1,57,#Mowbray_2H4,55,8,746,106
4,1,57,#Westmoreland_1H4,77,11,746,106
4,1,58,#Archbishop_1H4,13,3,37,7
4,1,58,#Bedford_H5,24,4,37,7
4,1,59,#Bedford_H5,8,1,8,1
4,1,60,#Bedford_H5,11,2,28,4
4,1,60,#Westmoreland_1H4,17,2,28,4
4,1,61,#Archbishop_1H4,6,1,170,24
4,1,61,#Bedford_H5,91,12,170,24
4,1,61,#Hastings_2H4,32,5,170,24
4,1,61,#Mowbray_2H4,6,1,170,24
4,1,61,#Westmoreland_1H4,35,5,170,24
4,2,62,#Colevile_2H4,32,5,196,23
4,2,62,#Falstaff_1H4,164,18,196,23
4,2,63,#Bedford_H5,15,2,15,2
4,2,64,#Bedford_H5,62,11,382,46
4,2,64,#Colevile_2H4,32,4,382,46
4,2,64,#Falstaff_1H4,288,31,382,46
4,2,65,#Bedford_H5,25,4,31,5
4,2,65,#Westmoreland_1H4,6,1,31,5
4,2,66,#Bedford_H5,59,8,86,12
4,2,66,#Falstaff_1H4,27,4,86,12
4,2,67,#Falstaff_1H4,371,41,371,41
4,2,68,#Bardolph_1H4,7,1,45,7
4,2,68,#Falstaff_1H4,38,6,45,7
4,3,69,#Clarence_2H4,31,5,616,86
4,3,69,#Gloucester_2H4,25,3,616,86
4,3,69,#HenryIV_1H4,455,63,616,86
4,3,69,#Warwick_2H4,105,15,616,86
4,3,70,#HenryIV_1H4,23,4,99,14
4,3,70,#Westmoreland_1H4,76,10,99,14
4,3,71,#Clarence_2H4,78,10,373,51
4,3,71,#Gloucester_2H4,42,7,373,51
4,3,71,#Harcourt_2H4,64,8,373,51
4,3,71,#HenryIV_1H4,138,18,373,51
4,3,71,#Warwick_2H4,43,7,373,51
4,3,71,#Westmoreland_1H4,8,1,373,51
4,3,72,#Clarence_2H4,14,2,98,15
4,3,72,#Gloucester_2H4,9,2,98,15
4,3,72,#HenryV_H5,47,7,98,15
4,3,72,#Warwick_2H4,28,4,98,15
4,3,73,#HenryV_H5,217,29,217,29
4,3,74,#HenryIV_1H4,3,2,3,2
4,3,75,#Clarence_2H4,21,3,121,16
4,3,75,#Gloucester_2H4,9,2,121,16
4,3,75,#HenryIV_1H4,65,8,121,16
4,3,75,#Warwick_2H4,26,3,121,16
4,3,76,#HenryIV_1H4,124,19,124,19
4,3,77,#HenryIV_1H4,25,3,72,9
4,3,77,#Warwick_2H4,47,6,72,9
4,3,78,#HenryIV_1H4,16,2,16,2
4,3,79,#HenryIV_1H4,718,94,1081,141
4,3,79,#HenryV_H5,363,47,1081,141
4,3,80,#Bedford_H5,8,1,56,8
4,3,80,#HenryIV_1H4,44,6,56,8
4,3,80,#HenryV_H5,4,1,56,8
4,3,81,#HenryIV_1H4,60,8,66,9
4,3,81,#Warwick_2H4,6,1,66,9
5,1,82,#Falstaff_1H4,7,1,49,7
5,1,82,#Shallow_2H4,42,6,49,7
5,1,83,#Davy_2H4,199,25,347,47
5,1,83,#Shallow_2H4,148,22,347,47
5,1,84,#Bardolph_1H4,7,1,50,8
5,1,84,#Falstaff_1H4,7,1,50,8
5,1,84,#Shallow_2H4,36,6,50,8
5,1,85,#Falstaff_1H4,5,1,5,1
5,1,86,#Falstaff_1H4,229,25,229,25
5,1,87,#Falstaff_1H4,8,2,10,3
5,1,87,#Shallow_2H4,2,1,10,3
5,2,88,#ChiefJustice_2H4,63,9,102,14
5,2,88,#Warwick_2H4,39,5,102,14
5,2,89,#Bedford_H5,46,6,219,28
5,2,89,#ChiefJustice_2H4,72,9,219,28
5,2,89,#Clarence_2H4,19,3,219,28
5,2,89,#Gloucester_2H4,30,4,219,28
5,2,89,#Warwick_2H4,55,7,219,28
5,2,90,#Bedford_H5,7,1,822,105
5,2,90,#ChiefJustice_2H4,254,32,822,105
5,2,90,#Clarence_2H4,7,1,822,105
5,2,90,#Gloucester_2H4,7,1,822,105
5,2,90,#HenryV_H5,557,71,822,105
5,2,90,#Warwick_2H4,4,1,822,105
5,3,91,#Davy_2H4,35,4,212,29
5,3,91,#Falstaff_1H4,40,6,212,29
5,3,91,#Shallow_2H4,95,12,212,29
5,3,91,#Silence_2H4,42,7,212,29
5,3,92,#Falstaff_1H4,13,2,67,11
5,3,92,#Shallow_2H4,11,2,67,11
5,3,92,#Silence_2H4,43,7,67,11
5,3,93,#Bardolph_1H4,18,3,198,31
5,3,93,#Davy_2H4,28,5,198,31
5,3,93,#Falstaff_1H4,12,2,198,31
5,3,93,#Shallow_2H4,92,14,198,31
5,3,93,#Silence_2H4,48,7,198,31
5,3,94,#Falstaff_1H4,9,2,33,8
5,3,94,#Silence_2H4,24,6,33,8
5,3,95,#Davy_2H4,14,2,21,3
5,3,95,#Falstaff_1H4,7,1,21,3
5,3,96,#Bardolph_1H4,12,2,430,62
5,3,96,#Falstaff_1H4,154,21,430,62
5,3,96,#Pistol_2H4,196,28,430,62
5,3,96,#Shallow_2H4,50,8,430,62
5,3,96,#Silence_2H4,18,3,430,62
5,4,97,#MistressQuickly_1H4,26,3,26,3
5,4,98,#BEADLES.0.1_2H4,72,10,209,29
5,4,98,#DollTearsheet_2H4,88,12,209,29
5,4,98,#MistressQuickly_1H4,49,7,209,29
5,5,99,#GROOMS.1_2H4,16,3,21,4
5,5,99,#GROOMS.2_2H4,5,1,21,4
5,5,100,#Falstaff_1H4,152,19,251,34
5,5,100,#Pistol_2H4,80,10,251,34
5,5,100,#Shallow_2H4,19,5,251,34
5,5,101,#ChiefJustice_2H4,10,2,271,35
5,5,101,#Falstaff_1H4,25,3,271,35
5,5,101,#HenryV_H5,225,28,271,35
5,5,101,#Pistol_2H4,11,2,271,35
5,5,102,#Falstaff_1H4,91,11,149,18
5,5,102,#Shallow_2H4,58,7,149,18
5,5,103,#ChiefJustice_2H4,27,4,38,6
5,5,103,#Falstaff_1H4,4,1,38,6
5,5,103,#Pistol_2H4,7,1,38,6
5,5,104,#Bedford_H5,83,11,89,13
5,5,104,#ChiefJustice_2H4,6,2,89,13
6,0,105,#Epilogue_2H4,331,36,331,36
1,1,4,#Northumberland_R2,0,0,4,1
1,1,4,#Porter_2H4,0,0,4,1
1,1,7,#Travers_2H4,0,0,1281,167
2,1,14,#Bardolph_1H4,0,0,121,20
2,1,15,#Bardolph_1H4,0,0,637,77
2,1,15,#OFFICERS.Fang_2H4,0,0,637,77
2,1,15,#OFFICERS.Snare_2H4,0,0,637,77
2,1,15,#OFFICERS_2H4,0,0,637,77
2,1,15,#SERVANTS.FALSTAFF.1_2H4,0,0,637,77
2,1,16,#Bardolph_1H4,0,0,242,33
2,1,16,#OFFICERS.Fang_2H4,0,0,242,33
2,1,16,#OFFICERS.Snare_2H4,0,0,242,33
2,1,16,#OFFICERS_2H4,0,0,242,33
2,1,16,#SERVANTS.FALSTAFF.1_2H4,0,0,242,33
2,1,17,#OFFICERS_2H4,0,0,185,31
2,4,24,#DRAWERS.Will_2H4,0,0,86,11
2,4,25,#DRAWERS.Will_2H4,0,0,8,2
2,4,25,#DollTearsheet_2H4,0,0,8,2
2,4,25,#MistressQuickly_1H4,0,0,8,2
2,4,28,#Falstaff_1H4,0,0,63,8
2,4,30,#Falstaff_1H4,0,0,32,4
2,4,30,#SERVANTS.FALSTAFF.1_2H4,0,0,32,4
2,4,31,#MistressQuickly_1H4,0,0,106,14
2,4,31,#SERVANTS.FALSTAFF.1_2H4,0,0,106,14
2,4,32,#Bardolph_1H4,0,0,60,9
2,4,32,#DRAWERS.Francis_1H4,0,0,60,9
2,4,32,#MUSICIANS_2H4,0,0,60,9
2,4,32,#MistressQuickly_1H4,0,0,60,9
2,4,33,#Bardolph_1H4,0,0,902,124
2,4,33,#DRAWERS.Francis_1H4,0,0,902,124
2,4,33,#MUSICIANS_2H4,0,0,902,124
2,4,33,#SERVANTS.FALSTAFF.1_2H4,0,0,902,124
2,4,34,#Bardolph_1H4,0,0,96,14
2,4,34,#DollTearsheet_2H4,0,0,96,14
2,4,34,#Falstaff_1H4,0,0,96,14
2,4,34,#MUSICIANS_2H4,0,0,96,14
2,4,34,#MistressQuickly_1H4,0,0,96,14
2,4,34,#Poins_1H4,0,0,96,14
2,4,34,#SERVANTS.FALSTAFF.1_2H4,0,0,96,14
2,4,35,#Bardolph_1H4,0,0,17,2
2,4,35,#DollTearsheet_2H4,0,0,17,2
2,4,35,#MUSICIANS_2H4,0,0,17,2
2,4,35,#MistressQuickly_1H4,0,0,17,2
2,4,35,#SERVANTS.FALSTAFF.1_2H4,0,0,17,2
2,4,36,#DollTearsheet_2H4,0,0,10,3
2,4,36,#MUSICIANS_2H4,0,0,10,3
2,4,36,#MistressQuickly_1H4,0,0,10,3
2,4,36,#SERVANTS.FALSTAFF.1_2H4,0,0,10,3
2,4,37,#MUSICIANS_2H4,0,0,86,11
2,4,37,#MistressQuickly_1H4,0,0,86,11
2,4,37,#SERVANTS.FALSTAFF.1_2H4,0,0,86,11
2,4,38,#DollTearsheet_2H4,0,0,24,4
2,4,39,#DollTearsheet_2H4,0,0,28,6
3,1,40,#SERVANTS.HENRY_2H4,0,0,26,3
3,1,42,#Blunt_2H4,0,0,587,81
3,1,42,#Surrey_2H4,0,0,587,81
3,2,44,#Man_2H4,0,0,211,26
3,2,44,#Silence_2H4,0,0,211,26
3,2,45,#Bardolph_1H4,0,0,156,20
3,2,45,#Man_2H4,0,0,156,20
3,2,46,#Bardolph_1H4,0,0,793,122
3,2,46,#Man_2H4,0,0,793,122
3,2,47,#Man_2H4,0,0,191,23
3,2,47,#Shadow_2H4,0,0,191,23
3,2,47,#Wart_2H4,0,0,191,23
3,2,48,#Bullcalf_2H4,0,0,79,13
3,2,48,#Feeble_2H4,0,0,79,13
3,2,48,#Man_2H4,0,0,79,13
3,2,48,#Mouldy_2H4,0,0,79,13
3,2,48,#Shadow_2H4,0,0,79,13
3,2,48,#Silence_2H4,0,0,79,13
3,2,48,#Wart_2H4,0,0,79,13
3,2,49,#Feeble_2H4,0,0,388,48
3,2,49,#Man_2H4,0,0,388,48
3,2,49,#Shadow_2H4,0,0,388,48
3,2,49,#Silence_2H4,0,0,388,48
3,2,49,#Wart_2H4,0,0,388,48
3,2,50,#Bardolph_1H4,0,0,6,1
3,2,50,#Feeble_2H4,0,0,6,1
3,2,50,#Man_2H4,0,0,6,1
3,2,50,#Shadow_2H4,0,0,6,1
3,2,50,#Wart_2H4,0,0,6,1
4,1,52,#LordBardolph_2H4,0,0,130,19
4,1,52,#SOLDIERS.REBEL_2H4,0,0,130,19
4,1,53,#Archbishop_1H4,0,0,54,7
4,1,53,#LordBardolph_2H4,0,0,54,7
4,1,53,#SOLDIERS.REBEL_2H4,0,0,54,7
4,1,54,#LordBardolph_2H4,0,0,1228,166
4,1,54,#MESSENGERS.1_2H4,0,0,1228,166
4,1,54,#SOLDIERS.REBEL_2H4,0,0,1228,166
4,1,55,#LordBardolph_2H4,0,0,322,44
4,1,55,#MESSENGERS.1_2H4,0,0,322,44
4,1,55,#SOLDIERS.REBEL_2H4,0,0,322,44
4,1,56,#Archbishop_1H4,0,0,18,2
4,1,56,#Hastings_2H4,0,0,18,2
4,1,56,#LordBardolph_2H4,0,0,18,2
4,1,56,#MESSENGERS.1_2H4,0,0,18,2
4,1,56,#Mowbray_2H4,0,0,18,2
4,1,56,#SOLDIERS.REBEL_2H4,0,0,18,2
4,1,57,#LordBardolph_2H4,0,0,746,106
4,1,57,#MESSENGERS.1_2H4,0,0,746,106
4,1,57,#SOLDIERS.HENRY_2H4,0,0,746,106
4,1,57,#SOLDIERS.REBEL_2H4,0,0,746,106
4,1,58,#Hastings_2H4,0,0,37,7
4,1,58,#LordBardolph_2H4,0,0,37,7
4,1,58,#MESSENGERS.1_2H4,0,0,37,7
4,1,58,#Mowbray_2H4,0,0,37,7
4,1,58,#SOLDIERS.HENRY_2H4,0,0,37,7
4,1,58,#SOLDIERS.REBEL_2H4,0,0,37,7
4,1,59,#Archbishop_1H4,0,0,8,1
4,1,59,#LordBardolph_2H4,0,0,8,1
4,1,59,#MESSENGERS.1_2H4,0,0,8,1
4,1,59,#Mowbray_2H4,0,0,8,1
4,1,59,#SOLDIERS.HENRY_2H4,0,0,8,1
4,1,59,#SOLDIERS.REBEL_2H4,0,0,8,1
4,1,60,#Archbishop_1H4,0,0,28,4
4,1,60,#LordBardolph_2H4,0,0,28,4
4,1,60,#MESSENGERS.1_2H4,0,0,28,4
4,1,60,#Mowbray_2H4,0,0,28,4
4,1,60,#SOLDIERS.HENRY_2H4,0,0,28,4
4,1,60,#SOLDIERS.REBEL_2H4,0,0,28,4
4,1,61,#LordBardolph_2H4,0,0,170,24
4,1,61,#MESSENGERS.1_2H4,0,0,170,24
4,1,61,#SOLDIERS.HENRY_2H4,0,0,170,24
4,1,61,#SOLDIERS.REBEL_2H4,0,0,170,24
4,2,63,#Blunt_2H4,0,0,15,2
4,2,63,#Colevile_2H4,0,0,15,2
4,2,63,#Falstaff_1H4,0,0,15,2
4,2,63,#SOLDIERS.HENRY_2H4,0,0,15,2
4,2,63,#Westmoreland_1H4,0,0,15,2
4,2,64,#Blunt_2H4,0,0,382,46
4,2,64,#SOLDIERS.HENRY_2H4,0,0,382,46
4,2,65,#Blunt_2H4,0,0,31,5
4,2,65,#Colevile_2H4,0,0,31,5
4,2,65,#Falstaff_1H4,0,0,31,5
4,2,65,#SOLDIERS.HENRY_2H4,0,0,31,5
4,2,66,#SOLDIERS.HENRY_2H4,0,0,86,12
4,2,66,#Westmoreland_1H4,0,0,86,12
4,3,69,#ATTENDANTS_2H4,0,0,616,86
4,3,70,#ATTENDANTS_2H4,0,0,99,14
4,3,70,#Clarence_2H4,0,0,99,14
4,3,70,#Gloucester_2H4,0,0,99,14
4,3,70,#Warwick_2H4,0,0,99,14
4,3,71,#ATTENDANTS_2H4,0,0,373,51
4,3,72,#ATTENDANTS_2H4,0,0,98,15
4,3,72,#Harcourt_2H4,0,0,98,15
4,3,72,#HenryIV_1H4,0,0,98,15
4,3,72,#Westmoreland_1H4,0,0,98,15
4,3,73,#HenryIV_1H4,0,0,217,29
4,3,75,#ATTENDANTS_2H4,0,0,121,16
4,3,76,#ATTENDANTS_2H4,0,0,124,19
4,3,76,#Clarence_2H4,0,0,124,19
4,3,76,#Gloucester_2H4,0,0,124,19
4,3,77,#ATTENDANTS_2H4,0,0,72,9
4,3,77,#Clarence_2H4,0,0,72,9
4,3,77,#Gloucester_2H4,0,0,72,9
4,3,78,#ATTENDANTS_2H4,0,0,16,2
4,3,78,#Clarence_2H4,0,0,16,2
4,3,78,#Gloucester_2H4,0,0,16,2
4,3,78,#HenryV_H5,0,0,16,2
4,3,78,#Warwick_2H4,0,0,16,2
4,3,80,#ATTENDANTS_2H4,0,0,56,8
4,3,81,#ATTENDANTS_2H4,0,0,66,9
4,3,81,#Bedford_H5,0,0,66,9
4,3,81,#HenryV_H5,0,0,66,9
5,1,82,#Bardolph_1H4,0,0,49,7
5,1,82,#SERVANTS.FALSTAFF.1_2H4,0,0,49,7
5,1,83,#Bardolph_1H4,0,0,347,47
5,1,83,#Falstaff_1H4,0,0,347,47
5,1,83,#SERVANTS.FALSTAFF.1_2H4,0,0,347,47
5,1,84,#SERVANTS.FALSTAFF.1_2H4,0,0,50,8
5,1,85,#Bardolph_1H4,0,0,5,1
5,1,85,#SERVANTS.FALSTAFF.1_2H4,0,0,5,1
5,2,90,#Blunt_2H4,0,0,822,105
5,3,91,#Bardolph_1H4,0,0,212,29
5,3,91,#SERVANTS.FALSTAFF.1_2H4,0,0,212,29
5,3,92,#Bardolph_1H4,0,0,67,11
5,3,92,#SERVANTS.FALSTAFF.1_2H4,0,0,67,11
5,3,93,#SERVANTS.FALSTAFF.1_2H4,0,0,198,31
5,3,94,#Bardolph_1H4,0,0,33,8
5,3,94,#SERVANTS.FALSTAFF.1_2H4,0,0,33,8
5,3,94,#Shallow_2H4,0,0,33,8
5,3,95,#Bardolph_1H4,0,0,21,3
5,3,95,#SERVANTS.FALSTAFF.1_2H4,0,0,21,3
5,3,95,#Shallow_2H4,0,0,21,3
5,3,95,#Silence_2H4,0,0,21,3
5,3,96,#Davy_2H4,0,0,430,62
5,3,96,#SERVANTS.FALSTAFF.1_2H4,0,0,430,62
5,4,97,#BEADLES_2H4,0,0,26,3
5,4,97,#DollTearsheet_2H4,0,0,26,3
5,4,98,#BEADLES_2H4,0,0,209,29
5,5,100,#Bardolph_1H4,0,0,251,34
5,5,100,#SERVANTS.FALSTAFF.1_2H4,0,0,251,34
5,5,101,#ATTENDANTS_2H4,0,0,271,35
5,5,101,#Bardolph_1H4,0,0,271,35
5,5,101,#SERVANTS.FALSTAFF.1_2H4,0,0,271,35
5,5,101,#Shallow_2H4,0,0,271,35
5,5,102,#Bardolph_1H4,0,0,149,18
5,5,102,#Pistol_2H4,0,0,149,18
5,5,102,#SERVANTS.FALSTAFF.1_2H4,0,0,149,18
5,5,103,#Bardolph_1H4,0,0,38,6
5,5,103,#Bedford_H5,0,0,38,6
5,5,103,#OFFICERS_2H4,0,0,38,6
5,5,103,#SERVANTS.FALSTAFF.1_2H4,0,0,38,6
5,5,103,#Shallow_2H4,0,0,38,6
