act,scene,stagegroup,node,n_tokens_speaker,n_lines_speaker,n_tokens_onstage,n_lines_onstage
1,1,1,#COMMONERS.Carpenter_JC,4,1,477,65
1,1,1,#COMMONERS.Cobbler_JC,145,18,477,65
1,1,1,#Flavius_JC,109,15,477,65
1,1,1,#Marullus_JC,219,31,477,65
1,1,2,#Flavius_JC,98,13,110,15
1,1,2,#Marullus_JC,12,2,110,15
1,2,3,#Antony_JC,14,3,165,29
1,2,3,#Brutus_JC,9,1,165,29
1,2,3,#Caesar_JC,108,17,165,29
1,2,3,#Calphurnia_JC,3,1,165,29
1,2,3,#Casca_JC,12,2,165,29
1,2,3,#Cassius_JC,8,2,165,29
1,2,3,#Soothsayer_JC,11,3,165,29
1,2,4,#Brutus_JC,367,49,1226,158
1,2,4,#Cassius_JC,859,109,1226,158
1,2,5,#Antony_JC,16,3,289,37
1,2,5,#Brutus_JC,62,8,289,37
1,2,5,#Caesar_JC,179,22,289,37
1,2,5,#Cassius_JC,32,4,289,37
1,2,6,#Brutus_JC,66,9,671,82
1,2,6,#Casca_JC,540,63,671,82
1,2,6,#Cassius_JC,65,10,671,82
1,2,7,#Brutus_JC,57,6,106,13
1,2,7,#Cassius_JC,49,7,106,13
1,2,8,#Cassius_JC,119,15,119,15
1,3,9,#Casca_JC,242,32,304,41
1,3,9,#Cicero_JC,62,9,304,41
1,3,10,#Casca_JC,146,20,706,94
1,3,10,#Cassius_JC,560,74,706,94
1,3,11,#Casca_JC,9,1,183,22
1,3,11,#Cassius_JC,103,13,183,22
1,3,11,#Cinna_JC,71,8,183,22
1,3,12,#Casca_JC,29,4,96,12
1,3,12,#Cassius_JC,67,8,96,12
2,1,13,#Brutus_JC,38,5,38,5
2,1,14,#Brutus_JC,17,2,25,4
2,1,14,#Lucius_JC,8,2,25,4
2,1,15,#Brutus_JC,206,27,206,27
2,1,16,#Brutus_JC,25,3,66,9
2,1,16,#Lucius_JC,41,6,66,9
2,1,17,#Brutus_JC,111,16,111,16
2,1,18,#Brutus_JC,8,1,14,2
2,1,18,#Lucius_JC,6,1,14,2
2,1,19,#Brutus_JC,61,9,61,9
2,1,20,#Brutus_JC,10,4,61,11
2,1,20,#Lucius_JC,51,7,61,11
2,1,21,#Brutus_JC,65,10,65,10
2,1,22,#Brutus_JC,572,75,1117,154
2,1,22,#Casca_JC,69,11,1117,154
2,1,22,#Cassius_JC,261,40,1117,154
2,1,22,#Cinna_JC,29,4,1117,154
2,1,22,#Decius_JC,93,12,1117,154
2,1,22,#Metellus_JC,70,9,1117,154
2,1,22,#Trebonius_JC,23,3,1117,154
2,1,23,#Brutus_JC,35,5,35,5
2,1,24,#Brutus_JC,119,17,609,81
2,1,24,#Portia_JC,490,64,609,81
2,1,25,#Brutus_JC,5,1,5,1
2,1,26,#Brutus_JC,9,2,19,3
2,1,26,#Lucius_JC,10,1,19,3
2,1,27,#Brutus_JC,76,10,187,26
2,1,27,#Ligarius_JC,111,16,187,26
2,2,28,#Caesar_JC,24,3,24,3
2,2,29,#Caesar_JC,14,2,20,4
2,2,29,#SERVANTS.CAESAR.1_JC,6,2,20,4
2,2,30,#Caesar_JC,100,13,243,32
2,2,30,#Calphurnia_JC,143,19,243,32
2,2,31,#Caesar_JC,81,11,159,21
2,2,31,#Calphurnia_JC,53,7,159,21
2,2,31,#SERVANTS.CAESAR.1_JC,25,3,159,21
2,2,32,#Caesar_JC,208,26,405,52
2,2,32,#Calphurnia_JC,4,1,405,52
2,2,32,#Decius_JC,193,25,405,52
2,2,33,#Brutus_JC,4,1,59,10
2,2,33,#Caesar_JC,52,8,59,10
2,2,33,#Publius_JC,3,1,59,10
2,2,34,#Antony_JC,5,1,30,5
2,2,34,#Caesar_JC,25,4,30,5
2,2,35,#Brutus_JC,17,2,84,10
2,2,35,#Caesar_JC,48,6,84,10
2,2,35,#Trebonius_JC,19,2,84,10
2,3,36,#Artemidorus_JC,117,16,117,16
2,4,37,#Lucius_JC,34,6,164,23
2,4,37,#Portia_JC,130,17,164,23
2,4,38,#Portia_JC,36,6,151,21
2,4,38,#Soothsayer_JC,115,15,151,21
2,4,39,#Portia_JC,68,10,68,10
3,1,40,#Artemidorus_JC,28,4,94,16
3,1,40,#Caesar_JC,19,3,94,16
3,1,40,#Cassius_JC,15,3,94,16
3,1,40,#Decius_JC,14,2,94,16
3,1,40,#Popilius_JC,10,2,94,16
3,1,40,#Publius_JC,3,1,94,16
3,1,40,#Soothsayer_JC,5,1,94,16
3,1,41,#Brutus_JC,31,5,88,13
3,1,41,#Cassius_JC,57,8,88,13
3,1,42,#Brutus_JC,82,12,507,75
3,1,42,#Caesar_JC,268,37,507,75
3,1,42,#Casca_JC,9,2,507,75
3,1,42,#Cassius_JC,48,7,507,75
3,1,42,#Cinna_JC,30,5,507,75
3,1,42,#Decius_JC,19,4,507,75
3,1,42,#Metellus_JC,51,8,507,75
3,1,43,#Brutus_JC,108,15,217,32
3,1,43,#Casca_JC,17,2,217,32
3,1,43,#Cassius_JC,70,11,217,32
3,1,43,#Decius_JC,4,1,217,32
3,1,43,#Trebonius_JC,18,3,217,32
3,1,44,#Brutus_JC,40,6,159,22
3,1,44,#SERVANTS.ANTONY.1_JC,119,16,159,22
3,1,45,#Brutus_JC,10,1,33,4
3,1,45,#Cassius_JC,23,3,33,4
3,1,46,#Antony_JC,459,62,860,117
3,1,46,#Brutus_JC,304,41,860,117
3,1,46,#Cassius_JC,97,14,860,117
3,1,47,#Antony_JC,173,22,173,22
3,1,48,#Antony_JC,132,18,164,23
3,1,48,#SERVANTS.OCTAVIUS.1_JC,32,5,164,23
3,2,49,#Brutus_JC,46,7,54,8
3,2,49,#PLEBEIANS_JC,8,1,54,8
3,2,50,#PLEBEIANS.0.1_JC,5,1,5,1
3,2,51,#PLEBEIANS.0.2_JC,14,2,14,2
3,2,52,#Brutus_JC,278,29,287,31
3,2,52,#PLEBEIANS.0.3_JC,6,1,287,31
3,2,52,#PLEBEIANS_JC,3,1,287,31
3,2,53,#Brutus_JC,68,7,91,11
3,2,53,#PLEBEIANS.0.1_JC,8,1,91,11
3,2,53,#PLEBEIANS.0.2_JC,7,1,91,11
3,2,53,#PLEBEIANS.0.3_JC,4,1,91,11
3,2,53,#PLEBEIANS_JC,4,1,91,11
3,2,54,#Brutus_JC,54,8,78,14
3,2,54,#PLEBEIANS.0.1_JC,12,3,78,14
3,2,54,#PLEBEIANS.0.2_JC,4,1,78,14
3,2,54,#PLEBEIANS.0.4_JC,8,2,78,14
3,2,55,#Antony_JC,1104,141,1479,207
3,2,55,#PLEBEIANS.0.1_JC,83,13,1479,207
3,2,55,#PLEBEIANS.0.2_JC,73,14,1479,207
3,2,55,#PLEBEIANS.0.3_JC,73,13,1479,207
3,2,55,#PLEBEIANS.0.4_JC,72,13,1479,207
3,2,55,#PLEBEIANS_JC,74,13,1479,207
3,2,56,#Antony_JC,14,2,14,2
3,2,57,#Antony_JC,47,7,77,11
3,2,57,#SERVANTS.OCTAVIUS.1_JC,30,4,77,11
3,3,58,#CinnaPoet_JC,29,4,29,4
3,3,59,#PLEBEIANS.0.1_JC,4,1,4,1
3,3,60,#PLEBEIANS.0.2_JC,4,1,4,1
3,3,61,#PLEBEIANS.0.3_JC,4,1,4,1
3,3,62,#CinnaPoet_JC,75,10,205,33
3,3,62,#PLEBEIANS.0.1_JC,16,3,205,33
3,3,62,#PLEBEIANS.0.2_JC,31,5,205,33
3,3,62,#PLEBEIANS.0.3_JC,37,6,205,33
3,3,62,#PLEBEIANS.0.4_JC,46,9,205,33
4,1,63,#Antony_JC,43,6,83,13
4,1,63,#Lepidus_JC,22,4,83,13
4,1,63,#Octavius_JC,18,3,83,13
4,1,64,#Antony_JC,249,33,310,42
4,1,64,#Octavius_JC,61,9,310,42
4,2,65,#Brutus_JC,130,20,216,33
4,2,65,#Pindarus_JC,20,3,216,33
4,2,65,#SOLDIERS.BRUTUS.Lucilius_JC,66,10,216,33
4,2,66,#Brutus_JC,16,3,18,4
4,2,66,#Cassius_JC,2,1,18,4
4,2,67,#SOLDIERS.BRUTUS.0.1_JC,1,1,1,1
4,2,68,#SOLDIERS.BRUTUS.0.2_JC,1,1,1,1
4,2,69,#Brutus_JC,94,12,129,19
4,2,69,#Cassius_JC,34,6,129,19
4,2,69,#SOLDIERS.BRUTUS.0.3_JC,1,1,129,19
4,3,70,#Cassius_JC,38,5,38,5
4,3,71,#Brutus_JC,558,80,941,137
4,3,71,#Cassius_JC,383,57,941,137
4,3,72,#Brutus_JC,27,4,111,16
4,3,72,#Cassius_JC,24,4,111,16
4,3,72,#Poet_JC,54,7,111,16
4,3,72,#SOLDIERS.BRUTUS.Lucilius_JC,6,1,111,16
4,3,73,#Brutus_JC,12,2,23,4
4,3,73,#Cassius_JC,11,2,23,4
4,3,74,#Brutus_JC,5,1,5,1
4,3,75,#Brutus_JC,56,10,106,19
4,3,75,#Cassius_JC,50,9,106,19
4,3,76,#Brutus_JC,18,2,42,5
4,3,76,#Cassius_JC,24,3,42,5
4,3,77,#Brutus_JC,325,49,502,77
4,3,77,#Cassius_JC,93,15,502,77
4,3,77,#SOLDIERS.BRUTUS.Messala_JC,84,13,502,77
4,3,78,#Brutus_JC,2,1,2,1
4,3,79,#Brutus_JC,14,3,37,7
4,3,79,#Cassius_JC,23,4,37,7
4,3,80,#Brutus_JC,9,3,17,5
4,3,80,#Cassius_JC,4,1,17,5
4,3,80,#SOLDIERS.BRUTUS.Messala_JC,4,1,17,5
4,3,80,#SOLDIERS.BRUTUS.Titinius_JC,4,1,17,5
4,3,81,#Brutus_JC,38,5,45,7
4,3,81,#Lucius_JC,7,2,45,7
4,3,82,#Brutus_JC,223,26,264,33
4,3,82,#Lucius_JC,28,4,264,33
4,3,82,#SOLDIERS.BRUTUS.Varro_JC,13,3,264,33
4,3,83,#Brutus_JC,69,10,85,13
4,3,83,#Caesar_JC,16,3,85,13
4,3,84,#Brutus_JC,92,15,137,25
4,3,84,#Lucius_JC,21,4,137,25
4,3,84,#SOLDIERS.BRUTUS.Claudius_JC,16,4,137,25
4,3,84,#SOLDIERS.BRUTUS.Varro_JC,18,4,137,25
5,1,85,#Antony_JC,44,6,89,12
5,1,85,#Octavius_JC,45,6,89,12
5,1,86,#Antony_JC,22,3,65,9
5,1,86,#Messenger_JC,24,4,65,9
5,1,86,#Octavius_JC,19,2,65,9
5,1,87,#Antony_JC,93,14,340,50
5,1,87,#Brutus_JC,71,10,340,50
5,1,87,#Cassius_JC,61,10,340,50
5,1,87,#Octavius_JC,115,16,340,50
5,1,88,#Brutus_JC,180,23,469,65
5,1,88,#Cassius_JC,280,39,469,65
5,1,88,#SOLDIERS.BRUTUS.Lucilius_JC,2,1,469,65
5,1,88,#SOLDIERS.BRUTUS.Messala_JC,7,2,469,65
5,2,89,#Brutus_JC,45,6,45,6
5,3,90,#Cassius_JC,32,4,62,8
5,3,90,#SOLDIERS.BRUTUS.Titinius_JC,30,4,62,8
5,3,91,#Cassius_JC,56,7,92,12
5,3,91,#Pindarus_JC,23,3,92,12
5,3,91,#SOLDIERS.BRUTUS.Titinius_JC,13,2,92,12
5,3,92,#Cassius_JC,160,24,237,35
5,3,92,#Pindarus_JC,77,11,237,35
5,3,93,#SOLDIERS.BRUTUS.Messala_JC,125,18,225,33
5,3,93,#SOLDIERS.BRUTUS.Titinius_JC,100,15,225,33
5,3,94,#SOLDIERS.BRUTUS.Titinius_JC,91,12,91,12
5,3,95,#Brutus_JC,136,19,155,23
5,3,95,#SOLDIERS.BRUTUS.Cato_JC,13,3,155,23
5,3,95,#SOLDIERS.BRUTUS.Messala_JC,6,1,155,23
5,4,96,#Brutus_JC,8,1,8,1
5,4,97,#SOLDIERS.BRUTUS.Cato_JC,41,5,41,5
5,4,98,#SOLDIERS.BRUTUS.Lucilius_JC,38,5,38,5
5,4,99,#SOLDIERS.ANTONY.0.1_JC,10,2,33,5
5,4,99,#SOLDIERS.BRUTUS.Lucilius_JC,23,3,33,5
5,4,100,#Antony_JC,57,8,126,17
5,4,100,#SOLDIERS.ANTONY.0.1_JC,16,2,126,17
5,4,100,#SOLDIERS.ANTONY.0.2_JC,7,1,126,17
5,4,100,#SOLDIERS.BRUTUS.Lucilius_JC,46,6,126,17
5,5,101,#Brutus_JC,239,32,341,48
5,5,101,#SOLDIERS.BRUTUS.Clitus_JC,70,10,341,48
5,5,101,#SOLDIERS.BRUTUS.Dardanus_JC,15,3,341,48
5,5,101,#SOLDIERS.BRUTUS.Volumnius_JC,17,3,341,48
5,5,102,#Brutus_JC,61,8,71,9
5,5,102,#SOLDIERS.BRUTUS.Strato_JC,10,1,71,9
5,5,103,#Antony_JC,65,8,228,30
5,5,103,#Octavius_JC,70,10,228,30
5,5,103,#SOLDIERS.BRUTUS.Lucilius_JC,16,2,228,30
5,5,103,#SOLDIERS.BRUTUS.Messala_JC,28,4,228,30
5,5,103,#SOLDIERS.BRUTUS.Strato_JC,49,6,228,30
1,1,1,#COMMONERS_JC,0,0,477,65
1,2,3,#COMMONERS_JC,0,0,165,29
1,2,3,#Cicero_JC,0,0,165,29
1,2,3,#Decius_JC,0,0,165,29
1,2,3,#Flavius_JC,0,0,165,29
1,2,3,#Marullus_JC,0,0,165,29
1,2,3,#Portia_JC,0,0,165,29
1,2,5,#Calphurnia_JC,0,0,289,37
1,2,5,#Casca_JC,0,0,289,37
1,2,5,#Cicero_JC,0,0,289,37
1,2,5,#Decius_JC,0,0,289,37
1,2,5,#Flavius_JC,0,0,289,37
1,2,5,#Marullus_JC,0,0,289,37
1,2,5,#Portia_JC,0,0,289,37
2,1,26,#Ligarius_JC,0,0,19,3
2,2,32,#SERVANTS.CAESAR.1_JC,0,0,405,52
2,2,33,#Calphurnia_JC,0,0,59,10
2,2,33,#Casca_JC,0,0,59,10
2,2,33,#Cinna_JC,0,0,59,10
2,2,33,#Decius_JC,0,0,59,10
2,2,33,#Ligarius_JC,0,0,59,10
2,2,33,#Metellus_JC,0,0,59,10
2,2,33,#SERVANTS.CAESAR.1_JC,0,0,59,10
2,2,33,#Trebonius_JC,0,0,59,10
2,2,34,#Brutus_JC,0,0,30,5
2,2,34,#Calphurnia_JC,0,0,30,5
2,2,34,#Casca_JC,0,0,30,5
2,2,34,#Cinna_JC,0,0,30,5
2,2,34,#Decius_JC,0,0,30,5
2,2,34,#Ligarius_JC,0,0,30,5
2,2,34,#Metellus_JC,0,0,30,5
2,2,34,#Publius_JC,0,0,30,5
2,2,34,#SERVANTS.CAESAR.1_JC,0,0,30,5
2,2,34,#Trebonius_JC,0,0,30,5
2,2,35,#Antony_JC,0,0,84,10
2,2,35,#Calphurnia_JC,0,0,84,10
2,2,35,#Casca_JC,0,0,84,10
2,2,35,#Cinna_JC,0,0,84,10
2,2,35,#Decius_JC,0,0,84,10
2,2,35,#Ligarius_JC,0,0,84,10
2,2,35,#Metellus_JC,0,0,84,10
2,2,35,#Publius_JC,0,0,84,10
2,4,38,#Lucius_JC,0,0,151,21
2,4,39,#Lucius_JC,0,0,68,10
3,1,40,#Antony_JC,0,0,94,16
3,1,40,#Brutus_JC,0,0,94,16
3,1,40,#Casca_JC,0,0,94,16
3,1,40,#Cinna_JC,0,0,94,16
3,1,40,#Lepidus_JC,0,0,94,16
3,1,40,#Metellus_JC,0,0,94,16
3,1,40,#PETITIONERS_JC,0,0,94,16
3,1,40,#SENATORS_JC,0,0,94,16
3,1,40,#Trebonius_JC,0,0,94,16
3,1,41,#Antony_JC,0,0,88,13
3,1,41,#Artemidorus_JC,0,0,88,13
3,1,41,#Caesar_JC,0,0,88,13
3,1,41,#Casca_JC,0,0,88,13
3,1,41,#Cinna_JC,0,0,88,13
3,1,41,#Decius_JC,0,0,88,13
3,1,41,#Lepidus_JC,0,0,88,13
3,1,41,#Metellus_JC,0,0,88,13
3,1,41,#PETITIONERS_JC,0,0,88,13
3,1,41,#Publius_JC,0,0,88,13
3,1,41,#SENATORS_JC,0,0,88,13
3,1,41,#Soothsayer_JC,0,0,88,13
3,1,41,#Trebonius_JC,0,0,88,13
3,1,42,#Artemidorus_JC,0,0,507,75
3,1,42,#Lepidus_JC,0,0,507,75
3,1,42,#PETITIONERS_JC,0,0,507,75
3,1,42,#Publius_JC,0,0,507,75
3,1,42,#SENATORS_JC,0,0,507,75
3,1,42,#Soothsayer_JC,0,0,507,75
3,1,43,#Caesar_JC,0,0,217,32
3,1,43,#Cinna_JC,0,0,217,32
3,1,43,#Metellus_JC,0,0,217,32
3,1,44,#Caesar_JC,0,0,159,22
3,1,44,#Casca_JC,0,0,159,22
3,1,44,#Cassius_JC,0,0,159,22
3,1,44,#Cinna_JC,0,0,159,22
3,1,44,#Decius_JC,0,0,159,22
3,1,44,#Metellus_JC,0,0,159,22
3,1,44,#Trebonius_JC,0,0,159,22
3,1,45,#Caesar_JC,0,0,33,4
3,1,45,#Casca_JC,0,0,33,4
3,1,45,#Cinna_JC,0,0,33,4
3,1,45,#Decius_JC,0,0,33,4
3,1,45,#Metellus_JC,0,0,33,4
3,1,45,#Trebonius_JC,0,0,33,4
3,1,46,#Caesar_JC,0,0,860,117
3,1,46,#Casca_JC,0,0,860,117
3,1,46,#Cinna_JC,0,0,860,117
3,1,46,#Decius_JC,0,0,860,117
3,1,46,#Metellus_JC,0,0,860,117
3,1,46,#Trebonius_JC,0,0,860,117
3,1,47,#Caesar_JC,0,0,173,22
3,1,48,#Caesar_JC,0,0,164,23
3,2,49,#Cassius_JC,0,0,54,8
3,2,50,#Brutus_JC,0,0,5,1
3,2,50,#Cassius_JC,0,0,5,1
3,2,50,#PLEBEIANS_JC,0,0,5,1
3,2,51,#Brutus_JC,0,0,14,2
3,2,51,#Cassius_JC,0,0,14,2
3,2,51,#PLEBEIANS.0.1_JC,0,0,14,2
3,2,51,#PLEBEIANS_JC,0,0,14,2
3,2,52,#PLEBEIANS.0.1_JC,0,0,287,31
3,2,52,#PLEBEIANS.0.2_JC,0,0,287,31
3,2,53,#Antony_JC,0,0,91,11
3,2,53,#Caesar_JC,0,0,91,11
3,2,53,#PLEBEIANS.0_JC,0,0,91,11
3,2,54,#Antony_JC,0,0,78,14
3,2,54,#Caesar_JC,0,0,78,14
3,2,54,#PLEBEIANS.0.3_JC,0,0,78,14
3,2,54,#PLEBEIANS.0_JC,0,0,78,14
3,2,54,#PLEBEIANS_JC,0,0,78,14
3,2,55,#Caesar_JC,0,0,1479,207
3,2,55,#PLEBEIANS.0_JC,0,0,1479,207
3,2,56,#PLEBEIANS.0.1_JC,0,0,14,2
3,2,56,#PLEBEIANS.0.2_JC,0,0,14,2
3,2,56,#PLEBEIANS.0.3_JC,0,0,14,2
3,2,56,#PLEBEIANS.0.4_JC,0,0,14,2
3,2,56,#PLEBEIANS.0_JC,0,0,14,2
3,2,57,#PLEBEIANS.0.1_JC,0,0,77,11
3,2,57,#PLEBEIANS.0.2_JC,0,0,77,11
3,2,57,#PLEBEIANS.0.3_JC,0,0,77,11
3,2,57,#PLEBEIANS.0.4_JC,0,0,77,11
3,2,57,#PLEBEIANS.0_JC,0,0,77,11
3,3,58,#PLEBEIANS_JC,0,0,29,4
3,3,59,#CinnaPoet_JC,0,0,4,1
3,3,59,#PLEBEIANS_JC,0,0,4,1
3,3,60,#CinnaPoet_JC,0,0,4,1
3,3,60,#PLEBEIANS.0.1_JC,0,0,4,1
3,3,60,#PLEBEIANS_JC,0,0,4,1
3,3,61,#CinnaPoet_JC,0,0,4,1
3,3,61,#PLEBEIANS.0.1_JC,0,0,4,1
3,3,61,#PLEBEIANS.0.2_JC,0,0,4,1
3,3,61,#PLEBEIANS_JC,0,0,4,1
3,3,62,#PLEBEIANS_JC,0,0,205,33
4,2,65,#Lucius_JC,0,0,216,33
4,2,65,#SOLDIERS.BRUTUS.Titinius_JC,0,0,216,33
4,2,65,#SOLDIERS.BRUTUS_JC,0,0,216,33
4,2,66,#Lucius_JC,0,0,18,4
4,2,66,#Pindarus_JC,0,0,18,4
4,2,66,#SOLDIERS.BRUTUS.Lucilius_JC,0,0,18,4
4,2,66,#SOLDIERS.BRUTUS.Titinius_JC,0,0,18,4
4,2,66,#SOLDIERS.BRUTUS_JC,0,0,18,4
4,2,66,#SOLDIERS.CASSIUS_JC,0,0,18,4
4,2,67,#Brutus_JC,0,0,1,1
4,2,67,#Cassius_JC,0,0,1,1
4,2,67,#Lucius_JC,0,0,1,1
4,2,67,#Pindarus_JC,0,0,1,1
4,2,67,#SOLDIERS.BRUTUS.Lucilius_JC,0,0,1,1
4,2,67,#SOLDIERS.BRUTUS.Titinius_JC,0,0,1,1
4,2,67,#SOLDIERS.BRUTUS_JC,0,0,1,1
4,2,67,#SOLDIERS.CASSIUS_JC,0,0,1,1
4,2,68,#Brutus_JC,0,0,1,1
4,2,68,#Cassius_JC,0,0,1,1
4,2,68,#Lucius_JC,0,0,1,1
4,2,68,#Pindarus_JC,0,0,1,1
4,2,68,#SOLDIERS.BRUTUS.0.1_JC,0,0,1,1
4,2,68,#SOLDIERS.BRUTUS.Lucilius_JC,0,0,1,1
4,2,68,#SOLDIERS.BRUTUS.Titinius_JC,0,0,1,1
4,2,68,#SOLDIERS.BRUTUS_JC,0,0,1,1
4,2,68,#SOLDIERS.CASSIUS_JC,0,0,1,1
4,2,69,#Lucius_JC,0,0,129,19
4,2,69,#Pindarus_JC,0,0,129,19
4,2,69,#SOLDIERS.BRUTUS.0.1_JC,0,0,129,19
4,2,69,#SOLDIERS.BRUTUS.0.2_JC,0,0,129,19
4,2,69,#SOLDIERS.BRUTUS.Lucilius_JC,0,0,129,19
4,2,69,#SOLDIERS.BRUTUS.Titinius_JC,0,0,129,19
4,2,69,#SOLDIERS.BRUTUS_JC,0,0,129,19
4,2,69,#SOLDIERS.CASSIUS_JC,0,0,129,19
4,3,72,#Lucius_JC,0,0,111,16
4,3,72,#SOLDIERS.BRUTUS.Titinius_JC,0,0,111,16
4,3,73,#Lucius_JC,0,0,23,4
4,3,73,#SOLDIERS.BRUTUS.Lucilius_JC,0,0,23,4
4,3,73,#SOLDIERS.BRUTUS.Titinius_JC,0,0,23,4
4,3,74,#Cassius_JC,0,0,5,1
4,3,74,#Lucius_JC,0,0,5,1
4,3,76,#Lucius_JC,0,0,42,5
4,3,77,#SOLDIERS.BRUTUS.Titinius_JC,0,0,502,77
4,3,78,#Cassius_JC,0,0,2,1
4,3,78,#Lucius_JC,0,0,2,1
4,3,78,#SOLDIERS.BRUTUS.Messala_JC,0,0,2,1
4,3,78,#SOLDIERS.BRUTUS.Titinius_JC,0,0,2,1
4,3,79,#SOLDIERS.BRUTUS.Messala_JC,0,0,37,7
4,3,79,#SOLDIERS.BRUTUS.Titinius_JC,0,0,37,7
4,3,80,#Lucius_JC,0,0,17,5
4,3,82,#SOLDIERS.BRUTUS.Claudius_JC,0,0,264,33
4,3,83,#Lucius_JC,0,0,85,13
4,3,83,#SOLDIERS.BRUTUS.Claudius_JC,0,0,85,13
4,3,83,#SOLDIERS.BRUTUS.Varro_JC,0,0,85,13
5,1,85,#SOLDIERS.ANTONY_JC,0,0,89,12
5,1,86,#SOLDIERS.ANTONY_JC,0,0,65,9
5,1,87,#Messenger_JC,0,0,340,50
5,1,87,#SOLDIERS.ANTONY_JC,0,0,340,50
5,1,87,#SOLDIERS.BRUTUS.Lucilius_JC,0,0,340,50
5,1,87,#SOLDIERS.BRUTUS.Messala_JC,0,0,340,50
5,1,87,#SOLDIERS.BRUTUS.Titinius_JC,0,0,340,50
5,1,87,#SOLDIERS.BRUTUS_JC,0,0,340,50
5,1,88,#SOLDIERS.BRUTUS.Titinius_JC,0,0,469,65
5,1,88,#SOLDIERS.BRUTUS_JC,0,0,469,65
5,2,89,#SOLDIERS.BRUTUS.Messala_JC,0,0,45,6
5,3,93,#Cassius_JC,0,0,225,33
5,3,94,#Cassius_JC,0,0,91,12
5,3,95,#Cassius_JC,0,0,155,23
5,3,95,#SOLDIERS.BRUTUS.Flavius_JC,0,0,155,23
5,3,95,#SOLDIERS.BRUTUS.Labeo_JC,0,0,155,23
5,3,95,#SOLDIERS.BRUTUS.Lucilius_JC,0,0,155,23
5,3,95,#SOLDIERS.BRUTUS.Strato_JC,0,0,155,23
5,3,95,#SOLDIERS.BRUTUS.Titinius_JC,0,0,155,23
5,3,95,#SOLDIERS.BRUTUS.Volumnius_JC,0,0,155,23
5,4,96,#SOLDIERS.BRUTUS.Cato_JC,0,0,8,1
5,4,96,#SOLDIERS.BRUTUS.Flavius_JC,0,0,8,1
5,4,96,#SOLDIERS.BRUTUS.Lucilius_JC,0,0,8,1
5,4,96,#SOLDIERS.BRUTUS.Messala_JC,0,0,8,1
5,4,97,#SOLDIERS.BRUTUS.Lucilius_JC,0,0,41,5
5,4,98,#SOLDIERS.ANTONY_JC,0,0,38,5
5,4,98,#SOLDIERS.BRUTUS.Cato_JC,0,0,38,5
5,4,99,#SOLDIERS.ANTONY_JC,0,0,33,5
5,4,99,#SOLDIERS.BRUTUS.Cato_JC,0,0,33,5
5,4,100,#SOLDIERS.ANTONY_JC,0,0,126,17
5,4,100,#SOLDIERS.BRUTUS.Cato_JC,0,0,126,17
5,5,101,#SOLDIERS.BRUTUS.Strato_JC,0,0,341,48
5,5,103,#Brutus_JC,0,0,228,30
5,5,103,#SOLDIERS.ANTONY_JC,0,0,228,30
