node1,node2,key,act,scene,n_tokens,n_lines,edge_index
#COMMONERS.Carpenter_JC,#COMMONERS.Cobbler_JC,0,1,1,587,80,1
#COMMONERS.Carpenter_JC,#COMMONERS_JC,0,1,1,587,80,1
#COMMONERS.Carpenter_JC,#Flavius_JC,0,1,1,587,80,1
#COMMONERS.Carpenter_JC,#Marullus_JC,0,1,1,587,80,1
#COMMONERS.Cobbler_JC,#COMMONERS_JC,0,1,1,587,80,1
#COMMONERS.Cobbler_JC,#Flavius_JC,0,1,1,587,80,1
#COMMONERS.Cobbler_JC,#Marullus_JC,0,1,1,587,80,1
#COMMONERS_JC,#Flavius_JC,0,1,1,587,80,1
#COMMONERS_JC,#Marullus_JC,0,1,1,587,80,1
#Flavius_JC,#Marullus_JC,0,1,1,587,80,1
#Antony_JC,#Brutus_JC,0,1,2,2576,334,2
#Antony_JC,#Caesar_JC,0,1,2,2576,334,2
#Antony_JC,#Calphurnia_JC,0,1,2,2576,334,2
#Antony_JC,#Casca_JC,0,1,2,2576,334,2
#Antony_JC,#Cassius_JC,0,1,2,2576,334,2
#Antony_JC,#Cicero_JC,0,1,2,2576,334,2
#Antony_JC,#Decius_JC,0,1,2,2576,334,2
#Antony_JC,#Portia_JC,0,1,2,2576,334,2
#Antony_JC,#Soothsayer_JC,0,1,2,2576,334,2
#Brutus_JC,#Caesar_JC,0,1,2,2576,334,2
#Brutus_JC,#Calphurnia_JC,0,1,2,2576,334,2
#Brutus_JC,#Casca_JC,0,1,2,2576,334,2
#Brutus_JC,#Cassius_JC,0,1,2,2576,334,2
#Brutus_JC,#Cicero_JC,0,1,2,2576,334,2
#Brutus_JC,#Decius_JC,0,1,2,2576,334,2
#Brutus_JC,#Portia_JC,0,1,2,2576,334,2
#Brutus_JC,#Soothsayer_JC,0,1,2,2576,334,2
#COMMONERS_JC,#Antony_JC,0,1,2,2576,334,2
#COMMONERS_JC,#Brutus_JC,0,1,2,2576,334,2
#COMMONERS_JC,#Caesar_JC,0,1,2,2576,334,2
#COMMONERS_JC,#Calphurnia_JC,0,1,2,2576,334,2
#COMMONERS_JC,#Casca_JC,0,1,2,2576,334,2
#COMMONERS_JC,#Cassius_JC,0,1,2,2576,334,2
#COMMONERS_JC,#Cicero_JC,0,1,2,2576,334,2
#COMMONERS_JC,#Decius_JC,0,1,2,2576,334,2
#COMMONERS_JC,#Flavius_JC,1,1,2,2576,334,2
#COMMONERS_JC,#Marullus_JC,1,1,2,2576,334,2
#COMMONERS_JC,#Portia_JC,0,1,2,2576,334,2
#COMMONERS_JC,#Soothsayer_JC,0,1,2,2576,334,2
#Caesar_JC,#Calphurnia_JC,0,1,2,2576,334,2
#Caesar_JC,#Casca_JC,0,1,2,2576,334,2
#Caesar_JC,#Cassius_JC,0,1,2,2576,334,2
#Caesar_JC,#Cicero_JC,0,1,2,2576,334,2
#Caesar_JC,#Decius_JC,0,1,2,2576,334,2
#Caesar_JC,#Portia_JC,0,1,2,2576,334,2
#Caesar_JC,#Soothsayer_JC,0,1,2,2576,334,2
#Calphurnia_JC,#Casca_JC,0,1,2,2576,334,2
#Calphurnia_JC,#Cassius_JC,0,1,2,2576,334,2
#Calphurnia_JC,#Cicero_JC,0,1,2,2576,334,2
#Calphurnia_JC,#Decius_JC,0,1,2,2576,334,2
#Calphurnia_JC,#Portia_JC,0,1,2,2576,334,2
#Calphurnia_JC,#Soothsayer_JC,0,1,2,2576,334,2
#Casca_JC,#Cassius_JC,0,1,2,2576,334,2
#Casca_JC,#Cicero_JC,0,1,2,2576,334,2
#Casca_JC,#Decius_JC,0,1,2,2576,334,2
#Casca_JC,#Portia_JC,0,1,2,2576,334,2
#Casca_JC,#Soothsayer_JC,0,1,2,2576,334,2
#Cassius_JC,#Cicero_JC,0,1,2,2576,334,2
#Cassius_JC,#Decius_JC,0,1,2,2576,334,2
#Cassius_JC,#Portia_JC,0,1,2,2576,334,2
#Cassius_JC,#Soothsayer_JC,0,1,2,2576,334,2
#Cicero_JC,#Decius_JC,0,1,2,2576,334,2
#Cicero_JC,#Portia_JC,0,1,2,2576,334,2
#Cicero_JC,#Soothsayer_JC,0,1,2,2576,334,2
#Decius_JC,#Portia_JC,0,1,2,2576,334,2
#Decius_JC,#Soothsayer_JC,0,1,2,2576,334,2
#Flavius_JC,#Antony_JC,0,1,2,2576,334,2
#Flavius_JC,#Brutus_JC,0,1,2,2576,334,2
#Flavius_JC,#Caesar_JC,0,1,2,2576,334,2
#Flavius_JC,#Calphurnia_JC,0,1,2,2576,334,2
#Flavius_JC,#Casca_JC,0,1,2,2576,334,2
#Flavius_JC,#Cassius_JC,0,1,2,2576,334,2
#Flavius_JC,#Cicero_JC,0,1,2,2576,334,2
#Flavius_JC,#Decius_JC,0,1,2,2576,334,2
#Flavius_JC,#Marullus_JC,1,1,2,2576,334,2
#Flavius_JC,#Portia_JC,0,1,2,2576,334,2
#Flavius_JC,#Soothsayer_JC,0,1,2,2576,334,2
#Marullus_JC,#Antony_JC,0,1,2,2576,334,2
#Marullus_JC,#Brutus_JC,0,1,2,2576,334,2
#Marullus_JC,#Caesar_JC,0,1,2,2576,334,2
#Marullus_JC,#Calphurnia_JC,0,1,2,2576,334,2
#Marullus_JC,#Casca_JC,0,1,2,2576,334,2
#Marullus_JC,#Cassius_JC,0,1,2,2576,334,2
#Marullus_JC,#Cicero_JC,0,1,2,2576,334,2
#Marullus_JC,#Decius_JC,0,1,2,2576,334,2
#Marullus_JC,#Portia_JC,0,1,2,2576,334,2
#Marullus_JC,#Soothsayer_JC,0,1,2,2576,334,2
#Portia_JC,#Soothsayer_JC,0,1,2,2576,334,2
#Casca_JC,#Cassius_JC,1,1,3,1289,169,3
#Casca_JC,#Cicero_JC,1,1,3,1289,169,3
#Casca_JC,#Cinna_JC,0,1,3,1289,169,3
#Cassius_JC,#Cicero_JC,1,1,3,1289,169,3
#Cassius_JC,#Cinna_JC,0,1,3,1289,169,3
#Cicero_JC,#Cinna_JC,0,1,3,1289,169,3
#Brutus_JC,#Casca_JC,1,2,1,2619,363,4
#Brutus_JC,#Cassius_JC,1,2,1,2619,363,4
#Brutus_JC,#Cinna_JC,0,2,1,2619,363,4
#Brutus_JC,#Decius_JC,1,2,1,2619,363,4
#Brutus_JC,#Ligarius_JC,0,2,1,2619,363,4
#Brutus_JC,#Lucius_JC,0,2,1,2619,363,4
#Brutus_JC,#Metellus_JC,0,2,1,2619,363,4
#Brutus_JC,#Portia_JC,1,2,1,2619,363,4
#Brutus_JC,#Trebonius_JC,0,2,1,2619,363,4
#Casca_JC,#Cassius_JC,2,2,1,2619,363,4
#Casca_JC,#Cinna_JC,1,2,1,2619,363,4
#Casca_JC,#Decius_JC,1,2,1,2619,363,4
#Casca_JC,#Ligarius_JC,0,2,1,2619,363,4
#Casca_JC,#Lucius_JC,0,2,1,2619,363,4
#Casca_JC,#Metellus_JC,0,2,1,2619,363,4
#Casca_JC,#Portia_JC,1,2,1,2619,363,4
#Casca_JC,#Trebonius_JC,0,2,1,2619,363,4
#Cassius_JC,#Cinna_JC,1,2,1,2619,363,4
#Cassius_JC,#Decius_JC,1,2,1,2619,363,4
#Cassius_JC,#Ligarius_JC,0,2,1,2619,363,4
#Cassius_JC,#Lucius_JC,0,2,1,2619,363,4
#Cassius_JC,#Metellus_JC,0,2,1,2619,363,4
#Cassius_JC,#Portia_JC,1,2,1,2619,363,4
#Cassius_JC,#Trebonius_JC,0,2,1,2619,363,4
#Cinna_JC,#Ligarius_JC,0,2,1,2619,363,4
#Cinna_JC,#Lucius_JC,0,2,1,2619,363,4
#Cinna_JC,#Metellus_JC,0,2,1,2619,363,4
#Cinna_JC,#Trebonius_JC,0,2,1,2619,363,4
#Decius_JC,#Cinna_JC,0,2,1,2619,363,4
#Decius_JC,#Ligarius_JC,0,2,1,2619,363,4
#Decius_JC,#Lucius_JC,0,2,1,2619,363,4
#Decius_JC,#Metellus_JC,0,2,1,2619,363,4
#Decius_JC,#Portia_JC,1,2,1,2619,363,4
#Decius_JC,#Trebonius_JC,0,2,1,2619,363,4
#Ligarius_JC,#Lucius_JC,0,2,1,2619,363,4
#Ligarius_JC,#Metellus_JC,0,2,1,2619,363,4
#Ligarius_JC,#Trebonius_JC,0,2,1,2619,363,4
#Lucius_JC,#Metellus_JC,0,2,1,2619,363,4
#Lucius_JC,#Trebonius_JC,0,2,1,2619,363,4
#Metellus_JC,#Trebonius_JC,0,2,1,2619,363,4
#Portia_JC,#Cinna_JC,0,2,1,2619,363,4
#Portia_JC,#Ligarius_JC,0,2,1,2619,363,4
#Portia_JC,#Lucius_JC,0,2,1,2619,363,4
#Portia_JC,#Metellus_JC,0,2,1,2619,363,4
#Portia_JC,#Trebonius_JC,0,2,1,2619,363,4
#Antony_JC,#Brutus_JC,1,2,2,1024,137,5
#Antony_JC,#Caesar_JC,1,2,2,1024,137,5
#Antony_JC,#Calphurnia_JC,1,2,2,1024,137,5
#Antony_JC,#Casca_JC,1,2,2,1024,137,5
#Antony_JC,#Cinna_JC,0,2,2,1024,137,5
#Antony_JC,#Decius_JC,1,2,2,1024,137,5
#Antony_JC,#Ligarius_JC,0,2,2,1024,137,5
#Antony_JC,#Metellus_JC,0,2,2,1024,137,5
#Antony_JC,#Publius_JC,0,2,2,1024,137,5
#Antony_JC,#SERVANTS.CAESAR.1_JC,0,2,2,1024,137,5
#Antony_JC,#Trebonius_JC,0,2,2,1024,137,5
#Brutus_JC,#Caesar_JC,1,2,2,1024,137,5
#Brutus_JC,#Calphurnia_JC,1,2,2,1024,137,5
#Brutus_JC,#Casca_JC,2,2,2,1024,137,5
#Brutus_JC,#Cinna_JC,1,2,2,1024,137,5
#Brutus_JC,#Decius_JC,2,2,2,1024,137,5
#Brutus_JC,#Ligarius_JC,1,2,2,1024,137,5
#Brutus_JC,#Metellus_JC,1,2,2,1024,137,5
#Brutus_JC,#Publius_JC,0,2,2,1024,137,5
#Brutus_JC,#SERVANTS.CAESAR.1_JC,0,2,2,1024,137,5
#Brutus_JC,#Trebonius_JC,1,2,2,1024,137,5
#Caesar_JC,#Calphurnia_JC,1,2,2,1024,137,5
#Caesar_JC,#Casca_JC,1,2,2,1024,137,5
#Caesar_JC,#Cinna_JC,0,2,2,1024,137,5
#Caesar_JC,#Decius_JC,1,2,2,1024,137,5
#Caesar_JC,#Ligarius_JC,0,2,2,1024,137,5
#Caesar_JC,#Metellus_JC,0,2,2,1024,137,5
#Caesar_JC,#Publius_JC,0,2,2,1024,137,5
#Caesar_JC,#SERVANTS.CAESAR.1_JC,0,2,2,1024,137,5
#Caesar_JC,#Trebonius_JC,0,2,2,1024,137,5
#Calphurnia_JC,#Casca_JC,1,2,2,1024,137,5
#Calphurnia_JC,#Cinna_JC,0,2,2,1024,137,5
#Calphurnia_JC,#Decius_JC,1,2,2,1024,137,5
#Calphurnia_JC,#Ligarius_JC,0,2,2,1024,137,5
#Calphurnia_JC,#Metellus_JC,0,2,2,1024,137,5
#Calphurnia_JC,#Publius_JC,0,2,2,1024,137,5
#Calphurnia_JC,#SERVANTS.CAESAR.1_JC,0,2,2,1024,137,5
#Calphurnia_JC,#Trebonius_JC,0,2,2,1024,137,5
#Casca_JC,#Cinna_JC,2,2,2,1024,137,5
#Casca_JC,#Decius_JC,2,2,2,1024,137,5
#Casca_JC,#Ligarius_JC,1,2,2,1024,137,5
#Casca_JC,#Metellus_JC,1,2,2,1024,137,5
#Casca_JC,#Publius_JC,0,2,2,1024,137,5
#Casca_JC,#SERVANTS.CAESAR.1_JC,0,2,2,1024,137,5
#Casca_JC,#Trebonius_JC,1,2,2,1024,137,5
#Cinna_JC,#Ligarius_JC,1,2,2,1024,137,5
#Cinna_JC,#Metellus_JC,1,2,2,1024,137,5
#Cinna_JC,#Publius_JC,0,2,2,1024,137,5
#Cinna_JC,#SERVANTS.CAESAR.1_JC,0,2,2,1024,137,5
#Cinna_JC,#Trebonius_JC,1,2,2,1024,137,5
#Decius_JC,#Cinna_JC,1,2,2,1024,137,5
#Decius_JC,#Ligarius_JC,1,2,2,1024,137,5
#Decius_JC,#Metellus_JC,1,2,2,1024,137,5
#Decius_JC,#Publius_JC,0,2,2,1024,137,5
#Decius_JC,#SERVANTS.CAESAR.1_JC,0,2,2,1024,137,5
#Decius_JC,#Trebonius_JC,1,2,2,1024,137,5
#Ligarius_JC,#Metellus_JC,1,2,2,1024,137,5
#Ligarius_JC,#Publius_JC,0,2,2,1024,137,5
#Ligarius_JC,#SERVANTS.CAESAR.1_JC,0,2,2,1024,137,5
#Ligarius_JC,#Trebonius_JC,1,2,2,1024,137,5
#Metellus_JC,#Publius_JC,0,2,2,1024,137,5
#Metellus_JC,#SERVANTS.CAESAR.1_JC,0,2,2,1024,137,5
#Metellus_JC,#Trebonius_JC,1,2,2,1024,137,5
#Publius_JC,#SERVANTS.CAESAR.1_JC,0,2,2,1024,137,5
#Trebonius_JC,#Publius_JC,0,2,2,1024,137,5
#Trebonius_JC,#SERVANTS.CAESAR.1_JC,0,2,2,1024,137,5
#Portia_JC,#Lucius_JC,1,2,4,383,54,7
#Portia_JC,#Soothsayer_JC,1,2,4,383,54,7
#Soothsayer_JC,#Lucius_JC,0,2,4,383,54,7
#Antony_JC,#Artemidorus_JC,0,3,1,2295,324,8
#Antony_JC,#Brutus_JC,2,3,1,2295,324,8
#Antony_JC,#Caesar_JC,2,3,1,2295,324,8
#Antony_JC,#Casca_JC,2,3,1,2295,324,8
#Antony_JC,#Cassius_JC,1,3,1,2295,324,8
#Antony_JC,#Cinna_JC,1,3,1,2295,324,8
#Antony_JC,#Decius_JC,2,3,1,2295,324,8
#Antony_JC,#Lepidus_JC,0,3,1,2295,324,8
#Antony_JC,#Metellus_JC,1,3,1,2295,324,8
#Antony_JC,#PETITIONERS_JC,0,3,1,2295,324,8
#Antony_JC,#Popilius_JC,0,3,1,2295,324,8
#Antony_JC,#Publius_JC,1,3,1,2295,324,8
#Antony_JC,#SENATORS_JC,0,3,1,2295,324,8
#Antony_JC,#SERVANTS.ANTONY.1_JC,0,3,1,2295,324,8
#Antony_JC,#SERVANTS.OCTAVIUS.1_JC,0,3,1,2295,324,8
#Antony_JC,#Soothsayer_JC,1,3,1,2295,324,8
#Antony_JC,#Trebonius_JC,1,3,1,2295,324,8
#Artemidorus_JC,#Lepidus_JC,0,3,1,2295,324,8
#Artemidorus_JC,#PETITIONERS_JC,0,3,1,2295,324,8
#Artemidorus_JC,#Popilius_JC,0,3,1,2295,324,8
#Artemidorus_JC,#SENATORS_JC,0,3,1,2295,324,8
#Artemidorus_JC,#SERVANTS.ANTONY.1_JC,0,3,1,2295,324,8
#Artemidorus_JC,#SERVANTS.OCTAVIUS.1_JC,0,3,1,2295,324,8
#Brutus_JC,#Artemidorus_JC,0,3,1,2295,324,8
#Brutus_JC,#Caesar_JC,2,3,1,2295,324,8
#Brutus_JC,#Casca_JC,3,3,1,2295,324,8
#Brutus_JC,#Cassius_JC,2,3,1,2295,324,8
#Brutus_JC,#Cinna_JC,2,3,1,2295,324,8
#Brutus_JC,#Decius_JC,3,3,1,2295,324,8
#Brutus_JC,#Lepidus_JC,0,3,1,2295,324,8
#Brutus_JC,#Metellus_JC,2,3,1,2295,324,8
#Brutus_JC,#PETITIONERS_JC,0,3,1,2295,324,8
#Brutus_JC,#Popilius_JC,0,3,1,2295,324,8
#Brutus_JC,#Publius_JC,1,3,1,2295,324,8
#Brutus_JC,#SENATORS_JC,0,3,1,2295,324,8
#Brutus_JC,#SERVANTS.ANTONY.1_JC,0,3,1,2295,324,8
#Brutus_JC,#SERVANTS.OCTAVIUS.1_JC,0,3,1,2295,324,8
#Brutus_JC,#Soothsayer_JC,1,3,1,2295,324,8
#Brutus_JC,#Trebonius_JC,2,3,1,2295,324,8
#Caesar_JC,#Artemidorus_JC,0,3,1,2295,324,8
#Caesar_JC,#Casca_JC,2,3,1,2295,324,8
#Caesar_JC,#Cassius_JC,1,3,1,2295,324,8
#Caesar_JC,#Cinna_JC,1,3,1,2295,324,8
#Caesar_JC,#Decius_JC,2,3,1,2295,324,8
#Caesar_JC,#Lepidus_JC,0,3,1,2295,324,8
#Caesar_JC,#Metellus_JC,1,3,1,2295,324,8
#Caesar_JC,#PETITIONERS_JC,0,3,1,2295,324,8
#Caesar_JC,#Popilius_JC,0,3,1,2295,324,8
#Caesar_JC,#Publius_JC,1,3,1,2295,324,8
#Caesar_JC,#SENATORS_JC,0,3,1,2295,324,8
#Caesar_JC,#SERVANTS.ANTONY.1_JC,0,3,1,2295,324,8
#Caesar_JC,#SERVANTS.OCTAVIUS.1_JC,0,3,1,2295,324,8
#Caesar_JC,#Soothsayer_JC,1,3,1,2295,324,8
#Caesar_JC,#Trebonius_JC,1,3,1,2295,324,8
#Casca_JC,#Artemidorus_JC,0,3,1,2295,324,8
#Casca_JC,#Cassius_JC,3,3,1,2295,324,8
#Casca_JC,#Cinna_JC,3,3,1,2295,324,8
#Casca_JC,#Decius_JC,3,3,1,2295,324,8
#Casca_JC,#Lepidus_JC,0,3,1,2295,324,8
#Casca_JC,#Metellus_JC,2,3,1,2295,324,8
#Casca_JC,#PETITIONERS_JC,0,3,1,2295,324,8
#Casca_JC,#Popilius_JC,0,3,1,2295,324,8
#Casca_JC,#Publius_JC,1,3,1,2295,324,8
#Casca_JC,#SENATORS_JC,0,3,1,2295,324,8
#Casca_JC,#SERVANTS.ANTONY.1_JC,0,3,1,2295,324,8
#Casca_JC,#SERVANTS.OCTAVIUS.1_JC,0,3,1,2295,324,8
#Casca_JC,#Soothsayer_JC,1,3,1,2295,324,8
#Casca_JC,#Trebonius_JC,2,3,1,2295,324,8
#Cassius_JC,#Artemidorus_JC,0,3,1,2295,324,8
#Cassius_JC,#Cinna_JC,2,3,1,2295,324,8
#Cassius_JC,#Decius_JC,2,3,1,2295,324,8
#Cassius_JC,#Lepidus_JC,0,3,1,2295,324,8
#Cassius_JC,#Metellus_JC,1,3,1,2295,324,8
#Cassius_JC,#PETITIONERS_JC,0,3,1,2295,324,8
#Cassius_JC,#Popilius_JC,0,3,1,2295,324,8
#Cassius_JC,#Publius_JC,0,3,1,2295,324,8
#Cassius_JC,#SENATORS_JC,0,3,1,2295,324,8
#Cassius_JC,#SERVANTS.ANTONY.1_JC,0,3,1,2295,324,8
#Cassius_JC,#SERVANTS.OCTAVIUS.1_JC,0,3,1,2295,324,8
#Cassius_JC,#Soothsayer_JC,1,3,1,2295,324,8
#Cassius_JC,#Trebonius_JC,1,3,1,2295,324,8
#Cinna_JC,#Artemidorus_JC,0,3,1,2295,324,8
#Cinna_JC,#Lepidus_JC,0,3,1,2295,324,8
#Cinna_JC,#Metellus_JC,2,3,1,2295,324,8
#Cinna_JC,#PETITIONERS_JC,0,3,1,2295,324,8
#Cinna_JC,#Popilius_JC,0,3,1,2295,324,8
#Cinna_JC,#Publius_JC,1,3,1,2295,324,8
#Cinna_JC,#SENATORS_JC,0,3,1,2295,324,8
#Cinna_JC,#SERVANTS.ANTONY.1_JC,0,3,1,2295,324,8
#Cinna_JC,#SERVANTS.OCTAVIUS.1_JC,0,3,1,2295,324,8
#Cinna_JC,#Trebonius_JC,2,3,1,2295,324,8
#Decius_JC,#Artemidorus_JC,0,3,1,2295,324,8
#Decius_JC,#Cinna_JC,2,3,1,2295,324,8
#Decius_JC,#Lepidus_JC,0,3,1,2295,324,8
#Decius_JC,#Metellus_JC,2,3,1,2295,324,8
#Decius_JC,#PETITIONERS_JC,0,3,1,2295,324,8
#Decius_JC,#Popilius_JC,0,3,1,2295,324,8
#Decius_JC,#Publius_JC,1,3,1,2295,324,8
#Decius_JC,#SENATORS_JC,0,3,1,2295,324,8
#Decius_JC,#SERVANTS.ANTONY.1_JC,0,3,1,2295,324,8
#Decius_JC,#SERVANTS.OCTAVIUS.1_JC,0,3,1,2295,324,8
#Decius_JC,#Soothsayer_JC,1,3,1,2295,324,8
#Decius_JC,#Trebonius_JC,2,3,1,2295,324,8
#Lepidus_JC,#PETITIONERS_JC,0,3,1,2295,324,8
#Lepidus_JC,#Popilius_JC,0,3,1,2295,324,8
#Lepidus_JC,#SENATORS_JC,0,3,1,2295,324,8
#Lepidus_JC,#SERVANTS.ANTONY.1_JC,0,3,1,2295,324,8
#Lepidus_JC,#SERVANTS.OCTAVIUS.1_JC,0,3,1,2295,324,8
#Metellus_JC,#Artemidorus_JC,0,3,1,2295,324,8
#Metellus_JC,#Lepidus_JC,0,3,1,2295,324,8
#Metellus_JC,#PETITIONERS_JC,0,3,1,2295,324,8
#Metellus_JC,#Popilius_JC,0,3,1,2295,324,8
#Metellus_JC,#Publius_JC,1,3,1,2295,324,8
#Metellus_JC,#SENATORS_JC,0,3,1,2295,324,8
#Metellus_JC,#SERVANTS.ANTONY.1_JC,0,3,1,2295,324,8
#Metellus_JC,#SERVANTS.OCTAVIUS.1_JC,0,3,1,2295,324,8
#Metellus_JC,#Trebonius_JC,2,3,1,2295,324,8
#PETITIONERS_JC,#Popilius_JC,0,3,1,2295,324,8
#PETITIONERS_JC,#SENATORS_JC,0,3,1,2295,324,8
#PETITIONERS_JC,#SERVANTS.ANTONY.1_JC,0,3,1,2295,324,8
#PETITIONERS_JC,#SERVANTS.OCTAVIUS.1_JC,0,3,1,2295,324,8
#Popilius_JC,#SENATORS_JC,0,3,1,2295,324,8
#Popilius_JC,#SERVANTS.ANTONY.1_JC,0,3,1,2295,324,8
#Popilius_JC,#SERVANTS.OCTAVIUS.1_JC,0,3,1,2295,324,8
#Publius_JC,#Artemidorus_JC,0,3,1,2295,324,8
#Publius_JC,#Lepidus_JC,0,3,1,2295,324,8
#Publius_JC,#PETITIONERS_JC,0,3,1,2295,324,8
#Publius_JC,#Popilius_JC,0,3,1,2295,324,8
#Publius_JC,#SENATORS_JC,0,3,1,2295,324,8
#Publius_JC,#SERVANTS.ANTONY.1_JC,0,3,1,2295,324,8
#Publius_JC,#SERVANTS.OCTAVIUS.1_JC,0,3,1,2295,324,8
#SENATORS_JC,#SERVANTS.ANTONY.1_JC,0,3,1,2295,324,8
#SENATORS_JC,#SERVANTS.OCTAVIUS.1_JC,0,3,1,2295,324,8
#SERVANTS.ANTONY.1_JC,#SERVANTS.OCTAVIUS.1_JC,0,3,1,2295,324,8
#Soothsayer_JC,#Artemidorus_JC,0,3,1,2295,324,8
#Soothsayer_JC,#Cinna_JC,0,3,1,2295,324,8
#Soothsayer_JC,#Lepidus_JC,0,3,1,2295,324,8
#Soothsayer_JC,#Metellus_JC,0,3,1,2295,324,8
#Soothsayer_JC,#PETITIONERS_JC,0,3,1,2295,324,8
#Soothsayer_JC,#Popilius_JC,0,3,1,2295,324,8
#Soothsayer_JC,#Publius_JC,0,3,1,2295,324,8
#Soothsayer_JC,#SENATORS_JC,0,3,1,2295,324,8
#Soothsayer_JC,#SERVANTS.ANTONY.1_JC,0,3,1,2295,324,8
#Soothsayer_JC,#SERVANTS.OCTAVIUS.1_JC,0,3,1,2295,324,8
#Soothsayer_JC,#Trebonius_JC,0,3,1,2295,324,8
#Trebonius_JC,#Artemidorus_JC,0,3,1,2295,324,8
#Trebonius_JC,#Lepidus_JC,0,3,1,2295,324,8
#Trebonius_JC,#PETITIONERS_JC,0,3,1,2295,324,8
#Trebonius_JC,#Popilius_JC,0,3,1,2295,324,8
#Trebonius_JC,#Publius_JC,1,3,1,2295,324,8
#Trebonius_JC,#SENATORS_JC,0,3,1,2295,324,8
#Trebonius_JC,#SERVANTS.ANTONY.1_JC,0,3,1,2295,324,8
#Trebonius_JC,#SERVANTS.OCTAVIUS.1_JC,0,3,1,2295,324,8
#Antony_JC,#Brutus_JC,3,3,2,2099,287,9
#Antony_JC,#Caesar_JC,3,3,2,2099,287,9
#Antony_JC,#Cassius_JC,2,3,2,2099,287,9
#Antony_JC,#PLEBEIANS.0.1_JC,0,3,2,2099,287,9
#Antony_JC,#PLEBEIANS.0.2_JC,0,3,2,2099,287,9
#Antony_JC,#PLEBEIANS.0.3_JC,0,3,2,2099,287,9
#Antony_JC,#PLEBEIANS.0.4_JC,0,3,2,2099,287,9
#Antony_JC,#PLEBEIANS.0_JC,0,3,2,2099,287,9
#Antony_JC,#PLEBEIANS_JC,0,3,2,2099,287,9
#Antony_JC,#SERVANTS.OCTAVIUS.1_JC,1,3,2,2099,287,9
#Brutus_JC,#Caesar_JC,3,3,2,2099,287,9
#Brutus_JC,#Cassius_JC,3,3,2,2099,287,9
#Brutus_JC,#PLEBEIANS.0.1_JC,0,3,2,2099,287,9
#Brutus_JC,#PLEBEIANS.0.2_JC,0,3,2,2099,287,9
#Brutus_JC,#PLEBEIANS.0.3_JC,0,3,2,2099,287,9
#Brutus_JC,#PLEBEIANS.0.4_JC,0,3,2,2099,287,9
#Brutus_JC,#PLEBEIANS.0_JC,0,3,2,2099,287,9
#Brutus_JC,#PLEBEIANS_JC,0,3,2,2099,287,9
#Brutus_JC,#SERVANTS.OCTAVIUS.1_JC,1,3,2,2099,287,9
#Caesar_JC,#Cassius_JC,2,3,2,2099,287,9
#Caesar_JC,#PLEBEIANS.0.1_JC,0,3,2,2099,287,9
#Caesar_JC,#PLEBEIANS.0.2_JC,0,3,2,2099,287,9
#Caesar_JC,#PLEBEIANS.0.3_JC,0,3,2,2099,287,9
#Caesar_JC,#PLEBEIANS.0.4_JC,0,3,2,2099,287,9
#Caesar_JC,#PLEBEIANS.0_JC,0,3,2,2099,287,9
#Caesar_JC,#PLEBEIANS_JC,0,3,2,2099,287,9
#Caesar_JC,#SERVANTS.OCTAVIUS.1_JC,1,3,2,2099,287,9
#Cassius_JC,#PLEBEIANS.0.1_JC,0,3,2,2099,287,9
#Cassius_JC,#PLEBEIANS.0.2_JC,0,3,2,2099,287,9
#Cassius_JC,#PLEBEIANS.0.3_JC,0,3,2,2099,287,9
#Cassius_JC,#PLEBEIANS.0.4_JC,0,3,2,2099,287,9
#Cassius_JC,#PLEBEIANS.0_JC,0,3,2,2099,287,9
#Cassius_JC,#PLEBEIANS_JC,0,3,2,2099,287,9
#Cassius_JC,#SERVANTS.OCTAVIUS.1_JC,1,3,2,2099,287,9
#PLEBEIANS.0.1_JC,#PLEBEIANS.0.2_JC,0,3,2,2099,287,9
#PLEBEIANS.0.1_JC,#PLEBEIANS.0.3_JC,0,3,2,2099,287,9
#PLEBEIANS.0.1_JC,#PLEBEIANS.0.4_JC,0,3,2,2099,287,9
#PLEBEIANS.0.1_JC,#PLEBEIANS.0_JC,0,3,2,2099,287,9
#PLEBEIANS.0.1_JC,#PLEBEIANS_JC,0,3,2,2099,287,9
#PLEBEIANS.0.2_JC,#PLEBEIANS.0.3_JC,0,3,2,2099,287,9
#PLEBEIANS.0.2_JC,#PLEBEIANS.0.4_JC,0,3,2,2099,287,9
#PLEBEIANS.0.2_JC,#PLEBEIANS.0_JC,0,3,2,2099,287,9
#PLEBEIANS.0.2_JC,#PLEBEIANS_JC,0,3,2,2099,287,9
#PLEBEIANS.0.3_JC,#PLEBEIANS.0.4_JC,0,3,2,2099,287,9
#PLEBEIANS.0.3_JC,#PLEBEIANS.0_JC,0,3,2,2099,287,9
#PLEBEIANS.0.3_JC,#PLEBEIANS_JC,0,3,2,2099,287,9
#PLEBEIANS.0.4_JC,#PLEBEIANS.0_JC,0,3,2,2099,287,9
#PLEBEIANS.0.4_JC,#PLEBEIANS_JC,0,3,2,2099,287,9
#PLEBEIANS.0_JC,#PLEBEIANS_JC,0,3,2,2099,287,9
#SERVANTS.OCTAVIUS.1_JC,#PLEBEIANS.0.1_JC,0,3,2,2099,287,9
#SERVANTS.OCTAVIUS.1_JC,#PLEBEIANS.0.2_JC,0,3,2,2099,287,9
#SERVANTS.OCTAVIUS.1_JC,#PLEBEIANS.0.3_JC,0,3,2,2099,287,9
#SERVANTS.OCTAVIUS.1_JC,#PLEBEIANS.0.4_JC,0,3,2,2099,287,9
#SERVANTS.OCTAVIUS.1_JC,#PLEBEIANS.0_JC,0,3,2,2099,287,9
#SERVANTS.OCTAVIUS.1_JC,#PLEBEIANS_JC,0,3,2,2099,287,9
#PLEBEIANS.0.1_JC,#CinnaPoet_JC,0,3,3,246,40,10
#PLEBEIANS.0.1_JC,#PLEBEIANS.0.2_JC,1,3,3,246,40,10
#PLEBEIANS.0.1_JC,#PLEBEIANS.0.3_JC,1,3,3,246,40,10
#PLEBEIANS.0.1_JC,#PLEBEIANS.0.4_JC,1,3,3,246,40,10
#PLEBEIANS.0.1_JC,#PLEBEIANS_JC,1,3,3,246,40,10
#PLEBEIANS.0.2_JC,#CinnaPoet_JC,0,3,3,246,40,10
#PLEBEIANS.0.2_JC,#PLEBEIANS.0.3_JC,1,3,3,246,40,10
#PLEBEIANS.0.2_JC,#PLEBEIANS.0.4_JC,1,3,3,246,40,10
#PLEBEIANS.0.2_JC,#PLEBEIANS_JC,1,3,3,246,40,10
#PLEBEIANS.0.3_JC,#CinnaPoet_JC,0,3,3,246,40,10
#PLEBEIANS.0.3_JC,#PLEBEIANS.0.4_JC,1,3,3,246,40,10
#PLEBEIANS.0.3_JC,#PLEBEIANS_JC,1,3,3,246,40,10
#PLEBEIANS.0.4_JC,#CinnaPoet_JC,0,3,3,246,40,10
#PLEBEIANS.0.4_JC,#PLEBEIANS_JC,1,3,3,246,40,10
#PLEBEIANS_JC,#CinnaPoet_JC,0,3,3,246,40,10
#Antony_JC,#Lepidus_JC,1,4,1,393,55,11
#Antony_JC,#Octavius_JC,0,4,1,393,55,11
#Lepidus_JC,#Octavius_JC,0,4,1,393,55,11
#Brutus_JC,#Cassius_JC,4,4,2,365,58,12
#Brutus_JC,#Lucius_JC,1,4,2,365,58,12
#Brutus_JC,#Pindarus_JC,0,4,2,365,58,12
#Brutus_JC,#SOLDIERS.BRUTUS.0.1_JC,0,4,2,365,58,12
#Brutus_JC,#SOLDIERS.BRUTUS.0.2_JC,0,4,2,365,58,12
#Brutus_JC,#SOLDIERS.BRUTUS.0.3_JC,0,4,2,365,58,12
#Brutus_JC,#SOLDIERS.BRUTUS.Lucilius_JC,0,4,2,365,58,12
#Brutus_JC,#SOLDIERS.BRUTUS.Titinius_JC,0,4,2,365,58,12
#Brutus_JC,#SOLDIERS.BRUTUS_JC,0,4,2,365,58,12
#Brutus_JC,#SOLDIERS.CASSIUS_JC,0,4,2,365,58,12
#Cassius_JC,#Lucius_JC,1,4,2,365,58,12
#Cassius_JC,#Pindarus_JC,0,4,2,365,58,12
#Cassius_JC,#SOLDIERS.BRUTUS.0.1_JC,0,4,2,365,58,12
#Cassius_JC,#SOLDIERS.BRUTUS.0.2_JC,0,4,2,365,58,12
#Cassius_JC,#SOLDIERS.BRUTUS.0.3_JC,0,4,2,365,58,12
#Cassius_JC,#SOLDIERS.BRUTUS.Lucilius_JC,0,4,2,365,58,12
#Cassius_JC,#SOLDIERS.BRUTUS.Titinius_JC,0,4,2,365,58,12
#Cassius_JC,#SOLDIERS.BRUTUS_JC,0,4,2,365,58,12
#Cassius_JC,#SOLDIERS.CASSIUS_JC,0,4,2,365,58,12
#Lucius_JC,#Pindarus_JC,0,4,2,365,58,12
#Lucius_JC,#SOLDIERS.BRUTUS.0.1_JC,0,4,2,365,58,12
#Lucius_JC,#SOLDIERS.BRUTUS.0.2_JC,0,4,2,365,58,12
#Lucius_JC,#SOLDIERS.BRUTUS.0.3_JC,0,4,2,365,58,12
#Lucius_JC,#SOLDIERS.BRUTUS.Lucilius_JC,0,4,2,365,58,12
#Lucius_JC,#SOLDIERS.BRUTUS.Titinius_JC,0,4,2,365,58,12
#Lucius_JC,#SOLDIERS.BRUTUS_JC,0,4,2,365,58,12
#Lucius_JC,#SOLDIERS.CASSIUS_JC,0,4,2,365,58,12
#Pindarus_JC,#SOLDIERS.BRUTUS.0.1_JC,0,4,2,365,58,12
#Pindarus_JC,#SOLDIERS.BRUTUS.0.2_JC,0,4,2,365,58,12
#Pindarus_JC,#SOLDIERS.BRUTUS.0.3_JC,0,4,2,365,58,12
#Pindarus_JC,#SOLDIERS.BRUTUS.Lucilius_JC,0,4,2,365,58,12
#Pindarus_JC,#SOLDIERS.BRUTUS.Titinius_JC,0,4,2,365,58,12
#Pindarus_JC,#SOLDIERS.BRUTUS_JC,0,4,2,365,58,12
#Pindarus_JC,#SOLDIERS.CASSIUS_JC,0,4,2,365,58,12
#SOLDIERS.BRUTUS.0.1_JC,#SOLDIERS.BRUTUS.0.2_JC,0,4,2,365,58,12
#SOLDIERS.BRUTUS.0.1_JC,#SOLDIERS.BRUTUS.0.3_JC,0,4,2,365,58,12
#SOLDIERS.BRUTUS.0.1_JC,#SOLDIERS.BRUTUS.Lucilius_JC,0,4,2,365,58,12
#SOLDIERS.BRUTUS.0.1_JC,#SOLDIERS.BRUTUS.Titinius_JC,0,4,2,365,58,12
#SOLDIERS.BRUTUS.0.1_JC,#SOLDIERS.BRUTUS_JC,0,4,2,365,58,12
#SOLDIERS.BRUTUS.0.1_JC,#SOLDIERS.CASSIUS_JC,0,4,2,365,58,12
#SOLDIERS.BRUTUS.0.2_JC,#SOLDIERS.BRUTUS.0.3_JC,0,4,2,365,58,12
#SOLDIERS.BRUTUS.0.2_JC,#SOLDIERS.BRUTUS.Lucilius_JC,0,4,2,365,58,12
#SOLDIERS.BRUTUS.0.2_JC,#SOLDIERS.BRUTUS.Titinius_JC,0,4,2,365,58,12
#SOLDIERS.BRUTUS.0.2_JC,#SOLDIERS.BRUTUS_JC,0,4,2,365,58,12
#SOLDIERS.BRUTUS.0.2_JC,#SOLDIERS.CASSIUS_JC,0,4,2,365,58,12
#SOLDIERS.BRUTUS.0.3_JC,#SOLDIERS.BRUTUS.Lucilius_JC,0,4,2,365,58,12
#SOLDIERS.BRUTUS.0.3_JC,#SOLDIERS.BRUTUS.Titinius_JC,0,4,2,365,58,12
#SOLDIERS.BRUTUS.0.3_JC,#SOLDIERS.BRUTUS_JC,0,4,2,365,58,12
#SOLDIERS.BRUTUS.0.3_JC,#SOLDIERS.CASSIUS_JC,0,4,2,365,58,12
#SOLDIERS.BRUTUS.Lucilius_JC,#SOLDIERS.BRUTUS.Titinius_JC,0,4,2,365,58,12
#SOLDIERS.BRUTUS.Lucilius_JC,#SOLDIERS.BRUTUS_JC,0,4,2,365,58,12
#SOLDIERS.BRUTUS.Lucilius_JC,#SOLDIERS.CASSIUS_JC,0,4,2,365,58,12
#SOLDIERS.BRUTUS.Titinius_JC,#SOLDIERS.BRUTUS_JC,0,4,2,365,58,12
#SOLDIERS.BRUTUS.Titinius_JC,#SOLDIERS.CASSIUS_JC,0,4,2,365,58,12
#SOLDIERS.BRUTUS_JC,#SOLDIERS.CASSIUS_JC,0,4,2,365,58,12
#Brutus_JC,#Caesar_JC,4,4,3,2355,355,13
#Brutus_JC,#Cassius_JC,5,4,3,2355,355,13
#Brutus_JC,#Lucius_JC,2,4,3,2355,355,13
#Brutus_JC,#Poet_JC,0,4,3,2355,355,13
#Brutus_JC,#SOLDIERS.BRUTUS.Claudius_JC,0,4,3,2355,355,13
#Brutus_JC,#SOLDIERS.BRUTUS.Lucilius_JC,1,4,3,2355,355,13
#Brutus_JC,#SOLDIERS.BRUTUS.Messala_JC,0,4,3,2355,355,13
#Brutus_JC,#SOLDIERS.BRUTUS.Titinius_JC,1,4,3,2355,355,13
#Brutus_JC,#SOLDIERS.BRUTUS.Varro_JC,0,4,3,2355,355,13
#Caesar_JC,#Cassius_JC,3,4,3,2355,355,13
#Caesar_JC,#Lucius_JC,0,4,3,2355,355,13
#Caesar_JC,#Poet_JC,0,4,3,2355,355,13
#Caesar_JC,#SOLDIERS.BRUTUS.Claudius_JC,0,4,3,2355,355,13
#Caesar_JC,#SOLDIERS.BRUTUS.Lucilius_JC,0,4,3,2355,355,13
#Caesar_JC,#SOLDIERS.BRUTUS.Messala_JC,0,4,3,2355,355,13
#Caesar_JC,#SOLDIERS.BRUTUS.Titinius_JC,0,4,3,2355,355,13
#Caesar_JC,#SOLDIERS.BRUTUS.Varro_JC,0,4,3,2355,355,13
#Cassius_JC,#Lucius_JC,2,4,3,2355,355,13
#Cassius_JC,#Poet_JC,0,4,3,2355,355,13
#Cassius_JC,#SOLDIERS.BRUTUS.Claudius_JC,0,4,3,2355,355,13
#Cassius_JC,#SOLDIERS.BRUTUS.Lucilius_JC,1,4,3,2355,355,13
#Cassius_JC,#SOLDIERS.BRUTUS.Messala_JC,0,4,3,2355,355,13
#Cassius_JC,#SOLDIERS.BRUTUS.Titinius_JC,1,4,3,2355,355,13
#Cassius_JC,#SOLDIERS.BRUTUS.Varro_JC,0,4,3,2355,355,13
#Lucius_JC,#Poet_JC,0,4,3,2355,355,13
#Lucius_JC,#SOLDIERS.BRUTUS.Claudius_JC,0,4,3,2355,355,13
#Lucius_JC,#SOLDIERS.BRUTUS.Lucilius_JC,1,4,3,2355,355,13
#Lucius_JC,#SOLDIERS.BRUTUS.Messala_JC,0,4,3,2355,355,13
#Lucius_JC,#SOLDIERS.BRUTUS.Titinius_JC,1,4,3,2355,355,13
#Lucius_JC,#SOLDIERS.BRUTUS.Varro_JC,0,4,3,2355,355,13
#Poet_JC,#SOLDIERS.BRUTUS.Claudius_JC,0,4,3,2355,355,13
#Poet_JC,#SOLDIERS.BRUTUS.Messala_JC,0,4,3,2355,355,13
#Poet_JC,#SOLDIERS.BRUTUS.Varro_JC,0,4,3,2355,355,13
#SOLDIERS.BRUTUS.Claudius_JC,#SOLDIERS.BRUTUS.Messala_JC,0,4,3,2355,355,13
#SOLDIERS.BRUTUS.Claudius_JC,#SOLDIERS.BRUTUS.Varro_JC,0,4,3,2355,355,13
#SOLDIERS.BRUTUS.Lucilius_JC,#Poet_JC,0,4,3,2355,355,13
#SOLDIERS.BRUTUS.Lucilius_JC,#SOLDIERS.BRUTUS.Claudius_JC,0,4,3,2355,355,13
#SOLDIERS.BRUTUS.Lucilius_JC,#SOLDIERS.BRUTUS.Messala_JC,0,4,3,2355,355,13
#SOLDIERS.BRUTUS.Lucilius_JC,#SOLDIERS.BRUTUS.Titinius_JC,1,4,3,2355,355,13
#SOLDIERS.BRUTUS.Lucilius_JC,#SOLDIERS.BRUTUS.Varro_JC,0,4,3,2355,355,13
#SOLDIERS.BRUTUS.Messala_JC,#SOLDIERS.BRUTUS.Varro_JC,0,4,3,2355,355,13
#SOLDIERS.BRUTUS.Titinius_JC,#Poet_JC,0,4,3,2355,355,13
#SOLDIERS.BRUTUS.Titinius_JC,#SOLDIERS.BRUTUS.Claudius_JC,0,4,3,2355,355,13
#SOLDIERS.BRUTUS.Titinius_JC,#SOLDIERS.BRUTUS.Messala_JC,0,4,3,2355,355,13
#SOLDIERS.BRUTUS.Titinius_JC,#SOLDIERS.BRUTUS.Varro_JC,0,4,3,2355,355,13
#Antony_JC,#Brutus_JC,4,5,1,963,136,14
#Antony_JC,#Cassius_JC,3,5,1,963,136,14
#Antony_JC,#Messenger_JC,0,5,1,963,136,14
#Antony_JC,#Octavius_JC,1,5,1,963,136,14
#Antony_JC,#SOLDIERS.ANTONY_JC,0,5,1,963,136,14
#Antony_JC,#SOLDIERS.BRUTUS.Lucilius_JC,0,5,1,963,136,14
#Antony_JC,#SOLDIERS.BRUTUS.Messala_JC,0,5,1,963,136,14
#Antony_JC,#SOLDIERS.BRUTUS.Titinius_JC,0,5,1,963,136,14
#Antony_JC,#SOLDIERS.BRUTUS_JC,0,5,1,963,136,14
#Brutus_JC,#Cassius_JC,6,5,1,963,136,14
#Brutus_JC,#Messenger_JC,0,5,1,963,136,14
#Brutus_JC,#Octavius_JC,0,5,1,963,136,14
#Brutus_JC,#SOLDIERS.ANTONY_JC,0,5,1,963,136,14
#Brutus_JC,#SOLDIERS.BRUTUS.Lucilius_JC,2,5,1,963,136,14
#Brutus_JC,#SOLDIERS.BRUTUS.Messala_JC,1,5,1,963,136,14
#Brutus_JC,#SOLDIERS.BRUTUS.Titinius_JC,2,5,1,963,136,14
#Brutus_JC,#SOLDIERS.BRUTUS_JC,1,5,1,963,136,14
#Cassius_JC,#Messenger_JC,0,5,1,963,136,14
#Cassius_JC,#Octavius_JC,0,5,1,963,136,14
#Cassius_JC,#SOLDIERS.ANTONY_JC,0,5,1,963,136,14
#Cassius_JC,#SOLDIERS.BRUTUS.Lucilius_JC,2,5,1,963,136,14
#Cassius_JC,#SOLDIERS.BRUTUS.Messala_JC,1,5,1,963,136,14
#Cassius_JC,#SOLDIERS.BRUTUS.Titinius_JC,2,5,1,963,136,14
#Cassius_JC,#SOLDIERS.BRUTUS_JC,1,5,1,963,136,14
#Messenger_JC,#SOLDIERS.ANTONY_JC,0,5,1,963,136,14
#Octavius_JC,#Messenger_JC,0,5,1,963,136,14
#Octavius_JC,#SOLDIERS.ANTONY_JC,0,5,1,963,136,14
#Octavius_JC,#SOLDIERS.BRUTUS.Lucilius_JC,0,5,1,963,136,14
#Octavius_JC,#SOLDIERS.BRUTUS.Messala_JC,0,5,1,963,136,14
#Octavius_JC,#SOLDIERS.BRUTUS.Titinius_JC,0,5,1,963,136,14
#Octavius_JC,#SOLDIERS.BRUTUS_JC,0,5,1,963,136,14
#SOLDIERS.BRUTUS.Lucilius_JC,#Messenger_JC,0,5,1,963,136,14
#SOLDIERS.BRUTUS.Lucilius_JC,#SOLDIERS.ANTONY_JC,0,5,1,963,136,14
#SOLDIERS.BRUTUS.Lucilius_JC,#SOLDIERS.BRUTUS.Messala_JC,1,5,1,963,136,14
#SOLDIERS.BRUTUS.Lucilius_JC,#SOLDIERS.BRUTUS.Titinius_JC,2,5,1,963,136,14
#SOLDIERS.BRUTUS.Lucilius_JC,#SOLDIERS.BRUTUS_JC,1,5,1,963,136,14
#SOLDIERS.BRUTUS.Messala_JC,#Messenger_JC,0,5,1,963,136,14
#SOLDIERS.BRUTUS.Messala_JC,#SOLDIERS.ANTONY_JC,0,5,1,963,136,14
#SOLDIERS.BRUTUS.Titinius_JC,#Messenger_JC,0,5,1,963,136,14
#SOLDIERS.BRUTUS.Titinius_JC,#SOLDIERS.ANTONY_JC,0,5,1,963,136,14
#SOLDIERS.BRUTUS.Titinius_JC,#SOLDIERS.BRUTUS.Messala_JC,1,5,1,963,136,14
#SOLDIERS.BRUTUS.Titinius_JC,#SOLDIERS.BRUTUS_JC,1,5,1,963,136,14
#SOLDIERS.BRUTUS_JC,#Messenger_JC,0,5,1,963,136,14
#SOLDIERS.BRUTUS_JC,#SOLDIERS.ANTONY_JC,0,5,1,963,136,14
#SOLDIERS.BRUTUS_JC,#SOLDIERS.BRUTUS.Messala_JC,0,5,1,963,136,14
#Brutus_JC,#SOLDIERS.BRUTUS.Messala_JC,2,5,2,45,6,15
#Brutus_JC,#Cassius_JC,7,5,3,862,123,16
#Brutus_JC,#Pindarus_JC,1,5,3,862,123,16
#Brutus_JC,#SOLDIERS.BRUTUS.Cato_JC,0,5,3,862,123,16
#Brutus_JC,#SOLDIERS.BRUTUS.Flavius_JC,0,5,3,862,123,16
#Brutus_JC,#SOLDIERS.BRUTUS.Labeo_JC,0,5,3,862,123,16
#Brutus_JC,#SOLDIERS.BRUTUS.Lucilius_JC,3,5,3,862,123,16
#Brutus_JC,#SOLDIERS.BRUTUS.Messala_JC,3,5,3,862,123,16
#Brutus_JC,#SOLDIERS.BRUTUS.Strato_JC,0,5,3,862,123,16
#Brutus_JC,#SOLDIERS.BRUTUS.Titinius_JC,3,5,3,862,123,16
#Brutus_JC,#SOLDIERS.BRUTUS.Volumnius_JC,0,5,3,862,123,16
#Cassius_JC,#Pindarus_JC,1,5,3,862,123,16
#Cassius_JC,#SOLDIERS.BRUTUS.Cato_JC,0,5,3,862,123,16
#Cassius_JC,#SOLDIERS.BRUTUS.Flavius_JC,0,5,3,862,123,16
#Cassius_JC,#SOLDIERS.BRUTUS.Labeo_JC,0,5,3,862,123,16
#Cassius_JC,#SOLDIERS.BRUTUS.Lucilius_JC,3,5,3,862,123,16
#Cassius_JC,#SOLDIERS.BRUTUS.Messala_JC,2,5,3,862,123,16
#Cassius_JC,#SOLDIERS.BRUTUS.Strato_JC,0,5,3,862,123,16
#Cassius_JC,#SOLDIERS.BRUTUS.Titinius_JC,3,5,3,862,123,16
#Cassius_JC,#SOLDIERS.BRUTUS.Volumnius_JC,0,5,3,862,123,16
#Pindarus_JC,#SOLDIERS.BRUTUS.Cato_JC,0,5,3,862,123,16
#Pindarus_JC,#SOLDIERS.BRUTUS.Flavius_JC,0,5,3,862,123,16
#Pindarus_JC,#SOLDIERS.BRUTUS.Labeo_JC,0,5,3,862,123,16
#Pindarus_JC,#SOLDIERS.BRUTUS.Lucilius_JC,1,5,3,862,123,16
#Pindarus_JC,#SOLDIERS.BRUTUS.Messala_JC,0,5,3,862,123,16
#Pindarus_JC,#SOLDIERS.BRUTUS.Strato_JC,0,5,3,862,123,16
#Pindarus_JC,#SOLDIERS.BRUTUS.Titinius_JC,1,5,3,862,123,16
#Pindarus_JC,#SOLDIERS.BRUTUS.Volumnius_JC,0,5,3,862,123,16
#SOLDIERS.BRUTUS.Cato_JC,#SOLDIERS.BRUTUS.Flavius_JC,0,5,3,862,123,16
#SOLDIERS.BRUTUS.Cato_JC,#SOLDIERS.BRUTUS.Labeo_JC,0,5,3,862,123,16
#SOLDIERS.BRUTUS.Cato_JC,#SOLDIERS.BRUTUS.Strato_JC,0,5,3,862,123,16
#SOLDIERS.BRUTUS.Cato_JC,#SOLDIERS.BRUTUS.Volumnius_JC,0,5,3,862,123,16
#SOLDIERS.BRUTUS.Flavius_JC,#SOLDIERS.BRUTUS.Labeo_JC,0,5,3,862,123,16
#SOLDIERS.BRUTUS.Flavius_JC,#SOLDIERS.BRUTUS.Strato_JC,0,5,3,862,123,16
#SOLDIERS.BRUTUS.Flavius_JC,#SOLDIERS.BRUTUS.Volumnius_JC,0,5,3,862,123,16
#SOLDIERS.BRUTUS.Labeo_JC,#SOLDIERS.BRUTUS.Strato_JC,0,5,3,862,123,16
#SOLDIERS.BRUTUS.Labeo_JC,#SOLDIERS.BRUTUS.Volumnius_JC,0,5,3,862,123,16
#SOLDIERS.BRUTUS.Lucilius_JC,#SOLDIERS.BRUTUS.Cato_JC,0,5,3,862,123,16
#SOLDIERS.BRUTUS.Lucilius_JC,#SOLDIERS.BRUTUS.Flavius_JC,0,5,3,862,123,16
#SOLDIERS.BRUTUS.Lucilius_JC,#SOLDIERS.BRUTUS.Labeo_JC,0,5,3,862,123,16
#SOLDIERS.BRUTUS.Lucilius_JC,#SOLDIERS.BRUTUS.Messala_JC,2,5,3,862,123,16
#SOLDIERS.BRUTUS.Lucilius_JC,#SOLDIERS.BRUTUS.Strato_JC,0,5,3,862,123,16
#SOLDIERS.BRUTUS.Lucilius_JC,#SOLDIERS.BRUTUS.Titinius_JC,3,5,3,862,123,16
#SOLDIERS.BRUTUS.Lucilius_JC,#SOLDIERS.BRUTUS.Volumnius_JC,0,5,3,862,123,16
#SOLDIERS.BRUTUS.Messala_JC,#SOLDIERS.BRUTUS.Cato_JC,0,5,3,862,123,16
#SOLDIERS.BRUTUS.Messala_JC,#SOLDIERS.BRUTUS.Flavius_JC,0,5,3,862,123,16
#SOLDIERS.BRUTUS.Messala_JC,#SOLDIERS.BRUTUS.Labeo_JC,0,5,3,862,123,16
#SOLDIERS.BRUTUS.Messala_JC,#SOLDIERS.BRUTUS.Strato_JC,0,5,3,862,123,16
#SOLDIERS.BRUTUS.Messala_JC,#SOLDIERS.BRUTUS.Volumnius_JC,0,5,3,862,123,16
#SOLDIERS.BRUTUS.Strato_JC,#SOLDIERS.BRUTUS.Volumnius_JC,0,5,3,862,123,16
#SOLDIERS.BRUTUS.Titinius_JC,#SOLDIERS.BRUTUS.Cato_JC,0,5,3,862,123,16
#SOLDIERS.BRUTUS.Titinius_JC,#SOLDIERS.BRUTUS.Flavius_JC,0,5,3,862,123,16
#SOLDIERS.BRUTUS.Titinius_JC,#SOLDIERS.BRUTUS.Labeo_JC,0,5,3,862,123,16
#SOLDIERS.BRUTUS.Titinius_JC,#SOLDIERS.BRUTUS.Messala_JC,2,5,3,862,123,16
#SOLDIERS.BRUTUS.Titinius_JC,#SOLDIERS.BRUTUS.Strato_JC,0,5,3,862,123,16
#SOLDIERS.BRUTUS.Titinius_JC,#SOLDIERS.BRUTUS.Volumnius_JC,0,5,3,862,123,16
#Antony_JC,#Brutus_JC,5,5,4,246,33,17
#Antony_JC,#SOLDIERS.ANTONY.0.1_JC,0,5,4,246,33,17
#Antony_JC,#SOLDIERS.ANTONY.0.2_JC,0,5,4,246,33,17
#Antony_JC,#SOLDIERS.ANTONY_JC,1,5,4,246,33,17
#Antony_JC,#SOLDIERS.BRUTUS.Cato_JC,0,5,4,246,33,17
#Antony_JC,#SOLDIERS.BRUTUS.Flavius_JC,0,5,4,246,33,17
#Antony_JC,#SOLDIERS.BRUTUS.Lucilius_JC,1,5,4,246,33,17
#Antony_JC,#SOLDIERS.BRUTUS.Messala_JC,1,5,4,246,33,17
#Brutus_JC,#SOLDIERS.ANTONY.0.1_JC,0,5,4,246,33,17
#Brutus_JC,#SOLDIERS.ANTONY.0.2_JC,0,5,4,246,33,17
#Brutus_JC,#SOLDIERS.ANTONY_JC,1,5,4,246,33,17
#Brutus_JC,#SOLDIERS.BRUTUS.Cato_JC,1,5,4,246,33,17
#Brutus_JC,#SOLDIERS.BRUTUS.Flavius_JC,1,5,4,246,33,17
#Brutus_JC,#SOLDIERS.BRUTUS.Lucilius_JC,4,5,4,246,33,17
#Brutus_JC,#SOLDIERS.BRUTUS.Messala_JC,4,5,4,246,33,17
#SOLDIERS.ANTONY.0.1_JC,#SOLDIERS.ANTONY.0.2_JC,0,5,4,246,33,17
#SOLDIERS.ANTONY_JC,#SOLDIERS.ANTONY.0.1_JC,0,5,4,246,33,17
#SOLDIERS.ANTONY_JC,#SOLDIERS.ANTONY.0.2_JC,0,5,4,246,33,17
#SOLDIERS.ANTONY_JC,#SOLDIERS.BRUTUS.Cato_JC,0,5,4,246,33,17
#SOLDIERS.ANTONY_JC,#SOLDIERS.BRUTUS.Flavius_JC,0,5,4,246,33,17
#SOLDIERS.BRUTUS.Cato_JC,#SOLDIERS.ANTONY.0.1_JC,0,5,4,246,33,17
#SOLDIERS.BRUTUS.Cato_JC,#SOLDIERS.ANTONY.0.2_JC,0,5,4,246,33,17
#SOLDIERS.BRUTUS.Cato_JC,#SOLDIERS.BRUTUS.Flavius_JC,1,5,4,246,33,17
#SOLDIERS.BRUTUS.Flavius_JC,#SOLDIERS.ANTONY.0.1_JC,0,5,4,246,33,17
#SOLDIERS.BRUTUS.Flavius_JC,#SOLDIERS.ANTONY.0.2_JC,0,5,4,246,33,17
#SOLDIERS.BRUTUS.Lucilius_JC,#SOLDIERS.ANTONY.0.1_JC,0,5,4,246,33,17
#SOLDIERS.BRUTUS.Lucilius_JC,#SOLDIERS.ANTONY.0.2_JC,0,5,4,246,33,17
#SOLDIERS.BRUTUS.Lucilius_JC,#SOLDIERS.ANTONY_JC,1,5,4,246,33,17
#SOLDIERS.BRUTUS.Lucilius_JC,#SOLDIERS.BRUTUS.Cato_JC,1,5,4,246,33,17
#SOLDIERS.BRUTUS.Lucilius_JC,#SOLDIERS.BRUTUS.Flavius_JC,1,5,4,246,33,17
#SOLDIERS.BRUTUS.Lucilius_JC,#SOLDIERS.BRUTUS.Messala_JC,3,5,4,246,33,17
#SOLDIERS.BRUTUS.Messala_JC,#SOLDIERS.ANTONY.0.1_JC,0,5,4,246,33,17
#SOLDIERS.BRUTUS.Messala_JC,#SOLDIERS.ANTONY.0.2_JC,0,5,4,246,33,17
#SOLDIERS.BRUTUS.Messala_JC,#SOLDIERS.ANTONY_JC,1,5,4,246,33,17
#SOLDIERS.BRUTUS.Messala_JC,#SOLDIERS.BRUTUS.Cato_JC,1,5,4,246,33,17
#SOLDIERS.BRUTUS.Messala_JC,#SOLDIERS.BRUTUS.Flavius_JC,1,5,4,246,33,17
#Antony_JC,#Brutus_JC,6,5,5,640,87,18
#Antony_JC,#Octavius_JC,2,5,5,640,87,18
#Antony_JC,#SOLDIERS.ANTONY_JC,2,5,5,640,87,18
#Antony_JC,#SOLDIERS.BRUTUS.Clitus_JC,0,5,5,640,87,18
#Antony_JC,#SOLDIERS.BRUTUS.Dardanus_JC,0,5,5,640,87,18
#Antony_JC,#SOLDIERS.BRUTUS.Lucilius_JC,2,5,5,640,87,18
#Antony_JC,#SOLDIERS.BRUTUS.Messala_JC,2,5,5,640,87,18
#Antony_JC,#SOLDIERS.BRUTUS.Strato_JC,0,5,5,640,87,18
#Antony_JC,#SOLDIERS.BRUTUS.Volumnius_JC,0,5,5,640,87,18
#Brutus_JC,#Octavius_JC,1,5,5,640,87,18
#Brutus_JC,#SOLDIERS.ANTONY_JC,2,5,5,640,87,18
#Brutus_JC,#SOLDIERS.BRUTUS.Clitus_JC,0,5,5,640,87,18
#Brutus_JC,#SOLDIERS.BRUTUS.Dardanus_JC,0,5,5,640,87,18
#Brutus_JC,#SOLDIERS.BRUTUS.Lucilius_JC,5,5,5,640,87,18
#Brutus_JC,#SOLDIERS.BRUTUS.Messala_JC,5,5,5,640,87,18
#Brutus_JC,#SOLDIERS.BRUTUS.Strato_JC,1,5,5,640,87,18
#Brutus_JC,#SOLDIERS.BRUTUS.Volumnius_JC,1,5,5,640,87,18
#Octavius_JC,#SOLDIERS.ANTONY_JC,1,5,5,640,87,18
#Octavius_JC,#SOLDIERS.BRUTUS.Clitus_JC,0,5,5,640,87,18
#Octavius_JC,#SOLDIERS.BRUTUS.Dardanus_JC,0,5,5,640,87,18
#Octavius_JC,#SOLDIERS.BRUTUS.Lucilius_JC,1,5,5,640,87,18
#Octavius_JC,#SOLDIERS.BRUTUS.Messala_JC,1,5,5,640,87,18
#Octavius_JC,#SOLDIERS.BRUTUS.Strato_JC,0,5,5,640,87,18
#Octavius_JC,#SOLDIERS.BRUTUS.Volumnius_JC,0,5,5,640,87,18
#SOLDIERS.ANTONY_JC,#SOLDIERS.BRUTUS.Clitus_JC,0,5,5,640,87,18
#SOLDIERS.ANTONY_JC,#SOLDIERS.BRUTUS.Dardanus_JC,0,5,5,640,87,18
#SOLDIERS.ANTONY_JC,#SOLDIERS.BRUTUS.Strato_JC,0,5,5,640,87,18
#SOLDIERS.ANTONY_JC,#SOLDIERS.BRUTUS.Volumnius_JC,0,5,5,640,87,18
#SOLDIERS.BRUTUS.Clitus_JC,#SOLDIERS.BRUTUS.Dardanus_JC,0,5,5,640,87,18
#SOLDIERS.BRUTUS.Lucilius_JC,#SOLDIERS.ANTONY_JC,2,5,5,640,87,18
#SOLDIERS.BRUTUS.Lucilius_JC,#SOLDIERS.BRUTUS.Clitus_JC,0,5,5,640,87,18
#SOLDIERS.BRUTUS.Lucilius_JC,#SOLDIERS.BRUTUS.Dardanus_JC,0,5,5,640,87,18
#SOLDIERS.BRUTUS.Lucilius_JC,#SOLDIERS.BRUTUS.Messala_JC,4,5,5,640,87,18
#SOLDIERS.BRUTUS.Lucilius_JC,#SOLDIERS.BRUTUS.Strato_JC,1,5,5,640,87,18
#SOLDIERS.BRUTUS.Lucilius_JC,#SOLDIERS.BRUTUS.Volumnius_JC,1,5,5,640,87,18
#SOLDIERS.BRUTUS.Messala_JC,#SOLDIERS.ANTONY_JC,2,5,5,640,87,18
#SOLDIERS.BRUTUS.Messala_JC,#SOLDIERS.BRUTUS.Clitus_JC,0,5,5,640,87,18
#SOLDIERS.BRUTUS.Messala_JC,#SOLDIERS.BRUTUS.Dardanus_JC,0,5,5,640,87,18
#SOLDIERS.BRUTUS.Messala_JC,#SOLDIERS.BRUTUS.Strato_JC,1,5,5,640,87,18
#SOLDIERS.BRUTUS.Messala_JC,#SOLDIERS.BRUTUS.Volumnius_JC,1,5,5,640,87,18
#SOLDIERS.BRUTUS.Strato_JC,#SOLDIERS.BRUTUS.Clitus_JC,0,5,5,640,87,18
#SOLDIERS.BRUTUS.Strato_JC,#SOLDIERS.BRUTUS.Dardanus_JC,0,5,5,640,87,18
#SOLDIERS.BRUTUS.Strato_JC,#SOLDIERS.BRUTUS.Volumnius_JC,1,5,5,640,87,18
#SOLDIERS.BRUTUS.Volumnius_JC,#SOLDIERS.BRUTUS.Clitus_JC,0,5,5,640,87,18
#SOLDIERS.BRUTUS.Volumnius_JC,#SOLDIERS.BRUTUS.Dardanus_JC,0,5,5,640,87,18
