node1,node2,key,act,scene,stagegroup,n_tokens,n_lines,edge_index
#Berowne_LLL,#Dumaine_LLL,0,1,1,1,1434,184,1
#Berowne_LLL,#King_LLL,0,1,1,1,1434,184,1
#Berowne_LLL,#Longaville_LLL,0,1,1,1,1434,184,1
#Dumaine_LLL,#King_LLL,0,1,1,1,1434,184,1
#Dumaine_LLL,#Longaville_LLL,0,1,1,1,1434,184,1
#King_LLL,#Longaville_LLL,0,1,1,1,1434,184,1
#Berowne_LLL,#Costard_LLL,0,1,1,2,805,123,2
#Berowne_LLL,#Dull_LLL,0,1,1,2,805,123,2
#Berowne_LLL,#Dumaine_LLL,1,1,1,2,805,123,2
#Berowne_LLL,#King_LLL,1,1,1,2,805,123,2
#Berowne_LLL,#Longaville_LLL,1,1,1,2,805,123,2
#Costard_LLL,#Dull_LLL,0,1,1,2,805,123,2
#Dumaine_LLL,#Costard_LLL,0,1,1,2,805,123,2
#Dumaine_LLL,#Dull_LLL,0,1,1,2,805,123,2
#Dumaine_LLL,#King_LLL,1,1,1,2,805,123,2
#Dumaine_LLL,#Longaville_LLL,1,1,1,2,805,123,2
#King_LLL,#Costard_LLL,0,1,1,2,805,123,2
#King_LLL,#Dull_LLL,0,1,1,2,805,123,2
#King_LLL,#Longaville_LLL,1,1,1,2,805,123,2
#Longaville_LLL,#Costard_LLL,0,1,1,2,805,123,2
#Longaville_LLL,#Dull_LLL,0,1,1,2,805,123,2
#Berowne_LLL,#Costard_LLL,1,1,1,3,62,8,3
#Berowne_LLL,#Dull_LLL,1,1,1,3,62,8,3
#Costard_LLL,#Dull_LLL,1,1,1,3,62,8,3
#Armado_LLL,#Boy_LLL,0,1,2,4,824,125,4
#Armado_LLL,#Boy_LLL,1,1,2,5,103,20,5
#Armado_LLL,#Jaquenetta_LLL,0,1,2,5,103,20,5
#Boy_LLL,#Jaquenetta_LLL,0,1,2,5,103,20,5
#Costard_LLL,#Armado_LLL,0,1,2,5,103,20,5
#Costard_LLL,#Boy_LLL,0,1,2,5,103,20,5
#Costard_LLL,#Dull_LLL,2,1,2,5,103,20,5
#Costard_LLL,#Jaquenetta_LLL,0,1,2,5,103,20,5
#Dull_LLL,#Armado_LLL,0,1,2,5,103,20,5
#Dull_LLL,#Boy_LLL,0,1,2,5,103,20,5
#Dull_LLL,#Jaquenetta_LLL,0,1,2,5,103,20,5
#Armado_LLL,#Boy_LLL,2,1,2,6,148,21,6
#Costard_LLL,#Armado_LLL,1,1,2,6,148,21,6
#Costard_LLL,#Boy_LLL,1,1,2,6,148,21,6
#Boyet_LLL,#Katherine_LLL,0,2,1,8,266,36,8
#Boyet_LLL,#LORDS_LLL,0,2,1,8,266,36,8
#Boyet_LLL,#Maria_LLL,0,2,1,8,266,36,8
#Boyet_LLL,#Princess_LLL,0,2,1,8,266,36,8
#Boyet_LLL,#Rosaline_LLL,0,2,1,8,266,36,8
#Katherine_LLL,#LORDS_LLL,0,2,1,8,266,36,8
#Katherine_LLL,#Maria_LLL,0,2,1,8,266,36,8
#Katherine_LLL,#Princess_LLL,0,2,1,8,266,36,8
#Katherine_LLL,#Rosaline_LLL,0,2,1,8,266,36,8
#LORDS_LLL,#Maria_LLL,0,2,1,8,266,36,8
#LORDS_LLL,#Princess_LLL,0,2,1,8,266,36,8
#LORDS_LLL,#Rosaline_LLL,0,2,1,8,266,36,8
#Maria_LLL,#Princess_LLL,0,2,1,8,266,36,8
#Maria_LLL,#Rosaline_LLL,0,2,1,8,266,36,8
#Princess_LLL,#Rosaline_LLL,0,2,1,8,266,36,8
#Katherine_LLL,#LORDS_LLL,1,2,1,9,14,2,9
#Katherine_LLL,#Maria_LLL,1,2,1,9,14,2,9
#Katherine_LLL,#Princess_LLL,1,2,1,9,14,2,9
#Katherine_LLL,#Rosaline_LLL,1,2,1,9,14,2,9
#LORDS_LLL,#Maria_LLL,1,2,1,9,14,2,9
#LORDS_LLL,#Princess_LLL,1,2,1,9,14,2,9
#LORDS_LLL,#Rosaline_LLL,1,2,1,9,14,2,9
#Maria_LLL,#Princess_LLL,1,2,1,9,14,2,9
#Maria_LLL,#Rosaline_LLL,1,2,1,9,14,2,9
#Princess_LLL,#Rosaline_LLL,1,2,1,9,14,2,9
#Katherine_LLL,#LORDS.0_LLL,0,2,1,10,316,43,10
#Katherine_LLL,#LORDS_LLL,2,2,1,10,316,43,10
#Katherine_LLL,#Maria_LLL,2,2,1,10,316,43,10
#Katherine_LLL,#Princess_LLL,2,2,1,10,316,43,10
#Katherine_LLL,#Rosaline_LLL,2,2,1,10,316,43,10
#LORDS_LLL,#LORDS.0_LLL,0,2,1,10,316,43,10
#LORDS_LLL,#Maria_LLL,2,2,1,10,316,43,10
#LORDS_LLL,#Princess_LLL,2,2,1,10,316,43,10
#LORDS_LLL,#Rosaline_LLL,2,2,1,10,316,43,10
#Maria_LLL,#LORDS.0_LLL,0,2,1,10,316,43,10
#Maria_LLL,#Princess_LLL,2,2,1,10,316,43,10
#Maria_LLL,#Rosaline_LLL,2,2,1,10,316,43,10
#Princess_LLL,#LORDS.0_LLL,0,2,1,10,316,43,10
#Princess_LLL,#Rosaline_LLL,2,2,1,10,316,43,10
#Rosaline_LLL,#LORDS.0_LLL,0,2,1,10,316,43,10
#Boyet_LLL,#Katherine_LLL,1,2,1,11,67,9,11
#Boyet_LLL,#LORDS.0_LLL,0,2,1,11,67,9,11
#Boyet_LLL,#LORDS_LLL,1,2,1,11,67,9,11
#Boyet_LLL,#Maria_LLL,1,2,1,11,67,9,11
#Boyet_LLL,#Princess_LLL,1,2,1,11,67,9,11
#Boyet_LLL,#Rosaline_LLL,1,2,1,11,67,9,11
#Katherine_LLL,#LORDS.0_LLL,1,2,1,11,67,9,11
#Katherine_LLL,#LORDS_LLL,3,2,1,11,67,9,11
#Katherine_LLL,#Maria_LLL,3,2,1,11,67,9,11
#Katherine_LLL,#Princess_LLL,3,2,1,11,67,9,11
#Katherine_LLL,#Rosaline_LLL,3,2,1,11,67,9,11
#LORDS_LLL,#LORDS.0_LLL,1,2,1,11,67,9,11
#LORDS_LLL,#Maria_LLL,3,2,1,11,67,9,11
#LORDS_LLL,#Princess_LLL,3,2,1,11,67,9,11
#LORDS_LLL,#Rosaline_LLL,3,2,1,11,67,9,11
#Maria_LLL,#LORDS.0_LLL,1,2,1,11,67,9,11
#Maria_LLL,#Princess_LLL,3,2,1,11,67,9,11
#Maria_LLL,#Rosaline_LLL,3,2,1,11,67,9,11
#Princess_LLL,#LORDS.0_LLL,1,2,1,11,67,9,11
#Princess_LLL,#Rosaline_LLL,3,2,1,11,67,9,11
#Rosaline_LLL,#LORDS.0_LLL,1,2,1,11,67,9,11
#Berowne_LLL,#Boyet_LLL,0,2,1,12,683,94,12
#Berowne_LLL,#Dumaine_LLL,2,2,1,12,683,94,12
#Berowne_LLL,#Katherine_LLL,0,2,1,12,683,94,12
#Berowne_LLL,#King_LLL,2,2,1,12,683,94,12
#Berowne_LLL,#LORDS.0_LLL,0,2,1,12,683,94,12
#Berowne_LLL,#LORDS_LLL,0,2,1,12,683,94,12
#Berowne_LLL,#Longaville_LLL,2,2,1,12,683,94,12
#Berowne_LLL,#Maria_LLL,0,2,1,12,683,94,12
#Berowne_LLL,#Princess_LLL,0,2,1,12,683,94,12
#Berowne_LLL,#Rosaline_LLL,0,2,1,12,683,94,12
#Boyet_LLL,#Katherine_LLL,2,2,1,12,683,94,12
#Boyet_LLL,#LORDS.0_LLL,1,2,1,12,683,94,12
#Boyet_LLL,#LORDS_LLL,2,2,1,12,683,94,12
#Boyet_LLL,#Maria_LLL,2,2,1,12,683,94,12
#Boyet_LLL,#Princess_LLL,2,2,1,12,683,94,12
#Boyet_LLL,#Rosaline_LLL,2,2,1,12,683,94,12
#Dumaine_LLL,#Boyet_LLL,0,2,1,12,683,94,12
#Dumaine_LLL,#Katherine_LLL,0,2,1,12,683,94,12
#Dumaine_LLL,#King_LLL,2,2,1,12,683,94,12
#Dumaine_LLL,#LORDS.0_LLL,0,2,1,12,683,94,12
#Dumaine_LLL,#LORDS_LLL,0,2,1,12,683,94,12
#Dumaine_LLL,#Longaville_LLL,2,2,1,12,683,94,12
#Dumaine_LLL,#Maria_LLL,0,2,1,12,683,94,12
#Dumaine_LLL,#Princess_LLL,0,2,1,12,683,94,12
#Dumaine_LLL,#Rosaline_LLL,0,2,1,12,683,94,12
#Katherine_LLL,#LORDS.0_LLL,2,2,1,12,683,94,12
#Katherine_LLL,#LORDS_LLL,4,2,1,12,683,94,12
#Katherine_LLL,#Maria_LLL,4,2,1,12,683,94,12
#Katherine_LLL,#Princess_LLL,4,2,1,12,683,94,12
#Katherine_LLL,#Rosaline_LLL,4,2,1,12,683,94,12
#King_LLL,#Boyet_LLL,0,2,1,12,683,94,12
#King_LLL,#Katherine_LLL,0,2,1,12,683,94,12
#King_LLL,#LORDS.0_LLL,0,2,1,12,683,94,12
#King_LLL,#LORDS_LLL,0,2,1,12,683,94,12
#King_LLL,#Longaville_LLL,2,2,1,12,683,94,12
#King_LLL,#Maria_LLL,0,2,1,12,683,94,12
#King_LLL,#Princess_LLL,0,2,1,12,683,94,12
#King_LLL,#Rosaline_LLL,0,2,1,12,683,94,12
#LORDS_LLL,#LORDS.0_LLL,2,2,1,12,683,94,12
#LORDS_LLL,#Maria_LLL,4,2,1,12,683,94,12
#LORDS_LLL,#Princess_LLL,4,2,1,12,683,94,12
#LORDS_LLL,#Rosaline_LLL,4,2,1,12,683,94,12
#Longaville_LLL,#Boyet_LLL,0,2,1,12,683,94,12
#Longaville_LLL,#Katherine_LLL,0,2,1,12,683,94,12
#Longaville_LLL,#LORDS.0_LLL,0,2,1,12,683,94,12
#Longaville_LLL,#LORDS_LLL,0,2,1,12,683,94,12
#Longaville_LLL,#Maria_LLL,0,2,1,12,683,94,12
#Longaville_LLL,#Princess_LLL,0,2,1,12,683,94,12
#Longaville_LLL,#Rosaline_LLL,0,2,1,12,683,94,12
#Maria_LLL,#LORDS.0_LLL,2,2,1,12,683,94,12
#Maria_LLL,#Princess_LLL,4,2,1,12,683,94,12
#Maria_LLL,#Rosaline_LLL,4,2,1,12,683,94,12
#Princess_LLL,#LORDS.0_LLL,2,2,1,12,683,94,12
#Princess_LLL,#Rosaline_LLL,4,2,1,12,683,94,12
#Rosaline_LLL,#LORDS.0_LLL,2,2,1,12,683,94,12
#Berowne_LLL,#Boyet_LLL,1,2,1,13,74,15,13
#Berowne_LLL,#Katherine_LLL,1,2,1,13,74,15,13
#Berowne_LLL,#LORDS.0_LLL,1,2,1,13,74,15,13
#Berowne_LLL,#Maria_LLL,1,2,1,13,74,15,13
#Berowne_LLL,#Princess_LLL,1,2,1,13,74,15,13
#Berowne_LLL,#Rosaline_LLL,1,2,1,13,74,15,13
#Boyet_LLL,#Katherine_LLL,3,2,1,13,74,15,13
#Boyet_LLL,#LORDS.0_LLL,2,2,1,13,74,15,13
#Boyet_LLL,#Maria_LLL,3,2,1,13,74,15,13
#Boyet_LLL,#Princess_LLL,3,2,1,13,74,15,13
#Boyet_LLL,#Rosaline_LLL,3,2,1,13,74,15,13
#Katherine_LLL,#LORDS.0_LLL,3,2,1,13,74,15,13
#Katherine_LLL,#Maria_LLL,5,2,1,13,74,15,13
#Katherine_LLL,#Princess_LLL,5,2,1,13,74,15,13
#Katherine_LLL,#Rosaline_LLL,5,2,1,13,74,15,13
#Maria_LLL,#LORDS.0_LLL,3,2,1,13,74,15,13
#Maria_LLL,#Princess_LLL,5,2,1,13,74,15,13
#Maria_LLL,#Rosaline_LLL,5,2,1,13,74,15,13
#Princess_LLL,#LORDS.0_LLL,3,2,1,13,74,15,13
#Princess_LLL,#Rosaline_LLL,5,2,1,13,74,15,13
#Rosaline_LLL,#LORDS.0_LLL,3,2,1,13,74,15,13
#Boyet_LLL,#Katherine_LLL,4,2,1,14,25,3,14
#Boyet_LLL,#LORDS.0_LLL,3,2,1,14,25,3,14
#Boyet_LLL,#Maria_LLL,4,2,1,14,25,3,14
#Boyet_LLL,#Princess_LLL,4,2,1,14,25,3,14
#Boyet_LLL,#Rosaline_LLL,4,2,1,14,25,3,14
#Dumaine_LLL,#Boyet_LLL,1,2,1,14,25,3,14
#Dumaine_LLL,#Katherine_LLL,1,2,1,14,25,3,14
#Dumaine_LLL,#LORDS.0_LLL,1,2,1,14,25,3,14
#Dumaine_LLL,#Maria_LLL,1,2,1,14,25,3,14
#Dumaine_LLL,#Princess_LLL,1,2,1,14,25,3,14
#Dumaine_LLL,#Rosaline_LLL,1,2,1,14,25,3,14
#Katherine_LLL,#LORDS.0_LLL,4,2,1,14,25,3,14
#Katherine_LLL,#Maria_LLL,6,2,1,14,25,3,14
#Katherine_LLL,#Princess_LLL,6,2,1,14,25,3,14
#Katherine_LLL,#Rosaline_LLL,6,2,1,14,25,3,14
#Maria_LLL,#LORDS.0_LLL,4,2,1,14,25,3,14
#Maria_LLL,#Princess_LLL,6,2,1,14,25,3,14
#Maria_LLL,#Rosaline_LLL,6,2,1,14,25,3,14
#Princess_LLL,#LORDS.0_LLL,4,2,1,14,25,3,14
#Princess_LLL,#Rosaline_LLL,6,2,1,14,25,3,14
#Rosaline_LLL,#LORDS.0_LLL,4,2,1,14,25,3,14
#Boyet_LLL,#Katherine_LLL,5,2,1,15,85,13,15
#Boyet_LLL,#LORDS.0_LLL,4,2,1,15,85,13,15
#Boyet_LLL,#Maria_LLL,5,2,1,15,85,13,15
#Boyet_LLL,#Princess_LLL,5,2,1,15,85,13,15
#Boyet_LLL,#Rosaline_LLL,5,2,1,15,85,13,15
#Katherine_LLL,#LORDS.0_LLL,5,2,1,15,85,13,15
#Katherine_LLL,#Maria_LLL,7,2,1,15,85,13,15
#Katherine_LLL,#Princess_LLL,7,2,1,15,85,13,15
#Katherine_LLL,#Rosaline_LLL,7,2,1,15,85,13,15
#Longaville_LLL,#Boyet_LLL,1,2,1,15,85,13,15
#Longaville_LLL,#Katherine_LLL,1,2,1,15,85,13,15
#Longaville_LLL,#LORDS.0_LLL,1,2,1,15,85,13,15
#Longaville_LLL,#Maria_LLL,1,2,1,15,85,13,15
#Longaville_LLL,#Princess_LLL,1,2,1,15,85,13,15
#Longaville_LLL,#Rosaline_LLL,1,2,1,15,85,13,15
#Maria_LLL,#LORDS.0_LLL,5,2,1,15,85,13,15
#Maria_LLL,#Princess_LLL,7,2,1,15,85,13,15
#Maria_LLL,#Rosaline_LLL,7,2,1,15,85,13,15
#Princess_LLL,#LORDS.0_LLL,5,2,1,15,85,13,15
#Princess_LLL,#Rosaline_LLL,7,2,1,15,85,13,15
#Rosaline_LLL,#LORDS.0_LLL,5,2,1,15,85,13,15
#Berowne_LLL,#Boyet_LLL,2,2,1,16,34,6,16
#Berowne_LLL,#Katherine_LLL,2,2,1,16,34,6,16
#Berowne_LLL,#LORDS.0_LLL,2,2,1,16,34,6,16
#Berowne_LLL,#Maria_LLL,2,2,1,16,34,6,16
#Berowne_LLL,#Princess_LLL,2,2,1,16,34,6,16
#Berowne_LLL,#Rosaline_LLL,2,2,1,16,34,6,16
#Boyet_LLL,#Katherine_LLL,6,2,1,16,34,6,16
#Boyet_LLL,#LORDS.0_LLL,5,2,1,16,34,6,16
#Boyet_LLL,#Maria_LLL,6,2,1,16,34,6,16
#Boyet_LLL,#Princess_LLL,6,2,1,16,34,6,16
#Boyet_LLL,#Rosaline_LLL,6,2,1,16,34,6,16
#Katherine_LLL,#LORDS.0_LLL,6,2,1,16,34,6,16
#Katherine_LLL,#Maria_LLL,8,2,1,16,34,6,16
#Katherine_LLL,#Princess_LLL,8,2,1,16,34,6,16
#Katherine_LLL,#Rosaline_LLL,8,2,1,16,34,6,16
#Maria_LLL,#LORDS.0_LLL,6,2,1,16,34,6,16
#Maria_LLL,#Princess_LLL,8,2,1,16,34,6,16
#Maria_LLL,#Rosaline_LLL,8,2,1,16,34,6,16
#Princess_LLL,#LORDS.0_LLL,6,2,1,16,34,6,16
#Princess_LLL,#Rosaline_LLL,8,2,1,16,34,6,16
#Rosaline_LLL,#LORDS.0_LLL,6,2,1,16,34,6,16
#Boyet_LLL,#Katherine_LLL,7,2,1,17,395,56,17
#Boyet_LLL,#LORDS.0_LLL,6,2,1,17,395,56,17
#Boyet_LLL,#Maria_LLL,7,2,1,17,395,56,17
#Boyet_LLL,#Princess_LLL,7,2,1,17,395,56,17
#Boyet_LLL,#Rosaline_LLL,7,2,1,17,395,56,17
#Katherine_LLL,#LORDS.0_LLL,7,2,1,17,395,56,17
#Katherine_LLL,#Maria_LLL,9,2,1,17,395,56,17
#Katherine_LLL,#Princess_LLL,9,2,1,17,395,56,17
#Katherine_LLL,#Rosaline_LLL,9,2,1,17,395,56,17
#Maria_LLL,#LORDS.0_LLL,7,2,1,17,395,56,17
#Maria_LLL,#Princess_LLL,9,2,1,17,395,56,17
#Maria_LLL,#Rosaline_LLL,9,2,1,17,395,56,17
#Princess_LLL,#LORDS.0_LLL,7,2,1,17,395,56,17
#Princess_LLL,#Rosaline_LLL,9,2,1,17,395,56,17
#Rosaline_LLL,#LORDS.0_LLL,7,2,1,17,395,56,17
#Armado_LLL,#Boy_LLL,3,3,1,18,463,69,18
#Armado_LLL,#Boy_LLL,4,3,1,20,478,68,20
#Costard_LLL,#Armado_LLL,2,3,1,20,478,68,20
#Costard_LLL,#Boy_LLL,2,3,1,20,478,68,20
#Costard_LLL,#Boy_LLL,3,3,1,21,7,1,21
#Berowne_LLL,#Costard_LLL,2,3,1,23,201,33,23
#Boyet_LLL,#Forester_LLL,0,4,1,25,332,42,25
#Boyet_LLL,#Katherine_LLL,8,4,1,25,332,42,25
#Boyet_LLL,#LORDS_LLL,3,4,1,25,332,42,25
#Boyet_LLL,#Maria_LLL,8,4,1,25,332,42,25
#Boyet_LLL,#Princess_LLL,8,4,1,25,332,42,25
#Boyet_LLL,#Rosaline_LLL,8,4,1,25,332,42,25
#Katherine_LLL,#Forester_LLL,0,4,1,25,332,42,25
#Katherine_LLL,#LORDS_LLL,5,4,1,25,332,42,25
#Katherine_LLL,#Maria_LLL,10,4,1,25,332,42,25
#Katherine_LLL,#Princess_LLL,10,4,1,25,332,42,25
#Katherine_LLL,#Rosaline_LLL,10,4,1,25,332,42,25
#LORDS_LLL,#Forester_LLL,0,4,1,25,332,42,25
#LORDS_LLL,#Maria_LLL,5,4,1,25,332,42,25
#LORDS_LLL,#Princess_LLL,5,4,1,25,332,42,25
#LORDS_LLL,#Rosaline_LLL,5,4,1,25,332,42,25
#Maria_LLL,#Forester_LLL,0,4,1,25,332,42,25
#Maria_LLL,#Princess_LLL,10,4,1,25,332,42,25
#Maria_LLL,#Rosaline_LLL,10,4,1,25,332,42,25
#Princess_LLL,#Forester_LLL,0,4,1,25,332,42,25
#Princess_LLL,#Rosaline_LLL,10,4,1,25,332,42,25
#Rosaline_LLL,#Forester_LLL,0,4,1,25,332,42,25
#Boyet_LLL,#Forester_LLL,1,4,1,26,581,80,26
#Boyet_LLL,#Katherine_LLL,9,4,1,26,581,80,26
#Boyet_LLL,#LORDS_LLL,4,4,1,26,581,80,26
#Boyet_LLL,#Maria_LLL,9,4,1,26,581,80,26
#Boyet_LLL,#Princess_LLL,9,4,1,26,581,80,26
#Boyet_LLL,#Rosaline_LLL,9,4,1,26,581,80,26
#Costard_LLL,#Boyet_LLL,0,4,1,26,581,80,26
#Costard_LLL,#Forester_LLL,0,4,1,26,581,80,26
#Costard_LLL,#Katherine_LLL,0,4,1,26,581,80,26
#Costard_LLL,#LORDS_LLL,0,4,1,26,581,80,26
#Costard_LLL,#Maria_LLL,0,4,1,26,581,80,26
#Costard_LLL,#Princess_LLL,0,4,1,26,581,80,26
#Costard_LLL,#Rosaline_LLL,0,4,1,26,581,80,26
#Katherine_LLL,#Forester_LLL,1,4,1,26,581,80,26
#Katherine_LLL,#LORDS_LLL,6,4,1,26,581,80,26
#Katherine_LLL,#Maria_LLL,11,4,1,26,581,80,26
#Katherine_LLL,#Princess_LLL,11,4,1,26,581,80,26
#Katherine_LLL,#Rosaline_LLL,11,4,1,26,581,80,26
#LORDS_LLL,#Forester_LLL,1,4,1,26,581,80,26
#LORDS_LLL,#Maria_LLL,6,4,1,26,581,80,26
#LORDS_LLL,#Princess_LLL,6,4,1,26,581,80,26
#LORDS_LLL,#Rosaline_LLL,6,4,1,26,581,80,26
#Maria_LLL,#Forester_LLL,1,4,1,26,581,80,26
#Maria_LLL,#Princess_LLL,11,4,1,26,581,80,26
#Maria_LLL,#Rosaline_LLL,11,4,1,26,581,80,26
#Princess_LLL,#Forester_LLL,1,4,1,26,581,80,26
#Princess_LLL,#Rosaline_LLL,11,4,1,26,581,80,26
#Rosaline_LLL,#Forester_LLL,1,4,1,26,581,80,26
#Boyet_LLL,#Maria_LLL,10,4,1,27,180,26,27
#Boyet_LLL,#Rosaline_LLL,10,4,1,27,180,26,27
#Costard_LLL,#Boyet_LLL,1,4,1,27,180,26,27
#Costard_LLL,#Maria_LLL,1,4,1,27,180,26,27
#Costard_LLL,#Rosaline_LLL,1,4,1,27,180,26,27
#Maria_LLL,#Rosaline_LLL,12,4,1,27,180,26,27
#Boyet_LLL,#Maria_LLL,11,4,1,28,123,16,28
#Costard_LLL,#Boyet_LLL,2,4,1,28,123,16,28
#Costard_LLL,#Maria_LLL,2,4,1,28,123,16,28
#Dull_LLL,#Holofernes_LLL,0,4,2,30,698,98,30
#Dull_LLL,#Nathaniel_LLL,0,4,2,30,698,98,30
#Holofernes_LLL,#Nathaniel_LLL,0,4,2,30,698,98,30
#Costard_LLL,#Dull_LLL,3,4,2,31,527,73,31
#Costard_LLL,#Holofernes_LLL,0,4,2,31,527,73,31
#Costard_LLL,#Jaquenetta_LLL,1,4,2,31,527,73,31
#Costard_LLL,#Nathaniel_LLL,0,4,2,31,527,73,31
#Dull_LLL,#Holofernes_LLL,1,4,2,31,527,73,31
#Dull_LLL,#Jaquenetta_LLL,1,4,2,31,527,73,31
#Dull_LLL,#Nathaniel_LLL,1,4,2,31,527,73,31
#Holofernes_LLL,#Nathaniel_LLL,1,4,2,31,527,73,31
#Jaquenetta_LLL,#Holofernes_LLL,0,4,2,31,527,73,31
#Jaquenetta_LLL,#Nathaniel_LLL,0,4,2,31,527,73,31
#Dull_LLL,#Holofernes_LLL,2,4,2,32,165,20,32
#Dull_LLL,#Nathaniel_LLL,2,4,2,32,165,20,32
#Holofernes_LLL,#Nathaniel_LLL,2,4,2,32,165,20,32
#Berowne_LLL,#King_LLL,3,4,3,34,181,22,34
#Berowne_LLL,#King_LLL,4,4,3,35,275,37,35
#Berowne_LLL,#Longaville_LLL,3,4,3,35,275,37,35
#King_LLL,#Longaville_LLL,3,4,3,35,275,37,35
#Berowne_LLL,#Dumaine_LLL,3,4,3,36,844,117,36
#Berowne_LLL,#King_LLL,5,4,3,36,844,117,36
#Berowne_LLL,#Longaville_LLL,4,4,3,36,844,117,36
#Dumaine_LLL,#King_LLL,3,4,3,36,844,117,36
#Dumaine_LLL,#Longaville_LLL,3,4,3,36,844,117,36
#King_LLL,#Longaville_LLL,4,4,3,36,844,117,36
#Berowne_LLL,#Costard_LLL,3,4,3,37,226,37,37
#Berowne_LLL,#Dumaine_LLL,4,4,3,37,226,37,37
#Berowne_LLL,#Jaquenetta_LLL,0,4,3,37,226,37,37
#Berowne_LLL,#King_LLL,6,4,3,37,226,37,37
#Berowne_LLL,#Longaville_LLL,5,4,3,37,226,37,37
#Costard_LLL,#Jaquenetta_LLL,2,4,3,37,226,37,37
#Dumaine_LLL,#Costard_LLL,1,4,3,37,226,37,37
#Dumaine_LLL,#Jaquenetta_LLL,0,4,3,37,226,37,37
#Dumaine_LLL,#King_LLL,4,4,3,37,226,37,37
#Dumaine_LLL,#Longaville_LLL,4,4,3,37,226,37,37
#King_LLL,#Costard_LLL,1,4,3,37,226,37,37
#King_LLL,#Jaquenetta_LLL,0,4,3,37,226,37,37
#King_LLL,#Longaville_LLL,5,4,3,37,226,37,37
#Longaville_LLL,#Costard_LLL,1,4,3,37,226,37,37
#Longaville_LLL,#Jaquenetta_LLL,0,4,3,37,226,37,37
#Berowne_LLL,#Dumaine_LLL,5,4,3,38,1163,148,38
#Berowne_LLL,#King_LLL,7,4,3,38,1163,148,38
#Berowne_LLL,#Longaville_LLL,6,4,3,38,1163,148,38
#Dumaine_LLL,#King_LLL,5,4,3,38,1163,148,38
#Dumaine_LLL,#Longaville_LLL,5,4,3,38,1163,148,38
#King_LLL,#Longaville_LLL,6,4,3,38,1163,148,38
#Dull_LLL,#Holofernes_LLL,3,5,1,39,210,31,39
#Dull_LLL,#Nathaniel_LLL,3,5,1,39,210,31,39
#Holofernes_LLL,#Nathaniel_LLL,3,5,1,39,210,31,39
#Armado_LLL,#Boy_LLL,5,5,1,40,878,125,40
#Armado_LLL,#Holofernes_LLL,0,5,1,40,878,125,40
#Armado_LLL,#Nathaniel_LLL,0,5,1,40,878,125,40
#Boy_LLL,#Holofernes_LLL,0,5,1,40,878,125,40
#Boy_LLL,#Nathaniel_LLL,0,5,1,40,878,125,40
#Costard_LLL,#Armado_LLL,3,5,1,40,878,125,40
#Costard_LLL,#Boy_LLL,4,5,1,40,878,125,40
#Costard_LLL,#Dull_LLL,4,5,1,40,878,125,40
#Costard_LLL,#Holofernes_LLL,1,5,1,40,878,125,40
#Costard_LLL,#Nathaniel_LLL,1,5,1,40,878,125,40
#Dull_LLL,#Armado_LLL,1,5,1,40,878,125,40
#Dull_LLL,#Boy_LLL,1,5,1,40,878,125,40
#Dull_LLL,#Holofernes_LLL,4,5,1,40,878,125,40
#Dull_LLL,#Nathaniel_LLL,4,5,1,40,878,125,40
#Holofernes_LLL,#Nathaniel_LLL,4,5,1,40,878,125,40
#Katherine_LLL,#Maria_LLL,12,5,2,41,645,83,41
#Katherine_LLL,#Princess_LLL,12,5,2,41,645,83,41
#Katherine_LLL,#Rosaline_LLL,12,5,2,41,645,83,41
#Maria_LLL,#Princess_LLL,12,5,2,41,645,83,41
#Maria_LLL,#Rosaline_LLL,13,5,2,41,645,83,41
#Princess_LLL,#Rosaline_LLL,12,5,2,41,645,83,41
#Boyet_LLL,#Katherine_LLL,10,5,2,42,637,81,42
#Boyet_LLL,#Maria_LLL,12,5,2,42,637,81,42
#Boyet_LLL,#Princess_LLL,10,5,2,42,637,81,42
#Boyet_LLL,#Rosaline_LLL,11,5,2,42,637,81,42
#Katherine_LLL,#Maria_LLL,13,5,2,42,637,81,42
#Katherine_LLL,#Princess_LLL,13,5,2,42,637,81,42
#Katherine_LLL,#Rosaline_LLL,13,5,2,42,637,81,42
#Maria_LLL,#Princess_LLL,13,5,2,42,637,81,42
#Maria_LLL,#Rosaline_LLL,14,5,2,42,637,81,42
#Princess_LLL,#Rosaline_LLL,13,5,2,42,637,81,42
#BLACKAMOORS_LLL,#MUSICIANS_LLL,0,5,2,43,102,17,43
#Berowne_LLL,#BLACKAMOORS_LLL,0,5,2,43,102,17,43
#Berowne_LLL,#Boy_LLL,0,5,2,43,102,17,43
#Berowne_LLL,#Boyet_LLL,3,5,2,43,102,17,43
#Berowne_LLL,#Dumaine_LLL,6,5,2,43,102,17,43
#Berowne_LLL,#Katherine_LLL,3,5,2,43,102,17,43
#Berowne_LLL,#King_LLL,8,5,2,43,102,17,43
#Berowne_LLL,#Longaville_LLL,7,5,2,43,102,17,43
#Berowne_LLL,#MUSICIANS_LLL,0,5,2,43,102,17,43
#Berowne_LLL,#Maria_LLL,3,5,2,43,102,17,43
#Berowne_LLL,#Princess_LLL,3,5,2,43,102,17,43
#Berowne_LLL,#Rosaline_LLL,3,5,2,43,102,17,43
#Boy_LLL,#BLACKAMOORS_LLL,0,5,2,43,102,17,43
#Boy_LLL,#Boyet_LLL,0,5,2,43,102,17,43
#Boy_LLL,#Katherine_LLL,0,5,2,43,102,17,43
#Boy_LLL,#MUSICIANS_LLL,0,5,2,43,102,17,43
#Boy_LLL,#Maria_LLL,0,5,2,43,102,17,43
#Boy_LLL,#Princess_LLL,0,5,2,43,102,17,43
#Boy_LLL,#Rosaline_LLL,0,5,2,43,102,17,43
#Boyet_LLL,#BLACKAMOORS_LLL,0,5,2,43,102,17,43
#Boyet_LLL,#Katherine_LLL,11,5,2,43,102,17,43
#Boyet_LLL,#MUSICIANS_LLL,0,5,2,43,102,17,43
#Boyet_LLL,#Maria_LLL,13,5,2,43,102,17,43
#Boyet_LLL,#Princess_LLL,11,5,2,43,102,17,43
#Boyet_LLL,#Rosaline_LLL,12,5,2,43,102,17,43
#Dumaine_LLL,#BLACKAMOORS_LLL,0,5,2,43,102,17,43
#Dumaine_LLL,#Boy_LLL,0,5,2,43,102,17,43
#Dumaine_LLL,#Boyet_LLL,2,5,2,43,102,17,43
#Dumaine_LLL,#Katherine_LLL,2,5,2,43,102,17,43
#Dumaine_LLL,#King_LLL,6,5,2,43,102,17,43
#Dumaine_LLL,#Longaville_LLL,6,5,2,43,102,17,43
#Dumaine_LLL,#MUSICIANS_LLL,0,5,2,43,102,17,43
#Dumaine_LLL,#Maria_LLL,2,5,2,43,102,17,43
#Dumaine_LLL,#Princess_LLL,2,5,2,43,102,17,43
#Dumaine_LLL,#Rosaline_LLL,2,5,2,43,102,17,43
#Katherine_LLL,#BLACKAMOORS_LLL,0,5,2,43,102,17,43
#Katherine_LLL,#MUSICIANS_LLL,0,5,2,43,102,17,43
#Katherine_LLL,#Maria_LLL,14,5,2,43,102,17,43
#Katherine_LLL,#Princess_LLL,14,5,2,43,102,17,43
#Katherine_LLL,#Rosaline_LLL,14,5,2,43,102,17,43
#King_LLL,#BLACKAMOORS_LLL,0,5,2,43,102,17,43
#King_LLL,#Boy_LLL,0,5,2,43,102,17,43
#King_LLL,#Boyet_LLL,1,5,2,43,102,17,43
#King_LLL,#Katherine_LLL,1,5,2,43,102,17,43
#King_LLL,#Longaville_LLL,7,5,2,43,102,17,43
#King_LLL,#MUSICIANS_LLL,0,5,2,43,102,17,43
#King_LLL,#Maria_LLL,1,5,2,43,102,17,43
#King_LLL,#Princess_LLL,1,5,2,43,102,17,43
#King_LLL,#Rosaline_LLL,1,5,2,43,102,17,43
#Longaville_LLL,#BLACKAMOORS_LLL,0,5,2,43,102,17,43
#Longaville_LLL,#Boy_LLL,0,5,2,43,102,17,43
#Longaville_LLL,#Boyet_LLL,2,5,2,43,102,17,43
#Longaville_LLL,#Katherine_LLL,2,5,2,43,102,17,43
#Longaville_LLL,#MUSICIANS_LLL,0,5,2,43,102,17,43
#Longaville_LLL,#Maria_LLL,2,5,2,43,102,17,43
#Longaville_LLL,#Princess_LLL,2,5,2,43,102,17,43
#Longaville_LLL,#Rosaline_LLL,2,5,2,43,102,17,43
#Maria_LLL,#BLACKAMOORS_LLL,0,5,2,43,102,17,43
#Maria_LLL,#MUSICIANS_LLL,0,5,2,43,102,17,43
#Maria_LLL,#Princess_LLL,14,5,2,43,102,17,43
#Maria_LLL,#Rosaline_LLL,15,5,2,43,102,17,43
#Princess_LLL,#BLACKAMOORS_LLL,0,5,2,43,102,17,43
#Princess_LLL,#MUSICIANS_LLL,0,5,2,43,102,17,43
#Princess_LLL,#Rosaline_LLL,14,5,2,43,102,17,43
#Rosaline_LLL,#BLACKAMOORS_LLL,0,5,2,43,102,17,43
#Rosaline_LLL,#MUSICIANS_LLL,0,5,2,43,102,17,43
#BLACKAMOORS_LLL,#MUSICIANS_LLL,1,5,2,44,749,110,44
#Berowne_LLL,#BLACKAMOORS_LLL,1,5,2,44,749,110,44
#Berowne_LLL,#Boyet_LLL,4,5,2,44,749,110,44
#Berowne_LLL,#Dumaine_LLL,7,5,2,44,749,110,44
#Berowne_LLL,#Katherine_LLL,4,5,2,44,749,110,44
#Berowne_LLL,#King_LLL,9,5,2,44,749,110,44
#Berowne_LLL,#Longaville_LLL,8,5,2,44,749,110,44
#Berowne_LLL,#MUSICIANS_LLL,1,5,2,44,749,110,44
#Berowne_LLL,#Maria_LLL,4,5,2,44,749,110,44
#Berowne_LLL,#Princess_LLL,4,5,2,44,749,110,44
#Berowne_LLL,#Rosaline_LLL,4,5,2,44,749,110,44
#Boyet_LLL,#BLACKAMOORS_LLL,1,5,2,44,749,110,44
#Boyet_LLL,#Katherine_LLL,12,5,2,44,749,110,44
#Boyet_LLL,#MUSICIANS_LLL,1,5,2,44,749,110,44
#Boyet_LLL,#Maria_LLL,14,5,2,44,749,110,44
#Boyet_LLL,#Princess_LLL,12,5,2,44,749,110,44
#Boyet_LLL,#Rosaline_LLL,13,5,2,44,749,110,44
#Dumaine_LLL,#BLACKAMOORS_LLL,1,5,2,44,749,110,44
#Dumaine_LLL,#Boyet_LLL,3,5,2,44,749,110,44
#Dumaine_LLL,#Katherine_LLL,3,5,2,44,749,110,44
#Dumaine_LLL,#King_LLL,7,5,2,44,749,110,44
#Dumaine_LLL,#Longaville_LLL,7,5,2,44,749,110,44
#Dumaine_LLL,#MUSICIANS_LLL,1,5,2,44,749,110,44
#Dumaine_LLL,#Maria_LLL,3,5,2,44,749,110,44
#Dumaine_LLL,#Princess_LLL,3,5,2,44,749,110,44
#Dumaine_LLL,#Rosaline_LLL,3,5,2,44,749,110,44
#Katherine_LLL,#BLACKAMOORS_LLL,1,5,2,44,749,110,44
#Katherine_LLL,#MUSICIANS_LLL,1,5,2,44,749,110,44
#Katherine_LLL,#Maria_LLL,15,5,2,44,749,110,44
#Katherine_LLL,#Princess_LLL,15,5,2,44,749,110,44
#Katherine_LLL,#Rosaline_LLL,15,5,2,44,749,110,44
#King_LLL,#BLACKAMOORS_LLL,1,5,2,44,749,110,44
#King_LLL,#Boyet_LLL,2,5,2,44,749,110,44
#King_LLL,#Katherine_LLL,2,5,2,44,749,110,44
#King_LLL,#Longaville_LLL,8,5,2,44,749,110,44
#King_LLL,#MUSICIANS_LLL,1,5,2,44,749,110,44
#King_LLL,#Maria_LLL,2,5,2,44,749,110,44
#King_LLL,#Princess_LLL,2,5,2,44,749,110,44
#King_LLL,#Rosaline_LLL,2,5,2,44,749,110,44
#Longaville_LLL,#BLACKAMOORS_LLL,1,5,2,44,749,110,44
#Longaville_LLL,#Boyet_LLL,3,5,2,44,749,110,44
#Longaville_LLL,#Katherine_LLL,3,5,2,44,749,110,44
#Longaville_LLL,#MUSICIANS_LLL,1,5,2,44,749,110,44
#Longaville_LLL,#Maria_LLL,3,5,2,44,749,110,44
#Longaville_LLL,#Princess_LLL,3,5,2,44,749,110,44
#Longaville_LLL,#Rosaline_LLL,3,5,2,44,749,110,44
#Maria_LLL,#BLACKAMOORS_LLL,1,5,2,44,749,110,44
#Maria_LLL,#MUSICIANS_LLL,1,5,2,44,749,110,44
#Maria_LLL,#Princess_LLL,15,5,2,44,749,110,44
#Maria_LLL,#Rosaline_LLL,16,5,2,44,749,110,44
#Princess_LLL,#BLACKAMOORS_LLL,1,5,2,44,749,110,44
#Princess_LLL,#MUSICIANS_LLL,1,5,2,44,749,110,44
#Princess_LLL,#Rosaline_LLL,15,5,2,44,749,110,44
#Rosaline_LLL,#BLACKAMOORS_LLL,1,5,2,44,749,110,44
#Rosaline_LLL,#MUSICIANS_LLL,1,5,2,44,749,110,44
#Boyet_LLL,#Katherine_LLL,13,5,2,45,351,50,45
#Boyet_LLL,#Maria_LLL,15,5,2,45,351,50,45
#Boyet_LLL,#Princess_LLL,13,5,2,45,351,50,45
#Boyet_LLL,#Rosaline_LLL,14,5,2,45,351,50,45
#Katherine_LLL,#Maria_LLL,16,5,2,45,351,50,45
#Katherine_LLL,#Princess_LLL,16,5,2,45,351,50,45
#Katherine_LLL,#Rosaline_LLL,16,5,2,45,351,50,45
#Maria_LLL,#Princess_LLL,16,5,2,45,351,50,45
#Maria_LLL,#Rosaline_LLL,17,5,2,45,351,50,45
#Princess_LLL,#Rosaline_LLL,16,5,2,45,351,50,45
#Berowne_LLL,#Boyet_LLL,5,5,2,46,41,5,46
#Berowne_LLL,#Dumaine_LLL,8,5,2,46,41,5,46
#Berowne_LLL,#King_LLL,10,5,2,46,41,5,46
#Berowne_LLL,#Longaville_LLL,9,5,2,46,41,5,46
#Dumaine_LLL,#Boyet_LLL,4,5,2,46,41,5,46
#Dumaine_LLL,#King_LLL,8,5,2,46,41,5,46
#Dumaine_LLL,#Longaville_LLL,8,5,2,46,41,5,46
#King_LLL,#Boyet_LLL,3,5,2,46,41,5,46
#King_LLL,#Longaville_LLL,9,5,2,46,41,5,46
#Longaville_LLL,#Boyet_LLL,4,5,2,46,41,5,46
#Berowne_LLL,#Dumaine_LLL,9,5,2,47,184,22,47
#Berowne_LLL,#King_LLL,11,5,2,47,184,22,47
#Berowne_LLL,#Longaville_LLL,10,5,2,47,184,22,47
#Dumaine_LLL,#King_LLL,9,5,2,47,184,22,47
#Dumaine_LLL,#Longaville_LLL,9,5,2,47,184,22,47
#King_LLL,#Longaville_LLL,10,5,2,47,184,22,47
#Berowne_LLL,#Boyet_LLL,6,5,2,48,1213,162,48
#Berowne_LLL,#Dumaine_LLL,10,5,2,48,1213,162,48
#Berowne_LLL,#Katherine_LLL,5,5,2,48,1213,162,48
#Berowne_LLL,#King_LLL,12,5,2,48,1213,162,48
#Berowne_LLL,#Longaville_LLL,11,5,2,48,1213,162,48
#Berowne_LLL,#Maria_LLL,5,5,2,48,1213,162,48
#Berowne_LLL,#Princess_LLL,5,5,2,48,1213,162,48
#Berowne_LLL,#Rosaline_LLL,5,5,2,48,1213,162,48
#Boyet_LLL,#Katherine_LLL,14,5,2,48,1213,162,48
#Boyet_LLL,#Maria_LLL,16,5,2,48,1213,162,48
#Boyet_LLL,#Princess_LLL,14,5,2,48,1213,162,48
#Boyet_LLL,#Rosaline_LLL,15,5,2,48,1213,162,48
#Dumaine_LLL,#Boyet_LLL,5,5,2,48,1213,162,48
#Dumaine_LLL,#Katherine_LLL,4,5,2,48,1213,162,48
#Dumaine_LLL,#King_LLL,10,5,2,48,1213,162,48
#Dumaine_LLL,#Longaville_LLL,10,5,2,48,1213,162,48
#Dumaine_LLL,#Maria_LLL,4,5,2,48,1213,162,48
#Dumaine_LLL,#Princess_LLL,4,5,2,48,1213,162,48
#Dumaine_LLL,#Rosaline_LLL,4,5,2,48,1213,162,48
#Katherine_LLL,#Maria_LLL,17,5,2,48,1213,162,48
#Katherine_LLL,#Princess_LLL,17,5,2,48,1213,162,48
#Katherine_LLL,#Rosaline_LLL,17,5,2,48,1213,162,48
#King_LLL,#Boyet_LLL,4,5,2,48,1213,162,48
#King_LLL,#Katherine_LLL,3,5,2,48,1213,162,48
#King_LLL,#Longaville_LLL,11,5,2,48,1213,162,48
#King_LLL,#Maria_LLL,3,5,2,48,1213,162,48
#King_LLL,#Princess_LLL,3,5,2,48,1213,162,48
#King_LLL,#Rosaline_LLL,3,5,2,48,1213,162,48
#Longaville_LLL,#Boyet_LLL,5,5,2,48,1213,162,48
#Longaville_LLL,#Katherine_LLL,4,5,2,48,1213,162,48
#Longaville_LLL,#Maria_LLL,4,5,2,48,1213,162,48
#Longaville_LLL,#Princess_LLL,4,5,2,48,1213,162,48
#Longaville_LLL,#Rosaline_LLL,4,5,2,48,1213,162,48
#Maria_LLL,#Princess_LLL,17,5,2,48,1213,162,48
#Maria_LLL,#Rosaline_LLL,18,5,2,48,1213,162,48
#Princess_LLL,#Rosaline_LLL,17,5,2,48,1213,162,48
#Berowne_LLL,#Boyet_LLL,7,5,2,49,208,30,49
#Berowne_LLL,#Costard_LLL,4,5,2,49,208,30,49
#Berowne_LLL,#Dumaine_LLL,11,5,2,49,208,30,49
#Berowne_LLL,#Katherine_LLL,6,5,2,49,208,30,49
#Berowne_LLL,#King_LLL,13,5,2,49,208,30,49
#Berowne_LLL,#Longaville_LLL,12,5,2,49,208,30,49
#Berowne_LLL,#Maria_LLL,6,5,2,49,208,30,49
#Berowne_LLL,#Princess_LLL,6,5,2,49,208,30,49
#Berowne_LLL,#Rosaline_LLL,6,5,2,49,208,30,49
#Boyet_LLL,#Katherine_LLL,15,5,2,49,208,30,49
#Boyet_LLL,#Maria_LLL,17,5,2,49,208,30,49
#Boyet_LLL,#Princess_LLL,15,5,2,49,208,30,49
#Boyet_LLL,#Rosaline_LLL,16,5,2,49,208,30,49
#Costard_LLL,#Boyet_LLL,3,5,2,49,208,30,49
#Costard_LLL,#Katherine_LLL,1,5,2,49,208,30,49
#Costard_LLL,#Maria_LLL,3,5,2,49,208,30,49
#Costard_LLL,#Princess_LLL,1,5,2,49,208,30,49
#Costard_LLL,#Rosaline_LLL,2,5,2,49,208,30,49
#Dumaine_LLL,#Boyet_LLL,6,5,2,49,208,30,49
#Dumaine_LLL,#Costard_LLL,2,5,2,49,208,30,49
#Dumaine_LLL,#Katherine_LLL,5,5,2,49,208,30,49
#Dumaine_LLL,#King_LLL,11,5,2,49,208,30,49
#Dumaine_LLL,#Longaville_LLL,11,5,2,49,208,30,49
#Dumaine_LLL,#Maria_LLL,5,5,2,49,208,30,49
#Dumaine_LLL,#Princess_LLL,5,5,2,49,208,30,49
#Dumaine_LLL,#Rosaline_LLL,5,5,2,49,208,30,49
#Katherine_LLL,#Maria_LLL,18,5,2,49,208,30,49
#Katherine_LLL,#Princess_LLL,18,5,2,49,208,30,49
#Katherine_LLL,#Rosaline_LLL,18,5,2,49,208,30,49
#King_LLL,#Boyet_LLL,5,5,2,49,208,30,49
#King_LLL,#Costard_LLL,2,5,2,49,208,30,49
#King_LLL,#Katherine_LLL,4,5,2,49,208,30,49
#King_LLL,#Longaville_LLL,12,5,2,49,208,30,49
#King_LLL,#Maria_LLL,4,5,2,49,208,30,49
#King_LLL,#Princess_LLL,4,5,2,49,208,30,49
#King_LLL,#Rosaline_LLL,4,5,2,49,208,30,49
#Longaville_LLL,#Boyet_LLL,6,5,2,49,208,30,49
#Longaville_LLL,#Costard_LLL,2,5,2,49,208,30,49
#Longaville_LLL,#Katherine_LLL,5,5,2,49,208,30,49
#Longaville_LLL,#Maria_LLL,5,5,2,49,208,30,49
#Longaville_LLL,#Princess_LLL,5,5,2,49,208,30,49
#Longaville_LLL,#Rosaline_LLL,5,5,2,49,208,30,49
#Maria_LLL,#Princess_LLL,18,5,2,49,208,30,49
#Maria_LLL,#Rosaline_LLL,19,5,2,49,208,30,49
#Princess_LLL,#Rosaline_LLL,18,5,2,49,208,30,49
#Berowne_LLL,#Boyet_LLL,8,5,2,50,94,13,50
#Berowne_LLL,#Dumaine_LLL,12,5,2,50,94,13,50
#Berowne_LLL,#Katherine_LLL,7,5,2,50,94,13,50
#Berowne_LLL,#King_LLL,14,5,2,50,94,13,50
#Berowne_LLL,#Longaville_LLL,13,5,2,50,94,13,50
#Berowne_LLL,#Maria_LLL,7,5,2,50,94,13,50
#Berowne_LLL,#Princess_LLL,7,5,2,50,94,13,50
#Berowne_LLL,#Rosaline_LLL,7,5,2,50,94,13,50
#Boyet_LLL,#Katherine_LLL,16,5,2,50,94,13,50
#Boyet_LLL,#Maria_LLL,18,5,2,50,94,13,50
#Boyet_LLL,#Princess_LLL,16,5,2,50,94,13,50
#Boyet_LLL,#Rosaline_LLL,17,5,2,50,94,13,50
#Dumaine_LLL,#Boyet_LLL,7,5,2,50,94,13,50
#Dumaine_LLL,#Katherine_LLL,6,5,2,50,94,13,50
#Dumaine_LLL,#King_LLL,12,5,2,50,94,13,50
#Dumaine_LLL,#Longaville_LLL,12,5,2,50,94,13,50
#Dumaine_LLL,#Maria_LLL,6,5,2,50,94,13,50
#Dumaine_LLL,#Princess_LLL,6,5,2,50,94,13,50
#Dumaine_LLL,#Rosaline_LLL,6,5,2,50,94,13,50
#Katherine_LLL,#Maria_LLL,19,5,2,50,94,13,50
#Katherine_LLL,#Princess_LLL,19,5,2,50,94,13,50
#Katherine_LLL,#Rosaline_LLL,19,5,2,50,94,13,50
#King_LLL,#Boyet_LLL,6,5,2,50,94,13,50
#King_LLL,#Katherine_LLL,5,5,2,50,94,13,50
#King_LLL,#Longaville_LLL,13,5,2,50,94,13,50
#King_LLL,#Maria_LLL,5,5,2,50,94,13,50
#King_LLL,#Princess_LLL,5,5,2,50,94,13,50
#King_LLL,#Rosaline_LLL,5,5,2,50,94,13,50
#Longaville_LLL,#Boyet_LLL,7,5,2,50,94,13,50
#Longaville_LLL,#Katherine_LLL,6,5,2,50,94,13,50
#Longaville_LLL,#Maria_LLL,6,5,2,50,94,13,50
#Longaville_LLL,#Princess_LLL,6,5,2,50,94,13,50
#Longaville_LLL,#Rosaline_LLL,6,5,2,50,94,13,50
#Maria_LLL,#Princess_LLL,19,5,2,50,94,13,50
#Maria_LLL,#Rosaline_LLL,20,5,2,50,94,13,50
#Princess_LLL,#Rosaline_LLL,19,5,2,50,94,13,50
#Armado_LLL,#Boyet_LLL,0,5,2,51,82,12,51
#Armado_LLL,#Katherine_LLL,0,5,2,51,82,12,51
#Armado_LLL,#Maria_LLL,0,5,2,51,82,12,51
#Armado_LLL,#Princess_LLL,0,5,2,51,82,12,51
#Armado_LLL,#Rosaline_LLL,0,5,2,51,82,12,51
#Berowne_LLL,#Armado_LLL,0,5,2,51,82,12,51
#Berowne_LLL,#Boyet_LLL,9,5,2,51,82,12,51
#Berowne_LLL,#Dumaine_LLL,13,5,2,51,82,12,51
#Berowne_LLL,#Katherine_LLL,8,5,2,51,82,12,51
#Berowne_LLL,#King_LLL,15,5,2,51,82,12,51
#Berowne_LLL,#Longaville_LLL,14,5,2,51,82,12,51
#Berowne_LLL,#Maria_LLL,8,5,2,51,82,12,51
#Berowne_LLL,#Princess_LLL,8,5,2,51,82,12,51
#Berowne_LLL,#Rosaline_LLL,8,5,2,51,82,12,51
#Boyet_LLL,#Katherine_LLL,17,5,2,51,82,12,51
#Boyet_LLL,#Maria_LLL,19,5,2,51,82,12,51
#Boyet_LLL,#Princess_LLL,17,5,2,51,82,12,51
#Boyet_LLL,#Rosaline_LLL,18,5,2,51,82,12,51
#Dumaine_LLL,#Armado_LLL,0,5,2,51,82,12,51
#Dumaine_LLL,#Boyet_LLL,8,5,2,51,82,12,51
#Dumaine_LLL,#Katherine_LLL,7,5,2,51,82,12,51
#Dumaine_LLL,#King_LLL,13,5,2,51,82,12,51
#Dumaine_LLL,#Longaville_LLL,13,5,2,51,82,12,51
#Dumaine_LLL,#Maria_LLL,7,5,2,51,82,12,51
#Dumaine_LLL,#Princess_LLL,7,5,2,51,82,12,51
#Dumaine_LLL,#Rosaline_LLL,7,5,2,51,82,12,51
#Katherine_LLL,#Maria_LLL,20,5,2,51,82,12,51
#Katherine_LLL,#Princess_LLL,20,5,2,51,82,12,51
#Katherine_LLL,#Rosaline_LLL,20,5,2,51,82,12,51
#King_LLL,#Armado_LLL,0,5,2,51,82,12,51
#King_LLL,#Boyet_LLL,7,5,2,51,82,12,51
#King_LLL,#Katherine_LLL,6,5,2,51,82,12,51
#King_LLL,#Longaville_LLL,14,5,2,51,82,12,51
#King_LLL,#Maria_LLL,6,5,2,51,82,12,51
#King_LLL,#Princess_LLL,6,5,2,51,82,12,51
#King_LLL,#Rosaline_LLL,6,5,2,51,82,12,51
#Longaville_LLL,#Armado_LLL,0,5,2,51,82,12,51
#Longaville_LLL,#Boyet_LLL,8,5,2,51,82,12,51
#Longaville_LLL,#Katherine_LLL,7,5,2,51,82,12,51
#Longaville_LLL,#Maria_LLL,7,5,2,51,82,12,51
#Longaville_LLL,#Princess_LLL,7,5,2,51,82,12,51
#Longaville_LLL,#Rosaline_LLL,7,5,2,51,82,12,51
#Maria_LLL,#Princess_LLL,20,5,2,51,82,12,51
#Maria_LLL,#Rosaline_LLL,21,5,2,51,82,12,51
#Princess_LLL,#Rosaline_LLL,20,5,2,51,82,12,51
#Berowne_LLL,#Boyet_LLL,10,5,2,52,106,15,52
#Berowne_LLL,#Dumaine_LLL,14,5,2,52,106,15,52
#Berowne_LLL,#Katherine_LLL,9,5,2,52,106,15,52
#Berowne_LLL,#King_LLL,16,5,2,52,106,15,52
#Berowne_LLL,#Longaville_LLL,15,5,2,52,106,15,52
#Berowne_LLL,#Maria_LLL,9,5,2,52,106,15,52
#Berowne_LLL,#Princess_LLL,9,5,2,52,106,15,52
#Berowne_LLL,#Rosaline_LLL,9,5,2,52,106,15,52
#Boyet_LLL,#Katherine_LLL,18,5,2,52,106,15,52
#Boyet_LLL,#Maria_LLL,20,5,2,52,106,15,52
#Boyet_LLL,#Princess_LLL,18,5,2,52,106,15,52
#Boyet_LLL,#Rosaline_LLL,19,5,2,52,106,15,52
#Dumaine_LLL,#Boyet_LLL,9,5,2,52,106,15,52
#Dumaine_LLL,#Katherine_LLL,8,5,2,52,106,15,52
#Dumaine_LLL,#King_LLL,14,5,2,52,106,15,52
#Dumaine_LLL,#Longaville_LLL,14,5,2,52,106,15,52
#Dumaine_LLL,#Maria_LLL,8,5,2,52,106,15,52
#Dumaine_LLL,#Princess_LLL,8,5,2,52,106,15,52
#Dumaine_LLL,#Rosaline_LLL,8,5,2,52,106,15,52
#Katherine_LLL,#Maria_LLL,21,5,2,52,106,15,52
#Katherine_LLL,#Princess_LLL,21,5,2,52,106,15,52
#Katherine_LLL,#Rosaline_LLL,21,5,2,52,106,15,52
#King_LLL,#Boyet_LLL,8,5,2,52,106,15,52
#King_LLL,#Katherine_LLL,7,5,2,52,106,15,52
#King_LLL,#Longaville_LLL,15,5,2,52,106,15,52
#King_LLL,#Maria_LLL,7,5,2,52,106,15,52
#King_LLL,#Princess_LLL,7,5,2,52,106,15,52
#King_LLL,#Rosaline_LLL,7,5,2,52,106,15,52
#Longaville_LLL,#Boyet_LLL,9,5,2,52,106,15,52
#Longaville_LLL,#Katherine_LLL,8,5,2,52,106,15,52
#Longaville_LLL,#Maria_LLL,8,5,2,52,106,15,52
#Longaville_LLL,#Princess_LLL,8,5,2,52,106,15,52
#Longaville_LLL,#Rosaline_LLL,8,5,2,52,106,15,52
#Maria_LLL,#Princess_LLL,21,5,2,52,106,15,52
#Maria_LLL,#Rosaline_LLL,22,5,2,52,106,15,52
#Princess_LLL,#Rosaline_LLL,21,5,2,52,106,15,52
#Berowne_LLL,#Boyet_LLL,11,5,2,53,125,23,53
#Berowne_LLL,#Costard_LLL,5,5,2,53,125,23,53
#Berowne_LLL,#Dumaine_LLL,15,5,2,53,125,23,53
#Berowne_LLL,#Katherine_LLL,10,5,2,53,125,23,53
#Berowne_LLL,#King_LLL,17,5,2,53,125,23,53
#Berowne_LLL,#Longaville_LLL,16,5,2,53,125,23,53
#Berowne_LLL,#Maria_LLL,10,5,2,53,125,23,53
#Berowne_LLL,#Princess_LLL,10,5,2,53,125,23,53
#Berowne_LLL,#Rosaline_LLL,10,5,2,53,125,23,53
#Boyet_LLL,#Katherine_LLL,19,5,2,53,125,23,53
#Boyet_LLL,#Maria_LLL,21,5,2,53,125,23,53
#Boyet_LLL,#Princess_LLL,19,5,2,53,125,23,53
#Boyet_LLL,#Rosaline_LLL,20,5,2,53,125,23,53
#Costard_LLL,#Boyet_LLL,4,5,2,53,125,23,53
#Costard_LLL,#Katherine_LLL,2,5,2,53,125,23,53
#Costard_LLL,#Maria_LLL,4,5,2,53,125,23,53
#Costard_LLL,#Princess_LLL,2,5,2,53,125,23,53
#Costard_LLL,#Rosaline_LLL,3,5,2,53,125,23,53
#Dumaine_LLL,#Boyet_LLL,10,5,2,53,125,23,53
#Dumaine_LLL,#Costard_LLL,3,5,2,53,125,23,53
#Dumaine_LLL,#Katherine_LLL,9,5,2,53,125,23,53
#Dumaine_LLL,#King_LLL,15,5,2,53,125,23,53
#Dumaine_LLL,#Longaville_LLL,15,5,2,53,125,23,53
#Dumaine_LLL,#Maria_LLL,9,5,2,53,125,23,53
#Dumaine_LLL,#Princess_LLL,9,5,2,53,125,23,53
#Dumaine_LLL,#Rosaline_LLL,9,5,2,53,125,23,53
#Katherine_LLL,#Maria_LLL,22,5,2,53,125,23,53
#Katherine_LLL,#Princess_LLL,22,5,2,53,125,23,53
#Katherine_LLL,#Rosaline_LLL,22,5,2,53,125,23,53
#King_LLL,#Boyet_LLL,9,5,2,53,125,23,53
#King_LLL,#Costard_LLL,3,5,2,53,125,23,53
#King_LLL,#Katherine_LLL,8,5,2,53,125,23,53
#King_LLL,#Longaville_LLL,16,5,2,53,125,23,53
#King_LLL,#Maria_LLL,8,5,2,53,125,23,53
#King_LLL,#Princess_LLL,8,5,2,53,125,23,53
#King_LLL,#Rosaline_LLL,8,5,2,53,125,23,53
#Longaville_LLL,#Boyet_LLL,10,5,2,53,125,23,53
#Longaville_LLL,#Costard_LLL,3,5,2,53,125,23,53
#Longaville_LLL,#Katherine_LLL,9,5,2,53,125,23,53
#Longaville_LLL,#Maria_LLL,9,5,2,53,125,23,53
#Longaville_LLL,#Princess_LLL,9,5,2,53,125,23,53
#Longaville_LLL,#Rosaline_LLL,9,5,2,53,125,23,53
#Maria_LLL,#Princess_LLL,22,5,2,53,125,23,53
#Maria_LLL,#Rosaline_LLL,23,5,2,53,125,23,53
#Princess_LLL,#Rosaline_LLL,22,5,2,53,125,23,53
#Berowne_LLL,#Boyet_LLL,12,5,2,54,142,24,54
#Berowne_LLL,#Costard_LLL,6,5,2,54,142,24,54
#Berowne_LLL,#Dumaine_LLL,16,5,2,54,142,24,54
#Berowne_LLL,#Katherine_LLL,11,5,2,54,142,24,54
#Berowne_LLL,#King_LLL,18,5,2,54,142,24,54
#Berowne_LLL,#Longaville_LLL,17,5,2,54,142,24,54
#Berowne_LLL,#Maria_LLL,11,5,2,54,142,24,54
#Berowne_LLL,#Nathaniel_LLL,0,5,2,54,142,24,54
#Berowne_LLL,#Princess_LLL,11,5,2,54,142,24,54
#Berowne_LLL,#Rosaline_LLL,11,5,2,54,142,24,54
#Boyet_LLL,#Katherine_LLL,20,5,2,54,142,24,54
#Boyet_LLL,#Maria_LLL,22,5,2,54,142,24,54
#Boyet_LLL,#Nathaniel_LLL,0,5,2,54,142,24,54
#Boyet_LLL,#Princess_LLL,20,5,2,54,142,24,54
#Boyet_LLL,#Rosaline_LLL,21,5,2,54,142,24,54
#Costard_LLL,#Boyet_LLL,5,5,2,54,142,24,54
#Costard_LLL,#Katherine_LLL,3,5,2,54,142,24,54
#Costard_LLL,#Maria_LLL,5,5,2,54,142,24,54
#Costard_LLL,#Nathaniel_LLL,2,5,2,54,142,24,54
#Costard_LLL,#Princess_LLL,3,5,2,54,142,24,54
#Costard_LLL,#Rosaline_LLL,4,5,2,54,142,24,54
#Dumaine_LLL,#Boyet_LLL,11,5,2,54,142,24,54
#Dumaine_LLL,#Costard_LLL,4,5,2,54,142,24,54
#Dumaine_LLL,#Katherine_LLL,10,5,2,54,142,24,54
#Dumaine_LLL,#King_LLL,16,5,2,54,142,24,54
#Dumaine_LLL,#Longaville_LLL,16,5,2,54,142,24,54
#Dumaine_LLL,#Maria_LLL,10,5,2,54,142,24,54
#Dumaine_LLL,#Nathaniel_LLL,0,5,2,54,142,24,54
#Dumaine_LLL,#Princess_LLL,10,5,2,54,142,24,54
#Dumaine_LLL,#Rosaline_LLL,10,5,2,54,142,24,54
#Katherine_LLL,#Maria_LLL,23,5,2,54,142,24,54
#Katherine_LLL,#Nathaniel_LLL,0,5,2,54,142,24,54
#Katherine_LLL,#Princess_LLL,23,5,2,54,142,24,54
#Katherine_LLL,#Rosaline_LLL,23,5,2,54,142,24,54
#King_LLL,#Boyet_LLL,10,5,2,54,142,24,54
#King_LLL,#Costard_LLL,4,5,2,54,142,24,54
#King_LLL,#Katherine_LLL,9,5,2,54,142,24,54
#King_LLL,#Longaville_LLL,17,5,2,54,142,24,54
#King_LLL,#Maria_LLL,9,5,2,54,142,24,54
#King_LLL,#Nathaniel_LLL,0,5,2,54,142,24,54
#King_LLL,#Princess_LLL,9,5,2,54,142,24,54
#King_LLL,#Rosaline_LLL,9,5,2,54,142,24,54
#Longaville_LLL,#Boyet_LLL,11,5,2,54,142,24,54
#Longaville_LLL,#Costard_LLL,4,5,2,54,142,24,54
#Longaville_LLL,#Katherine_LLL,10,5,2,54,142,24,54
#Longaville_LLL,#Maria_LLL,10,5,2,54,142,24,54
#Longaville_LLL,#Nathaniel_LLL,0,5,2,54,142,24,54
#Longaville_LLL,#Princess_LLL,10,5,2,54,142,24,54
#Longaville_LLL,#Rosaline_LLL,10,5,2,54,142,24,54
#Maria_LLL,#Nathaniel_LLL,0,5,2,54,142,24,54
#Maria_LLL,#Princess_LLL,23,5,2,54,142,24,54
#Maria_LLL,#Rosaline_LLL,24,5,2,54,142,24,54
#Princess_LLL,#Nathaniel_LLL,0,5,2,54,142,24,54
#Princess_LLL,#Rosaline_LLL,23,5,2,54,142,24,54
#Rosaline_LLL,#Nathaniel_LLL,0,5,2,54,142,24,54
#Berowne_LLL,#Boyet_LLL,13,5,2,55,54,6,55
#Berowne_LLL,#Costard_LLL,7,5,2,55,54,6,55
#Berowne_LLL,#Dumaine_LLL,17,5,2,55,54,6,55
#Berowne_LLL,#Katherine_LLL,12,5,2,55,54,6,55
#Berowne_LLL,#King_LLL,19,5,2,55,54,6,55
#Berowne_LLL,#Longaville_LLL,18,5,2,55,54,6,55
#Berowne_LLL,#Maria_LLL,12,5,2,55,54,6,55
#Berowne_LLL,#Princess_LLL,12,5,2,55,54,6,55
#Berowne_LLL,#Rosaline_LLL,12,5,2,55,54,6,55
#Boyet_LLL,#Katherine_LLL,21,5,2,55,54,6,55
#Boyet_LLL,#Maria_LLL,23,5,2,55,54,6,55
#Boyet_LLL,#Princess_LLL,21,5,2,55,54,6,55
#Boyet_LLL,#Rosaline_LLL,22,5,2,55,54,6,55
#Costard_LLL,#Boyet_LLL,6,5,2,55,54,6,55
#Costard_LLL,#Katherine_LLL,4,5,2,55,54,6,55
#Costard_LLL,#Maria_LLL,6,5,2,55,54,6,55
#Costard_LLL,#Princess_LLL,4,5,2,55,54,6,55
#Costard_LLL,#Rosaline_LLL,5,5,2,55,54,6,55
#Dumaine_LLL,#Boyet_LLL,12,5,2,55,54,6,55
#Dumaine_LLL,#Costard_LLL,5,5,2,55,54,6,55
#Dumaine_LLL,#Katherine_LLL,11,5,2,55,54,6,55
#Dumaine_LLL,#King_LLL,17,5,2,55,54,6,55
#Dumaine_LLL,#Longaville_LLL,17,5,2,55,54,6,55
#Dumaine_LLL,#Maria_LLL,11,5,2,55,54,6,55
#Dumaine_LLL,#Princess_LLL,11,5,2,55,54,6,55
#Dumaine_LLL,#Rosaline_LLL,11,5,2,55,54,6,55
#Katherine_LLL,#Maria_LLL,24,5,2,55,54,6,55
#Katherine_LLL,#Princess_LLL,24,5,2,55,54,6,55
#Katherine_LLL,#Rosaline_LLL,24,5,2,55,54,6,55
#King_LLL,#Boyet_LLL,11,5,2,55,54,6,55
#King_LLL,#Costard_LLL,5,5,2,55,54,6,55
#King_LLL,#Katherine_LLL,10,5,2,55,54,6,55
#King_LLL,#Longaville_LLL,18,5,2,55,54,6,55
#King_LLL,#Maria_LLL,10,5,2,55,54,6,55
#King_LLL,#Princess_LLL,10,5,2,55,54,6,55
#King_LLL,#Rosaline_LLL,10,5,2,55,54,6,55
#Longaville_LLL,#Boyet_LLL,12,5,2,55,54,6,55
#Longaville_LLL,#Costard_LLL,5,5,2,55,54,6,55
#Longaville_LLL,#Katherine_LLL,11,5,2,55,54,6,55
#Longaville_LLL,#Maria_LLL,11,5,2,55,54,6,55
#Longaville_LLL,#Princess_LLL,11,5,2,55,54,6,55
#Longaville_LLL,#Rosaline_LLL,11,5,2,55,54,6,55
#Maria_LLL,#Princess_LLL,24,5,2,55,54,6,55
#Maria_LLL,#Rosaline_LLL,25,5,2,55,54,6,55
#Princess_LLL,#Rosaline_LLL,24,5,2,55,54,6,55
#Berowne_LLL,#Boy_LLL,1,5,2,56,279,49,56
#Berowne_LLL,#Boyet_LLL,14,5,2,56,279,49,56
#Berowne_LLL,#Costard_LLL,8,5,2,56,279,49,56
#Berowne_LLL,#Dumaine_LLL,18,5,2,56,279,49,56
#Berowne_LLL,#Holofernes_LLL,0,5,2,56,279,49,56
#Berowne_LLL,#Katherine_LLL,13,5,2,56,279,49,56
#Berowne_LLL,#King_LLL,20,5,2,56,279,49,56
#Berowne_LLL,#Longaville_LLL,19,5,2,56,279,49,56
#Berowne_LLL,#Maria_LLL,13,5,2,56,279,49,56
#Berowne_LLL,#Princess_LLL,13,5,2,56,279,49,56
#Berowne_LLL,#Rosaline_LLL,13,5,2,56,279,49,56
#Boy_LLL,#Boyet_LLL,1,5,2,56,279,49,56
#Boy_LLL,#Holofernes_LLL,1,5,2,56,279,49,56
#Boy_LLL,#Katherine_LLL,1,5,2,56,279,49,56
#Boy_LLL,#Maria_LLL,1,5,2,56,279,49,56
#Boy_LLL,#Princess_LLL,1,5,2,56,279,49,56
#Boy_LLL,#Rosaline_LLL,1,5,2,56,279,49,56
#Boyet_LLL,#Holofernes_LLL,0,5,2,56,279,49,56
#Boyet_LLL,#Katherine_LLL,22,5,2,56,279,49,56
#Boyet_LLL,#Maria_LLL,24,5,2,56,279,49,56
#Boyet_LLL,#Princess_LLL,22,5,2,56,279,49,56
#Boyet_LLL,#Rosaline_LLL,23,5,2,56,279,49,56
#Costard_LLL,#Boy_LLL,5,5,2,56,279,49,56
#Costard_LLL,#Boyet_LLL,7,5,2,56,279,49,56
#Costard_LLL,#Holofernes_LLL,2,5,2,56,279,49,56
#Costard_LLL,#Katherine_LLL,5,5,2,56,279,49,56
#Costard_LLL,#Maria_LLL,7,5,2,56,279,49,56
#Costard_LLL,#Princess_LLL,5,5,2,56,279,49,56
#Costard_LLL,#Rosaline_LLL,6,5,2,56,279,49,56
#Dumaine_LLL,#Boy_LLL,1,5,2,56,279,49,56
#Dumaine_LLL,#Boyet_LLL,13,5,2,56,279,49,56
#Dumaine_LLL,#Costard_LLL,6,5,2,56,279,49,56
#Dumaine_LLL,#Holofernes_LLL,0,5,2,56,279,49,56
#Dumaine_LLL,#Katherine_LLL,12,5,2,56,279,49,56
#Dumaine_LLL,#King_LLL,18,5,2,56,279,49,56
#Dumaine_LLL,#Longaville_LLL,18,5,2,56,279,49,56
#Dumaine_LLL,#Maria_LLL,12,5,2,56,279,49,56
#Dumaine_LLL,#Princess_LLL,12,5,2,56,279,49,56
#Dumaine_LLL,#Rosaline_LLL,12,5,2,56,279,49,56
#Katherine_LLL,#Holofernes_LLL,0,5,2,56,279,49,56
#Katherine_LLL,#Maria_LLL,25,5,2,56,279,49,56
#Katherine_LLL,#Princess_LLL,25,5,2,56,279,49,56
#Katherine_LLL,#Rosaline_LLL,25,5,2,56,279,49,56
#King_LLL,#Boy_LLL,1,5,2,56,279,49,56
#King_LLL,#Boyet_LLL,12,5,2,56,279,49,56
#King_LLL,#Costard_LLL,6,5,2,56,279,49,56
#King_LLL,#Holofernes_LLL,0,5,2,56,279,49,56
#King_LLL,#Katherine_LLL,11,5,2,56,279,49,56
#King_LLL,#Longaville_LLL,19,5,2,56,279,49,56
#King_LLL,#Maria_LLL,11,5,2,56,279,49,56
#King_LLL,#Princess_LLL,11,5,2,56,279,49,56
#King_LLL,#Rosaline_LLL,11,5,2,56,279,49,56
#Longaville_LLL,#Boy_LLL,1,5,2,56,279,49,56
#Longaville_LLL,#Boyet_LLL,13,5,2,56,279,49,56
#Longaville_LLL,#Costard_LLL,6,5,2,56,279,49,56
#Longaville_LLL,#Holofernes_LLL,0,5,2,56,279,49,56
#Longaville_LLL,#Katherine_LLL,12,5,2,56,279,49,56
#Longaville_LLL,#Maria_LLL,12,5,2,56,279,49,56
#Longaville_LLL,#Princess_LLL,12,5,2,56,279,49,56
#Longaville_LLL,#Rosaline_LLL,12,5,2,56,279,49,56
#Maria_LLL,#Holofernes_LLL,0,5,2,56,279,49,56
#Maria_LLL,#Princess_LLL,25,5,2,56,279,49,56
#Maria_LLL,#Rosaline_LLL,26,5,2,56,279,49,56
#Princess_LLL,#Holofernes_LLL,0,5,2,56,279,49,56
#Princess_LLL,#Rosaline_LLL,25,5,2,56,279,49,56
#Rosaline_LLL,#Holofernes_LLL,0,5,2,56,279,49,56
#Berowne_LLL,#Boy_LLL,2,5,2,57,8,1,57
#Berowne_LLL,#Boyet_LLL,15,5,2,57,8,1,57
#Berowne_LLL,#Costard_LLL,9,5,2,57,8,1,57
#Berowne_LLL,#Dumaine_LLL,19,5,2,57,8,1,57
#Berowne_LLL,#Katherine_LLL,14,5,2,57,8,1,57
#Berowne_LLL,#King_LLL,21,5,2,57,8,1,57
#Berowne_LLL,#Longaville_LLL,20,5,2,57,8,1,57
#Berowne_LLL,#Maria_LLL,14,5,2,57,8,1,57
#Berowne_LLL,#Princess_LLL,14,5,2,57,8,1,57
#Berowne_LLL,#Rosaline_LLL,14,5,2,57,8,1,57
#Boy_LLL,#Boyet_LLL,2,5,2,57,8,1,57
#Boy_LLL,#Katherine_LLL,2,5,2,57,8,1,57
#Boy_LLL,#Maria_LLL,2,5,2,57,8,1,57
#Boy_LLL,#Princess_LLL,2,5,2,57,8,1,57
#Boy_LLL,#Rosaline_LLL,2,5,2,57,8,1,57
#Boyet_LLL,#Katherine_LLL,23,5,2,57,8,1,57
#Boyet_LLL,#Maria_LLL,25,5,2,57,8,1,57
#Boyet_LLL,#Princess_LLL,23,5,2,57,8,1,57
#Boyet_LLL,#Rosaline_LLL,24,5,2,57,8,1,57
#Costard_LLL,#Boy_LLL,6,5,2,57,8,1,57
#Costard_LLL,#Boyet_LLL,8,5,2,57,8,1,57
#Costard_LLL,#Katherine_LLL,6,5,2,57,8,1,57
#Costard_LLL,#Maria_LLL,8,5,2,57,8,1,57
#Costard_LLL,#Princess_LLL,6,5,2,57,8,1,57
#Costard_LLL,#Rosaline_LLL,7,5,2,57,8,1,57
#Dumaine_LLL,#Boy_LLL,2,5,2,57,8,1,57
#Dumaine_LLL,#Boyet_LLL,14,5,2,57,8,1,57
#Dumaine_LLL,#Costard_LLL,7,5,2,57,8,1,57
#Dumaine_LLL,#Katherine_LLL,13,5,2,57,8,1,57
#Dumaine_LLL,#King_LLL,19,5,2,57,8,1,57
#Dumaine_LLL,#Longaville_LLL,19,5,2,57,8,1,57
#Dumaine_LLL,#Maria_LLL,13,5,2,57,8,1,57
#Dumaine_LLL,#Princess_LLL,13,5,2,57,8,1,57
#Dumaine_LLL,#Rosaline_LLL,13,5,2,57,8,1,57
#Katherine_LLL,#Maria_LLL,26,5,2,57,8,1,57
#Katherine_LLL,#Princess_LLL,26,5,2,57,8,1,57
#Katherine_LLL,#Rosaline_LLL,26,5,2,57,8,1,57
#King_LLL,#Boy_LLL,2,5,2,57,8,1,57
#King_LLL,#Boyet_LLL,13,5,2,57,8,1,57
#King_LLL,#Costard_LLL,7,5,2,57,8,1,57
#King_LLL,#Katherine_LLL,12,5,2,57,8,1,57
#King_LLL,#Longaville_LLL,20,5,2,57,8,1,57
#King_LLL,#Maria_LLL,12,5,2,57,8,1,57
#King_LLL,#Princess_LLL,12,5,2,57,8,1,57
#King_LLL,#Rosaline_LLL,12,5,2,57,8,1,57
#Longaville_LLL,#Boy_LLL,2,5,2,57,8,1,57
#Longaville_LLL,#Boyet_LLL,14,5,2,57,8,1,57
#Longaville_LLL,#Costard_LLL,7,5,2,57,8,1,57
#Longaville_LLL,#Katherine_LLL,13,5,2,57,8,1,57
#Longaville_LLL,#Maria_LLL,13,5,2,57,8,1,57
#Longaville_LLL,#Princess_LLL,13,5,2,57,8,1,57
#Longaville_LLL,#Rosaline_LLL,13,5,2,57,8,1,57
#Maria_LLL,#Princess_LLL,26,5,2,57,8,1,57
#Maria_LLL,#Rosaline_LLL,27,5,2,57,8,1,57
#Princess_LLL,#Rosaline_LLL,26,5,2,57,8,1,57
#Armado_LLL,#Boy_LLL,6,5,2,58,512,86,58
#Armado_LLL,#Boyet_LLL,1,5,2,58,512,86,58
#Armado_LLL,#Katherine_LLL,1,5,2,58,512,86,58
#Armado_LLL,#Maria_LLL,1,5,2,58,512,86,58
#Armado_LLL,#Princess_LLL,1,5,2,58,512,86,58
#Armado_LLL,#Rosaline_LLL,1,5,2,58,512,86,58
#Berowne_LLL,#Armado_LLL,1,5,2,58,512,86,58
#Berowne_LLL,#Boy_LLL,3,5,2,58,512,86,58
#Berowne_LLL,#Boyet_LLL,16,5,2,58,512,86,58
#Berowne_LLL,#Costard_LLL,10,5,2,58,512,86,58
#Berowne_LLL,#Dumaine_LLL,20,5,2,58,512,86,58
#Berowne_LLL,#Katherine_LLL,15,5,2,58,512,86,58
#Berowne_LLL,#King_LLL,22,5,2,58,512,86,58
#Berowne_LLL,#Longaville_LLL,21,5,2,58,512,86,58
#Berowne_LLL,#Maria_LLL,15,5,2,58,512,86,58
#Berowne_LLL,#Princess_LLL,15,5,2,58,512,86,58
#Berowne_LLL,#Rosaline_LLL,15,5,2,58,512,86,58
#Boy_LLL,#Boyet_LLL,3,5,2,58,512,86,58
#Boy_LLL,#Katherine_LLL,3,5,2,58,512,86,58
#Boy_LLL,#Maria_LLL,3,5,2,58,512,86,58
#Boy_LLL,#Princess_LLL,3,5,2,58,512,86,58
#Boy_LLL,#Rosaline_LLL,3,5,2,58,512,86,58
#Boyet_LLL,#Katherine_LLL,24,5,2,58,512,86,58
#Boyet_LLL,#Maria_LLL,26,5,2,58,512,86,58
#Boyet_LLL,#Princess_LLL,24,5,2,58,512,86,58
#Boyet_LLL,#Rosaline_LLL,25,5,2,58,512,86,58
#Costard_LLL,#Armado_LLL,4,5,2,58,512,86,58
#Costard_LLL,#Boy_LLL,7,5,2,58,512,86,58
#Costard_LLL,#Boyet_LLL,9,5,2,58,512,86,58
#Costard_LLL,#Katherine_LLL,7,5,2,58,512,86,58
#Costard_LLL,#Maria_LLL,9,5,2,58,512,86,58
#Costard_LLL,#Princess_LLL,7,5,2,58,512,86,58
#Costard_LLL,#Rosaline_LLL,8,5,2,58,512,86,58
#Dumaine_LLL,#Armado_LLL,1,5,2,58,512,86,58
#Dumaine_LLL,#Boy_LLL,3,5,2,58,512,86,58
#Dumaine_LLL,#Boyet_LLL,15,5,2,58,512,86,58
#Dumaine_LLL,#Costard_LLL,8,5,2,58,512,86,58
#Dumaine_LLL,#Katherine_LLL,14,5,2,58,512,86,58
#Dumaine_LLL,#King_LLL,20,5,2,58,512,86,58
#Dumaine_LLL,#Longaville_LLL,20,5,2,58,512,86,58
#Dumaine_LLL,#Maria_LLL,14,5,2,58,512,86,58
#Dumaine_LLL,#Princess_LLL,14,5,2,58,512,86,58
#Dumaine_LLL,#Rosaline_LLL,14,5,2,58,512,86,58
#Katherine_LLL,#Maria_LLL,27,5,2,58,512,86,58
#Katherine_LLL,#Princess_LLL,27,5,2,58,512,86,58
#Katherine_LLL,#Rosaline_LLL,27,5,2,58,512,86,58
#King_LLL,#Armado_LLL,1,5,2,58,512,86,58
#King_LLL,#Boy_LLL,3,5,2,58,512,86,58
#King_LLL,#Boyet_LLL,14,5,2,58,512,86,58
#King_LLL,#Costard_LLL,8,5,2,58,512,86,58
#King_LLL,#Katherine_LLL,13,5,2,58,512,86,58
#King_LLL,#Longaville_LLL,21,5,2,58,512,86,58
#King_LLL,#Maria_LLL,13,5,2,58,512,86,58
#King_LLL,#Princess_LLL,13,5,2,58,512,86,58
#King_LLL,#Rosaline_LLL,13,5,2,58,512,86,58
#Longaville_LLL,#Armado_LLL,1,5,2,58,512,86,58
#Longaville_LLL,#Boy_LLL,3,5,2,58,512,86,58
#Longaville_LLL,#Boyet_LLL,15,5,2,58,512,86,58
#Longaville_LLL,#Costard_LLL,8,5,2,58,512,86,58
#Longaville_LLL,#Katherine_LLL,14,5,2,58,512,86,58
#Longaville_LLL,#Maria_LLL,14,5,2,58,512,86,58
#Longaville_LLL,#Princess_LLL,14,5,2,58,512,86,58
#Longaville_LLL,#Rosaline_LLL,14,5,2,58,512,86,58
#Maria_LLL,#Princess_LLL,27,5,2,58,512,86,58
#Maria_LLL,#Rosaline_LLL,28,5,2,58,512,86,58
#Princess_LLL,#Rosaline_LLL,27,5,2,58,512,86,58
#Armado_LLL,#Boy_LLL,7,5,2,59,76,11,59
#Armado_LLL,#Boyet_LLL,2,5,2,59,76,11,59
#Armado_LLL,#Katherine_LLL,2,5,2,59,76,11,59
#Armado_LLL,#Marcade_LLL,0,5,2,59,76,11,59
#Armado_LLL,#Maria_LLL,2,5,2,59,76,11,59
#Armado_LLL,#Princess_LLL,2,5,2,59,76,11,59
#Armado_LLL,#Rosaline_LLL,2,5,2,59,76,11,59
#Berowne_LLL,#Armado_LLL,2,5,2,59,76,11,59
#Berowne_LLL,#Boy_LLL,4,5,2,59,76,11,59
#Berowne_LLL,#Boyet_LLL,17,5,2,59,76,11,59
#Berowne_LLL,#Costard_LLL,11,5,2,59,76,11,59
#Berowne_LLL,#Dumaine_LLL,21,5,2,59,76,11,59
#Berowne_LLL,#Katherine_LLL,16,5,2,59,76,11,59
#Berowne_LLL,#King_LLL,23,5,2,59,76,11,59
#Berowne_LLL,#Longaville_LLL,22,5,2,59,76,11,59
#Berowne_LLL,#Marcade_LLL,0,5,2,59,76,11,59
#Berowne_LLL,#Maria_LLL,16,5,2,59,76,11,59
#Berowne_LLL,#Princess_LLL,16,5,2,59,76,11,59
#Berowne_LLL,#Rosaline_LLL,16,5,2,59,76,11,59
#Boy_LLL,#Boyet_LLL,4,5,2,59,76,11,59
#Boy_LLL,#Katherine_LLL,4,5,2,59,76,11,59
#Boy_LLL,#Marcade_LLL,0,5,2,59,76,11,59
#Boy_LLL,#Maria_LLL,4,5,2,59,76,11,59
#Boy_LLL,#Princess_LLL,4,5,2,59,76,11,59
#Boy_LLL,#Rosaline_LLL,4,5,2,59,76,11,59
#Boyet_LLL,#Katherine_LLL,25,5,2,59,76,11,59
#Boyet_LLL,#Marcade_LLL,0,5,2,59,76,11,59
#Boyet_LLL,#Maria_LLL,27,5,2,59,76,11,59
#Boyet_LLL,#Princess_LLL,25,5,2,59,76,11,59
#Boyet_LLL,#Rosaline_LLL,26,5,2,59,76,11,59
#Costard_LLL,#Armado_LLL,5,5,2,59,76,11,59
#Costard_LLL,#Boy_LLL,8,5,2,59,76,11,59
#Costard_LLL,#Boyet_LLL,10,5,2,59,76,11,59
#Costard_LLL,#Katherine_LLL,8,5,2,59,76,11,59
#Costard_LLL,#Marcade_LLL,0,5,2,59,76,11,59
#Costard_LLL,#Maria_LLL,10,5,2,59,76,11,59
#Costard_LLL,#Princess_LLL,8,5,2,59,76,11,59
#Costard_LLL,#Rosaline_LLL,9,5,2,59,76,11,59
#Dumaine_LLL,#Armado_LLL,2,5,2,59,76,11,59
#Dumaine_LLL,#Boy_LLL,4,5,2,59,76,11,59
#Dumaine_LLL,#Boyet_LLL,16,5,2,59,76,11,59
#Dumaine_LLL,#Costard_LLL,9,5,2,59,76,11,59
#Dumaine_LLL,#Katherine_LLL,15,5,2,59,76,11,59
#Dumaine_LLL,#King_LLL,21,5,2,59,76,11,59
#Dumaine_LLL,#Longaville_LLL,21,5,2,59,76,11,59
#Dumaine_LLL,#Marcade_LLL,0,5,2,59,76,11,59
#Dumaine_LLL,#Maria_LLL,15,5,2,59,76,11,59
#Dumaine_LLL,#Princess_LLL,15,5,2,59,76,11,59
#Dumaine_LLL,#Rosaline_LLL,15,5,2,59,76,11,59
#Katherine_LLL,#Marcade_LLL,0,5,2,59,76,11,59
#Katherine_LLL,#Maria_LLL,28,5,2,59,76,11,59
#Katherine_LLL,#Princess_LLL,28,5,2,59,76,11,59
#Katherine_LLL,#Rosaline_LLL,28,5,2,59,76,11,59
#King_LLL,#Armado_LLL,2,5,2,59,76,11,59
#King_LLL,#Boy_LLL,4,5,2,59,76,11,59
#King_LLL,#Boyet_LLL,15,5,2,59,76,11,59
#King_LLL,#Costard_LLL,9,5,2,59,76,11,59
#King_LLL,#Katherine_LLL,14,5,2,59,76,11,59
#King_LLL,#Longaville_LLL,22,5,2,59,76,11,59
#King_LLL,#Marcade_LLL,0,5,2,59,76,11,59
#King_LLL,#Maria_LLL,14,5,2,59,76,11,59
#King_LLL,#Princess_LLL,14,5,2,59,76,11,59
#King_LLL,#Rosaline_LLL,14,5,2,59,76,11,59
#Longaville_LLL,#Armado_LLL,2,5,2,59,76,11,59
#Longaville_LLL,#Boy_LLL,4,5,2,59,76,11,59
#Longaville_LLL,#Boyet_LLL,16,5,2,59,76,11,59
#Longaville_LLL,#Costard_LLL,9,5,2,59,76,11,59
#Longaville_LLL,#Katherine_LLL,15,5,2,59,76,11,59
#Longaville_LLL,#Marcade_LLL,0,5,2,59,76,11,59
#Longaville_LLL,#Maria_LLL,15,5,2,59,76,11,59
#Longaville_LLL,#Princess_LLL,15,5,2,59,76,11,59
#Longaville_LLL,#Rosaline_LLL,15,5,2,59,76,11,59
#Maria_LLL,#Marcade_LLL,0,5,2,59,76,11,59
#Maria_LLL,#Princess_LLL,28,5,2,59,76,11,59
#Maria_LLL,#Rosaline_LLL,29,5,2,59,76,11,59
#Princess_LLL,#Marcade_LLL,0,5,2,59,76,11,59
#Princess_LLL,#Rosaline_LLL,28,5,2,59,76,11,59
#Rosaline_LLL,#Marcade_LLL,0,5,2,59,76,11,59
#Berowne_LLL,#Boyet_LLL,18,5,2,60,1155,152,60
#Berowne_LLL,#Dumaine_LLL,22,5,2,60,1155,152,60
#Berowne_LLL,#Katherine_LLL,17,5,2,60,1155,152,60
#Berowne_LLL,#King_LLL,24,5,2,60,1155,152,60
#Berowne_LLL,#Longaville_LLL,23,5,2,60,1155,152,60
#Berowne_LLL,#Marcade_LLL,1,5,2,60,1155,152,60
#Berowne_LLL,#Maria_LLL,17,5,2,60,1155,152,60
#Berowne_LLL,#Princess_LLL,17,5,2,60,1155,152,60
#Berowne_LLL,#Rosaline_LLL,17,5,2,60,1155,152,60
#Boyet_LLL,#Katherine_LLL,26,5,2,60,1155,152,60
#Boyet_LLL,#Marcade_LLL,1,5,2,60,1155,152,60
#Boyet_LLL,#Maria_LLL,28,5,2,60,1155,152,60
#Boyet_LLL,#Princess_LLL,26,5,2,60,1155,152,60
#Boyet_LLL,#Rosaline_LLL,27,5,2,60,1155,152,60
#Dumaine_LLL,#Boyet_LLL,17,5,2,60,1155,152,60
#Dumaine_LLL,#Katherine_LLL,16,5,2,60,1155,152,60
#Dumaine_LLL,#King_LLL,22,5,2,60,1155,152,60
#Dumaine_LLL,#Longaville_LLL,22,5,2,60,1155,152,60
#Dumaine_LLL,#Marcade_LLL,1,5,2,60,1155,152,60
#Dumaine_LLL,#Maria_LLL,16,5,2,60,1155,152,60
#Dumaine_LLL,#Princess_LLL,16,5,2,60,1155,152,60
#Dumaine_LLL,#Rosaline_LLL,16,5,2,60,1155,152,60
#Katherine_LLL,#Marcade_LLL,1,5,2,60,1155,152,60
#Katherine_LLL,#Maria_LLL,29,5,2,60,1155,152,60
#Katherine_LLL,#Princess_LLL,29,5,2,60,1155,152,60
#Katherine_LLL,#Rosaline_LLL,29,5,2,60,1155,152,60
#King_LLL,#Boyet_LLL,16,5,2,60,1155,152,60
#King_LLL,#Katherine_LLL,15,5,2,60,1155,152,60
#King_LLL,#Longaville_LLL,23,5,2,60,1155,152,60
#King_LLL,#Marcade_LLL,1,5,2,60,1155,152,60
#King_LLL,#Maria_LLL,15,5,2,60,1155,152,60
#King_LLL,#Princess_LLL,15,5,2,60,1155,152,60
#King_LLL,#Rosaline_LLL,15,5,2,60,1155,152,60
#Longaville_LLL,#Boyet_LLL,17,5,2,60,1155,152,60
#Longaville_LLL,#Katherine_LLL,16,5,2,60,1155,152,60
#Longaville_LLL,#Marcade_LLL,1,5,2,60,1155,152,60
#Longaville_LLL,#Maria_LLL,16,5,2,60,1155,152,60
#Longaville_LLL,#Princess_LLL,16,5,2,60,1155,152,60
#Longaville_LLL,#Rosaline_LLL,16,5,2,60,1155,152,60
#Maria_LLL,#Marcade_LLL,1,5,2,60,1155,152,60
#Maria_LLL,#Princess_LLL,29,5,2,60,1155,152,60
#Maria_LLL,#Rosaline_LLL,30,5,2,60,1155,152,60
#Princess_LLL,#Marcade_LLL,1,5,2,60,1155,152,60
#Princess_LLL,#Rosaline_LLL,29,5,2,60,1155,152,60
#Rosaline_LLL,#Marcade_LLL,1,5,2,60,1155,152,60
#Armado_LLL,#Boyet_LLL,3,5,2,61,85,12,61
#Armado_LLL,#Katherine_LLL,3,5,2,61,85,12,61
#Armado_LLL,#Marcade_LLL,1,5,2,61,85,12,61
#Armado_LLL,#Maria_LLL,3,5,2,61,85,12,61
#Armado_LLL,#Princess_LLL,3,5,2,61,85,12,61
#Armado_LLL,#Rosaline_LLL,3,5,2,61,85,12,61
#Berowne_LLL,#Armado_LLL,3,5,2,61,85,12,61
#Berowne_LLL,#Boyet_LLL,19,5,2,61,85,12,61
#Berowne_LLL,#Dumaine_LLL,23,5,2,61,85,12,61
#Berowne_LLL,#Katherine_LLL,18,5,2,61,85,12,61
#Berowne_LLL,#King_LLL,25,5,2,61,85,12,61
#Berowne_LLL,#Longaville_LLL,24,5,2,61,85,12,61
#Berowne_LLL,#Marcade_LLL,2,5,2,61,85,12,61
#Berowne_LLL,#Maria_LLL,18,5,2,61,85,12,61
#Berowne_LLL,#Princess_LLL,18,5,2,61,85,12,61
#Berowne_LLL,#Rosaline_LLL,18,5,2,61,85,12,61
#Boyet_LLL,#Katherine_LLL,27,5,2,61,85,12,61
#Boyet_LLL,#Marcade_LLL,2,5,2,61,85,12,61
#Boyet_LLL,#Maria_LLL,29,5,2,61,85,12,61
#Boyet_LLL,#Princess_LLL,27,5,2,61,85,12,61
#Boyet_LLL,#Rosaline_LLL,28,5,2,61,85,12,61
#Dumaine_LLL,#Armado_LLL,3,5,2,61,85,12,61
#Dumaine_LLL,#Boyet_LLL,18,5,2,61,85,12,61
#Dumaine_LLL,#Katherine_LLL,17,5,2,61,85,12,61
#Dumaine_LLL,#King_LLL,23,5,2,61,85,12,61
#Dumaine_LLL,#Longaville_LLL,23,5,2,61,85,12,61
#Dumaine_LLL,#Marcade_LLL,2,5,2,61,85,12,61
#Dumaine_LLL,#Maria_LLL,17,5,2,61,85,12,61
#Dumaine_LLL,#Princess_LLL,17,5,2,61,85,12,61
#Dumaine_LLL,#Rosaline_LLL,17,5,2,61,85,12,61
#Katherine_LLL,#Marcade_LLL,2,5,2,61,85,12,61
#Katherine_LLL,#Maria_LLL,30,5,2,61,85,12,61
#Katherine_LLL,#Princess_LLL,30,5,2,61,85,12,61
#Katherine_LLL,#Rosaline_LLL,30,5,2,61,85,12,61
#King_LLL,#Armado_LLL,3,5,2,61,85,12,61
#King_LLL,#Boyet_LLL,17,5,2,61,85,12,61
#King_LLL,#Katherine_LLL,16,5,2,61,85,12,61
#King_LLL,#Longaville_LLL,24,5,2,61,85,12,61
#King_LLL,#Marcade_LLL,2,5,2,61,85,12,61
#King_LLL,#Maria_LLL,16,5,2,61,85,12,61
#King_LLL,#Princess_LLL,16,5,2,61,85,12,61
#King_LLL,#Rosaline_LLL,16,5,2,61,85,12,61
#Longaville_LLL,#Armado_LLL,3,5,2,61,85,12,61
#Longaville_LLL,#Boyet_LLL,18,5,2,61,85,12,61
#Longaville_LLL,#Katherine_LLL,17,5,2,61,85,12,61
#Longaville_LLL,#Marcade_LLL,2,5,2,61,85,12,61
#Longaville_LLL,#Maria_LLL,17,5,2,61,85,12,61
#Longaville_LLL,#Princess_LLL,17,5,2,61,85,12,61
#Longaville_LLL,#Rosaline_LLL,17,5,2,61,85,12,61
#Maria_LLL,#Marcade_LLL,2,5,2,61,85,12,61
#Maria_LLL,#Princess_LLL,30,5,2,61,85,12,61
#Maria_LLL,#Rosaline_LLL,31,5,2,61,85,12,61
#Princess_LLL,#Marcade_LLL,2,5,2,61,85,12,61
#Princess_LLL,#Rosaline_LLL,30,5,2,61,85,12,61
#Rosaline_LLL,#Marcade_LLL,2,5,2,61,85,12,61
#Armado_LLL,#Boy_LLL,8,5,2,62,22,3,62
#Armado_LLL,#Boyet_LLL,4,5,2,62,22,3,62
#Armado_LLL,#Holofernes_LLL,1,5,2,62,22,3,62
#Armado_LLL,#Katherine_LLL,4,5,2,62,22,3,62
#Armado_LLL,#Marcade_LLL,2,5,2,62,22,3,62
#Armado_LLL,#Maria_LLL,4,5,2,62,22,3,62
#Armado_LLL,#Nathaniel_LLL,1,5,2,62,22,3,62
#Armado_LLL,#Princess_LLL,4,5,2,62,22,3,62
#Armado_LLL,#Rosaline_LLL,4,5,2,62,22,3,62
#Berowne_LLL,#Armado_LLL,4,5,2,62,22,3,62
#Berowne_LLL,#Boy_LLL,5,5,2,62,22,3,62
#Berowne_LLL,#Boyet_LLL,20,5,2,62,22,3,62
#Berowne_LLL,#Costard_LLL,12,5,2,62,22,3,62
#Berowne_LLL,#Dumaine_LLL,24,5,2,62,22,3,62
#Berowne_LLL,#Holofernes_LLL,1,5,2,62,22,3,62
#Berowne_LLL,#Katherine_LLL,19,5,2,62,22,3,62
#Berowne_LLL,#King_LLL,26,5,2,62,22,3,62
#Berowne_LLL,#Longaville_LLL,25,5,2,62,22,3,62
#Berowne_LLL,#Marcade_LLL,3,5,2,62,22,3,62
#Berowne_LLL,#Maria_LLL,19,5,2,62,22,3,62
#Berowne_LLL,#Nathaniel_LLL,1,5,2,62,22,3,62
#Berowne_LLL,#Princess_LLL,19,5,2,62,22,3,62
#Berowne_LLL,#Rosaline_LLL,19,5,2,62,22,3,62
#Boy_LLL,#Boyet_LLL,5,5,2,62,22,3,62
#Boy_LLL,#Holofernes_LLL,2,5,2,62,22,3,62
#Boy_LLL,#Katherine_LLL,5,5,2,62,22,3,62
#Boy_LLL,#Marcade_LLL,1,5,2,62,22,3,62
#Boy_LLL,#Maria_LLL,5,5,2,62,22,3,62
#Boy_LLL,#Nathaniel_LLL,1,5,2,62,22,3,62
#Boy_LLL,#Princess_LLL,5,5,2,62,22,3,62
#Boy_LLL,#Rosaline_LLL,5,5,2,62,22,3,62
#Boyet_LLL,#Holofernes_LLL,1,5,2,62,22,3,62
#Boyet_LLL,#Katherine_LLL,28,5,2,62,22,3,62
#Boyet_LLL,#Marcade_LLL,3,5,2,62,22,3,62
#Boyet_LLL,#Maria_LLL,30,5,2,62,22,3,62
#Boyet_LLL,#Nathaniel_LLL,1,5,2,62,22,3,62
#Boyet_LLL,#Princess_LLL,28,5,2,62,22,3,62
#Boyet_LLL,#Rosaline_LLL,29,5,2,62,22,3,62
#Costard_LLL,#Armado_LLL,6,5,2,62,22,3,62
#Costard_LLL,#Boy_LLL,9,5,2,62,22,3,62
#Costard_LLL,#Boyet_LLL,11,5,2,62,22,3,62
#Costard_LLL,#Holofernes_LLL,3,5,2,62,22,3,62
#Costard_LLL,#Katherine_LLL,9,5,2,62,22,3,62
#Costard_LLL,#Marcade_LLL,1,5,2,62,22,3,62
#Costard_LLL,#Maria_LLL,11,5,2,62,22,3,62
#Costard_LLL,#Nathaniel_LLL,3,5,2,62,22,3,62
#Costard_LLL,#Princess_LLL,9,5,2,62,22,3,62
#Costard_LLL,#Rosaline_LLL,10,5,2,62,22,3,62
#Dumaine_LLL,#Armado_LLL,4,5,2,62,22,3,62
#Dumaine_LLL,#Boy_LLL,5,5,2,62,22,3,62
#Dumaine_LLL,#Boyet_LLL,19,5,2,62,22,3,62
#Dumaine_LLL,#Costard_LLL,10,5,2,62,22,3,62
#Dumaine_LLL,#Holofernes_LLL,1,5,2,62,22,3,62
#Dumaine_LLL,#Katherine_LLL,18,5,2,62,22,3,62
#Dumaine_LLL,#King_LLL,24,5,2,62,22,3,62
#Dumaine_LLL,#Longaville_LLL,24,5,2,62,22,3,62
#Dumaine_LLL,#Marcade_LLL,3,5,2,62,22,3,62
#Dumaine_LLL,#Maria_LLL,18,5,2,62,22,3,62
#Dumaine_LLL,#Nathaniel_LLL,1,5,2,62,22,3,62
#Dumaine_LLL,#Princess_LLL,18,5,2,62,22,3,62
#Dumaine_LLL,#Rosaline_LLL,18,5,2,62,22,3,62
#Holofernes_LLL,#Marcade_LLL,0,5,2,62,22,3,62
#Holofernes_LLL,#Nathaniel_LLL,5,5,2,62,22,3,62
#Katherine_LLL,#Holofernes_LLL,1,5,2,62,22,3,62
#Katherine_LLL,#Marcade_LLL,3,5,2,62,22,3,62
#Katherine_LLL,#Maria_LLL,31,5,2,62,22,3,62
#Katherine_LLL,#Nathaniel_LLL,1,5,2,62,22,3,62
#Katherine_LLL,#Princess_LLL,31,5,2,62,22,3,62
#Katherine_LLL,#Rosaline_LLL,31,5,2,62,22,3,62
#King_LLL,#Armado_LLL,4,5,2,62,22,3,62
#King_LLL,#Boy_LLL,5,5,2,62,22,3,62
#King_LLL,#Boyet_LLL,18,5,2,62,22,3,62
#King_LLL,#Costard_LLL,10,5,2,62,22,3,62
#King_LLL,#Holofernes_LLL,1,5,2,62,22,3,62
#King_LLL,#Katherine_LLL,17,5,2,62,22,3,62
#King_LLL,#Longaville_LLL,25,5,2,62,22,3,62
#King_LLL,#Marcade_LLL,3,5,2,62,22,3,62
#King_LLL,#Maria_LLL,17,5,2,62,22,3,62
#King_LLL,#Nathaniel_LLL,1,5,2,62,22,3,62
#King_LLL,#Princess_LLL,17,5,2,62,22,3,62
#King_LLL,#Rosaline_LLL,17,5,2,62,22,3,62
#Longaville_LLL,#Armado_LLL,4,5,2,62,22,3,62
#Longaville_LLL,#Boy_LLL,5,5,2,62,22,3,62
#Longaville_LLL,#Boyet_LLL,19,5,2,62,22,3,62
#Longaville_LLL,#Costard_LLL,10,5,2,62,22,3,62
#Longaville_LLL,#Holofernes_LLL,1,5,2,62,22,3,62
#Longaville_LLL,#Katherine_LLL,18,5,2,62,22,3,62
#Longaville_LLL,#Marcade_LLL,3,5,2,62,22,3,62
#Longaville_LLL,#Maria_LLL,18,5,2,62,22,3,62
#Longaville_LLL,#Nathaniel_LLL,1,5,2,62,22,3,62
#Longaville_LLL,#Princess_LLL,18,5,2,62,22,3,62
#Longaville_LLL,#Rosaline_LLL,18,5,2,62,22,3,62
#Maria_LLL,#Holofernes_LLL,1,5,2,62,22,3,62
#Maria_LLL,#Marcade_LLL,3,5,2,62,22,3,62
#Maria_LLL,#Nathaniel_LLL,1,5,2,62,22,3,62
#Maria_LLL,#Princess_LLL,31,5,2,62,22,3,62
#Maria_LLL,#Rosaline_LLL,32,5,2,62,22,3,62
#Nathaniel_LLL,#Marcade_LLL,0,5,2,62,22,3,62
#Princess_LLL,#Holofernes_LLL,1,5,2,62,22,3,62
#Princess_LLL,#Marcade_LLL,3,5,2,62,22,3,62
#Princess_LLL,#Nathaniel_LLL,1,5,2,62,22,3,62
#Princess_LLL,#Rosaline_LLL,31,5,2,62,22,3,62
#Rosaline_LLL,#Holofernes_LLL,1,5,2,62,22,3,62
#Rosaline_LLL,#Marcade_LLL,3,5,2,62,22,3,62
#Rosaline_LLL,#Nathaniel_LLL,1,5,2,62,22,3,62
#Armado_LLL,#Boy_LLL,9,5,2,63,96,18,63
#Armado_LLL,#Boyet_LLL,5,5,2,63,96,18,63
#Armado_LLL,#Holofernes_LLL,2,5,2,63,96,18,63
#Armado_LLL,#Katherine_LLL,5,5,2,63,96,18,63
#Armado_LLL,#Marcade_LLL,3,5,2,63,96,18,63
#Armado_LLL,#Maria_LLL,5,5,2,63,96,18,63
#Armado_LLL,#Nathaniel_LLL,2,5,2,63,96,18,63
#Armado_LLL,#Princess_LLL,5,5,2,63,96,18,63
#Armado_LLL,#Rosaline_LLL,5,5,2,63,96,18,63
#Armado_LLL,#Spring_LLL,0,5,2,63,96,18,63
#Berowne_LLL,#Armado_LLL,5,5,2,63,96,18,63
#Berowne_LLL,#Boy_LLL,6,5,2,63,96,18,63
#Berowne_LLL,#Boyet_LLL,21,5,2,63,96,18,63
#Berowne_LLL,#Costard_LLL,13,5,2,63,96,18,63
#Berowne_LLL,#Dumaine_LLL,25,5,2,63,96,18,63
#Berowne_LLL,#Holofernes_LLL,2,5,2,63,96,18,63
#Berowne_LLL,#Katherine_LLL,20,5,2,63,96,18,63
#Berowne_LLL,#King_LLL,27,5,2,63,96,18,63
#Berowne_LLL,#Longaville_LLL,26,5,2,63,96,18,63
#Berowne_LLL,#Marcade_LLL,4,5,2,63,96,18,63
#Berowne_LLL,#Maria_LLL,20,5,2,63,96,18,63
#Berowne_LLL,#Nathaniel_LLL,2,5,2,63,96,18,63
#Berowne_LLL,#Princess_LLL,20,5,2,63,96,18,63
#Berowne_LLL,#Rosaline_LLL,20,5,2,63,96,18,63
#Berowne_LLL,#Spring_LLL,0,5,2,63,96,18,63
#Boy_LLL,#Boyet_LLL,6,5,2,63,96,18,63
#Boy_LLL,#Holofernes_LLL,3,5,2,63,96,18,63
#Boy_LLL,#Katherine_LLL,6,5,2,63,96,18,63
#Boy_LLL,#Marcade_LLL,2,5,2,63,96,18,63
#Boy_LLL,#Maria_LLL,6,5,2,63,96,18,63
#Boy_LLL,#Nathaniel_LLL,2,5,2,63,96,18,63
#Boy_LLL,#Princess_LLL,6,5,2,63,96,18,63
#Boy_LLL,#Rosaline_LLL,6,5,2,63,96,18,63
#Boy_LLL,#Spring_LLL,0,5,2,63,96,18,63
#Boyet_LLL,#Holofernes_LLL,2,5,2,63,96,18,63
#Boyet_LLL,#Katherine_LLL,29,5,2,63,96,18,63
#Boyet_LLL,#Marcade_LLL,4,5,2,63,96,18,63
#Boyet_LLL,#Maria_LLL,31,5,2,63,96,18,63
#Boyet_LLL,#Nathaniel_LLL,2,5,2,63,96,18,63
#Boyet_LLL,#Princess_LLL,29,5,2,63,96,18,63
#Boyet_LLL,#Rosaline_LLL,30,5,2,63,96,18,63
#Boyet_LLL,#Spring_LLL,0,5,2,63,96,18,63
#Costard_LLL,#Armado_LLL,7,5,2,63,96,18,63
#Costard_LLL,#Boy_LLL,10,5,2,63,96,18,63
#Costard_LLL,#Boyet_LLL,12,5,2,63,96,18,63
#Costard_LLL,#Holofernes_LLL,4,5,2,63,96,18,63
#Costard_LLL,#Katherine_LLL,10,5,2,63,96,18,63
#Costard_LLL,#Marcade_LLL,2,5,2,63,96,18,63
#Costard_LLL,#Maria_LLL,12,5,2,63,96,18,63
#Costard_LLL,#Nathaniel_LLL,4,5,2,63,96,18,63
#Costard_LLL,#Princess_LLL,10,5,2,63,96,18,63
#Costard_LLL,#Rosaline_LLL,11,5,2,63,96,18,63
#Costard_LLL,#Spring_LLL,0,5,2,63,96,18,63
#Dumaine_LLL,#Armado_LLL,5,5,2,63,96,18,63
#Dumaine_LLL,#Boy_LLL,6,5,2,63,96,18,63
#Dumaine_LLL,#Boyet_LLL,20,5,2,63,96,18,63
#Dumaine_LLL,#Costard_LLL,11,5,2,63,96,18,63
#Dumaine_LLL,#Holofernes_LLL,2,5,2,63,96,18,63
#Dumaine_LLL,#Katherine_LLL,19,5,2,63,96,18,63
#Dumaine_LLL,#King_LLL,25,5,2,63,96,18,63
#Dumaine_LLL,#Longaville_LLL,25,5,2,63,96,18,63
#Dumaine_LLL,#Marcade_LLL,4,5,2,63,96,18,63
#Dumaine_LLL,#Maria_LLL,19,5,2,63,96,18,63
#Dumaine_LLL,#Nathaniel_LLL,2,5,2,63,96,18,63
#Dumaine_LLL,#Princess_LLL,19,5,2,63,96,18,63
#Dumaine_LLL,#Rosaline_LLL,19,5,2,63,96,18,63
#Dumaine_LLL,#Spring_LLL,0,5,2,63,96,18,63
#Holofernes_LLL,#Marcade_LLL,1,5,2,63,96,18,63
#Holofernes_LLL,#Nathaniel_LLL,6,5,2,63,96,18,63
#Holofernes_LLL,#Spring_LLL,0,5,2,63,96,18,63
#Katherine_LLL,#Holofernes_LLL,2,5,2,63,96,18,63
#Katherine_LLL,#Marcade_LLL,4,5,2,63,96,18,63
#Katherine_LLL,#Maria_LLL,32,5,2,63,96,18,63
#Katherine_LLL,#Nathaniel_LLL,2,5,2,63,96,18,63
#Katherine_LLL,#Princess_LLL,32,5,2,63,96,18,63
#Katherine_LLL,#Rosaline_LLL,32,5,2,63,96,18,63
#Katherine_LLL,#Spring_LLL,0,5,2,63,96,18,63
#King_LLL,#Armado_LLL,5,5,2,63,96,18,63
#King_LLL,#Boy_LLL,6,5,2,63,96,18,63
#King_LLL,#Boyet_LLL,19,5,2,63,96,18,63
#King_LLL,#Costard_LLL,11,5,2,63,96,18,63
#King_LLL,#Holofernes_LLL,2,5,2,63,96,18,63
#King_LLL,#Katherine_LLL,18,5,2,63,96,18,63
#King_LLL,#Longaville_LLL,26,5,2,63,96,18,63
#King_LLL,#Marcade_LLL,4,5,2,63,96,18,63
#King_LLL,#Maria_LLL,18,5,2,63,96,18,63
#King_LLL,#Nathaniel_LLL,2,5,2,63,96,18,63
#King_LLL,#Princess_LLL,18,5,2,63,96,18,63
#King_LLL,#Rosaline_LLL,18,5,2,63,96,18,63
#King_LLL,#Spring_LLL,0,5,2,63,96,18,63
#Longaville_LLL,#Armado_LLL,5,5,2,63,96,18,63
#Longaville_LLL,#Boy_LLL,6,5,2,63,96,18,63
#Longaville_LLL,#Boyet_LLL,20,5,2,63,96,18,63
#Longaville_LLL,#Costard_LLL,11,5,2,63,96,18,63
#Longaville_LLL,#Holofernes_LLL,2,5,2,63,96,18,63
#Longaville_LLL,#Katherine_LLL,19,5,2,63,96,18,63
#Longaville_LLL,#Marcade_LLL,4,5,2,63,96,18,63
#Longaville_LLL,#Maria_LLL,19,5,2,63,96,18,63
#Longaville_LLL,#Nathaniel_LLL,2,5,2,63,96,18,63
#Longaville_LLL,#Princess_LLL,19,5,2,63,96,18,63
#Longaville_LLL,#Rosaline_LLL,19,5,2,63,96,18,63
#Longaville_LLL,#Spring_LLL,0,5,2,63,96,18,63
#Marcade_LLL,#Spring_LLL,0,5,2,63,96,18,63
#Maria_LLL,#Holofernes_LLL,2,5,2,63,96,18,63
#Maria_LLL,#Marcade_LLL,4,5,2,63,96,18,63
#Maria_LLL,#Nathaniel_LLL,2,5,2,63,96,18,63
#Maria_LLL,#Princess_LLL,32,5,2,63,96,18,63
#Maria_LLL,#Rosaline_LLL,33,5,2,63,96,18,63
#Maria_LLL,#Spring_LLL,0,5,2,63,96,18,63
#Nathaniel_LLL,#Marcade_LLL,1,5,2,63,96,18,63
#Nathaniel_LLL,#Spring_LLL,0,5,2,63,96,18,63
#Princess_LLL,#Holofernes_LLL,2,5,2,63,96,18,63
#Princess_LLL,#Marcade_LLL,4,5,2,63,96,18,63
#Princess_LLL,#Nathaniel_LLL,2,5,2,63,96,18,63
#Princess_LLL,#Rosaline_LLL,32,5,2,63,96,18,63
#Princess_LLL,#Spring_LLL,0,5,2,63,96,18,63
#Rosaline_LLL,#Holofernes_LLL,2,5,2,63,96,18,63
#Rosaline_LLL,#Marcade_LLL,4,5,2,63,96,18,63
#Rosaline_LLL,#Nathaniel_LLL,2,5,2,63,96,18,63
#Rosaline_LLL,#Spring_LLL,0,5,2,63,96,18,63
#Armado_LLL,#Boy_LLL,10,5,2,64,122,18,64
#Armado_LLL,#Boyet_LLL,6,5,2,64,122,18,64
#Armado_LLL,#Holofernes_LLL,3,5,2,64,122,18,64
#Armado_LLL,#Katherine_LLL,6,5,2,64,122,18,64
#Armado_LLL,#Marcade_LLL,4,5,2,64,122,18,64
#Armado_LLL,#Maria_LLL,6,5,2,64,122,18,64
#Armado_LLL,#Nathaniel_LLL,3,5,2,64,122,18,64
#Armado_LLL,#Princess_LLL,6,5,2,64,122,18,64
#Armado_LLL,#Rosaline_LLL,6,5,2,64,122,18,64
#Armado_LLL,#Spring_LLL,1,5,2,64,122,18,64
#Armado_LLL,#Winter_LLL,0,5,2,64,122,18,64
#Berowne_LLL,#Armado_LLL,6,5,2,64,122,18,64
#Berowne_LLL,#Boy_LLL,7,5,2,64,122,18,64
#Berowne_LLL,#Boyet_LLL,22,5,2,64,122,18,64
#Berowne_LLL,#Costard_LLL,14,5,2,64,122,18,64
#Berowne_LLL,#Dumaine_LLL,26,5,2,64,122,18,64
#Berowne_LLL,#Holofernes_LLL,3,5,2,64,122,18,64
#Berowne_LLL,#Katherine_LLL,21,5,2,64,122,18,64
#Berowne_LLL,#King_LLL,28,5,2,64,122,18,64
#Berowne_LLL,#Longaville_LLL,27,5,2,64,122,18,64
#Berowne_LLL,#Marcade_LLL,5,5,2,64,122,18,64
#Berowne_LLL,#Maria_LLL,21,5,2,64,122,18,64
#Berowne_LLL,#Nathaniel_LLL,3,5,2,64,122,18,64
#Berowne_LLL,#Princess_LLL,21,5,2,64,122,18,64
#Berowne_LLL,#Rosaline_LLL,21,5,2,64,122,18,64
#Berowne_LLL,#Spring_LLL,1,5,2,64,122,18,64
#Berowne_LLL,#Winter_LLL,0,5,2,64,122,18,64
#Boy_LLL,#Boyet_LLL,7,5,2,64,122,18,64
#Boy_LLL,#Holofernes_LLL,4,5,2,64,122,18,64
#Boy_LLL,#Katherine_LLL,7,5,2,64,122,18,64
#Boy_LLL,#Marcade_LLL,3,5,2,64,122,18,64
#Boy_LLL,#Maria_LLL,7,5,2,64,122,18,64
#Boy_LLL,#Nathaniel_LLL,3,5,2,64,122,18,64
#Boy_LLL,#Princess_LLL,7,5,2,64,122,18,64
#Boy_LLL,#Rosaline_LLL,7,5,2,64,122,18,64
#Boy_LLL,#Spring_LLL,1,5,2,64,122,18,64
#Boy_LLL,#Winter_LLL,0,5,2,64,122,18,64
#Boyet_LLL,#Holofernes_LLL,3,5,2,64,122,18,64
#Boyet_LLL,#Katherine_LLL,30,5,2,64,122,18,64
#Boyet_LLL,#Marcade_LLL,5,5,2,64,122,18,64
#Boyet_LLL,#Maria_LLL,32,5,2,64,122,18,64
#Boyet_LLL,#Nathaniel_LLL,3,5,2,64,122,18,64
#Boyet_LLL,#Princess_LLL,30,5,2,64,122,18,64
#Boyet_LLL,#Rosaline_LLL,31,5,2,64,122,18,64
#Boyet_LLL,#Spring_LLL,1,5,2,64,122,18,64
#Boyet_LLL,#Winter_LLL,0,5,2,64,122,18,64
#Costard_LLL,#Armado_LLL,8,5,2,64,122,18,64
#Costard_LLL,#Boy_LLL,11,5,2,64,122,18,64
#Costard_LLL,#Boyet_LLL,13,5,2,64,122,18,64
#Costard_LLL,#Holofernes_LLL,5,5,2,64,122,18,64
#Costard_LLL,#Katherine_LLL,11,5,2,64,122,18,64
#Costard_LLL,#Marcade_LLL,3,5,2,64,122,18,64
#Costard_LLL,#Maria_LLL,13,5,2,64,122,18,64
#Costard_LLL,#Nathaniel_LLL,5,5,2,64,122,18,64
#Costard_LLL,#Princess_LLL,11,5,2,64,122,18,64
#Costard_LLL,#Rosaline_LLL,12,5,2,64,122,18,64
#Costard_LLL,#Spring_LLL,1,5,2,64,122,18,64
#Costard_LLL,#Winter_LLL,0,5,2,64,122,18,64
#Dumaine_LLL,#Armado_LLL,6,5,2,64,122,18,64
#Dumaine_LLL,#Boy_LLL,7,5,2,64,122,18,64
#Dumaine_LLL,#Boyet_LLL,21,5,2,64,122,18,64
#Dumaine_LLL,#Costard_LLL,12,5,2,64,122,18,64
#Dumaine_LLL,#Holofernes_LLL,3,5,2,64,122,18,64
#Dumaine_LLL,#Katherine_LLL,20,5,2,64,122,18,64
#Dumaine_LLL,#King_LLL,26,5,2,64,122,18,64
#Dumaine_LLL,#Longaville_LLL,26,5,2,64,122,18,64
#Dumaine_LLL,#Marcade_LLL,5,5,2,64,122,18,64
#Dumaine_LLL,#Maria_LLL,20,5,2,64,122,18,64
#Dumaine_LLL,#Nathaniel_LLL,3,5,2,64,122,18,64
#Dumaine_LLL,#Princess_LLL,20,5,2,64,122,18,64
#Dumaine_LLL,#Rosaline_LLL,20,5,2,64,122,18,64
#Dumaine_LLL,#Spring_LLL,1,5,2,64,122,18,64
#Dumaine_LLL,#Winter_LLL,0,5,2,64,122,18,64
#Holofernes_LLL,#Marcade_LLL,2,5,2,64,122,18,64
#Holofernes_LLL,#Nathaniel_LLL,7,5,2,64,122,18,64
#Holofernes_LLL,#Spring_LLL,1,5,2,64,122,18,64
#Holofernes_LLL,#Winter_LLL,0,5,2,64,122,18,64
#Katherine_LLL,#Holofernes_LLL,3,5,2,64,122,18,64
#Katherine_LLL,#Marcade_LLL,5,5,2,64,122,18,64
#Katherine_LLL,#Maria_LLL,33,5,2,64,122,18,64
#Katherine_LLL,#Nathaniel_LLL,3,5,2,64,122,18,64
#Katherine_LLL,#Princess_LLL,33,5,2,64,122,18,64
#Katherine_LLL,#Rosaline_LLL,33,5,2,64,122,18,64
#Katherine_LLL,#Spring_LLL,1,5,2,64,122,18,64
#Katherine_LLL,#Winter_LLL,0,5,2,64,122,18,64
#King_LLL,#Armado_LLL,6,5,2,64,122,18,64
#King_LLL,#Boy_LLL,7,5,2,64,122,18,64
#King_LLL,#Boyet_LLL,20,5,2,64,122,18,64
#King_LLL,#Costard_LLL,12,5,2,64,122,18,64
#King_LLL,#Holofernes_LLL,3,5,2,64,122,18,64
#King_LLL,#Katherine_LLL,19,5,2,64,122,18,64
#King_LLL,#Longaville_LLL,27,5,2,64,122,18,64
#King_LLL,#Marcade_LLL,5,5,2,64,122,18,64
#King_LLL,#Maria_LLL,19,5,2,64,122,18,64
#King_LLL,#Nathaniel_LLL,3,5,2,64,122,18,64
#King_LLL,#Princess_LLL,19,5,2,64,122,18,64
#King_LLL,#Rosaline_LLL,19,5,2,64,122,18,64
#King_LLL,#Spring_LLL,1,5,2,64,122,18,64
#King_LLL,#Winter_LLL,0,5,2,64,122,18,64
#Longaville_LLL,#Armado_LLL,6,5,2,64,122,18,64
#Longaville_LLL,#Boy_LLL,7,5,2,64,122,18,64
#Longaville_LLL,#Boyet_LLL,21,5,2,64,122,18,64
#Longaville_LLL,#Costard_LLL,12,5,2,64,122,18,64
#Longaville_LLL,#Holofernes_LLL,3,5,2,64,122,18,64
#Longaville_LLL,#Katherine_LLL,20,5,2,64,122,18,64
#Longaville_LLL,#Marcade_LLL,5,5,2,64,122,18,64
#Longaville_LLL,#Maria_LLL,20,5,2,64,122,18,64
#Longaville_LLL,#Nathaniel_LLL,3,5,2,64,122,18,64
#Longaville_LLL,#Princess_LLL,20,5,2,64,122,18,64
#Longaville_LLL,#Rosaline_LLL,20,5,2,64,122,18,64
#Longaville_LLL,#Spring_LLL,1,5,2,64,122,18,64
#Longaville_LLL,#Winter_LLL,0,5,2,64,122,18,64
#Marcade_LLL,#Spring_LLL,1,5,2,64,122,18,64
#Marcade_LLL,#Winter_LLL,0,5,2,64,122,18,64
#Maria_LLL,#Holofernes_LLL,3,5,2,64,122,18,64
#Maria_LLL,#Marcade_LLL,5,5,2,64,122,18,64
#Maria_LLL,#Nathaniel_LLL,3,5,2,64,122,18,64
#Maria_LLL,#Princess_LLL,33,5,2,64,122,18,64
#Maria_LLL,#Rosaline_LLL,34,5,2,64,122,18,64
#Maria_LLL,#Spring_LLL,1,5,2,64,122,18,64
#Maria_LLL,#Winter_LLL,0,5,2,64,122,18,64
#Nathaniel_LLL,#Marcade_LLL,2,5,2,64,122,18,64
#Nathaniel_LLL,#Spring_LLL,1,5,2,64,122,18,64
#Nathaniel_LLL,#Winter_LLL,0,5,2,64,122,18,64
#Princess_LLL,#Holofernes_LLL,3,5,2,64,122,18,64
#Princess_LLL,#Marcade_LLL,5,5,2,64,122,18,64
#Princess_LLL,#Nathaniel_LLL,3,5,2,64,122,18,64
#Princess_LLL,#Rosaline_LLL,33,5,2,64,122,18,64
#Princess_LLL,#Spring_LLL,1,5,2,64,122,18,64
#Princess_LLL,#Winter_LLL,0,5,2,64,122,18,64
#Rosaline_LLL,#Holofernes_LLL,3,5,2,64,122,18,64
#Rosaline_LLL,#Marcade_LLL,5,5,2,64,122,18,64
#Rosaline_LLL,#Nathaniel_LLL,3,5,2,64,122,18,64
#Rosaline_LLL,#Spring_LLL,1,5,2,64,122,18,64
#Rosaline_LLL,#Winter_LLL,0,5,2,64,122,18,64
#Spring_LLL,#Winter_LLL,0,5,2,64,122,18,64
