node1,node2,count
#ATTENDANTS_MM,#Angelo_MM,2
#ATTENDANTS_MM,#Barnardine_MM,1
#ATTENDANTS_MM,#CITIZENS_MM,1
#ATTENDANTS_MM,#Claudio_MM,1
#ATTENDANTS_MM,#Duke_MM,2
#ATTENDANTS_MM,#Escalus_MM,2
#ATTENDANTS_MM,#FriarPeter_MM,1
#ATTENDANTS_MM,#Isabella_MM,1
#ATTENDANTS_MM,#Juliet_MM,1
#ATTENDANTS_MM,#Lucio_MM,1
#ATTENDANTS_MM,#Mariana_MM,1
#ATTENDANTS_MM,#OFFICERS.0.1_MM,1
#ATTENDANTS_MM,#OFFICERS.0.2_MM,1
#ATTENDANTS_MM,#OFFICERS_MM,1
#ATTENDANTS_MM,#Provost_MM,1
#ATTENDANTS_MM,#Varrius_MM,1
#Abhorson_MM,#Messenger_MM,1
#Abhorson_MM,#OFFICERS.1_MM,1
#Angelo_MM,#Barnardine_MM,1
#Angelo_MM,#CITIZENS_MM,1
#Angelo_MM,#Claudio_MM,1
#Angelo_MM,#Duke_MM,2
#Angelo_MM,#Elbow_MM,1
#Angelo_MM,#Escalus_MM,4
#Angelo_MM,#FriarPeter_MM,1
#Angelo_MM,#Froth_MM,1
#Angelo_MM,#Isabella_MM,3
#Angelo_MM,#Juliet_MM,1
#Angelo_MM,#Justice_MM,1
#Angelo_MM,#Lucio_MM,2
#Angelo_MM,#Mariana_MM,1
#Angelo_MM,#OFFICERS.0.1_MM,1
#Angelo_MM,#OFFICERS.0.2_MM,1
#Angelo_MM,#OFFICERS_MM,2
#Angelo_MM,#Pompey_MM,1
#Angelo_MM,#Provost_MM,3
#Angelo_MM,#SERVANTS.1_MM,2
#Angelo_MM,#SERVANTS_MM,1
#Angelo_MM,#Varrius_MM,1
#Barnardine_MM,#Abhorson_MM,1
#Barnardine_MM,#CITIZENS_MM,1
#Barnardine_MM,#Claudio_MM,1
#Barnardine_MM,#FriarPeter_MM,1
#Barnardine_MM,#Isabella_MM,2
#Barnardine_MM,#Juliet_MM,1
#Barnardine_MM,#Lucio_MM,2
#Barnardine_MM,#Mariana_MM,1
#Barnardine_MM,#OFFICERS.0.1_MM,1
#Barnardine_MM,#OFFICERS.0.2_MM,1
#Barnardine_MM,#OFFICERS_MM,1
#Barnardine_MM,#Pompey_MM,1
#Barnardine_MM,#Provost_MM,2
#Barnardine_MM,#Varrius_MM,1
#Bawd_MM,#GENTLEMEN.1_MM,1
#Bawd_MM,#GENTLEMEN.2_MM,1
#CITIZENS_MM,#Claudio_MM,1
#CITIZENS_MM,#FriarPeter_MM,1
#CITIZENS_MM,#Isabella_MM,1
#CITIZENS_MM,#Juliet_MM,1
#CITIZENS_MM,#Lucio_MM,1
#CITIZENS_MM,#Mariana_MM,1
#CITIZENS_MM,#OFFICERS.0.1_MM,1
#CITIZENS_MM,#OFFICERS.0.2_MM,1
#CITIZENS_MM,#OFFICERS_MM,1
#CITIZENS_MM,#Provost_MM,1
#CITIZENS_MM,#Varrius_MM,1
#Claudio_MM,#Abhorson_MM,1
#Claudio_MM,#Bawd_MM,1
#Claudio_MM,#FriarPeter_MM,1
#Claudio_MM,#GENTLEMEN.1_MM,1
#Claudio_MM,#GENTLEMEN.2_MM,1
#Claudio_MM,#Isabella_MM,2
#Claudio_MM,#Juliet_MM,2
#Claudio_MM,#Lucio_MM,2
#Claudio_MM,#Mariana_MM,1
#Claudio_MM,#Messenger_MM,1
#Claudio_MM,#OFFICERS.0.1_MM,1
#Claudio_MM,#OFFICERS.0.2_MM,1
#Claudio_MM,#OFFICERS.1_MM,1
#Claudio_MM,#OFFICERS_MM,2
#Claudio_MM,#Pompey_MM,2
#Claudio_MM,#Provost_MM,4
#Claudio_MM,#Varrius_MM,1
#Duke_MM,#Abhorson_MM,2
#Duke_MM,#Barnardine_MM,2
#Duke_MM,#Bawd_MM,1
#Duke_MM,#Boy_MM,1
#Duke_MM,#CITIZENS_MM,1
#Duke_MM,#Claudio_MM,3
#Duke_MM,#Elbow_MM,1
#Duke_MM,#Escalus_MM,3
#Duke_MM,#FriarPeter_MM,2
#Duke_MM,#FriarThomas_MM,1
#Duke_MM,#Isabella_MM,4
#Duke_MM,#Juliet_MM,2
#Duke_MM,#Lucio_MM,3
#Duke_MM,#Mariana_MM,2
#Duke_MM,#Messenger_MM,1
#Duke_MM,#OFFICERS.0.1_MM,1
#Duke_MM,#OFFICERS.0.2_MM,1
#Duke_MM,#OFFICERS.1_MM,1
#Duke_MM,#OFFICERS_MM,2
#Duke_MM,#Pompey_MM,3
#Duke_MM,#Provost_MM,6
#Duke_MM,#Varrius_MM,2
#Elbow_MM,#Bawd_MM,1
#Elbow_MM,#Froth_MM,1
#Elbow_MM,#Justice_MM,1
#Elbow_MM,#Pompey_MM,2
#Elbow_MM,#SERVANTS_MM,1
#Escalus_MM,#Barnardine_MM,1
#Escalus_MM,#Bawd_MM,1
#Escalus_MM,#CITIZENS_MM,1
#Escalus_MM,#Claudio_MM,1
#Escalus_MM,#Elbow_MM,2
#Escalus_MM,#FriarPeter_MM,1
#Escalus_MM,#Froth_MM,1
#Escalus_MM,#Isabella_MM,1
#Escalus_MM,#Juliet_MM,1
#Escalus_MM,#Justice_MM,1
#Escalus_MM,#Lucio_MM,2
#Escalus_MM,#Mariana_MM,1
#Escalus_MM,#OFFICERS.0.1_MM,1
#Escalus_MM,#OFFICERS.0.2_MM,1
#Escalus_MM,#OFFICERS_MM,3
#Escalus_MM,#Pompey_MM,2
#Escalus_MM,#Provost_MM,3
#Escalus_MM,#SERVANTS_MM,1
#Escalus_MM,#Varrius_MM,1
#FriarPeter_MM,#Isabella_MM,2
#FriarPeter_MM,#Juliet_MM,1
#FriarPeter_MM,#Lucio_MM,1
#FriarPeter_MM,#Mariana_MM,2
#FriarPeter_MM,#OFFICERS.0.1_MM,1
#FriarPeter_MM,#OFFICERS.0.2_MM,1
#FriarPeter_MM,#OFFICERS_MM,1
#FriarPeter_MM,#Provost_MM,1
#FriarPeter_MM,#Varrius_MM,2
#Froth_MM,#Justice_MM,1
#Froth_MM,#Pompey_MM,1
#Froth_MM,#SERVANTS_MM,1
#GENTLEMEN.1_MM,#GENTLEMEN.2_MM,1
#Isabella_MM,#Abhorson_MM,1
#Isabella_MM,#Boy_MM,1
#Isabella_MM,#Juliet_MM,1
#Isabella_MM,#Lucio_MM,4
#Isabella_MM,#Mariana_MM,3
#Isabella_MM,#Nun_MM,1
#Isabella_MM,#OFFICERS.0.1_MM,1
#Isabella_MM,#OFFICERS.0.2_MM,1
#Isabella_MM,#OFFICERS_MM,1
#Isabella_MM,#Pompey_MM,1
#Isabella_MM,#Provost_MM,4
#Isabella_MM,#SERVANTS.1_MM,2
#Isabella_MM,#Varrius_MM,1
#Juliet_MM,#Bawd_MM,1
#Juliet_MM,#GENTLEMEN.1_MM,1
#Juliet_MM,#GENTLEMEN.2_MM,1
#Juliet_MM,#Lucio_MM,2
#Juliet_MM,#Mariana_MM,1
#Juliet_MM,#OFFICERS.0.1_MM,1
#Juliet_MM,#OFFICERS.0.2_MM,1
#Juliet_MM,#OFFICERS_MM,2
#Juliet_MM,#Pompey_MM,1
#Juliet_MM,#Provost_MM,3
#Juliet_MM,#Varrius_MM,1
#Justice_MM,#Pompey_MM,1
#Justice_MM,#SERVANTS_MM,1
#Lucio_MM,#Abhorson_MM,1
#Lucio_MM,#Bawd_MM,2
#Lucio_MM,#Elbow_MM,1
#Lucio_MM,#GENTLEMEN.1_MM,1
#Lucio_MM,#GENTLEMEN.2_MM,1
#Lucio_MM,#Mariana_MM,1
#Lucio_MM,#Nun_MM,1
#Lucio_MM,#OFFICERS.0.1_MM,1
#Lucio_MM,#OFFICERS.0.2_MM,1
#Lucio_MM,#OFFICERS_MM,3
#Lucio_MM,#Pompey_MM,3
#Lucio_MM,#Provost_MM,5
#Lucio_MM,#SERVANTS.1_MM,1
#Lucio_MM,#Varrius_MM,1
#Mariana_MM,#Boy_MM,1
#Mariana_MM,#OFFICERS.0.1_MM,1
#Mariana_MM,#OFFICERS.0.2_MM,1
#Mariana_MM,#OFFICERS_MM,1
#Mariana_MM,#Provost_MM,1
#Mariana_MM,#Varrius_MM,1
#Messenger_MM,#OFFICERS.1_MM,1
#OFFICERS.0.1_MM,#OFFICERS.0.2_MM,1
#OFFICERS.0.1_MM,#OFFICERS_MM,1
#OFFICERS.0.1_MM,#Provost_MM,1
#OFFICERS.0.1_MM,#Varrius_MM,1
#OFFICERS.0.2_MM,#OFFICERS_MM,1
#OFFICERS.0.2_MM,#Provost_MM,1
#OFFICERS.0.2_MM,#Varrius_MM,1
#OFFICERS_MM,#Bawd_MM,2
#OFFICERS_MM,#Elbow_MM,2
#OFFICERS_MM,#Froth_MM,1
#OFFICERS_MM,#GENTLEMEN.1_MM,1
#OFFICERS_MM,#GENTLEMEN.2_MM,1
#OFFICERS_MM,#Justice_MM,1
#OFFICERS_MM,#Pompey_MM,3
#OFFICERS_MM,#Provost_MM,4
#OFFICERS_MM,#SERVANTS_MM,1
#OFFICERS_MM,#Varrius_MM,1
#Pompey_MM,#Abhorson_MM,2
#Pompey_MM,#Bawd_MM,2
#Pompey_MM,#GENTLEMEN.1_MM,1
#Pompey_MM,#GENTLEMEN.2_MM,1
#Pompey_MM,#Messenger_MM,1
#Pompey_MM,#OFFICERS.1_MM,1
#Pompey_MM,#SERVANTS_MM,1
#Provost_MM,#Abhorson_MM,2
#Provost_MM,#Bawd_MM,2
#Provost_MM,#Elbow_MM,2
#Provost_MM,#Froth_MM,1
#Provost_MM,#GENTLEMEN.1_MM,1
#Provost_MM,#GENTLEMEN.2_MM,1
#Provost_MM,#Justice_MM,1
#Provost_MM,#Messenger_MM,1
#Provost_MM,#OFFICERS.1_MM,1
#Provost_MM,#Pompey_MM,5
#Provost_MM,#SERVANTS.1_MM,1
#Provost_MM,#SERVANTS_MM,1
#Provost_MM,#Varrius_MM,1
