node1,node2,key,act,scene,stagegroup,n_tokens,n_lines,edge_index
#Brakenbury_R3,#Clarence_3H6,0,1,1,2,574,78,2
#Brakenbury_R3,#GUARDS_R3,0,1,1,2,574,78,2
#Brakenbury_R3,#RichardIII_R3,0,1,1,2,574,78,2
#Clarence_3H6,#GUARDS_R3,0,1,1,2,574,78,2
#Clarence_3H6,#RichardIII_R3,0,1,1,2,574,78,2
#GUARDS_R3,#RichardIII_R3,0,1,1,2,574,78,2
#RichardIII_R3,#Hastings_3H6,0,1,1,4,165,23,4
#GENTLEMEN_R3,#HenryVI_1H6,0,1,2,6,249,33,6
#GENTLEMEN_R3,#LadyAnne_R3,0,1,2,6,249,33,6
#GUARDS_R3,#GENTLEMEN_R3,0,1,2,6,249,33,6
#GUARDS_R3,#HenryVI_1H6,0,1,2,6,249,33,6
#GUARDS_R3,#LadyAnne_R3,0,1,2,6,249,33,6
#HenryVI_1H6,#LadyAnne_R3,0,1,2,6,249,33,6
#GENTLEMEN_R3,#HenryVI_1H6,1,1,2,7,39,5,7
#GENTLEMEN_R3,#LadyAnne_R3,1,1,2,7,39,5,7
#GUARDS_R3,#GENTLEMEN_R3,1,1,2,7,39,5,7
#GUARDS_R3,#HenryVI_1H6,1,1,2,7,39,5,7
#GUARDS_R3,#LadyAnne_R3,1,1,2,7,39,5,7
#GUARDS_R3,#RichardIII_R3,1,1,2,7,39,5,7
#HenryVI_1H6,#LadyAnne_R3,1,1,2,7,39,5,7
#RichardIII_R3,#GENTLEMEN_R3,0,1,2,7,39,5,7
#RichardIII_R3,#HenryVI_1H6,0,1,2,7,39,5,7
#RichardIII_R3,#LadyAnne_R3,0,1,2,7,39,5,7
#GENTLEMEN_R3,#GENTLEMEN.0.1_R3,0,1,2,8,1471,206,8
#GENTLEMEN_R3,#HenryVI_1H6,2,1,2,8,1471,206,8
#GENTLEMEN_R3,#LadyAnne_R3,2,1,2,8,1471,206,8
#GUARDS_R3,#GENTLEMEN.0.1_R3,0,1,2,8,1471,206,8
#GUARDS_R3,#GENTLEMEN_R3,2,1,2,8,1471,206,8
#GUARDS_R3,#HenryVI_1H6,2,1,2,8,1471,206,8
#GUARDS_R3,#LadyAnne_R3,2,1,2,8,1471,206,8
#GUARDS_R3,#RichardIII_R3,2,1,2,8,1471,206,8
#HenryVI_1H6,#GENTLEMEN.0.1_R3,0,1,2,8,1471,206,8
#HenryVI_1H6,#LadyAnne_R3,2,1,2,8,1471,206,8
#LadyAnne_R3,#GENTLEMEN.0.1_R3,0,1,2,8,1471,206,8
#RichardIII_R3,#GENTLEMEN.0.1_R3,0,1,2,8,1471,206,8
#RichardIII_R3,#GENTLEMEN_R3,1,1,2,8,1471,206,8
#RichardIII_R3,#HenryVI_1H6,1,1,2,8,1471,206,8
#RichardIII_R3,#LadyAnne_R3,1,1,2,8,1471,206,8
#GENTLEMEN_R3,#GENTLEMEN.0.1_R3,1,1,2,9,11,2,9
#GENTLEMEN_R3,#HenryVI_1H6,3,1,2,9,11,2,9
#GUARDS_R3,#GENTLEMEN.0.1_R3,1,1,2,9,11,2,9
#GUARDS_R3,#GENTLEMEN_R3,3,1,2,9,11,2,9
#GUARDS_R3,#HenryVI_1H6,3,1,2,9,11,2,9
#GUARDS_R3,#RichardIII_R3,3,1,2,9,11,2,9
#HenryVI_1H6,#GENTLEMEN.0.1_R3,1,1,2,9,11,2,9
#RichardIII_R3,#GENTLEMEN.0.1_R3,1,1,2,9,11,2,9
#RichardIII_R3,#GENTLEMEN_R3,2,1,2,9,11,2,9
#RichardIII_R3,#HenryVI_1H6,2,1,2,9,11,2,9
#RichardIII_R3,#GENTLEMEN.0.1_R3,2,1,2,10,288,38,10
#Dorset_R3,#Grey_R3,0,1,3,11,131,17,11
#Dorset_R3,#QueenElizabeth_3H6,0,1,3,11,131,17,11
#Dorset_R3,#Rivers_3H6,0,1,3,11,131,17,11
#Grey_R3,#QueenElizabeth_3H6,0,1,3,11,131,17,11
#Grey_R3,#Rivers_3H6,0,1,3,11,131,17,11
#QueenElizabeth_3H6,#Rivers_3H6,0,1,3,11,131,17,11
#Buckingham_R3,#Stanley_R3,0,1,3,12,194,25,12
#Dorset_R3,#Buckingham_R3,0,1,3,12,194,25,12
#Dorset_R3,#Grey_R3,1,1,3,12,194,25,12
#Dorset_R3,#QueenElizabeth_3H6,1,1,3,12,194,25,12
#Dorset_R3,#Rivers_3H6,1,1,3,12,194,25,12
#Dorset_R3,#Stanley_R3,0,1,3,12,194,25,12
#Grey_R3,#Buckingham_R3,0,1,3,12,194,25,12
#Grey_R3,#QueenElizabeth_3H6,1,1,3,12,194,25,12
#Grey_R3,#Rivers_3H6,1,1,3,12,194,25,12
#Grey_R3,#Stanley_R3,0,1,3,12,194,25,12
#QueenElizabeth_3H6,#Buckingham_R3,0,1,3,12,194,25,12
#QueenElizabeth_3H6,#Rivers_3H6,1,1,3,12,194,25,12
#QueenElizabeth_3H6,#Stanley_R3,0,1,3,12,194,25,12
#Rivers_3H6,#Buckingham_R3,0,1,3,12,194,25,12
#Rivers_3H6,#Stanley_R3,0,1,3,12,194,25,12
#Buckingham_R3,#Stanley_R3,1,1,3,13,512,71,13
#Dorset_R3,#Buckingham_R3,1,1,3,13,512,71,13
#Dorset_R3,#Grey_R3,2,1,3,13,512,71,13
#Dorset_R3,#QueenElizabeth_3H6,2,1,3,13,512,71,13
#Dorset_R3,#Rivers_3H6,2,1,3,13,512,71,13
#Dorset_R3,#Stanley_R3,1,1,3,13,512,71,13
#Grey_R3,#Buckingham_R3,1,1,3,13,512,71,13
#Grey_R3,#QueenElizabeth_3H6,2,1,3,13,512,71,13
#Grey_R3,#Rivers_3H6,2,1,3,13,512,71,13
#Grey_R3,#Stanley_R3,1,1,3,13,512,71,13
#Hastings_3H6,#Buckingham_R3,0,1,3,13,512,71,13
#Hastings_3H6,#Dorset_R3,0,1,3,13,512,71,13
#Hastings_3H6,#Grey_R3,0,1,3,13,512,71,13
#Hastings_3H6,#QueenElizabeth_3H6,0,1,3,13,512,71,13
#Hastings_3H6,#Rivers_3H6,0,1,3,13,512,71,13
#Hastings_3H6,#Stanley_R3,0,1,3,13,512,71,13
#QueenElizabeth_3H6,#Buckingham_R3,1,1,3,13,512,71,13
#QueenElizabeth_3H6,#Rivers_3H6,2,1,3,13,512,71,13
#QueenElizabeth_3H6,#Stanley_R3,1,1,3,13,512,71,13
#RichardIII_R3,#Buckingham_R3,0,1,3,13,512,71,13
#RichardIII_R3,#Dorset_R3,0,1,3,13,512,71,13
#RichardIII_R3,#Grey_R3,0,1,3,13,512,71,13
#RichardIII_R3,#Hastings_3H6,1,1,3,13,512,71,13
#RichardIII_R3,#QueenElizabeth_3H6,0,1,3,13,512,71,13
#RichardIII_R3,#Rivers_3H6,0,1,3,13,512,71,13
#RichardIII_R3,#Stanley_R3,0,1,3,13,512,71,13
#Rivers_3H6,#Buckingham_R3,1,1,3,13,512,71,13
#Rivers_3H6,#Stanley_R3,1,1,3,13,512,71,13
#Buckingham_R3,#QueenMargaret_1H6,0,1,3,14,1584,209,14
#Buckingham_R3,#Stanley_R3,2,1,3,14,1584,209,14
#Dorset_R3,#Buckingham_R3,2,1,3,14,1584,209,14
#Dorset_R3,#Grey_R3,3,1,3,14,1584,209,14
#Dorset_R3,#QueenElizabeth_3H6,3,1,3,14,1584,209,14
#Dorset_R3,#QueenMargaret_1H6,0,1,3,14,1584,209,14
#Dorset_R3,#Rivers_3H6,3,1,3,14,1584,209,14
#Dorset_R3,#Stanley_R3,2,1,3,14,1584,209,14
#Grey_R3,#Buckingham_R3,2,1,3,14,1584,209,14
#Grey_R3,#QueenElizabeth_3H6,3,1,3,14,1584,209,14
#Grey_R3,#QueenMargaret_1H6,0,1,3,14,1584,209,14
#Grey_R3,#Rivers_3H6,3,1,3,14,1584,209,14
#Grey_R3,#Stanley_R3,2,1,3,14,1584,209,14
#Hastings_3H6,#Buckingham_R3,1,1,3,14,1584,209,14
#Hastings_3H6,#Dorset_R3,1,1,3,14,1584,209,14
#Hastings_3H6,#Grey_R3,1,1,3,14,1584,209,14
#Hastings_3H6,#QueenElizabeth_3H6,1,1,3,14,1584,209,14
#Hastings_3H6,#QueenMargaret_1H6,0,1,3,14,1584,209,14
#Hastings_3H6,#Rivers_3H6,1,1,3,14,1584,209,14
#Hastings_3H6,#Stanley_R3,1,1,3,14,1584,209,14
#QueenElizabeth_3H6,#Buckingham_R3,2,1,3,14,1584,209,14
#QueenElizabeth_3H6,#QueenMargaret_1H6,0,1,3,14,1584,209,14
#QueenElizabeth_3H6,#Rivers_3H6,3,1,3,14,1584,209,14
#QueenElizabeth_3H6,#Stanley_R3,2,1,3,14,1584,209,14
#RichardIII_R3,#Buckingham_R3,1,1,3,14,1584,209,14
#RichardIII_R3,#Dorset_R3,1,1,3,14,1584,209,14
#RichardIII_R3,#Grey_R3,1,1,3,14,1584,209,14
#RichardIII_R3,#Hastings_3H6,2,1,3,14,1584,209,14
#RichardIII_R3,#QueenElizabeth_3H6,1,1,3,14,1584,209,14
#RichardIII_R3,#QueenMargaret_1H6,0,1,3,14,1584,209,14
#RichardIII_R3,#Rivers_3H6,1,1,3,14,1584,209,14
#RichardIII_R3,#Stanley_R3,1,1,3,14,1584,209,14
#Rivers_3H6,#Buckingham_R3,2,1,3,14,1584,209,14
#Rivers_3H6,#QueenMargaret_1H6,0,1,3,14,1584,209,14
#Rivers_3H6,#Stanley_R3,2,1,3,14,1584,209,14
#Stanley_R3,#QueenMargaret_1H6,0,1,3,14,1584,209,14
#Buckingham_R3,#Stanley_R3,3,1,3,15,137,16,15
#Dorset_R3,#Buckingham_R3,3,1,3,15,137,16,15
#Dorset_R3,#Grey_R3,4,1,3,15,137,16,15
#Dorset_R3,#QueenElizabeth_3H6,4,1,3,15,137,16,15
#Dorset_R3,#Rivers_3H6,4,1,3,15,137,16,15
#Dorset_R3,#Stanley_R3,3,1,3,15,137,16,15
#Grey_R3,#Buckingham_R3,3,1,3,15,137,16,15
#Grey_R3,#QueenElizabeth_3H6,4,1,3,15,137,16,15
#Grey_R3,#Rivers_3H6,4,1,3,15,137,16,15
#Grey_R3,#Stanley_R3,3,1,3,15,137,16,15
#Hastings_3H6,#Buckingham_R3,2,1,3,15,137,16,15
#Hastings_3H6,#Dorset_R3,2,1,3,15,137,16,15
#Hastings_3H6,#Grey_R3,2,1,3,15,137,16,15
#Hastings_3H6,#QueenElizabeth_3H6,2,1,3,15,137,16,15
#Hastings_3H6,#Rivers_3H6,2,1,3,15,137,16,15
#Hastings_3H6,#Stanley_R3,2,1,3,15,137,16,15
#QueenElizabeth_3H6,#Buckingham_R3,3,1,3,15,137,16,15
#QueenElizabeth_3H6,#Rivers_3H6,4,1,3,15,137,16,15
#QueenElizabeth_3H6,#Stanley_R3,3,1,3,15,137,16,15
#RichardIII_R3,#Buckingham_R3,2,1,3,15,137,16,15
#RichardIII_R3,#Dorset_R3,2,1,3,15,137,16,15
#RichardIII_R3,#Grey_R3,2,1,3,15,137,16,15
#RichardIII_R3,#Hastings_3H6,3,1,3,15,137,16,15
#RichardIII_R3,#QueenElizabeth_3H6,2,1,3,15,137,16,15
#RichardIII_R3,#Rivers_3H6,2,1,3,15,137,16,15
#RichardIII_R3,#Stanley_R3,2,1,3,15,137,16,15
#Rivers_3H6,#Buckingham_R3,3,1,3,15,137,16,15
#Rivers_3H6,#Stanley_R3,3,1,3,15,137,16,15
#Buckingham_R3,#Catesby_R3,0,1,3,16,30,5,16
#Buckingham_R3,#Stanley_R3,4,1,3,16,30,5,16
#Dorset_R3,#Buckingham_R3,4,1,3,16,30,5,16
#Dorset_R3,#Catesby_R3,0,1,3,16,30,5,16
#Dorset_R3,#Grey_R3,5,1,3,16,30,5,16
#Dorset_R3,#QueenElizabeth_3H6,5,1,3,16,30,5,16
#Dorset_R3,#Rivers_3H6,5,1,3,16,30,5,16
#Dorset_R3,#Stanley_R3,4,1,3,16,30,5,16
#Grey_R3,#Buckingham_R3,4,1,3,16,30,5,16
#Grey_R3,#Catesby_R3,0,1,3,16,30,5,16
#Grey_R3,#QueenElizabeth_3H6,5,1,3,16,30,5,16
#Grey_R3,#Rivers_3H6,5,1,3,16,30,5,16
#Grey_R3,#Stanley_R3,4,1,3,16,30,5,16
#Hastings_3H6,#Buckingham_R3,3,1,3,16,30,5,16
#Hastings_3H6,#Catesby_R3,0,1,3,16,30,5,16
#Hastings_3H6,#Dorset_R3,3,1,3,16,30,5,16
#Hastings_3H6,#Grey_R3,3,1,3,16,30,5,16
#Hastings_3H6,#QueenElizabeth_3H6,3,1,3,16,30,5,16
#Hastings_3H6,#Rivers_3H6,3,1,3,16,30,5,16
#Hastings_3H6,#Stanley_R3,3,1,3,16,30,5,16
#QueenElizabeth_3H6,#Buckingham_R3,4,1,3,16,30,5,16
#QueenElizabeth_3H6,#Catesby_R3,0,1,3,16,30,5,16
#QueenElizabeth_3H6,#Rivers_3H6,5,1,3,16,30,5,16
#QueenElizabeth_3H6,#Stanley_R3,4,1,3,16,30,5,16
#RichardIII_R3,#Buckingham_R3,3,1,3,16,30,5,16
#RichardIII_R3,#Catesby_R3,0,1,3,16,30,5,16
#RichardIII_R3,#Dorset_R3,3,1,3,16,30,5,16
#RichardIII_R3,#Grey_R3,3,1,3,16,30,5,16
#RichardIII_R3,#Hastings_3H6,4,1,3,16,30,5,16
#RichardIII_R3,#QueenElizabeth_3H6,3,1,3,16,30,5,16
#RichardIII_R3,#Rivers_3H6,3,1,3,16,30,5,16
#RichardIII_R3,#Stanley_R3,3,1,3,16,30,5,16
#Rivers_3H6,#Buckingham_R3,4,1,3,16,30,5,16
#Rivers_3H6,#Catesby_R3,0,1,3,16,30,5,16
#Rivers_3H6,#Stanley_R3,4,1,3,16,30,5,16
#Stanley_R3,#Catesby_R3,0,1,3,16,30,5,16
#MURDERERS.1_R3,#MURDERERS.2_R3,0,1,3,18,138,19,18
#RichardIII_R3,#MURDERERS.1_R3,0,1,3,18,138,19,18
#RichardIII_R3,#MURDERERS.2_R3,0,1,3,18,138,19,18
#Clarence_3H6,#Jailer_R3,0,1,4,19,588,77,19
#Brakenbury_R3,#Clarence_3H6,1,1,4,20,56,8,20
#Brakenbury_R3,#Jailer_R3,0,1,4,20,56,8,20
#Clarence_3H6,#Jailer_R3,1,1,4,20,56,8,20
#Brakenbury_R3,#Clarence_3H6,2,1,4,21,111,17,21
#Brakenbury_R3,#Jailer_R3,1,1,4,21,111,17,21
#Brakenbury_R3,#MURDERERS.1_R3,0,1,4,21,111,17,21
#Brakenbury_R3,#MURDERERS.2_R3,0,1,4,21,111,17,21
#Clarence_3H6,#Jailer_R3,2,1,4,21,111,17,21
#Clarence_3H6,#MURDERERS.1_R3,0,1,4,21,111,17,21
#Clarence_3H6,#MURDERERS.2_R3,0,1,4,21,111,17,21
#MURDERERS.1_R3,#Jailer_R3,0,1,4,21,111,17,21
#MURDERERS.1_R3,#MURDERERS.2_R3,1,1,4,21,111,17,21
#MURDERERS.2_R3,#Jailer_R3,0,1,4,21,111,17,21
#Clarence_3H6,#MURDERERS.1_R3,1,1,4,22,1276,180,22
#Clarence_3H6,#MURDERERS.2_R3,1,1,4,22,1276,180,22
#MURDERERS.1_R3,#MURDERERS.2_R3,2,1,4,22,1276,180,22
#MURDERERS.1_R3,#MURDERERS.2_R3,3,1,4,24,50,7,24
#Buckingham_R3,#EdwardIV_3H6,0,2,1,26,352,47,26
#Buckingham_R3,#Scales_R3,0,2,1,26,352,47,26
#Buckingham_R3,#Woodeville_R3,0,2,1,26,352,47,26
#Dorset_R3,#Buckingham_R3,5,2,1,26,352,47,26
#Dorset_R3,#EdwardIV_3H6,0,2,1,26,352,47,26
#Dorset_R3,#Grey_R3,6,2,1,26,352,47,26
#Dorset_R3,#QueenElizabeth_3H6,6,2,1,26,352,47,26
#Dorset_R3,#Rivers_3H6,6,2,1,26,352,47,26
#Dorset_R3,#Scales_R3,0,2,1,26,352,47,26
#Dorset_R3,#Woodeville_R3,0,2,1,26,352,47,26
#EdwardIV_3H6,#Scales_R3,0,2,1,26,352,47,26
#EdwardIV_3H6,#Woodeville_R3,0,2,1,26,352,47,26
#Grey_R3,#Buckingham_R3,5,2,1,26,352,47,26
#Grey_R3,#EdwardIV_3H6,0,2,1,26,352,47,26
#Grey_R3,#QueenElizabeth_3H6,6,2,1,26,352,47,26
#Grey_R3,#Rivers_3H6,6,2,1,26,352,47,26
#Grey_R3,#Scales_R3,0,2,1,26,352,47,26
#Grey_R3,#Woodeville_R3,0,2,1,26,352,47,26
#Hastings_3H6,#Buckingham_R3,4,2,1,26,352,47,26
#Hastings_3H6,#Dorset_R3,4,2,1,26,352,47,26
#Hastings_3H6,#EdwardIV_3H6,0,2,1,26,352,47,26
#Hastings_3H6,#Grey_R3,4,2,1,26,352,47,26
#Hastings_3H6,#QueenElizabeth_3H6,4,2,1,26,352,47,26
#Hastings_3H6,#Rivers_3H6,4,2,1,26,352,47,26
#Hastings_3H6,#Scales_R3,0,2,1,26,352,47,26
#Hastings_3H6,#Woodeville_R3,0,2,1,26,352,47,26
#QueenElizabeth_3H6,#Buckingham_R3,5,2,1,26,352,47,26
#QueenElizabeth_3H6,#EdwardIV_3H6,0,2,1,26,352,47,26
#QueenElizabeth_3H6,#Rivers_3H6,6,2,1,26,352,47,26
#QueenElizabeth_3H6,#Scales_R3,0,2,1,26,352,47,26
#QueenElizabeth_3H6,#Woodeville_R3,0,2,1,26,352,47,26
#Rivers_3H6,#Buckingham_R3,5,2,1,26,352,47,26
#Rivers_3H6,#EdwardIV_3H6,0,2,1,26,352,47,26
#Rivers_3H6,#Scales_R3,0,2,1,26,352,47,26
#Rivers_3H6,#Woodeville_R3,0,2,1,26,352,47,26
#Scales_R3,#Woodeville_R3,0,2,1,26,352,47,26
#Buckingham_R3,#EdwardIV_3H6,1,2,1,27,384,50,27
#Buckingham_R3,#Ratcliffe_R3,0,2,1,27,384,50,27
#Buckingham_R3,#Scales_R3,1,2,1,27,384,50,27
#Buckingham_R3,#Woodeville_R3,1,2,1,27,384,50,27
#Dorset_R3,#Buckingham_R3,6,2,1,27,384,50,27
#Dorset_R3,#EdwardIV_3H6,1,2,1,27,384,50,27
#Dorset_R3,#Grey_R3,7,2,1,27,384,50,27
#Dorset_R3,#QueenElizabeth_3H6,7,2,1,27,384,50,27
#Dorset_R3,#Ratcliffe_R3,0,2,1,27,384,50,27
#Dorset_R3,#Rivers_3H6,7,2,1,27,384,50,27
#Dorset_R3,#Scales_R3,1,2,1,27,384,50,27
#Dorset_R3,#Woodeville_R3,1,2,1,27,384,50,27
#EdwardIV_3H6,#Ratcliffe_R3,0,2,1,27,384,50,27
#EdwardIV_3H6,#Scales_R3,1,2,1,27,384,50,27
#EdwardIV_3H6,#Woodeville_R3,1,2,1,27,384,50,27
#Grey_R3,#Buckingham_R3,6,2,1,27,384,50,27
#Grey_R3,#EdwardIV_3H6,1,2,1,27,384,50,27
#Grey_R3,#QueenElizabeth_3H6,7,2,1,27,384,50,27
#Grey_R3,#Ratcliffe_R3,0,2,1,27,384,50,27
#Grey_R3,#Rivers_3H6,7,2,1,27,384,50,27
#Grey_R3,#Scales_R3,1,2,1,27,384,50,27
#Grey_R3,#Woodeville_R3,1,2,1,27,384,50,27
#Hastings_3H6,#Buckingham_R3,5,2,1,27,384,50,27
#Hastings_3H6,#Dorset_R3,5,2,1,27,384,50,27
#Hastings_3H6,#EdwardIV_3H6,1,2,1,27,384,50,27
#Hastings_3H6,#Grey_R3,5,2,1,27,384,50,27
#Hastings_3H6,#QueenElizabeth_3H6,5,2,1,27,384,50,27
#Hastings_3H6,#Ratcliffe_R3,0,2,1,27,384,50,27
#Hastings_3H6,#Rivers_3H6,5,2,1,27,384,50,27
#Hastings_3H6,#Scales_R3,1,2,1,27,384,50,27
#Hastings_3H6,#Woodeville_R3,1,2,1,27,384,50,27
#QueenElizabeth_3H6,#Buckingham_R3,6,2,1,27,384,50,27
#QueenElizabeth_3H6,#EdwardIV_3H6,1,2,1,27,384,50,27
#QueenElizabeth_3H6,#Ratcliffe_R3,0,2,1,27,384,50,27
#QueenElizabeth_3H6,#Rivers_3H6,7,2,1,27,384,50,27
#QueenElizabeth_3H6,#Scales_R3,1,2,1,27,384,50,27
#QueenElizabeth_3H6,#Woodeville_R3,1,2,1,27,384,50,27
#RichardIII_R3,#Buckingham_R3,4,2,1,27,384,50,27
#RichardIII_R3,#Dorset_R3,4,2,1,27,384,50,27
#RichardIII_R3,#EdwardIV_3H6,0,2,1,27,384,50,27
#RichardIII_R3,#Grey_R3,4,2,1,27,384,50,27
#RichardIII_R3,#Hastings_3H6,5,2,1,27,384,50,27
#RichardIII_R3,#QueenElizabeth_3H6,4,2,1,27,384,50,27
#RichardIII_R3,#Ratcliffe_R3,0,2,1,27,384,50,27
#RichardIII_R3,#Rivers_3H6,4,2,1,27,384,50,27
#RichardIII_R3,#Scales_R3,0,2,1,27,384,50,27
#RichardIII_R3,#Woodeville_R3,0,2,1,27,384,50,27
#Rivers_3H6,#Buckingham_R3,6,2,1,27,384,50,27
#Rivers_3H6,#EdwardIV_3H6,1,2,1,27,384,50,27
#Rivers_3H6,#Ratcliffe_R3,0,2,1,27,384,50,27
#Rivers_3H6,#Scales_R3,1,2,1,27,384,50,27
#Rivers_3H6,#Woodeville_R3,1,2,1,27,384,50,27
#Scales_R3,#Ratcliffe_R3,0,2,1,27,384,50,27
#Scales_R3,#Woodeville_R3,1,2,1,27,384,50,27
#Woodeville_R3,#Ratcliffe_R3,0,2,1,27,384,50,27
#Buckingham_R3,#EdwardIV_3H6,2,2,1,28,328,40,28
#Buckingham_R3,#Ratcliffe_R3,1,2,1,28,328,40,28
#Buckingham_R3,#Scales_R3,2,2,1,28,328,40,28
#Buckingham_R3,#Stanley_R3,5,2,1,28,328,40,28
#Buckingham_R3,#Woodeville_R3,2,2,1,28,328,40,28
#Dorset_R3,#Buckingham_R3,7,2,1,28,328,40,28
#Dorset_R3,#EdwardIV_3H6,2,2,1,28,328,40,28
#Dorset_R3,#Grey_R3,8,2,1,28,328,40,28
#Dorset_R3,#QueenElizabeth_3H6,8,2,1,28,328,40,28
#Dorset_R3,#Ratcliffe_R3,1,2,1,28,328,40,28
#Dorset_R3,#Rivers_3H6,8,2,1,28,328,40,28
#Dorset_R3,#Scales_R3,2,2,1,28,328,40,28
#Dorset_R3,#Stanley_R3,5,2,1,28,328,40,28
#Dorset_R3,#Woodeville_R3,2,2,1,28,328,40,28
#EdwardIV_3H6,#Ratcliffe_R3,1,2,1,28,328,40,28
#EdwardIV_3H6,#Scales_R3,2,2,1,28,328,40,28
#EdwardIV_3H6,#Woodeville_R3,2,2,1,28,328,40,28
#Grey_R3,#Buckingham_R3,7,2,1,28,328,40,28
#Grey_R3,#EdwardIV_3H6,2,2,1,28,328,40,28
#Grey_R3,#QueenElizabeth_3H6,8,2,1,28,328,40,28
#Grey_R3,#Ratcliffe_R3,1,2,1,28,328,40,28
#Grey_R3,#Rivers_3H6,8,2,1,28,328,40,28
#Grey_R3,#Scales_R3,2,2,1,28,328,40,28
#Grey_R3,#Stanley_R3,5,2,1,28,328,40,28
#Grey_R3,#Woodeville_R3,2,2,1,28,328,40,28
#Hastings_3H6,#Buckingham_R3,6,2,1,28,328,40,28
#Hastings_3H6,#Dorset_R3,6,2,1,28,328,40,28
#Hastings_3H6,#EdwardIV_3H6,2,2,1,28,328,40,28
#Hastings_3H6,#Grey_R3,6,2,1,28,328,40,28
#Hastings_3H6,#QueenElizabeth_3H6,6,2,1,28,328,40,28
#Hastings_3H6,#Ratcliffe_R3,1,2,1,28,328,40,28
#Hastings_3H6,#Rivers_3H6,6,2,1,28,328,40,28
#Hastings_3H6,#Scales_R3,2,2,1,28,328,40,28
#Hastings_3H6,#Stanley_R3,4,2,1,28,328,40,28
#Hastings_3H6,#Woodeville_R3,2,2,1,28,328,40,28
#QueenElizabeth_3H6,#Buckingham_R3,7,2,1,28,328,40,28
#QueenElizabeth_3H6,#EdwardIV_3H6,2,2,1,28,328,40,28
#QueenElizabeth_3H6,#Ratcliffe_R3,1,2,1,28,328,40,28
#QueenElizabeth_3H6,#Rivers_3H6,8,2,1,28,328,40,28
#QueenElizabeth_3H6,#Scales_R3,2,2,1,28,328,40,28
#QueenElizabeth_3H6,#Stanley_R3,5,2,1,28,328,40,28
#QueenElizabeth_3H6,#Woodeville_R3,2,2,1,28,328,40,28
#RichardIII_R3,#Buckingham_R3,5,2,1,28,328,40,28
#RichardIII_R3,#Dorset_R3,5,2,1,28,328,40,28
#RichardIII_R3,#EdwardIV_3H6,1,2,1,28,328,40,28
#RichardIII_R3,#Grey_R3,5,2,1,28,328,40,28
#RichardIII_R3,#Hastings_3H6,6,2,1,28,328,40,28
#RichardIII_R3,#QueenElizabeth_3H6,5,2,1,28,328,40,28
#RichardIII_R3,#Ratcliffe_R3,1,2,1,28,328,40,28
#RichardIII_R3,#Rivers_3H6,5,2,1,28,328,40,28
#RichardIII_R3,#Scales_R3,1,2,1,28,328,40,28
#RichardIII_R3,#Stanley_R3,4,2,1,28,328,40,28
#RichardIII_R3,#Woodeville_R3,1,2,1,28,328,40,28
#Rivers_3H6,#Buckingham_R3,7,2,1,28,328,40,28
#Rivers_3H6,#EdwardIV_3H6,2,2,1,28,328,40,28
#Rivers_3H6,#Ratcliffe_R3,1,2,1,28,328,40,28
#Rivers_3H6,#Scales_R3,2,2,1,28,328,40,28
#Rivers_3H6,#Stanley_R3,5,2,1,28,328,40,28
#Rivers_3H6,#Woodeville_R3,2,2,1,28,328,40,28
#Scales_R3,#Ratcliffe_R3,1,2,1,28,328,40,28
#Scales_R3,#Woodeville_R3,2,2,1,28,328,40,28
#Stanley_R3,#EdwardIV_3H6,0,2,1,28,328,40,28
#Stanley_R3,#Ratcliffe_R3,0,2,1,28,328,40,28
#Stanley_R3,#Scales_R3,0,2,1,28,328,40,28
#Stanley_R3,#Woodeville_R3,0,2,1,28,328,40,28
#Woodeville_R3,#Ratcliffe_R3,1,2,1,28,328,40,28
#Buckingham_R3,#Ratcliffe_R3,2,2,1,29,55,7,29
#RichardIII_R3,#Buckingham_R3,6,2,1,29,55,7,29
#RichardIII_R3,#Ratcliffe_R3,2,2,1,29,55,7,29
#ClarencesBoy_R3,#ClarencesDaughter_R3,0,2,2,30,250,34,30
#ClarencesBoy_R3,#DuchessOfYork_R3,0,2,2,30,250,34,30
#ClarencesDaughter_R3,#DuchessOfYork_R3,0,2,2,30,250,34,30
#ClarencesBoy_R3,#ClarencesDaughter_R3,1,2,2,31,538,69,31
#ClarencesBoy_R3,#DuchessOfYork_R3,1,2,2,31,538,69,31
#ClarencesDaughter_R3,#DuchessOfYork_R3,1,2,2,31,538,69,31
#Dorset_R3,#ClarencesBoy_R3,0,2,2,31,538,69,31
#Dorset_R3,#ClarencesDaughter_R3,0,2,2,31,538,69,31
#Dorset_R3,#DuchessOfYork_R3,0,2,2,31,538,69,31
#Dorset_R3,#QueenElizabeth_3H6,9,2,2,31,538,69,31
#Dorset_R3,#Rivers_3H6,9,2,2,31,538,69,31
#QueenElizabeth_3H6,#ClarencesBoy_R3,0,2,2,31,538,69,31
#QueenElizabeth_3H6,#ClarencesDaughter_R3,0,2,2,31,538,69,31
#QueenElizabeth_3H6,#DuchessOfYork_R3,0,2,2,31,538,69,31
#QueenElizabeth_3H6,#Rivers_3H6,9,2,2,31,538,69,31
#Rivers_3H6,#ClarencesBoy_R3,0,2,2,31,538,69,31
#Rivers_3H6,#ClarencesDaughter_R3,0,2,2,31,538,69,31
#Rivers_3H6,#DuchessOfYork_R3,0,2,2,31,538,69,31
#Buckingham_R3,#ClarencesBoy_R3,0,2,2,32,353,47,32
#Buckingham_R3,#ClarencesDaughter_R3,0,2,2,32,353,47,32
#Buckingham_R3,#DuchessOfYork_R3,0,2,2,32,353,47,32
#Buckingham_R3,#Ratcliffe_R3,3,2,2,32,353,47,32
#Buckingham_R3,#Stanley_R3,6,2,2,32,353,47,32
#ClarencesBoy_R3,#ClarencesDaughter_R3,2,2,2,32,353,47,32
#ClarencesBoy_R3,#DuchessOfYork_R3,2,2,2,32,353,47,32
#ClarencesDaughter_R3,#DuchessOfYork_R3,2,2,2,32,353,47,32
#Dorset_R3,#Buckingham_R3,8,2,2,32,353,47,32
#Dorset_R3,#ClarencesBoy_R3,1,2,2,32,353,47,32
#Dorset_R3,#ClarencesDaughter_R3,1,2,2,32,353,47,32
#Dorset_R3,#DuchessOfYork_R3,1,2,2,32,353,47,32
#Dorset_R3,#QueenElizabeth_3H6,10,2,2,32,353,47,32
#Dorset_R3,#Ratcliffe_R3,2,2,2,32,353,47,32
#Dorset_R3,#Rivers_3H6,10,2,2,32,353,47,32
#Dorset_R3,#Stanley_R3,6,2,2,32,353,47,32
#Hastings_3H6,#Buckingham_R3,7,2,2,32,353,47,32
#Hastings_3H6,#ClarencesBoy_R3,0,2,2,32,353,47,32
#Hastings_3H6,#ClarencesDaughter_R3,0,2,2,32,353,47,32
#Hastings_3H6,#Dorset_R3,7,2,2,32,353,47,32
#Hastings_3H6,#DuchessOfYork_R3,0,2,2,32,353,47,32
#Hastings_3H6,#QueenElizabeth_3H6,7,2,2,32,353,47,32
#Hastings_3H6,#Ratcliffe_R3,2,2,2,32,353,47,32
#Hastings_3H6,#Rivers_3H6,7,2,2,32,353,47,32
#Hastings_3H6,#Stanley_R3,5,2,2,32,353,47,32
#QueenElizabeth_3H6,#Buckingham_R3,8,2,2,32,353,47,32
#QueenElizabeth_3H6,#ClarencesBoy_R3,1,2,2,32,353,47,32
#QueenElizabeth_3H6,#ClarencesDaughter_R3,1,2,2,32,353,47,32
#QueenElizabeth_3H6,#DuchessOfYork_R3,1,2,2,32,353,47,32
#QueenElizabeth_3H6,#Ratcliffe_R3,2,2,2,32,353,47,32
#QueenElizabeth_3H6,#Rivers_3H6,10,2,2,32,353,47,32
#QueenElizabeth_3H6,#Stanley_R3,6,2,2,32,353,47,32
#Ratcliffe_R3,#ClarencesBoy_R3,0,2,2,32,353,47,32
#Ratcliffe_R3,#ClarencesDaughter_R3,0,2,2,32,353,47,32
#Ratcliffe_R3,#DuchessOfYork_R3,0,2,2,32,353,47,32
#RichardIII_R3,#Buckingham_R3,7,2,2,32,353,47,32
#RichardIII_R3,#ClarencesBoy_R3,0,2,2,32,353,47,32
#RichardIII_R3,#ClarencesDaughter_R3,0,2,2,32,353,47,32
#RichardIII_R3,#Dorset_R3,6,2,2,32,353,47,32
#RichardIII_R3,#DuchessOfYork_R3,0,2,2,32,353,47,32
#RichardIII_R3,#Hastings_3H6,7,2,2,32,353,47,32
#RichardIII_R3,#QueenElizabeth_3H6,6,2,2,32,353,47,32
#RichardIII_R3,#Ratcliffe_R3,3,2,2,32,353,47,32
#RichardIII_R3,#Rivers_3H6,6,2,2,32,353,47,32
#RichardIII_R3,#Stanley_R3,5,2,2,32,353,47,32
#Rivers_3H6,#Buckingham_R3,8,2,2,32,353,47,32
#Rivers_3H6,#ClarencesBoy_R3,1,2,2,32,353,47,32
#Rivers_3H6,#ClarencesDaughter_R3,1,2,2,32,353,47,32
#Rivers_3H6,#DuchessOfYork_R3,1,2,2,32,353,47,32
#Rivers_3H6,#Ratcliffe_R3,2,2,2,32,353,47,32
#Rivers_3H6,#Stanley_R3,6,2,2,32,353,47,32
#Stanley_R3,#ClarencesBoy_R3,0,2,2,32,353,47,32
#Stanley_R3,#ClarencesDaughter_R3,0,2,2,32,353,47,32
#Stanley_R3,#DuchessOfYork_R3,0,2,2,32,353,47,32
#Stanley_R3,#Ratcliffe_R3,1,2,2,32,353,47,32
#RichardIII_R3,#Buckingham_R3,8,2,2,33,72,9,33
#CITIZENS.1_R3,#CITIZENS.2_R3,0,2,3,34,43,6,34
#CITIZENS.1_R3,#CITIZENS.2_R3,1,2,3,35,356,45,35
#CITIZENS.1_R3,#CITIZENS.3_R3,0,2,3,35,356,45,35
#CITIZENS.2_R3,#CITIZENS.3_R3,0,2,3,35,356,45,35
#Archbishop_R3,#York_R3,0,2,4,36,318,40,36
#DuchessOfYork_R3,#Archbishop_R3,0,2,4,36,318,40,36
#DuchessOfYork_R3,#York_R3,0,2,4,36,318,40,36
#QueenElizabeth_3H6,#Archbishop_R3,0,2,4,36,318,40,36
#QueenElizabeth_3H6,#DuchessOfYork_R3,2,2,4,36,318,40,36
#QueenElizabeth_3H6,#York_R3,0,2,4,36,318,40,36
#Archbishop_R3,#MESSENGERS.X.1_R3,0,2,4,37,274,40,37
#Archbishop_R3,#York_R3,1,2,4,37,274,40,37
#DuchessOfYork_R3,#Archbishop_R3,1,2,4,37,274,40,37
#DuchessOfYork_R3,#MESSENGERS.X.1_R3,0,2,4,37,274,40,37
#DuchessOfYork_R3,#York_R3,1,2,4,37,274,40,37
#QueenElizabeth_3H6,#Archbishop_R3,1,2,4,37,274,40,37
#QueenElizabeth_3H6,#DuchessOfYork_R3,3,2,4,37,274,40,37
#QueenElizabeth_3H6,#MESSENGERS.X.1_R3,0,2,4,37,274,40,37
#QueenElizabeth_3H6,#York_R3,1,2,4,37,274,40,37
#York_R3,#MESSENGERS.X.1_R3,0,2,4,37,274,40,37
#ATTENDANTS_R3,#Cardinal_R3,0,3,1,38,137,18,38
#ATTENDANTS_R3,#EdwardV_R3,0,3,1,38,137,18,38
#Buckingham_R3,#ATTENDANTS_R3,0,3,1,38,137,18,38
#Buckingham_R3,#Cardinal_R3,0,3,1,38,137,18,38
#Buckingham_R3,#Catesby_R3,1,3,1,38,137,18,38
#Buckingham_R3,#EdwardV_R3,0,3,1,38,137,18,38
#Cardinal_R3,#EdwardV_R3,0,3,1,38,137,18,38
#Catesby_R3,#ATTENDANTS_R3,0,3,1,38,137,18,38
#Catesby_R3,#Cardinal_R3,0,3,1,38,137,18,38
#Catesby_R3,#EdwardV_R3,0,3,1,38,137,18,38
#RichardIII_R3,#ATTENDANTS_R3,0,3,1,38,137,18,38
#RichardIII_R3,#Buckingham_R3,9,3,1,38,137,18,38
#RichardIII_R3,#Cardinal_R3,0,3,1,38,137,18,38
#RichardIII_R3,#Catesby_R3,1,3,1,38,137,18,38
#RichardIII_R3,#EdwardV_R3,0,3,1,38,137,18,38
#ATTENDANTS.0_R3,#MayorOfLondon_R3,0,3,1,39,56,6,39
#ATTENDANTS_R3,#ATTENDANTS.0_R3,0,3,1,39,56,6,39
#ATTENDANTS_R3,#Cardinal_R3,1,3,1,39,56,6,39
#ATTENDANTS_R3,#EdwardV_R3,1,3,1,39,56,6,39
#ATTENDANTS_R3,#MayorOfLondon_R3,0,3,1,39,56,6,39
#Buckingham_R3,#ATTENDANTS.0_R3,0,3,1,39,56,6,39
#Buckingham_R3,#ATTENDANTS_R3,1,3,1,39,56,6,39
#Buckingham_R3,#Cardinal_R3,1,3,1,39,56,6,39
#Buckingham_R3,#Catesby_R3,2,3,1,39,56,6,39
#Buckingham_R3,#EdwardV_R3,1,3,1,39,56,6,39
#Buckingham_R3,#MayorOfLondon_R3,0,3,1,39,56,6,39
#Cardinal_R3,#ATTENDANTS.0_R3,0,3,1,39,56,6,39
#Cardinal_R3,#EdwardV_R3,1,3,1,39,56,6,39
#Cardinal_R3,#MayorOfLondon_R3,0,3,1,39,56,6,39
#Catesby_R3,#ATTENDANTS.0_R3,0,3,1,39,56,6,39
#Catesby_R3,#ATTENDANTS_R3,1,3,1,39,56,6,39
#Catesby_R3,#Cardinal_R3,1,3,1,39,56,6,39
#Catesby_R3,#EdwardV_R3,1,3,1,39,56,6,39
#Catesby_R3,#MayorOfLondon_R3,0,3,1,39,56,6,39
#EdwardV_R3,#ATTENDANTS.0_R3,0,3,1,39,56,6,39
#EdwardV_R3,#MayorOfLondon_R3,0,3,1,39,56,6,39
#RichardIII_R3,#ATTENDANTS.0_R3,0,3,1,39,56,6,39
#RichardIII_R3,#ATTENDANTS_R3,1,3,1,39,56,6,39
#RichardIII_R3,#Buckingham_R3,10,3,1,39,56,6,39
#RichardIII_R3,#Cardinal_R3,1,3,1,39,56,6,39
#RichardIII_R3,#Catesby_R3,2,3,1,39,56,6,39
#RichardIII_R3,#EdwardV_R3,1,3,1,39,56,6,39
#RichardIII_R3,#MayorOfLondon_R3,0,3,1,39,56,6,39
#ATTENDANTS.0_R3,#MayorOfLondon_R3,1,3,1,40,286,37,40
#ATTENDANTS_R3,#ATTENDANTS.0_R3,1,3,1,40,286,37,40
#ATTENDANTS_R3,#Cardinal_R3,2,3,1,40,286,37,40
#ATTENDANTS_R3,#EdwardV_R3,2,3,1,40,286,37,40
#ATTENDANTS_R3,#MayorOfLondon_R3,1,3,1,40,286,37,40
#Buckingham_R3,#ATTENDANTS.0_R3,1,3,1,40,286,37,40
#Buckingham_R3,#ATTENDANTS_R3,2,3,1,40,286,37,40
#Buckingham_R3,#Cardinal_R3,2,3,1,40,286,37,40
#Buckingham_R3,#Catesby_R3,3,3,1,40,286,37,40
#Buckingham_R3,#EdwardV_R3,2,3,1,40,286,37,40
#Buckingham_R3,#MayorOfLondon_R3,1,3,1,40,286,37,40
#Cardinal_R3,#ATTENDANTS.0_R3,1,3,1,40,286,37,40
#Cardinal_R3,#EdwardV_R3,2,3,1,40,286,37,40
#Cardinal_R3,#MayorOfLondon_R3,1,3,1,40,286,37,40
#Catesby_R3,#ATTENDANTS.0_R3,1,3,1,40,286,37,40
#Catesby_R3,#ATTENDANTS_R3,2,3,1,40,286,37,40
#Catesby_R3,#Cardinal_R3,2,3,1,40,286,37,40
#Catesby_R3,#EdwardV_R3,2,3,1,40,286,37,40
#Catesby_R3,#MayorOfLondon_R3,1,3,1,40,286,37,40
#EdwardV_R3,#ATTENDANTS.0_R3,1,3,1,40,286,37,40
#EdwardV_R3,#MayorOfLondon_R3,1,3,1,40,286,37,40
#Hastings_3H6,#ATTENDANTS.0_R3,0,3,1,40,286,37,40
#Hastings_3H6,#ATTENDANTS_R3,0,3,1,40,286,37,40
#Hastings_3H6,#Buckingham_R3,8,3,1,40,286,37,40
#Hastings_3H6,#Cardinal_R3,0,3,1,40,286,37,40
#Hastings_3H6,#Catesby_R3,1,3,1,40,286,37,40
#Hastings_3H6,#EdwardV_R3,0,3,1,40,286,37,40
#Hastings_3H6,#MayorOfLondon_R3,0,3,1,40,286,37,40
#RichardIII_R3,#ATTENDANTS.0_R3,1,3,1,40,286,37,40
#RichardIII_R3,#ATTENDANTS_R3,2,3,1,40,286,37,40
#RichardIII_R3,#Buckingham_R3,11,3,1,40,286,37,40
#RichardIII_R3,#Cardinal_R3,2,3,1,40,286,37,40
#RichardIII_R3,#Catesby_R3,3,3,1,40,286,37,40
#RichardIII_R3,#EdwardV_R3,2,3,1,40,286,37,40
#RichardIII_R3,#Hastings_3H6,8,3,1,40,286,37,40
#RichardIII_R3,#MayorOfLondon_R3,1,3,1,40,286,37,40
#ATTENDANTS.0_R3,#MayorOfLondon_R3,2,3,1,41,254,34,41
#ATTENDANTS_R3,#ATTENDANTS.0_R3,2,3,1,41,254,34,41
#ATTENDANTS_R3,#EdwardV_R3,3,3,1,41,254,34,41
#ATTENDANTS_R3,#MayorOfLondon_R3,2,3,1,41,254,34,41
#Buckingham_R3,#ATTENDANTS.0_R3,2,3,1,41,254,34,41
#Buckingham_R3,#ATTENDANTS_R3,3,3,1,41,254,34,41
#Buckingham_R3,#Catesby_R3,4,3,1,41,254,34,41
#Buckingham_R3,#EdwardV_R3,3,3,1,41,254,34,41
#Buckingham_R3,#MayorOfLondon_R3,2,3,1,41,254,34,41
#Catesby_R3,#ATTENDANTS.0_R3,2,3,1,41,254,34,41
#Catesby_R3,#ATTENDANTS_R3,3,3,1,41,254,34,41
#Catesby_R3,#EdwardV_R3,3,3,1,41,254,34,41
#Catesby_R3,#MayorOfLondon_R3,2,3,1,41,254,34,41
#EdwardV_R3,#ATTENDANTS.0_R3,2,3,1,41,254,34,41
#EdwardV_R3,#MayorOfLondon_R3,2,3,1,41,254,34,41
#RichardIII_R3,#ATTENDANTS.0_R3,2,3,1,41,254,34,41
#RichardIII_R3,#ATTENDANTS_R3,3,3,1,41,254,34,41
#RichardIII_R3,#Buckingham_R3,12,3,1,41,254,34,41
#RichardIII_R3,#Catesby_R3,4,3,1,41,254,34,41
#RichardIII_R3,#EdwardV_R3,3,3,1,41,254,34,41
#RichardIII_R3,#MayorOfLondon_R3,2,3,1,41,254,34,41
#ATTENDANTS.0_R3,#MayorOfLondon_R3,3,3,1,42,448,58,42
#ATTENDANTS_R3,#ATTENDANTS.0_R3,3,3,1,42,448,58,42
#ATTENDANTS_R3,#Cardinal_R3,3,3,1,42,448,58,42
#ATTENDANTS_R3,#EdwardV_R3,4,3,1,42,448,58,42
#ATTENDANTS_R3,#MayorOfLondon_R3,3,3,1,42,448,58,42
#Buckingham_R3,#ATTENDANTS.0_R3,3,3,1,42,448,58,42
#Buckingham_R3,#ATTENDANTS_R3,4,3,1,42,448,58,42
#Buckingham_R3,#Cardinal_R3,3,3,1,42,448,58,42
#Buckingham_R3,#Catesby_R3,5,3,1,42,448,58,42
#Buckingham_R3,#EdwardV_R3,4,3,1,42,448,58,42
#Buckingham_R3,#MayorOfLondon_R3,3,3,1,42,448,58,42
#Buckingham_R3,#York_R3,0,3,1,42,448,58,42
#Cardinal_R3,#ATTENDANTS.0_R3,2,3,1,42,448,58,42
#Cardinal_R3,#EdwardV_R3,3,3,1,42,448,58,42
#Cardinal_R3,#MayorOfLondon_R3,2,3,1,42,448,58,42
#Catesby_R3,#ATTENDANTS.0_R3,3,3,1,42,448,58,42
#Catesby_R3,#ATTENDANTS_R3,4,3,1,42,448,58,42
#Catesby_R3,#Cardinal_R3,3,3,1,42,448,58,42
#Catesby_R3,#EdwardV_R3,4,3,1,42,448,58,42
#Catesby_R3,#MayorOfLondon_R3,3,3,1,42,448,58,42
#Catesby_R3,#York_R3,0,3,1,42,448,58,42
#EdwardV_R3,#ATTENDANTS.0_R3,3,3,1,42,448,58,42
#EdwardV_R3,#MayorOfLondon_R3,3,3,1,42,448,58,42
#Hastings_3H6,#ATTENDANTS.0_R3,1,3,1,42,448,58,42
#Hastings_3H6,#ATTENDANTS_R3,1,3,1,42,448,58,42
#Hastings_3H6,#Buckingham_R3,9,3,1,42,448,58,42
#Hastings_3H6,#Cardinal_R3,1,3,1,42,448,58,42
#Hastings_3H6,#Catesby_R3,2,3,1,42,448,58,42
#Hastings_3H6,#EdwardV_R3,1,3,1,42,448,58,42
#Hastings_3H6,#MayorOfLondon_R3,1,3,1,42,448,58,42
#Hastings_3H6,#York_R3,0,3,1,42,448,58,42
#RichardIII_R3,#ATTENDANTS.0_R3,3,3,1,42,448,58,42
#RichardIII_R3,#ATTENDANTS_R3,4,3,1,42,448,58,42
#RichardIII_R3,#Buckingham_R3,13,3,1,42,448,58,42
#RichardIII_R3,#Cardinal_R3,3,3,1,42,448,58,42
#RichardIII_R3,#Catesby_R3,5,3,1,42,448,58,42
#RichardIII_R3,#EdwardV_R3,4,3,1,42,448,58,42
#RichardIII_R3,#Hastings_3H6,9,3,1,42,448,58,42
#RichardIII_R3,#MayorOfLondon_R3,3,3,1,42,448,58,42
#RichardIII_R3,#York_R3,0,3,1,42,448,58,42
#York_R3,#ATTENDANTS.0_R3,0,3,1,42,448,58,42
#York_R3,#ATTENDANTS_R3,0,3,1,42,448,58,42
#York_R3,#Cardinal_R3,0,3,1,42,448,58,42
#York_R3,#EdwardV_R3,0,3,1,42,448,58,42
#York_R3,#MayorOfLondon_R3,0,3,1,42,448,58,42
#Buckingham_R3,#ATTENDANTS.0_R3,4,3,1,43,316,40,43
#Buckingham_R3,#Catesby_R3,6,3,1,43,316,40,43
#Catesby_R3,#ATTENDANTS.0_R3,4,3,1,43,316,40,43
#RichardIII_R3,#ATTENDANTS.0_R3,4,3,1,43,316,40,43
#RichardIII_R3,#Buckingham_R3,14,3,1,43,316,40,43
#RichardIII_R3,#Catesby_R3,6,3,1,43,316,40,43
#Buckingham_R3,#ATTENDANTS.0_R3,5,3,1,44,83,10,44
#RichardIII_R3,#ATTENDANTS.0_R3,5,3,1,44,83,10,44
#RichardIII_R3,#Buckingham_R3,15,3,1,44,83,10,44
#Hastings_3H6,#MESSENGERS.X.2_R3,0,3,2,46,250,34,46
#Hastings_3H6,#Catesby_R3,3,3,2,47,306,38,47
#Hastings_3H6,#Catesby_R3,4,3,2,48,189,22,48
#Hastings_3H6,#Stanley_R3,6,3,2,48,189,22,48
#Stanley_R3,#Catesby_R3,1,3,2,48,189,22,48
#Catesby_R3,#Pursuivant_R3,0,3,2,49,9,1,49
#Hastings_3H6,#Catesby_R3,5,3,2,49,9,1,49
#Hastings_3H6,#Pursuivant_R3,0,3,2,49,9,1,49
#Hastings_3H6,#Stanley_R3,7,3,2,49,9,1,49
#Stanley_R3,#Catesby_R3,2,3,2,49,9,1,49
#Stanley_R3,#Pursuivant_R3,0,3,2,49,9,1,49
#Hastings_3H6,#Pursuivant_R3,1,3,2,50,96,12,50
#Hastings_3H6,#SirJohn_R3,0,3,2,51,44,5,51
#Hastings_3H6,#Buckingham_R3,10,3,2,52,90,12,52
#GUARDS_R3,#Grey_R3,0,3,3,53,197,26,53
#GUARDS_R3,#Ratcliffe_R3,0,3,3,53,197,26,53
#GUARDS_R3,#Rivers_3H6,0,3,3,53,197,26,53
#GUARDS_R3,#Vaughan_R3,0,3,3,53,197,26,53
#Grey_R3,#Ratcliffe_R3,2,3,3,53,197,26,53
#Grey_R3,#Rivers_3H6,9,3,3,53,197,26,53
#Grey_R3,#Vaughan_R3,0,3,3,53,197,26,53
#Ratcliffe_R3,#Vaughan_R3,0,3,3,53,197,26,53
#Rivers_3H6,#Ratcliffe_R3,3,3,3,53,197,26,53
#Rivers_3H6,#Vaughan_R3,0,3,3,53,197,26,53
#ATTENDANTS_R3,#BishopOfEly_R3,0,3,4,54,163,21,54
#ATTENDANTS_R3,#Lovell_R3,0,3,4,54,163,21,54
#ATTENDANTS_R3,#Norfolk_R3,0,3,4,54,163,21,54
#BishopOfEly_R3,#Lovell_R3,0,3,4,54,163,21,54
#BishopOfEly_R3,#Norfolk_R3,0,3,4,54,163,21,54
#Buckingham_R3,#ATTENDANTS_R3,5,3,4,54,163,21,54
#Buckingham_R3,#BishopOfEly_R3,0,3,4,54,163,21,54
#Buckingham_R3,#Lovell_R3,0,3,4,54,163,21,54
#Buckingham_R3,#Norfolk_R3,0,3,4,54,163,21,54
#Buckingham_R3,#Ratcliffe_R3,4,3,4,54,163,21,54
#Buckingham_R3,#Stanley_R3,7,3,4,54,163,21,54
#Hastings_3H6,#ATTENDANTS_R3,2,3,4,54,163,21,54
#Hastings_3H6,#BishopOfEly_R3,0,3,4,54,163,21,54
#Hastings_3H6,#Buckingham_R3,11,3,4,54,163,21,54
#Hastings_3H6,#Lovell_R3,0,3,4,54,163,21,54
#Hastings_3H6,#Norfolk_R3,0,3,4,54,163,21,54
#Hastings_3H6,#Ratcliffe_R3,3,3,4,54,163,21,54
#Hastings_3H6,#Stanley_R3,8,3,4,54,163,21,54
#Lovell_R3,#Norfolk_R3,0,3,4,54,163,21,54
#Ratcliffe_R3,#ATTENDANTS_R3,0,3,4,54,163,21,54
#Ratcliffe_R3,#BishopOfEly_R3,0,3,4,54,163,21,54
#Ratcliffe_R3,#Lovell_R3,0,3,4,54,163,21,54
#Ratcliffe_R3,#Norfolk_R3,0,3,4,54,163,21,54
#Stanley_R3,#ATTENDANTS_R3,0,3,4,54,163,21,54
#Stanley_R3,#BishopOfEly_R3,0,3,4,54,163,21,54
#Stanley_R3,#Lovell_R3,0,3,4,54,163,21,54
#Stanley_R3,#Norfolk_R3,0,3,4,54,163,21,54
#Stanley_R3,#Ratcliffe_R3,2,3,4,54,163,21,54
#ATTENDANTS_R3,#BishopOfEly_R3,1,3,4,55,119,14,55
#ATTENDANTS_R3,#Lovell_R3,1,3,4,55,119,14,55
#ATTENDANTS_R3,#Norfolk_R3,1,3,4,55,119,14,55
#BishopOfEly_R3,#Lovell_R3,1,3,4,55,119,14,55
#BishopOfEly_R3,#Norfolk_R3,1,3,4,55,119,14,55
#Buckingham_R3,#ATTENDANTS_R3,6,3,4,55,119,14,55
#Buckingham_R3,#BishopOfEly_R3,1,3,4,55,119,14,55
#Buckingham_R3,#Lovell_R3,1,3,4,55,119,14,55
#Buckingham_R3,#Norfolk_R3,1,3,4,55,119,14,55
#Buckingham_R3,#Ratcliffe_R3,5,3,4,55,119,14,55
#Buckingham_R3,#Stanley_R3,8,3,4,55,119,14,55
#Hastings_3H6,#ATTENDANTS_R3,3,3,4,55,119,14,55
#Hastings_3H6,#BishopOfEly_R3,1,3,4,55,119,14,55
#Hastings_3H6,#Buckingham_R3,12,3,4,55,119,14,55
#Hastings_3H6,#Lovell_R3,1,3,4,55,119,14,55
#Hastings_3H6,#Norfolk_R3,1,3,4,55,119,14,55
#Hastings_3H6,#Ratcliffe_R3,4,3,4,55,119,14,55
#Hastings_3H6,#Stanley_R3,9,3,4,55,119,14,55
#Lovell_R3,#Norfolk_R3,1,3,4,55,119,14,55
#Ratcliffe_R3,#ATTENDANTS_R3,1,3,4,55,119,14,55
#Ratcliffe_R3,#BishopOfEly_R3,1,3,4,55,119,14,55
#Ratcliffe_R3,#Lovell_R3,1,3,4,55,119,14,55
#Ratcliffe_R3,#Norfolk_R3,1,3,4,55,119,14,55
#RichardIII_R3,#ATTENDANTS_R3,5,3,4,55,119,14,55
#RichardIII_R3,#BishopOfEly_R3,0,3,4,55,119,14,55
#RichardIII_R3,#Buckingham_R3,16,3,4,55,119,14,55
#RichardIII_R3,#Hastings_3H6,10,3,4,55,119,14,55
#RichardIII_R3,#Lovell_R3,0,3,4,55,119,14,55
#RichardIII_R3,#Norfolk_R3,0,3,4,55,119,14,55
#RichardIII_R3,#Ratcliffe_R3,4,3,4,55,119,14,55
#RichardIII_R3,#Stanley_R3,6,3,4,55,119,14,55
#Stanley_R3,#ATTENDANTS_R3,1,3,4,55,119,14,55
#Stanley_R3,#BishopOfEly_R3,1,3,4,55,119,14,55
#Stanley_R3,#Lovell_R3,1,3,4,55,119,14,55
#Stanley_R3,#Norfolk_R3,1,3,4,55,119,14,55
#Stanley_R3,#Ratcliffe_R3,3,3,4,55,119,14,55
#ATTENDANTS_R3,#Lovell_R3,2,3,4,56,52,7,56
#ATTENDANTS_R3,#Norfolk_R3,2,3,4,56,52,7,56
#Buckingham_R3,#ATTENDANTS_R3,7,3,4,56,52,7,56
#Buckingham_R3,#Lovell_R3,2,3,4,56,52,7,56
#Buckingham_R3,#Norfolk_R3,2,3,4,56,52,7,56
#Buckingham_R3,#Ratcliffe_R3,6,3,4,56,52,7,56
#Buckingham_R3,#Stanley_R3,9,3,4,56,52,7,56
#Hastings_3H6,#ATTENDANTS_R3,4,3,4,56,52,7,56
#Hastings_3H6,#Buckingham_R3,13,3,4,56,52,7,56
#Hastings_3H6,#Lovell_R3,2,3,4,56,52,7,56
#Hastings_3H6,#Norfolk_R3,2,3,4,56,52,7,56
#Hastings_3H6,#Ratcliffe_R3,5,3,4,56,52,7,56
#Hastings_3H6,#Stanley_R3,10,3,4,56,52,7,56
#Lovell_R3,#Norfolk_R3,2,3,4,56,52,7,56
#Ratcliffe_R3,#ATTENDANTS_R3,2,3,4,56,52,7,56
#Ratcliffe_R3,#Lovell_R3,2,3,4,56,52,7,56
#Ratcliffe_R3,#Norfolk_R3,2,3,4,56,52,7,56
#RichardIII_R3,#ATTENDANTS_R3,6,3,4,56,52,7,56
#RichardIII_R3,#Buckingham_R3,17,3,4,56,52,7,56
#RichardIII_R3,#Hastings_3H6,11,3,4,56,52,7,56
#RichardIII_R3,#Lovell_R3,1,3,4,56,52,7,56
#RichardIII_R3,#Norfolk_R3,1,3,4,56,52,7,56
#RichardIII_R3,#Ratcliffe_R3,5,3,4,56,52,7,56
#RichardIII_R3,#Stanley_R3,7,3,4,56,52,7,56
#Stanley_R3,#ATTENDANTS_R3,2,3,4,56,52,7,56
#Stanley_R3,#Lovell_R3,2,3,4,56,52,7,56
#Stanley_R3,#Norfolk_R3,2,3,4,56,52,7,56
#Stanley_R3,#Ratcliffe_R3,4,3,4,56,52,7,56
#ATTENDANTS_R3,#Lovell_R3,3,3,4,57,34,4,57
#ATTENDANTS_R3,#Norfolk_R3,3,3,4,57,34,4,57
#Hastings_3H6,#ATTENDANTS_R3,5,3,4,57,34,4,57
#Hastings_3H6,#Lovell_R3,3,3,4,57,34,4,57
#Hastings_3H6,#Norfolk_R3,3,3,4,57,34,4,57
#Hastings_3H6,#Ratcliffe_R3,6,3,4,57,34,4,57
#Hastings_3H6,#Stanley_R3,11,3,4,57,34,4,57
#Lovell_R3,#Norfolk_R3,3,3,4,57,34,4,57
#Ratcliffe_R3,#ATTENDANTS_R3,3,3,4,57,34,4,57
#Ratcliffe_R3,#Lovell_R3,3,3,4,57,34,4,57
#Ratcliffe_R3,#Norfolk_R3,3,3,4,57,34,4,57
#Stanley_R3,#ATTENDANTS_R3,3,3,4,57,34,4,57
#Stanley_R3,#Lovell_R3,3,3,4,57,34,4,57
#Stanley_R3,#Norfolk_R3,3,3,4,57,34,4,57
#Stanley_R3,#Ratcliffe_R3,5,3,4,57,34,4,57
#ATTENDANTS_R3,#BishopOfEly_R3,2,3,4,58,100,13,58
#ATTENDANTS_R3,#Lovell_R3,4,3,4,58,100,13,58
#ATTENDANTS_R3,#Norfolk_R3,4,3,4,58,100,13,58
#BishopOfEly_R3,#Lovell_R3,2,3,4,58,100,13,58
#BishopOfEly_R3,#Norfolk_R3,2,3,4,58,100,13,58
#Hastings_3H6,#ATTENDANTS_R3,6,3,4,58,100,13,58
#Hastings_3H6,#BishopOfEly_R3,2,3,4,58,100,13,58
#Hastings_3H6,#Lovell_R3,4,3,4,58,100,13,58
#Hastings_3H6,#Norfolk_R3,4,3,4,58,100,13,58
#Hastings_3H6,#Ratcliffe_R3,7,3,4,58,100,13,58
#Hastings_3H6,#Stanley_R3,12,3,4,58,100,13,58
#Lovell_R3,#Norfolk_R3,4,3,4,58,100,13,58
#Ratcliffe_R3,#ATTENDANTS_R3,4,3,4,58,100,13,58
#Ratcliffe_R3,#BishopOfEly_R3,2,3,4,58,100,13,58
#Ratcliffe_R3,#Lovell_R3,4,3,4,58,100,13,58
#Ratcliffe_R3,#Norfolk_R3,4,3,4,58,100,13,58
#Stanley_R3,#ATTENDANTS_R3,4,3,4,58,100,13,58
#Stanley_R3,#BishopOfEly_R3,2,3,4,58,100,13,58
#Stanley_R3,#Lovell_R3,4,3,4,58,100,13,58
#Stanley_R3,#Norfolk_R3,4,3,4,58,100,13,58
#Stanley_R3,#Ratcliffe_R3,6,3,4,58,100,13,58
#ATTENDANTS_R3,#BishopOfEly_R3,3,3,4,59,171,21,59
#ATTENDANTS_R3,#Lovell_R3,5,3,4,59,171,21,59
#ATTENDANTS_R3,#Norfolk_R3,5,3,4,59,171,21,59
#BishopOfEly_R3,#Lovell_R3,3,3,4,59,171,21,59
#BishopOfEly_R3,#Norfolk_R3,3,3,4,59,171,21,59
#Buckingham_R3,#ATTENDANTS_R3,8,3,4,59,171,21,59
#Buckingham_R3,#BishopOfEly_R3,2,3,4,59,171,21,59
#Buckingham_R3,#Lovell_R3,3,3,4,59,171,21,59
#Buckingham_R3,#Norfolk_R3,3,3,4,59,171,21,59
#Buckingham_R3,#Ratcliffe_R3,7,3,4,59,171,21,59
#Buckingham_R3,#Stanley_R3,10,3,4,59,171,21,59
#Hastings_3H6,#ATTENDANTS_R3,7,3,4,59,171,21,59
#Hastings_3H6,#BishopOfEly_R3,3,3,4,59,171,21,59
#Hastings_3H6,#Buckingham_R3,14,3,4,59,171,21,59
#Hastings_3H6,#Lovell_R3,5,3,4,59,171,21,59
#Hastings_3H6,#Norfolk_R3,5,3,4,59,171,21,59
#Hastings_3H6,#Ratcliffe_R3,8,3,4,59,171,21,59
#Hastings_3H6,#Stanley_R3,13,3,4,59,171,21,59
#Lovell_R3,#Norfolk_R3,5,3,4,59,171,21,59
#Ratcliffe_R3,#ATTENDANTS_R3,5,3,4,59,171,21,59
#Ratcliffe_R3,#BishopOfEly_R3,3,3,4,59,171,21,59
#Ratcliffe_R3,#Lovell_R3,5,3,4,59,171,21,59
#Ratcliffe_R3,#Norfolk_R3,5,3,4,59,171,21,59
#RichardIII_R3,#ATTENDANTS_R3,7,3,4,59,171,21,59
#RichardIII_R3,#BishopOfEly_R3,1,3,4,59,171,21,59
#RichardIII_R3,#Buckingham_R3,18,3,4,59,171,21,59
#RichardIII_R3,#Hastings_3H6,12,3,4,59,171,21,59
#RichardIII_R3,#Lovell_R3,2,3,4,59,171,21,59
#RichardIII_R3,#Norfolk_R3,2,3,4,59,171,21,59
#RichardIII_R3,#Ratcliffe_R3,6,3,4,59,171,21,59
#RichardIII_R3,#Stanley_R3,8,3,4,59,171,21,59
#Stanley_R3,#ATTENDANTS_R3,5,3,4,59,171,21,59
#Stanley_R3,#BishopOfEly_R3,3,3,4,59,171,21,59
#Stanley_R3,#Lovell_R3,5,3,4,59,171,21,59
#Stanley_R3,#Norfolk_R3,5,3,4,59,171,21,59
#Stanley_R3,#Ratcliffe_R3,7,3,4,59,171,21,59
#Hastings_3H6,#Lovell_R3,6,3,4,60,222,29,60
#Hastings_3H6,#Ratcliffe_R3,9,3,4,60,222,29,60
#Ratcliffe_R3,#Lovell_R3,6,3,4,60,222,29,60
#RichardIII_R3,#Buckingham_R3,19,3,5,61,97,14,61
#Buckingham_R3,#Catesby_R3,7,3,5,62,14,4,62
#Buckingham_R3,#MayorOfLondon_R3,4,3,5,62,14,4,62
#Catesby_R3,#MayorOfLondon_R3,4,3,5,62,14,4,62
#RichardIII_R3,#Buckingham_R3,20,3,5,62,14,4,62
#RichardIII_R3,#Catesby_R3,7,3,5,62,14,4,62
#RichardIII_R3,#MayorOfLondon_R3,4,3,5,62,14,4,62
#Buckingham_R3,#MayorOfLondon_R3,5,3,5,63,22,3,63
#RichardIII_R3,#Buckingham_R3,21,3,5,63,22,3,63
#RichardIII_R3,#MayorOfLondon_R3,5,3,5,63,22,3,63
#Buckingham_R3,#Lovell_R3,4,3,5,64,390,51,64
#Buckingham_R3,#MayorOfLondon_R3,6,3,5,64,390,51,64
#Buckingham_R3,#Ratcliffe_R3,8,3,5,64,390,51,64
#MayorOfLondon_R3,#Lovell_R3,0,3,5,64,390,51,64
#Ratcliffe_R3,#Lovell_R3,7,3,5,64,390,51,64
#Ratcliffe_R3,#MayorOfLondon_R3,0,3,5,64,390,51,64
#RichardIII_R3,#Buckingham_R3,22,3,5,64,390,51,64
#RichardIII_R3,#Lovell_R3,3,3,5,64,390,51,64
#RichardIII_R3,#MayorOfLondon_R3,6,3,5,64,390,51,64
#RichardIII_R3,#Ratcliffe_R3,7,3,5,64,390,51,64
#Buckingham_R3,#Lovell_R3,5,3,5,65,236,32,65
#Buckingham_R3,#Ratcliffe_R3,9,3,5,65,236,32,65
#Ratcliffe_R3,#Lovell_R3,8,3,5,65,236,32,65
#RichardIII_R3,#Buckingham_R3,23,3,5,65,236,32,65
#RichardIII_R3,#Lovell_R3,4,3,5,65,236,32,65
#RichardIII_R3,#Ratcliffe_R3,8,3,5,65,236,32,65
#Ratcliffe_R3,#Lovell_R3,9,3,5,66,24,4,66
#RichardIII_R3,#Lovell_R3,5,3,5,66,24,4,66
#RichardIII_R3,#Ratcliffe_R3,9,3,5,66,24,4,66
#RichardIII_R3,#Buckingham_R3,24,3,7,69,429,56,69
#Buckingham_R3,#CITIZENS_R3,0,3,7,70,16,2,70
#Buckingham_R3,#MayorOfLondon_R3,7,3,7,70,16,2,70
#MayorOfLondon_R3,#CITIZENS_R3,0,3,7,70,16,2,70
#Buckingham_R3,#CITIZENS_R3,1,3,7,71,97,13,71
#Buckingham_R3,#Catesby_R3,8,3,7,71,97,13,71
#Buckingham_R3,#MayorOfLondon_R3,8,3,7,71,97,13,71
#Catesby_R3,#CITIZENS_R3,0,3,7,71,97,13,71
#Catesby_R3,#MayorOfLondon_R3,5,3,7,71,97,13,71
#MayorOfLondon_R3,#CITIZENS_R3,1,3,7,71,97,13,71
#Buckingham_R3,#CITIZENS_R3,2,3,7,72,93,12,72
#Buckingham_R3,#MayorOfLondon_R3,9,3,7,72,93,12,72
#MayorOfLondon_R3,#CITIZENS_R3,2,3,7,72,93,12,72
#Buckingham_R3,#CITIZENS_R3,3,3,7,73,73,9,73
#Buckingham_R3,#Catesby_R3,9,3,7,73,73,9,73
#Buckingham_R3,#MayorOfLondon_R3,10,3,7,73,73,9,73
#Catesby_R3,#CITIZENS_R3,1,3,7,73,73,9,73
#Catesby_R3,#MayorOfLondon_R3,6,3,7,73,73,9,73
#MayorOfLondon_R3,#CITIZENS_R3,3,3,7,73,73,9,73
#Buckingham_R3,#CITIZENS_R3,4,3,7,74,21,3,74
#Buckingham_R3,#MayorOfLondon_R3,11,3,7,74,21,3,74
#MayorOfLondon_R3,#CITIZENS_R3,4,3,7,74,21,3,74
#Buckingham_R3,#BISHOPS_R3,0,3,7,75,946,127,75
#Buckingham_R3,#CITIZENS_R3,5,3,7,75,946,127,75
#Buckingham_R3,#Catesby_R3,10,3,7,75,946,127,75
#Buckingham_R3,#MayorOfLondon_R3,12,3,7,75,946,127,75
#CITIZENS_R3,#BISHOPS_R3,0,3,7,75,946,127,75
#Catesby_R3,#BISHOPS_R3,0,3,7,75,946,127,75
#Catesby_R3,#CITIZENS_R3,2,3,7,75,946,127,75
#Catesby_R3,#MayorOfLondon_R3,7,3,7,75,946,127,75
#MayorOfLondon_R3,#BISHOPS_R3,0,3,7,75,946,127,75
#MayorOfLondon_R3,#CITIZENS_R3,5,3,7,75,946,127,75
#RichardIII_R3,#BISHOPS_R3,0,3,7,75,946,127,75
#RichardIII_R3,#Buckingham_R3,25,3,7,75,946,127,75
#RichardIII_R3,#CITIZENS_R3,0,3,7,75,946,127,75
#RichardIII_R3,#Catesby_R3,8,3,7,75,946,127,75
#RichardIII_R3,#MayorOfLondon_R3,7,3,7,75,946,127,75
#CITIZENS_R3,#BISHOPS_R3,1,3,7,76,49,6,76
#Catesby_R3,#BISHOPS_R3,1,3,7,76,49,6,76
#Catesby_R3,#CITIZENS_R3,3,3,7,76,49,6,76
#Catesby_R3,#MayorOfLondon_R3,8,3,7,76,49,6,76
#MayorOfLondon_R3,#BISHOPS_R3,1,3,7,76,49,6,76
#MayorOfLondon_R3,#CITIZENS_R3,6,3,7,76,49,6,76
#RichardIII_R3,#BISHOPS_R3,1,3,7,76,49,6,76
#RichardIII_R3,#CITIZENS_R3,1,3,7,76,49,6,76
#RichardIII_R3,#Catesby_R3,9,3,7,76,49,6,76
#RichardIII_R3,#MayorOfLondon_R3,8,3,7,76,49,6,76
#BISHOPS_R3,#CITIZENS.0_R3,0,3,7,77,159,21,77
#Buckingham_R3,#BISHOPS_R3,1,3,7,77,159,21,77
#Buckingham_R3,#CITIZENS.0_R3,0,3,7,77,159,21,77
#Buckingham_R3,#CITIZENS_R3,6,3,7,77,159,21,77
#Buckingham_R3,#Catesby_R3,11,3,7,77,159,21,77
#Buckingham_R3,#MayorOfLondon_R3,13,3,7,77,159,21,77
#CITIZENS_R3,#BISHOPS_R3,2,3,7,77,159,21,77
#CITIZENS_R3,#CITIZENS.0_R3,0,3,7,77,159,21,77
#Catesby_R3,#BISHOPS_R3,2,3,7,77,159,21,77
#Catesby_R3,#CITIZENS.0_R3,0,3,7,77,159,21,77
#Catesby_R3,#CITIZENS_R3,4,3,7,77,159,21,77
#Catesby_R3,#MayorOfLondon_R3,9,3,7,77,159,21,77
#MayorOfLondon_R3,#BISHOPS_R3,2,3,7,77,159,21,77
#MayorOfLondon_R3,#CITIZENS.0_R3,0,3,7,77,159,21,77
#MayorOfLondon_R3,#CITIZENS_R3,7,3,7,77,159,21,77
#RichardIII_R3,#BISHOPS_R3,2,3,7,77,159,21,77
#RichardIII_R3,#Buckingham_R3,26,3,7,77,159,21,77
#RichardIII_R3,#CITIZENS.0_R3,0,3,7,77,159,21,77
#RichardIII_R3,#CITIZENS_R3,2,3,7,77,159,21,77
#RichardIII_R3,#Catesby_R3,10,3,7,77,159,21,77
#RichardIII_R3,#MayorOfLondon_R3,9,3,7,77,159,21,77
#ClarencesDaughter_R3,#DuchessOfYork_R3,3,4,1,78,87,12,78
#Dorset_R3,#ClarencesDaughter_R3,2,4,1,78,87,12,78
#Dorset_R3,#DuchessOfYork_R3,2,4,1,78,87,12,78
#Dorset_R3,#QueenElizabeth_3H6,11,4,1,78,87,12,78
#LadyAnne_R3,#ClarencesDaughter_R3,0,4,1,78,87,12,78
#LadyAnne_R3,#Dorset_R3,0,4,1,78,87,12,78
#LadyAnne_R3,#DuchessOfYork_R3,0,4,1,78,87,12,78
#LadyAnne_R3,#QueenElizabeth_3H6,0,4,1,78,87,12,78
#QueenElizabeth_3H6,#ClarencesDaughter_R3,2,4,1,78,87,12,78
#QueenElizabeth_3H6,#DuchessOfYork_R3,4,4,1,78,87,12,78
#Brakenbury_R3,#ClarencesDaughter_R3,0,4,1,79,139,17,79
#Brakenbury_R3,#Dorset_R3,0,4,1,79,139,17,79
#Brakenbury_R3,#DuchessOfYork_R3,0,4,1,79,139,17,79
#Brakenbury_R3,#LadyAnne_R3,0,4,1,79,139,17,79
#Brakenbury_R3,#QueenElizabeth_3H6,0,4,1,79,139,17,79
#ClarencesDaughter_R3,#DuchessOfYork_R3,4,4,1,79,139,17,79
#Dorset_R3,#ClarencesDaughter_R3,3,4,1,79,139,17,79
#Dorset_R3,#DuchessOfYork_R3,3,4,1,79,139,17,79
#Dorset_R3,#QueenElizabeth_3H6,12,4,1,79,139,17,79
#LadyAnne_R3,#ClarencesDaughter_R3,1,4,1,79,139,17,79
#LadyAnne_R3,#Dorset_R3,1,4,1,79,139,17,79
#LadyAnne_R3,#DuchessOfYork_R3,1,4,1,79,139,17,79
#LadyAnne_R3,#QueenElizabeth_3H6,1,4,1,79,139,17,79
#QueenElizabeth_3H6,#ClarencesDaughter_R3,3,4,1,79,139,17,79
#QueenElizabeth_3H6,#DuchessOfYork_R3,5,4,1,79,139,17,79
#ClarencesDaughter_R3,#DuchessOfYork_R3,5,4,1,80,616,81,80
#Dorset_R3,#ClarencesDaughter_R3,4,4,1,80,616,81,80
#Dorset_R3,#DuchessOfYork_R3,4,4,1,80,616,81,80
#Dorset_R3,#QueenElizabeth_3H6,13,4,1,80,616,81,80
#Dorset_R3,#Stanley_R3,7,4,1,80,616,81,80
#LadyAnne_R3,#ClarencesDaughter_R3,2,4,1,80,616,81,80
#LadyAnne_R3,#Dorset_R3,2,4,1,80,616,81,80
#LadyAnne_R3,#DuchessOfYork_R3,2,4,1,80,616,81,80
#LadyAnne_R3,#QueenElizabeth_3H6,2,4,1,80,616,81,80
#LadyAnne_R3,#Stanley_R3,0,4,1,80,616,81,80
#QueenElizabeth_3H6,#ClarencesDaughter_R3,4,4,1,80,616,81,80
#QueenElizabeth_3H6,#DuchessOfYork_R3,6,4,1,80,616,81,80
#QueenElizabeth_3H6,#Stanley_R3,7,4,1,80,616,81,80
#Stanley_R3,#ClarencesDaughter_R3,1,4,1,80,616,81,80
#Stanley_R3,#DuchessOfYork_R3,1,4,1,80,616,81,80
#ATTENDANTS_R3,#ATTENDANTS.0.1_R3,0,4,2,81,197,28,81
#ATTENDANTS_R3,#Lovell_R3,6,4,2,81,197,28,81
#Buckingham_R3,#ATTENDANTS.0.1_R3,0,4,2,81,197,28,81
#Buckingham_R3,#ATTENDANTS_R3,9,4,2,81,197,28,81
#Buckingham_R3,#Catesby_R3,12,4,2,81,197,28,81
#Buckingham_R3,#Lovell_R3,6,4,2,81,197,28,81
#Buckingham_R3,#Ratcliffe_R3,10,4,2,81,197,28,81
#Catesby_R3,#ATTENDANTS.0.1_R3,0,4,2,81,197,28,81
#Catesby_R3,#ATTENDANTS_R3,5,4,2,81,197,28,81
#Catesby_R3,#Lovell_R3,0,4,2,81,197,28,81
#Catesby_R3,#Ratcliffe_R3,0,4,2,81,197,28,81
#Lovell_R3,#ATTENDANTS.0.1_R3,0,4,2,81,197,28,81
#Ratcliffe_R3,#ATTENDANTS.0.1_R3,0,4,2,81,197,28,81
#Ratcliffe_R3,#ATTENDANTS_R3,6,4,2,81,197,28,81
#Ratcliffe_R3,#Lovell_R3,10,4,2,81,197,28,81
#RichardIII_R3,#ATTENDANTS.0.1_R3,0,4,2,81,197,28,81
#RichardIII_R3,#ATTENDANTS_R3,8,4,2,81,197,28,81
#RichardIII_R3,#Buckingham_R3,27,4,2,81,197,28,81
#RichardIII_R3,#Catesby_R3,11,4,2,81,197,28,81
#RichardIII_R3,#Lovell_R3,6,4,2,81,197,28,81
#RichardIII_R3,#Ratcliffe_R3,10,4,2,81,197,28,81
#ATTENDANTS_R3,#ATTENDANTS.0.1_R3,1,4,2,82,99,16,82
#ATTENDANTS_R3,#Lovell_R3,7,4,2,82,99,16,82
#Catesby_R3,#ATTENDANTS.0.1_R3,1,4,2,82,99,16,82
#Catesby_R3,#ATTENDANTS_R3,6,4,2,82,99,16,82
#Catesby_R3,#Lovell_R3,1,4,2,82,99,16,82
#Catesby_R3,#Ratcliffe_R3,1,4,2,82,99,16,82
#Lovell_R3,#ATTENDANTS.0.1_R3,1,4,2,82,99,16,82
#Ratcliffe_R3,#ATTENDANTS.0.1_R3,1,4,2,82,99,16,82
#Ratcliffe_R3,#ATTENDANTS_R3,7,4,2,82,99,16,82
#Ratcliffe_R3,#Lovell_R3,11,4,2,82,99,16,82
#RichardIII_R3,#ATTENDANTS.0.1_R3,1,4,2,82,99,16,82
#RichardIII_R3,#ATTENDANTS_R3,9,4,2,82,99,16,82
#RichardIII_R3,#Catesby_R3,12,4,2,82,99,16,82
#RichardIII_R3,#Lovell_R3,7,4,2,82,99,16,82
#RichardIII_R3,#Ratcliffe_R3,11,4,2,82,99,16,82
#ATTENDANTS_R3,#Lovell_R3,8,4,2,83,32,4,83
#Catesby_R3,#ATTENDANTS_R3,7,4,2,83,32,4,83
#Catesby_R3,#Lovell_R3,2,4,2,83,32,4,83
#Catesby_R3,#Ratcliffe_R3,2,4,2,83,32,4,83
#Ratcliffe_R3,#ATTENDANTS_R3,8,4,2,83,32,4,83
#Ratcliffe_R3,#Lovell_R3,12,4,2,83,32,4,83
#RichardIII_R3,#ATTENDANTS_R3,10,4,2,83,32,4,83
#RichardIII_R3,#Catesby_R3,13,4,2,83,32,4,83
#RichardIII_R3,#Lovell_R3,8,4,2,83,32,4,83
#RichardIII_R3,#Ratcliffe_R3,12,4,2,83,32,4,83
#ATTENDANTS_R3,#Lovell_R3,9,4,2,84,109,14,84
#Catesby_R3,#ATTENDANTS_R3,8,4,2,84,109,14,84
#Catesby_R3,#Lovell_R3,3,4,2,84,109,14,84
#Catesby_R3,#Ratcliffe_R3,3,4,2,84,109,14,84
#Ratcliffe_R3,#ATTENDANTS_R3,9,4,2,84,109,14,84
#Ratcliffe_R3,#Lovell_R3,13,4,2,84,109,14,84
#RichardIII_R3,#ATTENDANTS_R3,11,4,2,84,109,14,84
#RichardIII_R3,#Catesby_R3,14,4,2,84,109,14,84
#RichardIII_R3,#Lovell_R3,9,4,2,84,109,14,84
#RichardIII_R3,#Ratcliffe_R3,13,4,2,84,109,14,84
#RichardIII_R3,#Stanley_R3,9,4,2,84,109,14,84
#Stanley_R3,#ATTENDANTS_R3,6,4,2,84,109,14,84
#Stanley_R3,#Catesby_R3,3,4,2,84,109,14,84
#Stanley_R3,#Lovell_R3,6,4,2,84,109,14,84
#Stanley_R3,#Ratcliffe_R3,8,4,2,84,109,14,84
#ATTENDANTS_R3,#Lovell_R3,10,4,2,85,48,6,85
#Ratcliffe_R3,#ATTENDANTS_R3,10,4,2,85,48,6,85
#Ratcliffe_R3,#Lovell_R3,14,4,2,85,48,6,85
#RichardIII_R3,#ATTENDANTS_R3,12,4,2,85,48,6,85
#RichardIII_R3,#Lovell_R3,10,4,2,85,48,6,85
#RichardIII_R3,#Ratcliffe_R3,14,4,2,85,48,6,85
#RichardIII_R3,#Stanley_R3,10,4,2,85,48,6,85
#Stanley_R3,#ATTENDANTS_R3,7,4,2,85,48,6,85
#Stanley_R3,#Lovell_R3,7,4,2,85,48,6,85
#Stanley_R3,#Ratcliffe_R3,9,4,2,85,48,6,85
#ATTENDANTS_R3,#Lovell_R3,11,4,2,86,132,17,86
#ATTENDANTS_R3,#Tyrrel_R3,0,4,2,86,132,17,86
#Lovell_R3,#Tyrrel_R3,0,4,2,86,132,17,86
#Ratcliffe_R3,#ATTENDANTS_R3,11,4,2,86,132,17,86
#Ratcliffe_R3,#Lovell_R3,15,4,2,86,132,17,86
#Ratcliffe_R3,#Tyrrel_R3,0,4,2,86,132,17,86
#RichardIII_R3,#ATTENDANTS_R3,13,4,2,86,132,17,86
#RichardIII_R3,#Lovell_R3,11,4,2,86,132,17,86
#RichardIII_R3,#Ratcliffe_R3,15,4,2,86,132,17,86
#RichardIII_R3,#Stanley_R3,11,4,2,86,132,17,86
#RichardIII_R3,#Tyrrel_R3,0,4,2,86,132,17,86
#Stanley_R3,#ATTENDANTS_R3,8,4,2,86,132,17,86
#Stanley_R3,#Lovell_R3,8,4,2,86,132,17,86
#Stanley_R3,#Ratcliffe_R3,10,4,2,86,132,17,86
#Stanley_R3,#Tyrrel_R3,0,4,2,86,132,17,86
#ATTENDANTS_R3,#Lovell_R3,12,4,2,87,270,38,87
#Buckingham_R3,#ATTENDANTS_R3,10,4,2,87,270,38,87
#Buckingham_R3,#Lovell_R3,7,4,2,87,270,38,87
#Buckingham_R3,#Ratcliffe_R3,11,4,2,87,270,38,87
#Buckingham_R3,#Stanley_R3,11,4,2,87,270,38,87
#Ratcliffe_R3,#ATTENDANTS_R3,12,4,2,87,270,38,87
#Ratcliffe_R3,#Lovell_R3,16,4,2,87,270,38,87
#RichardIII_R3,#ATTENDANTS_R3,14,4,2,87,270,38,87
#RichardIII_R3,#Buckingham_R3,28,4,2,87,270,38,87
#RichardIII_R3,#Lovell_R3,12,4,2,87,270,38,87
#RichardIII_R3,#Ratcliffe_R3,16,4,2,87,270,38,87
#RichardIII_R3,#Stanley_R3,12,4,2,87,270,38,87
#Stanley_R3,#ATTENDANTS_R3,9,4,2,87,270,38,87
#Stanley_R3,#Lovell_R3,9,4,2,87,270,38,87
#Stanley_R3,#Ratcliffe_R3,11,4,2,87,270,38,87
#RichardIII_R3,#Tyrrel_R3,1,4,3,90,108,16,90
#RichardIII_R3,#Ratcliffe_R3,17,4,3,92,99,14,92
#QueenElizabeth_3H6,#DuchessOfYork_R3,7,4,4,94,946,122,94
#QueenElizabeth_3H6,#QueenMargaret_1H6,1,4,4,94,946,122,94
#QueenMargaret_1H6,#DuchessOfYork_R3,0,4,4,94,946,122,94
#QueenElizabeth_3H6,#DuchessOfYork_R3,8,4,4,95,75,10,95
#Catesby_R3,#ATTENDANTS_R3,9,4,4,96,464,66,96
#Catesby_R3,#DuchessOfYork_R3,0,4,4,96,464,66,96
#DuchessOfYork_R3,#ATTENDANTS_R3,0,4,4,96,464,66,96
#QueenElizabeth_3H6,#ATTENDANTS_R3,0,4,4,96,464,66,96
#QueenElizabeth_3H6,#Catesby_R3,1,4,4,96,464,66,96
#QueenElizabeth_3H6,#DuchessOfYork_R3,9,4,4,96,464,66,96
#RichardIII_R3,#ATTENDANTS_R3,15,4,4,96,464,66,96
#RichardIII_R3,#Catesby_R3,15,4,4,96,464,66,96
#RichardIII_R3,#DuchessOfYork_R3,1,4,4,96,464,66,96
#RichardIII_R3,#QueenElizabeth_3H6,7,4,4,96,464,66,96
#Catesby_R3,#ATTENDANTS_R3,10,4,4,97,1880,248,97
#QueenElizabeth_3H6,#ATTENDANTS_R3,1,4,4,97,1880,248,97
#QueenElizabeth_3H6,#Catesby_R3,2,4,4,97,1880,248,97
#RichardIII_R3,#ATTENDANTS_R3,16,4,4,97,1880,248,97
#RichardIII_R3,#Catesby_R3,16,4,4,97,1880,248,97
#RichardIII_R3,#QueenElizabeth_3H6,8,4,4,97,1880,248,97
#Catesby_R3,#ATTENDANTS_R3,11,4,4,98,6,1,98
#RichardIII_R3,#ATTENDANTS_R3,17,4,4,98,6,1,98
#RichardIII_R3,#Catesby_R3,17,4,4,98,6,1,98
#Catesby_R3,#ATTENDANTS_R3,12,4,4,99,149,24,99
#Catesby_R3,#Ratcliffe_R3,4,4,4,99,149,24,99
#Ratcliffe_R3,#ATTENDANTS_R3,13,4,4,99,149,24,99
#RichardIII_R3,#ATTENDANTS_R3,18,4,4,99,149,24,99
#RichardIII_R3,#Catesby_R3,18,4,4,99,149,24,99
#RichardIII_R3,#Ratcliffe_R3,18,4,4,99,149,24,99
#Ratcliffe_R3,#ATTENDANTS_R3,14,4,4,100,31,4,100
#RichardIII_R3,#ATTENDANTS_R3,19,4,4,100,31,4,100
#RichardIII_R3,#Ratcliffe_R3,19,4,4,100,31,4,100
#Ratcliffe_R3,#ATTENDANTS_R3,15,4,4,101,343,44,101
#RichardIII_R3,#ATTENDANTS_R3,20,4,4,101,343,44,101
#RichardIII_R3,#Ratcliffe_R3,20,4,4,101,343,44,101
#RichardIII_R3,#Stanley_R3,13,4,4,101,343,44,101
#Stanley_R3,#ATTENDANTS_R3,10,4,4,101,343,44,101
#Stanley_R3,#Ratcliffe_R3,12,4,4,101,343,44,101
#ATTENDANTS_R3,#MESSENGERS.1_R3,0,4,4,102,33,5,102
#Ratcliffe_R3,#ATTENDANTS_R3,16,4,4,102,33,5,102
#Ratcliffe_R3,#MESSENGERS.1_R3,0,4,4,102,33,5,102
#RichardIII_R3,#ATTENDANTS_R3,21,4,4,102,33,5,102
#RichardIII_R3,#MESSENGERS.1_R3,0,4,4,102,33,5,102
#RichardIII_R3,#Ratcliffe_R3,21,4,4,102,33,5,102
#ATTENDANTS_R3,#MESSENGERS.1_R3,1,4,4,103,23,3,103
#ATTENDANTS_R3,#MESSENGERS.2_R3,0,4,4,103,23,3,103
#MESSENGERS.1_R3,#MESSENGERS.2_R3,0,4,4,103,23,3,103
#Ratcliffe_R3,#ATTENDANTS_R3,17,4,4,103,23,3,103
#Ratcliffe_R3,#MESSENGERS.1_R3,1,4,4,103,23,3,103
#Ratcliffe_R3,#MESSENGERS.2_R3,0,4,4,103,23,3,103
#RichardIII_R3,#ATTENDANTS_R3,22,4,4,103,23,3,103
#RichardIII_R3,#MESSENGERS.1_R3,1,4,4,103,23,3,103
#RichardIII_R3,#MESSENGERS.2_R3,0,4,4,103,23,3,103
#RichardIII_R3,#Ratcliffe_R3,22,4,4,103,23,3,103
#ATTENDANTS_R3,#MESSENGERS.1_R3,2,4,4,104,92,13,104
#ATTENDANTS_R3,#MESSENGERS.2_R3,1,4,4,104,92,13,104
#ATTENDANTS_R3,#MESSENGERS.3_R3,0,4,4,104,92,13,104
#MESSENGERS.1_R3,#MESSENGERS.2_R3,1,4,4,104,92,13,104
#MESSENGERS.1_R3,#MESSENGERS.3_R3,0,4,4,104,92,13,104
#MESSENGERS.2_R3,#MESSENGERS.3_R3,0,4,4,104,92,13,104
#Ratcliffe_R3,#ATTENDANTS_R3,18,4,4,104,92,13,104
#Ratcliffe_R3,#MESSENGERS.1_R3,2,4,4,104,92,13,104
#Ratcliffe_R3,#MESSENGERS.2_R3,1,4,4,104,92,13,104
#Ratcliffe_R3,#MESSENGERS.3_R3,0,4,4,104,92,13,104
#RichardIII_R3,#ATTENDANTS_R3,23,4,4,104,92,13,104
#RichardIII_R3,#MESSENGERS.1_R3,2,4,4,104,92,13,104
#RichardIII_R3,#MESSENGERS.2_R3,1,4,4,104,92,13,104
#RichardIII_R3,#MESSENGERS.3_R3,0,4,4,104,92,13,104
#RichardIII_R3,#Ratcliffe_R3,23,4,4,104,92,13,104
#ATTENDANTS_R3,#MESSENGERS.1_R3,3,4,4,105,104,13,105
#ATTENDANTS_R3,#MESSENGERS.2_R3,2,4,4,105,104,13,105
#ATTENDANTS_R3,#MESSENGERS.3_R3,1,4,4,105,104,13,105
#ATTENDANTS_R3,#MESSENGERS.4_R3,0,4,4,105,104,13,105
#MESSENGERS.1_R3,#MESSENGERS.2_R3,2,4,4,105,104,13,105
#MESSENGERS.1_R3,#MESSENGERS.3_R3,1,4,4,105,104,13,105
#MESSENGERS.1_R3,#MESSENGERS.4_R3,0,4,4,105,104,13,105
#MESSENGERS.2_R3,#MESSENGERS.3_R3,1,4,4,105,104,13,105
#MESSENGERS.2_R3,#MESSENGERS.4_R3,0,4,4,105,104,13,105
#MESSENGERS.3_R3,#MESSENGERS.4_R3,0,4,4,105,104,13,105
#Ratcliffe_R3,#ATTENDANTS_R3,19,4,4,105,104,13,105
#Ratcliffe_R3,#MESSENGERS.1_R3,3,4,4,105,104,13,105
#Ratcliffe_R3,#MESSENGERS.2_R3,2,4,4,105,104,13,105
#Ratcliffe_R3,#MESSENGERS.3_R3,1,4,4,105,104,13,105
#Ratcliffe_R3,#MESSENGERS.4_R3,0,4,4,105,104,13,105
#RichardIII_R3,#ATTENDANTS_R3,24,4,4,105,104,13,105
#RichardIII_R3,#MESSENGERS.1_R3,3,4,4,105,104,13,105
#RichardIII_R3,#MESSENGERS.2_R3,2,4,4,105,104,13,105
#RichardIII_R3,#MESSENGERS.3_R3,1,4,4,105,104,13,105
#RichardIII_R3,#MESSENGERS.4_R3,0,4,4,105,104,13,105
#RichardIII_R3,#Ratcliffe_R3,24,4,4,105,104,13,105
#ATTENDANTS_R3,#MESSENGERS.1_R3,4,4,4,106,63,8,106
#ATTENDANTS_R3,#MESSENGERS.2_R3,3,4,4,106,63,8,106
#ATTENDANTS_R3,#MESSENGERS.3_R3,2,4,4,106,63,8,106
#ATTENDANTS_R3,#MESSENGERS.4_R3,1,4,4,106,63,8,106
#Catesby_R3,#ATTENDANTS_R3,13,4,4,106,63,8,106
#Catesby_R3,#MESSENGERS.1_R3,0,4,4,106,63,8,106
#Catesby_R3,#MESSENGERS.2_R3,0,4,4,106,63,8,106
#Catesby_R3,#MESSENGERS.3_R3,0,4,4,106,63,8,106
#Catesby_R3,#MESSENGERS.4_R3,0,4,4,106,63,8,106
#Catesby_R3,#Ratcliffe_R3,5,4,4,106,63,8,106
#MESSENGERS.1_R3,#MESSENGERS.2_R3,3,4,4,106,63,8,106
#MESSENGERS.1_R3,#MESSENGERS.3_R3,2,4,4,106,63,8,106
#MESSENGERS.1_R3,#MESSENGERS.4_R3,1,4,4,106,63,8,106
#MESSENGERS.2_R3,#MESSENGERS.3_R3,2,4,4,106,63,8,106
#MESSENGERS.2_R3,#MESSENGERS.4_R3,1,4,4,106,63,8,106
#MESSENGERS.3_R3,#MESSENGERS.4_R3,1,4,4,106,63,8,106
#Ratcliffe_R3,#ATTENDANTS_R3,20,4,4,106,63,8,106
#Ratcliffe_R3,#MESSENGERS.1_R3,4,4,4,106,63,8,106
#Ratcliffe_R3,#MESSENGERS.2_R3,3,4,4,106,63,8,106
#Ratcliffe_R3,#MESSENGERS.3_R3,2,4,4,106,63,8,106
#Ratcliffe_R3,#MESSENGERS.4_R3,1,4,4,106,63,8,106
#RichardIII_R3,#ATTENDANTS_R3,25,4,4,106,63,8,106
#RichardIII_R3,#Catesby_R3,19,4,4,106,63,8,106
#RichardIII_R3,#MESSENGERS.1_R3,4,4,4,106,63,8,106
#RichardIII_R3,#MESSENGERS.2_R3,3,4,4,106,63,8,106
#RichardIII_R3,#MESSENGERS.3_R3,2,4,4,106,63,8,106
#RichardIII_R3,#MESSENGERS.4_R3,1,4,4,106,63,8,106
#RichardIII_R3,#Ratcliffe_R3,25,4,4,106,63,8,106
#Stanley_R3,#SirChristopher_R3,0,4,5,107,157,21,107
#Buckingham_R3,#Sheriff_R3,0,5,1,108,228,30,108
#GUARDS_R3,#Buckingham_R3,0,5,1,108,228,30,108
#GUARDS_R3,#Sheriff_R3,0,5,1,108,228,30,108
#Blunt_R3,#HenryVII_R3,0,5,2,109,189,25,109
#Blunt_R3,#Herbert_R3,0,5,2,109,189,25,109
#Blunt_R3,#Oxford_3H6,0,5,2,109,189,25,109
#Blunt_R3,#SOLDIERS.RICHMOND_R3,0,5,2,109,189,25,109
#HenryVII_R3,#Herbert_R3,0,5,2,109,189,25,109
#HenryVII_R3,#Oxford_3H6,0,5,2,109,189,25,109
#HenryVII_R3,#SOLDIERS.RICHMOND_R3,0,5,2,109,189,25,109
#Herbert_R3,#Oxford_3H6,0,5,2,109,189,25,109
#Herbert_R3,#SOLDIERS.RICHMOND_R3,0,5,2,109,189,25,109
#Oxford_3H6,#SOLDIERS.RICHMOND_R3,0,5,2,109,189,25,109
#Norfolk_R3,#SOLDIERS.RICHARD_R3,0,5,3,110,144,19,110
#Norfolk_R3,#Surrey_R3,0,5,3,110,144,19,110
#Ratcliffe_R3,#Norfolk_R3,6,5,3,110,144,19,110
#Ratcliffe_R3,#SOLDIERS.RICHARD_R3,0,5,3,110,144,19,110
#Ratcliffe_R3,#Surrey_R3,0,5,3,110,144,19,110
#RichardIII_R3,#Norfolk_R3,3,5,3,110,144,19,110
#RichardIII_R3,#Ratcliffe_R3,26,5,3,110,144,19,110
#RichardIII_R3,#SOLDIERS.RICHARD_R3,0,5,3,110,144,19,110
#RichardIII_R3,#Surrey_R3,0,5,3,110,144,19,110
#SOLDIERS.RICHARD_R3,#Surrey_R3,0,5,3,110,144,19,110
#Blunt_R3,#Brandon_R3,0,5,3,111,208,27,111
#Blunt_R3,#HenryVII_R3,1,5,3,111,208,27,111
#Blunt_R3,#Herbert_R3,1,5,3,111,208,27,111
#Blunt_R3,#Oxford_3H6,1,5,3,111,208,27,111
#Blunt_R3,#SOLDIERS.RICHMOND_R3,1,5,3,111,208,27,111
#Dorset_R3,#Blunt_R3,0,5,3,111,208,27,111
#Dorset_R3,#Brandon_R3,0,5,3,111,208,27,111
#Dorset_R3,#HenryVII_R3,0,5,3,111,208,27,111
#Dorset_R3,#Herbert_R3,0,5,3,111,208,27,111
#Dorset_R3,#Oxford_3H6,0,5,3,111,208,27,111
#Dorset_R3,#SOLDIERS.RICHMOND_R3,0,5,3,111,208,27,111
#HenryVII_R3,#Brandon_R3,0,5,3,111,208,27,111
#HenryVII_R3,#Herbert_R3,1,5,3,111,208,27,111
#HenryVII_R3,#Oxford_3H6,1,5,3,111,208,27,111
#HenryVII_R3,#SOLDIERS.RICHMOND_R3,1,5,3,111,208,27,111
#Herbert_R3,#Brandon_R3,0,5,3,111,208,27,111
#Herbert_R3,#Oxford_3H6,1,5,3,111,208,27,111
#Herbert_R3,#SOLDIERS.RICHMOND_R3,1,5,3,111,208,27,111
#Oxford_3H6,#Brandon_R3,0,5,3,111,208,27,111
#Oxford_3H6,#SOLDIERS.RICHMOND_R3,1,5,3,111,208,27,111
#SOLDIERS.RICHMOND_R3,#Brandon_R3,0,5,3,111,208,27,111
#Dorset_R3,#Brandon_R3,1,5,3,112,17,3,112
#Dorset_R3,#HenryVII_R3,1,5,3,112,17,3,112
#Dorset_R3,#Herbert_R3,1,5,3,112,17,3,112
#Dorset_R3,#Oxford_3H6,1,5,3,112,17,3,112
#Dorset_R3,#SOLDIERS.RICHMOND_R3,1,5,3,112,17,3,112
#HenryVII_R3,#Brandon_R3,1,5,3,112,17,3,112
#HenryVII_R3,#Herbert_R3,2,5,3,112,17,3,112
#HenryVII_R3,#Oxford_3H6,2,5,3,112,17,3,112
#HenryVII_R3,#SOLDIERS.RICHMOND_R3,2,5,3,112,17,3,112
#Herbert_R3,#Brandon_R3,1,5,3,112,17,3,112
#Herbert_R3,#Oxford_3H6,2,5,3,112,17,3,112
#Herbert_R3,#SOLDIERS.RICHMOND_R3,2,5,3,112,17,3,112
#Oxford_3H6,#Brandon_R3,1,5,3,112,17,3,112
#Oxford_3H6,#SOLDIERS.RICHMOND_R3,2,5,3,112,17,3,112
#SOLDIERS.RICHMOND_R3,#Brandon_R3,1,5,3,112,17,3,112
#Catesby_R3,#Brandon_R3,0,5,3,113,77,11,113
#Catesby_R3,#HenryVII_R3,0,5,3,113,77,11,113
#Catesby_R3,#Herbert_R3,0,5,3,113,77,11,113
#Catesby_R3,#Norfolk_R3,0,5,3,113,77,11,113
#Catesby_R3,#Oxford_3H6,0,5,3,113,77,11,113
#Catesby_R3,#Ratcliffe_R3,6,5,3,113,77,11,113
#Catesby_R3,#SOLDIERS.RICHARD_R3,0,5,3,113,77,11,113
#Dorset_R3,#Brandon_R3,2,5,3,113,77,11,113
#Dorset_R3,#Catesby_R3,1,5,3,113,77,11,113
#Dorset_R3,#HenryVII_R3,2,5,3,113,77,11,113
#Dorset_R3,#Herbert_R3,2,5,3,113,77,11,113
#Dorset_R3,#Norfolk_R3,0,5,3,113,77,11,113
#Dorset_R3,#Oxford_3H6,2,5,3,113,77,11,113
#Dorset_R3,#Ratcliffe_R3,3,5,3,113,77,11,113
#Dorset_R3,#SOLDIERS.RICHARD_R3,0,5,3,113,77,11,113
#HenryVII_R3,#Brandon_R3,2,5,3,113,77,11,113
#HenryVII_R3,#Herbert_R3,3,5,3,113,77,11,113
#HenryVII_R3,#Oxford_3H6,3,5,3,113,77,11,113
#HenryVII_R3,#SOLDIERS.RICHARD_R3,0,5,3,113,77,11,113
#Herbert_R3,#Brandon_R3,2,5,3,113,77,11,113
#Herbert_R3,#Oxford_3H6,3,5,3,113,77,11,113
#Herbert_R3,#SOLDIERS.RICHARD_R3,0,5,3,113,77,11,113
#Norfolk_R3,#Brandon_R3,0,5,3,113,77,11,113
#Norfolk_R3,#HenryVII_R3,0,5,3,113,77,11,113
#Norfolk_R3,#Herbert_R3,0,5,3,113,77,11,113
#Norfolk_R3,#Oxford_3H6,0,5,3,113,77,11,113
#Norfolk_R3,#SOLDIERS.RICHARD_R3,1,5,3,113,77,11,113
#Oxford_3H6,#Brandon_R3,2,5,3,113,77,11,113
#Oxford_3H6,#SOLDIERS.RICHARD_R3,0,5,3,113,77,11,113
#Ratcliffe_R3,#Brandon_R3,0,5,3,113,77,11,113
#Ratcliffe_R3,#HenryVII_R3,0,5,3,113,77,11,113
#Ratcliffe_R3,#Herbert_R3,0,5,3,113,77,11,113
#Ratcliffe_R3,#Norfolk_R3,7,5,3,113,77,11,113
#Ratcliffe_R3,#Oxford_3H6,0,5,3,113,77,11,113
#Ratcliffe_R3,#SOLDIERS.RICHARD_R3,1,5,3,113,77,11,113
#RichardIII_R3,#Brandon_R3,0,5,3,113,77,11,113
#RichardIII_R3,#Catesby_R3,20,5,3,113,77,11,113
#RichardIII_R3,#Dorset_R3,7,5,3,113,77,11,113
#RichardIII_R3,#HenryVII_R3,0,5,3,113,77,11,113
#RichardIII_R3,#Herbert_R3,0,5,3,113,77,11,113
#RichardIII_R3,#Norfolk_R3,4,5,3,113,77,11,113
#RichardIII_R3,#Oxford_3H6,0,5,3,113,77,11,113
#RichardIII_R3,#Ratcliffe_R3,27,5,3,113,77,11,113
#RichardIII_R3,#SOLDIERS.RICHARD_R3,1,5,3,113,77,11,113
#SOLDIERS.RICHARD_R3,#Brandon_R3,0,5,3,113,77,11,113
#Catesby_R3,#Brandon_R3,1,5,3,114,29,6,114
#Catesby_R3,#HenryVII_R3,1,5,3,114,29,6,114
#Catesby_R3,#Herbert_R3,1,5,3,114,29,6,114
#Catesby_R3,#Oxford_3H6,1,5,3,114,29,6,114
#Catesby_R3,#Ratcliffe_R3,7,5,3,114,29,6,114
#Catesby_R3,#SOLDIERS.RICHARD_R3,1,5,3,114,29,6,114
#Dorset_R3,#Brandon_R3,3,5,3,114,29,6,114
#Dorset_R3,#Catesby_R3,2,5,3,114,29,6,114
#Dorset_R3,#HenryVII_R3,3,5,3,114,29,6,114
#Dorset_R3,#Herbert_R3,3,5,3,114,29,6,114
#Dorset_R3,#Oxford_3H6,3,5,3,114,29,6,114
#Dorset_R3,#Ratcliffe_R3,4,5,3,114,29,6,114
#Dorset_R3,#SOLDIERS.RICHARD_R3,1,5,3,114,29,6,114
#HenryVII_R3,#Brandon_R3,3,5,3,114,29,6,114
#HenryVII_R3,#Herbert_R3,4,5,3,114,29,6,114
#HenryVII_R3,#Oxford_3H6,4,5,3,114,29,6,114
#HenryVII_R3,#SOLDIERS.RICHARD_R3,1,5,3,114,29,6,114
#Herbert_R3,#Brandon_R3,3,5,3,114,29,6,114
#Herbert_R3,#Oxford_3H6,4,5,3,114,29,6,114
#Herbert_R3,#SOLDIERS.RICHARD_R3,1,5,3,114,29,6,114
#Oxford_3H6,#Brandon_R3,3,5,3,114,29,6,114
#Oxford_3H6,#SOLDIERS.RICHARD_R3,1,5,3,114,29,6,114
#Ratcliffe_R3,#Brandon_R3,1,5,3,114,29,6,114
#Ratcliffe_R3,#HenryVII_R3,1,5,3,114,29,6,114
#Ratcliffe_R3,#Herbert_R3,1,5,3,114,29,6,114
#Ratcliffe_R3,#Oxford_3H6,1,5,3,114,29,6,114
#Ratcliffe_R3,#SOLDIERS.RICHARD_R3,2,5,3,114,29,6,114
#RichardIII_R3,#Brandon_R3,1,5,3,114,29,6,114
#RichardIII_R3,#Catesby_R3,21,5,3,114,29,6,114
#RichardIII_R3,#Dorset_R3,8,5,3,114,29,6,114
#RichardIII_R3,#HenryVII_R3,1,5,3,114,29,6,114
#RichardIII_R3,#Herbert_R3,1,5,3,114,29,6,114
#RichardIII_R3,#Oxford_3H6,1,5,3,114,29,6,114
#RichardIII_R3,#Ratcliffe_R3,28,5,3,114,29,6,114
#RichardIII_R3,#SOLDIERS.RICHARD_R3,2,5,3,114,29,6,114
#SOLDIERS.RICHARD_R3,#Brandon_R3,1,5,3,114,29,6,114
#Dorset_R3,#Brandon_R3,4,5,3,115,123,18,115
#Dorset_R3,#HenryVII_R3,4,5,3,115,123,18,115
#Dorset_R3,#Herbert_R3,4,5,3,115,123,18,115
#Dorset_R3,#Oxford_3H6,4,5,3,115,123,18,115
#Dorset_R3,#Ratcliffe_R3,5,5,3,115,123,18,115
#Dorset_R3,#SOLDIERS.RICHARD_R3,2,5,3,115,123,18,115
#HenryVII_R3,#Brandon_R3,4,5,3,115,123,18,115
#HenryVII_R3,#Herbert_R3,5,5,3,115,123,18,115
#HenryVII_R3,#Oxford_3H6,5,5,3,115,123,18,115
#HenryVII_R3,#SOLDIERS.RICHARD_R3,2,5,3,115,123,18,115
#Herbert_R3,#Brandon_R3,4,5,3,115,123,18,115
#Herbert_R3,#Oxford_3H6,5,5,3,115,123,18,115
#Herbert_R3,#SOLDIERS.RICHARD_R3,2,5,3,115,123,18,115
#Oxford_3H6,#Brandon_R3,4,5,3,115,123,18,115
#Oxford_3H6,#SOLDIERS.RICHARD_R3,2,5,3,115,123,18,115
#Ratcliffe_R3,#Brandon_R3,2,5,3,115,123,18,115
#Ratcliffe_R3,#HenryVII_R3,2,5,3,115,123,18,115
#Ratcliffe_R3,#Herbert_R3,2,5,3,115,123,18,115
#Ratcliffe_R3,#Oxford_3H6,2,5,3,115,123,18,115
#Ratcliffe_R3,#SOLDIERS.RICHARD_R3,3,5,3,115,123,18,115
#RichardIII_R3,#Brandon_R3,2,5,3,115,123,18,115
#RichardIII_R3,#Dorset_R3,9,5,3,115,123,18,115
#RichardIII_R3,#HenryVII_R3,2,5,3,115,123,18,115
#RichardIII_R3,#Herbert_R3,2,5,3,115,123,18,115
#RichardIII_R3,#Oxford_3H6,2,5,3,115,123,18,115
#RichardIII_R3,#Ratcliffe_R3,29,5,3,115,123,18,115
#RichardIII_R3,#SOLDIERS.RICHARD_R3,3,5,3,115,123,18,115
#SOLDIERS.RICHARD_R3,#Brandon_R3,2,5,3,115,123,18,115
#Dorset_R3,#Brandon_R3,5,5,3,116,218,29,116
#Dorset_R3,#HenryVII_R3,5,5,3,116,218,29,116
#Dorset_R3,#Herbert_R3,5,5,3,116,218,29,116
#Dorset_R3,#Oxford_3H6,5,5,3,116,218,29,116
#Dorset_R3,#SOLDIERS.RICHARD_R3,3,5,3,116,218,29,116
#Dorset_R3,#Stanley_R3,8,5,3,116,218,29,116
#HenryVII_R3,#Brandon_R3,5,5,3,116,218,29,116
#HenryVII_R3,#Herbert_R3,6,5,3,116,218,29,116
#HenryVII_R3,#Oxford_3H6,6,5,3,116,218,29,116
#HenryVII_R3,#SOLDIERS.RICHARD_R3,3,5,3,116,218,29,116
#Herbert_R3,#Brandon_R3,5,5,3,116,218,29,116
#Herbert_R3,#Oxford_3H6,6,5,3,116,218,29,116
#Herbert_R3,#SOLDIERS.RICHARD_R3,3,5,3,116,218,29,116
#Oxford_3H6,#Brandon_R3,5,5,3,116,218,29,116
#Oxford_3H6,#SOLDIERS.RICHARD_R3,3,5,3,116,218,29,116
#RichardIII_R3,#Brandon_R3,3,5,3,116,218,29,116
#RichardIII_R3,#Dorset_R3,10,5,3,116,218,29,116
#RichardIII_R3,#HenryVII_R3,3,5,3,116,218,29,116
#RichardIII_R3,#Herbert_R3,3,5,3,116,218,29,116
#RichardIII_R3,#Oxford_3H6,3,5,3,116,218,29,116
#RichardIII_R3,#SOLDIERS.RICHARD_R3,4,5,3,116,218,29,116
#RichardIII_R3,#Stanley_R3,14,5,3,116,218,29,116
#SOLDIERS.RICHARD_R3,#Brandon_R3,3,5,3,116,218,29,116
#Stanley_R3,#Brandon_R3,0,5,3,116,218,29,116
#Stanley_R3,#HenryVII_R3,0,5,3,116,218,29,116
#Stanley_R3,#Herbert_R3,0,5,3,116,218,29,116
#Stanley_R3,#Oxford_3H6,0,5,3,116,218,29,116
#Stanley_R3,#SOLDIERS.RICHARD_R3,0,5,3,116,218,29,116
#HenryVII_R3,#SOLDIERS.RICHARD_R3,4,5,3,117,77,10,117
#RichardIII_R3,#HenryVII_R3,4,5,3,117,77,10,117
#RichardIII_R3,#SOLDIERS.RICHARD_R3,5,5,3,117,77,10,117
#HenryVII_R3,#PrinceEdward_3H6,0,5,3,118,44,8,118
#HenryVII_R3,#SOLDIERS.RICHARD_R3,5,5,3,118,44,8,118
#RichardIII_R3,#HenryVII_R3,5,5,3,118,44,8,118
#RichardIII_R3,#PrinceEdward_3H6,0,5,3,118,44,8,118
#RichardIII_R3,#SOLDIERS.RICHARD_R3,6,5,3,118,44,8,118
#SOLDIERS.RICHARD_R3,#PrinceEdward_3H6,0,5,3,118,44,8,118
#HenryVII_R3,#SOLDIERS.RICHARD_R3,6,5,3,119,54,7,119
#HenryVI_1H6,#HenryVII_R3,0,5,3,119,54,7,119
#HenryVI_1H6,#SOLDIERS.RICHARD_R3,0,5,3,119,54,7,119
#RichardIII_R3,#HenryVII_R3,6,5,3,119,54,7,119
#RichardIII_R3,#HenryVI_1H6,3,5,3,119,54,7,119
#RichardIII_R3,#SOLDIERS.RICHARD_R3,7,5,3,119,54,7,119
#Clarence_3H6,#HenryVII_R3,0,5,3,120,64,9,120
#Clarence_3H6,#RichardIII_R3,1,5,3,120,64,9,120
#Clarence_3H6,#SOLDIERS.RICHARD_R3,0,5,3,120,64,9,120
#HenryVII_R3,#SOLDIERS.RICHARD_R3,7,5,3,120,64,9,120
#RichardIII_R3,#HenryVII_R3,7,5,3,120,64,9,120
#RichardIII_R3,#SOLDIERS.RICHARD_R3,8,5,3,120,64,9,120
#Grey_R3,#HenryVII_R3,0,5,3,121,54,7,121
#Grey_R3,#Rivers_3H6,10,5,3,121,54,7,121
#Grey_R3,#SOLDIERS.RICHARD_R3,0,5,3,121,54,7,121
#Grey_R3,#Vaughan_R3,1,5,3,121,54,7,121
#HenryVII_R3,#SOLDIERS.RICHARD_R3,8,5,3,121,54,7,121
#RichardIII_R3,#Grey_R3,6,5,3,121,54,7,121
#RichardIII_R3,#HenryVII_R3,8,5,3,121,54,7,121
#RichardIII_R3,#Rivers_3H6,7,5,3,121,54,7,121
#RichardIII_R3,#SOLDIERS.RICHARD_R3,9,5,3,121,54,7,121
#RichardIII_R3,#Vaughan_R3,0,5,3,121,54,7,121
#Rivers_3H6,#HenryVII_R3,0,5,3,121,54,7,121
#Rivers_3H6,#SOLDIERS.RICHARD_R3,0,5,3,121,54,7,121
#Rivers_3H6,#Vaughan_R3,1,5,3,121,54,7,121
#Vaughan_R3,#HenryVII_R3,0,5,3,121,54,7,121
#Vaughan_R3,#SOLDIERS.RICHARD_R3,0,5,3,121,54,7,121
#EdwardV_R3,#HenryVII_R3,0,5,3,122,65,9,122
#EdwardV_R3,#SOLDIERS.RICHARD_R3,0,5,3,122,65,9,122
#HenryVII_R3,#SOLDIERS.RICHARD_R3,9,5,3,122,65,9,122
#RichardIII_R3,#EdwardV_R3,5,5,3,122,65,9,122
#RichardIII_R3,#HenryVII_R3,9,5,3,122,65,9,122
#RichardIII_R3,#SOLDIERS.RICHARD_R3,10,5,3,122,65,9,122
#RichardIII_R3,#York_R3,1,5,3,122,65,9,122
#York_R3,#EdwardV_R3,1,5,3,122,65,9,122
#York_R3,#HenryVII_R3,0,5,3,122,65,9,122
#York_R3,#SOLDIERS.RICHARD_R3,0,5,3,122,65,9,122
#Hastings_3H6,#HenryVII_R3,0,5,3,123,33,5,123
#Hastings_3H6,#SOLDIERS.RICHARD_R3,0,5,3,123,33,5,123
#HenryVII_R3,#SOLDIERS.RICHARD_R3,10,5,3,123,33,5,123
#RichardIII_R3,#Hastings_3H6,13,5,3,123,33,5,123
#RichardIII_R3,#HenryVII_R3,10,5,3,123,33,5,123
#RichardIII_R3,#SOLDIERS.RICHARD_R3,11,5,3,123,33,5,123
#HenryVII_R3,#SOLDIERS.RICHARD_R3,11,5,3,124,58,9,124
#LadyAnne_R3,#HenryVII_R3,0,5,3,124,58,9,124
#LadyAnne_R3,#SOLDIERS.RICHARD_R3,0,5,3,124,58,9,124
#RichardIII_R3,#HenryVII_R3,11,5,3,124,58,9,124
#RichardIII_R3,#LadyAnne_R3,2,5,3,124,58,9,124
#RichardIII_R3,#SOLDIERS.RICHARD_R3,12,5,3,124,58,9,124
#Buckingham_R3,#HenryVII_R3,0,5,3,125,83,11,125
#Buckingham_R3,#SOLDIERS.RICHARD_R3,0,5,3,125,83,11,125
#HenryVII_R3,#SOLDIERS.RICHARD_R3,12,5,3,125,83,11,125
#RichardIII_R3,#Buckingham_R3,29,5,3,125,83,11,125
#RichardIII_R3,#HenryVII_R3,12,5,3,125,83,11,125
#RichardIII_R3,#SOLDIERS.RICHARD_R3,13,5,3,125,83,11,125
#HenryVII_R3,#SOLDIERS.RICHARD_R3,13,5,3,126,239,30,126
#RichardIII_R3,#HenryVII_R3,13,5,3,126,239,30,126
#RichardIII_R3,#SOLDIERS.RICHARD_R3,14,5,3,126,239,30,126
#HenryVII_R3,#SOLDIERS.RICHARD_R3,14,5,3,127,123,17,127
#Ratcliffe_R3,#HenryVII_R3,3,5,3,127,123,17,127
#Ratcliffe_R3,#SOLDIERS.RICHARD_R3,4,5,3,127,123,17,127
#RichardIII_R3,#HenryVII_R3,14,5,3,127,123,17,127
#RichardIII_R3,#Ratcliffe_R3,30,5,3,127,123,17,127
#RichardIII_R3,#SOLDIERS.RICHARD_R3,15,5,3,127,123,17,127
#HenryVII_R3,#ATTENDANTS.RICHMOND_R3,0,5,3,128,17,3,128
#ATTENDANTS.RICHMOND_R3,#ATTENDANTS.RICHMOND.0.1_R3,0,5,3,129,358,47,129
#HenryVII_R3,#ATTENDANTS.RICHMOND.0.1_R3,0,5,3,129,358,47,129
#HenryVII_R3,#ATTENDANTS.RICHMOND_R3,1,5,3,129,358,47,129
#Ratcliffe_R3,#ATTENDANTS.RICHMOND.0.1_R3,0,5,3,130,138,19,130
#Ratcliffe_R3,#SOLDIERS.RICHARD_R3,5,5,3,130,138,19,130
#RichardIII_R3,#ATTENDANTS.RICHMOND.0.1_R3,0,5,3,130,138,19,130
#RichardIII_R3,#Ratcliffe_R3,31,5,3,130,138,19,130
#RichardIII_R3,#SOLDIERS.RICHARD_R3,16,5,3,130,138,19,130
#SOLDIERS.RICHARD_R3,#ATTENDANTS.RICHMOND.0.1_R3,0,5,3,130,138,19,130
#Norfolk_R3,#ATTENDANTS.RICHMOND.0.1_R3,0,5,3,131,430,59,131
#Norfolk_R3,#SOLDIERS.RICHARD_R3,2,5,3,131,430,59,131
#Ratcliffe_R3,#ATTENDANTS.RICHMOND.0.1_R3,1,5,3,131,430,59,131
#Ratcliffe_R3,#Norfolk_R3,8,5,3,131,430,59,131
#Ratcliffe_R3,#SOLDIERS.RICHARD_R3,6,5,3,131,430,59,131
#RichardIII_R3,#ATTENDANTS.RICHMOND.0.1_R3,1,5,3,131,430,59,131
#RichardIII_R3,#Norfolk_R3,5,5,3,131,430,59,131
#RichardIII_R3,#Ratcliffe_R3,32,5,3,131,430,59,131
#RichardIII_R3,#SOLDIERS.RICHARD_R3,17,5,3,131,430,59,131
#SOLDIERS.RICHARD_R3,#ATTENDANTS.RICHMOND.0.1_R3,1,5,3,131,430,59,131
#ATTENDANTS.RICHMOND.0.1_R3,#MESSENGERS.X.3_R3,0,5,3,132,75,10,132
#Norfolk_R3,#ATTENDANTS.RICHMOND.0.1_R3,1,5,3,132,75,10,132
#Norfolk_R3,#MESSENGERS.X.3_R3,0,5,3,132,75,10,132
#Norfolk_R3,#SOLDIERS.RICHARD_R3,3,5,3,132,75,10,132
#Ratcliffe_R3,#ATTENDANTS.RICHMOND.0.1_R3,2,5,3,132,75,10,132
#Ratcliffe_R3,#MESSENGERS.X.3_R3,0,5,3,132,75,10,132
#Ratcliffe_R3,#Norfolk_R3,9,5,3,132,75,10,132
#Ratcliffe_R3,#SOLDIERS.RICHARD_R3,7,5,3,132,75,10,132
#RichardIII_R3,#ATTENDANTS.RICHMOND.0.1_R3,2,5,3,132,75,10,132
#RichardIII_R3,#MESSENGERS.X.3_R3,0,5,3,132,75,10,132
#RichardIII_R3,#Norfolk_R3,6,5,3,132,75,10,132
#RichardIII_R3,#Ratcliffe_R3,33,5,3,132,75,10,132
#RichardIII_R3,#SOLDIERS.RICHARD_R3,18,5,3,132,75,10,132
#SOLDIERS.RICHARD_R3,#ATTENDANTS.RICHMOND.0.1_R3,2,5,3,132,75,10,132
#SOLDIERS.RICHARD_R3,#MESSENGERS.X.3_R3,0,5,3,132,75,10,132
#Catesby_R3,#Norfolk_R3,1,5,4,133,48,6,133
#Catesby_R3,#SOLDIERS.RICHARD_R3,2,5,4,133,48,6,133
#Norfolk_R3,#SOLDIERS.RICHARD_R3,4,5,4,133,48,6,133
#RichardIII_R3,#Catesby_R3,22,5,4,134,62,7,134
#HenryVII_R3,#ATTENDANTS.RICHMOND_R3,2,5,5,135,315,41,135
#HenryVII_R3,#SOLDIERS.RICHMOND_R3,3,5,5,135,315,41,135
#SOLDIERS.RICHMOND_R3,#ATTENDANTS.RICHMOND_R3,0,5,5,135,315,41,135
#Stanley_R3,#ATTENDANTS.RICHMOND_R3,0,5,5,135,315,41,135
#Stanley_R3,#HenryVII_R3,1,5,5,135,315,41,135
#Stanley_R3,#SOLDIERS.RICHMOND_R3,0,5,5,135,315,41,135
