node1,node2,key,act,scene,stagegroup,n_tokens,n_lines,edge_index
#ATTENDANTS_R2,#Gaunt_R2,0,1,1,1,145,20,1
#ATTENDANTS_R2,#LORDS_R2,0,1,1,1,145,20,1
#ATTENDANTS_R2,#RichardII_R2,0,1,1,1,145,20,1
#Gaunt_R2,#LORDS_R2,0,1,1,1,145,20,1
#Gaunt_R2,#RichardII_R2,0,1,1,1,145,20,1
#LORDS_R2,#RichardII_R2,0,1,1,1,145,20,1
#ATTENDANTS_R2,#Gaunt_R2,1,1,1,2,1454,191,2
#ATTENDANTS_R2,#HenryIV_1H4,0,1,1,2,1454,191,2
#ATTENDANTS_R2,#LORDS_R2,1,1,1,2,1454,191,2
#ATTENDANTS_R2,#Mowbray_R2,0,1,1,2,1454,191,2
#ATTENDANTS_R2,#RichardII_R2,1,1,1,2,1454,191,2
#Gaunt_R2,#HenryIV_1H4,0,1,1,2,1454,191,2
#Gaunt_R2,#LORDS_R2,1,1,1,2,1454,191,2
#Gaunt_R2,#Mowbray_R2,0,1,1,2,1454,191,2
#Gaunt_R2,#RichardII_R2,1,1,1,2,1454,191,2
#HenryIV_1H4,#Mowbray_R2,0,1,1,2,1454,191,2
#LORDS_R2,#HenryIV_1H4,0,1,1,2,1454,191,2
#LORDS_R2,#Mowbray_R2,0,1,1,2,1454,191,2
#LORDS_R2,#RichardII_R2,1,1,1,2,1454,191,2
#RichardII_R2,#HenryIV_1H4,0,1,1,2,1454,191,2
#RichardII_R2,#Mowbray_R2,0,1,1,2,1454,191,2
#Gaunt_R2,#DuchessOfGloucester_R2,0,1,2,3,578,76,3
#Aumerle_R2,#LordMarshal_R2,0,1,3,4,45,6,4
#Aumerle_R2,#HERALDS.1_R2,0,1,3,5,152,19,5
#Aumerle_R2,#LordMarshal_R2,1,1,3,5,152,19,5
#Aumerle_R2,#OFFICERS_R2,0,1,3,5,152,19,5
#Gaunt_R2,#Aumerle_R2,0,1,3,5,152,19,5
#Gaunt_R2,#HERALDS.1_R2,0,1,3,5,152,19,5
#Gaunt_R2,#LORDS_R2,2,1,3,5,152,19,5
#Gaunt_R2,#LordMarshal_R2,0,1,3,5,152,19,5
#Gaunt_R2,#Mowbray_R2,1,1,3,5,152,19,5
#Gaunt_R2,#OFFICERS_R2,0,1,3,5,152,19,5
#Gaunt_R2,#RichardII_R2,2,1,3,5,152,19,5
#HERALDS.1_R2,#OFFICERS_R2,0,1,3,5,152,19,5
#LORDS_R2,#Aumerle_R2,0,1,3,5,152,19,5
#LORDS_R2,#HERALDS.1_R2,0,1,3,5,152,19,5
#LORDS_R2,#LordMarshal_R2,0,1,3,5,152,19,5
#LORDS_R2,#Mowbray_R2,1,1,3,5,152,19,5
#LORDS_R2,#OFFICERS_R2,0,1,3,5,152,19,5
#LORDS_R2,#RichardII_R2,2,1,3,5,152,19,5
#LordMarshal_R2,#HERALDS.1_R2,0,1,3,5,152,19,5
#LordMarshal_R2,#OFFICERS_R2,0,1,3,5,152,19,5
#Mowbray_R2,#Aumerle_R2,0,1,3,5,152,19,5
#Mowbray_R2,#HERALDS.1_R2,0,1,3,5,152,19,5
#Mowbray_R2,#LordMarshal_R2,0,1,3,5,152,19,5
#Mowbray_R2,#OFFICERS_R2,0,1,3,5,152,19,5
#RichardII_R2,#Aumerle_R2,0,1,3,5,152,19,5
#RichardII_R2,#HERALDS.1_R2,0,1,3,5,152,19,5
#RichardII_R2,#LordMarshal_R2,0,1,3,5,152,19,5
#RichardII_R2,#Mowbray_R2,1,1,3,5,152,19,5
#RichardII_R2,#OFFICERS_R2,0,1,3,5,152,19,5
#Aumerle_R2,#HERALDS.1_R2,1,1,3,6,1382,186,6
#Aumerle_R2,#HERALDS.2_R2,0,1,3,6,1382,186,6
#Aumerle_R2,#LordMarshal_R2,2,1,3,6,1382,186,6
#Aumerle_R2,#OFFICERS_R2,1,1,3,6,1382,186,6
#Gaunt_R2,#Aumerle_R2,1,1,3,6,1382,186,6
#Gaunt_R2,#HERALDS.1_R2,1,1,3,6,1382,186,6
#Gaunt_R2,#HERALDS.2_R2,0,1,3,6,1382,186,6
#Gaunt_R2,#HenryIV_1H4,1,1,3,6,1382,186,6
#Gaunt_R2,#LORDS_R2,3,1,3,6,1382,186,6
#Gaunt_R2,#LordMarshal_R2,1,1,3,6,1382,186,6
#Gaunt_R2,#Mowbray_R2,2,1,3,6,1382,186,6
#Gaunt_R2,#OFFICERS_R2,1,1,3,6,1382,186,6
#Gaunt_R2,#RichardII_R2,3,1,3,6,1382,186,6
#HERALDS.1_R2,#HERALDS.2_R2,0,1,3,6,1382,186,6
#HERALDS.1_R2,#OFFICERS_R2,1,1,3,6,1382,186,6
#HenryIV_1H4,#Aumerle_R2,0,1,3,6,1382,186,6
#HenryIV_1H4,#HERALDS.1_R2,0,1,3,6,1382,186,6
#HenryIV_1H4,#HERALDS.2_R2,0,1,3,6,1382,186,6
#HenryIV_1H4,#LordMarshal_R2,0,1,3,6,1382,186,6
#HenryIV_1H4,#Mowbray_R2,1,1,3,6,1382,186,6
#HenryIV_1H4,#OFFICERS_R2,0,1,3,6,1382,186,6
#LORDS_R2,#Aumerle_R2,1,1,3,6,1382,186,6
#LORDS_R2,#HERALDS.1_R2,1,1,3,6,1382,186,6
#LORDS_R2,#HERALDS.2_R2,0,1,3,6,1382,186,6
#LORDS_R2,#HenryIV_1H4,1,1,3,6,1382,186,6
#LORDS_R2,#LordMarshal_R2,1,1,3,6,1382,186,6
#LORDS_R2,#Mowbray_R2,2,1,3,6,1382,186,6
#LORDS_R2,#OFFICERS_R2,1,1,3,6,1382,186,6
#LORDS_R2,#RichardII_R2,3,1,3,6,1382,186,6
#LordMarshal_R2,#HERALDS.1_R2,1,1,3,6,1382,186,6
#LordMarshal_R2,#HERALDS.2_R2,0,1,3,6,1382,186,6
#LordMarshal_R2,#OFFICERS_R2,1,1,3,6,1382,186,6
#Mowbray_R2,#Aumerle_R2,1,1,3,6,1382,186,6
#Mowbray_R2,#HERALDS.1_R2,1,1,3,6,1382,186,6
#Mowbray_R2,#HERALDS.2_R2,0,1,3,6,1382,186,6
#Mowbray_R2,#LordMarshal_R2,1,1,3,6,1382,186,6
#Mowbray_R2,#OFFICERS_R2,1,1,3,6,1382,186,6
#OFFICERS_R2,#HERALDS.2_R2,0,1,3,6,1382,186,6
#RichardII_R2,#Aumerle_R2,1,1,3,6,1382,186,6
#RichardII_R2,#HERALDS.1_R2,1,1,3,6,1382,186,6
#RichardII_R2,#HERALDS.2_R2,0,1,3,6,1382,186,6
#RichardII_R2,#HenryIV_1H4,1,1,3,6,1382,186,6
#RichardII_R2,#LordMarshal_R2,1,1,3,6,1382,186,6
#RichardII_R2,#Mowbray_R2,2,1,3,6,1382,186,6
#RichardII_R2,#OFFICERS_R2,1,1,3,6,1382,186,6
#Aumerle_R2,#HERALDS.1_R2,2,1,3,7,340,43,7
#Aumerle_R2,#HERALDS.2_R2,1,1,3,7,340,43,7
#Aumerle_R2,#LordMarshal_R2,3,1,3,7,340,43,7
#Aumerle_R2,#OFFICERS_R2,2,1,3,7,340,43,7
#Gaunt_R2,#Aumerle_R2,2,1,3,7,340,43,7
#Gaunt_R2,#HERALDS.1_R2,2,1,3,7,340,43,7
#Gaunt_R2,#HERALDS.2_R2,1,1,3,7,340,43,7
#Gaunt_R2,#HenryIV_1H4,2,1,3,7,340,43,7
#Gaunt_R2,#LORDS_R2,4,1,3,7,340,43,7
#Gaunt_R2,#LordMarshal_R2,2,1,3,7,340,43,7
#Gaunt_R2,#OFFICERS_R2,2,1,3,7,340,43,7
#Gaunt_R2,#RichardII_R2,4,1,3,7,340,43,7
#HERALDS.1_R2,#HERALDS.2_R2,1,1,3,7,340,43,7
#HERALDS.1_R2,#OFFICERS_R2,2,1,3,7,340,43,7
#HenryIV_1H4,#Aumerle_R2,1,1,3,7,340,43,7
#HenryIV_1H4,#HERALDS.1_R2,1,1,3,7,340,43,7
#HenryIV_1H4,#HERALDS.2_R2,1,1,3,7,340,43,7
#HenryIV_1H4,#LordMarshal_R2,1,1,3,7,340,43,7
#HenryIV_1H4,#OFFICERS_R2,1,1,3,7,340,43,7
#LORDS_R2,#Aumerle_R2,2,1,3,7,340,43,7
#LORDS_R2,#HERALDS.1_R2,2,1,3,7,340,43,7
#LORDS_R2,#HERALDS.2_R2,1,1,3,7,340,43,7
#LORDS_R2,#HenryIV_1H4,2,1,3,7,340,43,7
#LORDS_R2,#LordMarshal_R2,2,1,3,7,340,43,7
#LORDS_R2,#OFFICERS_R2,2,1,3,7,340,43,7
#LORDS_R2,#RichardII_R2,4,1,3,7,340,43,7
#LordMarshal_R2,#HERALDS.1_R2,2,1,3,7,340,43,7
#LordMarshal_R2,#HERALDS.2_R2,1,1,3,7,340,43,7
#LordMarshal_R2,#OFFICERS_R2,2,1,3,7,340,43,7
#OFFICERS_R2,#HERALDS.2_R2,1,1,3,7,340,43,7
#RichardII_R2,#Aumerle_R2,2,1,3,7,340,43,7
#RichardII_R2,#HERALDS.1_R2,2,1,3,7,340,43,7
#RichardII_R2,#HERALDS.2_R2,1,1,3,7,340,43,7
#RichardII_R2,#HenryIV_1H4,2,1,3,7,340,43,7
#RichardII_R2,#LordMarshal_R2,2,1,3,7,340,43,7
#RichardII_R2,#OFFICERS_R2,2,1,3,7,340,43,7
#Aumerle_R2,#LordMarshal_R2,4,1,3,8,481,62,8
#Gaunt_R2,#Aumerle_R2,3,1,3,8,481,62,8
#Gaunt_R2,#HenryIV_1H4,3,1,3,8,481,62,8
#Gaunt_R2,#LordMarshal_R2,3,1,3,8,481,62,8
#HenryIV_1H4,#Aumerle_R2,2,1,3,8,481,62,8
#HenryIV_1H4,#LordMarshal_R2,2,1,3,8,481,62,8
#Aumerle_R2,#Bagot_R2,0,1,4,9,403,53,9
#Aumerle_R2,#Green_R2,0,1,4,9,403,53,9
#Bagot_R2,#Green_R2,0,1,4,9,403,53,9
#RichardII_R2,#Aumerle_R2,3,1,4,9,403,53,9
#RichardII_R2,#Bagot_R2,0,1,4,9,403,53,9
#RichardII_R2,#Green_R2,0,1,4,9,403,53,9
#Aumerle_R2,#Bagot_R2,1,1,4,10,80,13,10
#Aumerle_R2,#Bushy_R2,0,1,4,10,80,13,10
#Aumerle_R2,#Green_R2,1,1,4,10,80,13,10
#Bagot_R2,#Bushy_R2,0,1,4,10,80,13,10
#Bagot_R2,#Green_R2,1,1,4,10,80,13,10
#Green_R2,#Bushy_R2,0,1,4,10,80,13,10
#RichardII_R2,#Aumerle_R2,4,1,4,10,80,13,10
#RichardII_R2,#Bagot_R2,1,1,4,10,80,13,10
#RichardII_R2,#Bushy_R2,0,1,4,10,80,13,10
#RichardII_R2,#Green_R2,1,1,4,10,80,13,10
#ATTENDANTS.GAUNT_R2,#York_R2,0,2,1,11,531,74,11
#Gaunt_R2,#ATTENDANTS.GAUNT_R2,0,2,1,11,531,74,11
#Gaunt_R2,#York_R2,0,2,1,11,531,74,11
#ATTENDANTS.GAUNT_R2,#Queen_R2,0,2,1,12,555,71,12
#ATTENDANTS.GAUNT_R2,#Ross_R2,0,2,1,12,555,71,12
#ATTENDANTS.GAUNT_R2,#Willoughby_R2,0,2,1,12,555,71,12
#ATTENDANTS.GAUNT_R2,#York_R2,1,2,1,12,555,71,12
#Aumerle_R2,#ATTENDANTS.GAUNT_R2,0,2,1,12,555,71,12
#Aumerle_R2,#Bagot_R2,2,2,1,12,555,71,12
#Aumerle_R2,#Bushy_R2,1,2,1,12,555,71,12
#Aumerle_R2,#Green_R2,2,2,1,12,555,71,12
#Aumerle_R2,#Queen_R2,0,2,1,12,555,71,12
#Aumerle_R2,#Ross_R2,0,2,1,12,555,71,12
#Aumerle_R2,#Willoughby_R2,0,2,1,12,555,71,12
#Aumerle_R2,#York_R2,0,2,1,12,555,71,12
#Bagot_R2,#ATTENDANTS.GAUNT_R2,0,2,1,12,555,71,12
#Bagot_R2,#Bushy_R2,1,2,1,12,555,71,12
#Bagot_R2,#Green_R2,2,2,1,12,555,71,12
#Bagot_R2,#Queen_R2,0,2,1,12,555,71,12
#Bagot_R2,#Ross_R2,0,2,1,12,555,71,12
#Bagot_R2,#Willoughby_R2,0,2,1,12,555,71,12
#Bagot_R2,#York_R2,0,2,1,12,555,71,12
#Bushy_R2,#ATTENDANTS.GAUNT_R2,0,2,1,12,555,71,12
#Bushy_R2,#Queen_R2,0,2,1,12,555,71,12
#Bushy_R2,#Ross_R2,0,2,1,12,555,71,12
#Bushy_R2,#Willoughby_R2,0,2,1,12,555,71,12
#Bushy_R2,#York_R2,0,2,1,12,555,71,12
#Gaunt_R2,#ATTENDANTS.GAUNT_R2,1,2,1,12,555,71,12
#Gaunt_R2,#Aumerle_R2,4,2,1,12,555,71,12
#Gaunt_R2,#Bagot_R2,0,2,1,12,555,71,12
#Gaunt_R2,#Bushy_R2,0,2,1,12,555,71,12
#Gaunt_R2,#Green_R2,0,2,1,12,555,71,12
#Gaunt_R2,#Queen_R2,0,2,1,12,555,71,12
#Gaunt_R2,#RichardII_R2,5,2,1,12,555,71,12
#Gaunt_R2,#Ross_R2,0,2,1,12,555,71,12
#Gaunt_R2,#Willoughby_R2,0,2,1,12,555,71,12
#Gaunt_R2,#York_R2,1,2,1,12,555,71,12
#Green_R2,#ATTENDANTS.GAUNT_R2,0,2,1,12,555,71,12
#Green_R2,#Bushy_R2,1,2,1,12,555,71,12
#Green_R2,#Queen_R2,0,2,1,12,555,71,12
#Green_R2,#Ross_R2,0,2,1,12,555,71,12
#Green_R2,#Willoughby_R2,0,2,1,12,555,71,12
#Green_R2,#York_R2,0,2,1,12,555,71,12
#Queen_R2,#Ross_R2,0,2,1,12,555,71,12
#Queen_R2,#Willoughby_R2,0,2,1,12,555,71,12
#RichardII_R2,#ATTENDANTS.GAUNT_R2,0,2,1,12,555,71,12
#RichardII_R2,#Aumerle_R2,5,2,1,12,555,71,12
#RichardII_R2,#Bagot_R2,2,2,1,12,555,71,12
#RichardII_R2,#Bushy_R2,1,2,1,12,555,71,12
#RichardII_R2,#Green_R2,2,2,1,12,555,71,12
#RichardII_R2,#Queen_R2,0,2,1,12,555,71,12
#RichardII_R2,#Ross_R2,0,2,1,12,555,71,12
#RichardII_R2,#Willoughby_R2,0,2,1,12,555,71,12
#RichardII_R2,#York_R2,0,2,1,12,555,71,12
#Ross_R2,#Willoughby_R2,0,2,1,12,555,71,12
#York_R2,#Queen_R2,0,2,1,12,555,71,12
#York_R2,#Ross_R2,0,2,1,12,555,71,12
#York_R2,#Willoughby_R2,0,2,1,12,555,71,12
#Aumerle_R2,#Bagot_R2,3,2,1,13,70,8,13
#Aumerle_R2,#Bushy_R2,2,2,1,13,70,8,13
#Aumerle_R2,#Green_R2,3,2,1,13,70,8,13
#Aumerle_R2,#Queen_R2,1,2,1,13,70,8,13
#Aumerle_R2,#Ross_R2,1,2,1,13,70,8,13
#Aumerle_R2,#Willoughby_R2,1,2,1,13,70,8,13
#Aumerle_R2,#York_R2,1,2,1,13,70,8,13
#Bagot_R2,#Bushy_R2,2,2,1,13,70,8,13
#Bagot_R2,#Green_R2,3,2,1,13,70,8,13
#Bagot_R2,#Queen_R2,1,2,1,13,70,8,13
#Bagot_R2,#Ross_R2,1,2,1,13,70,8,13
#Bagot_R2,#Willoughby_R2,1,2,1,13,70,8,13
#Bagot_R2,#York_R2,1,2,1,13,70,8,13
#Bushy_R2,#Queen_R2,1,2,1,13,70,8,13
#Bushy_R2,#Ross_R2,1,2,1,13,70,8,13
#Bushy_R2,#Willoughby_R2,1,2,1,13,70,8,13
#Bushy_R2,#York_R2,1,2,1,13,70,8,13
#Green_R2,#Bushy_R2,2,2,1,13,70,8,13
#Green_R2,#Queen_R2,1,2,1,13,70,8,13
#Green_R2,#Ross_R2,1,2,1,13,70,8,13
#Green_R2,#Willoughby_R2,1,2,1,13,70,8,13
#Green_R2,#York_R2,1,2,1,13,70,8,13
#Queen_R2,#Ross_R2,1,2,1,13,70,8,13
#Queen_R2,#Willoughby_R2,1,2,1,13,70,8,13
#RichardII_R2,#Aumerle_R2,6,2,1,13,70,8,13
#RichardII_R2,#Bagot_R2,3,2,1,13,70,8,13
#RichardII_R2,#Bushy_R2,2,2,1,13,70,8,13
#RichardII_R2,#Green_R2,3,2,1,13,70,8,13
#RichardII_R2,#Queen_R2,1,2,1,13,70,8,13
#RichardII_R2,#Ross_R2,1,2,1,13,70,8,13
#RichardII_R2,#Willoughby_R2,1,2,1,13,70,8,13
#RichardII_R2,#York_R2,1,2,1,13,70,8,13
#Ross_R2,#Willoughby_R2,1,2,1,13,70,8,13
#York_R2,#Queen_R2,1,2,1,13,70,8,13
#York_R2,#Ross_R2,1,2,1,13,70,8,13
#York_R2,#Willoughby_R2,1,2,1,13,70,8,13
#Aumerle_R2,#Bagot_R2,4,2,1,14,531,70,14
#Aumerle_R2,#Bushy_R2,3,2,1,14,531,70,14
#Aumerle_R2,#Green_R2,4,2,1,14,531,70,14
#Aumerle_R2,#Northumberland_R2,0,2,1,14,531,70,14
#Aumerle_R2,#Queen_R2,2,2,1,14,531,70,14
#Aumerle_R2,#Ross_R2,2,2,1,14,531,70,14
#Aumerle_R2,#Willoughby_R2,2,2,1,14,531,70,14
#Aumerle_R2,#York_R2,2,2,1,14,531,70,14
#Bagot_R2,#Bushy_R2,3,2,1,14,531,70,14
#Bagot_R2,#Green_R2,4,2,1,14,531,70,14
#Bagot_R2,#Northumberland_R2,0,2,1,14,531,70,14
#Bagot_R2,#Queen_R2,2,2,1,14,531,70,14
#Bagot_R2,#Ross_R2,2,2,1,14,531,70,14
#Bagot_R2,#Willoughby_R2,2,2,1,14,531,70,14
#Bagot_R2,#York_R2,2,2,1,14,531,70,14
#Bushy_R2,#Northumberland_R2,0,2,1,14,531,70,14
#Bushy_R2,#Queen_R2,2,2,1,14,531,70,14
#Bushy_R2,#Ross_R2,2,2,1,14,531,70,14
#Bushy_R2,#Willoughby_R2,2,2,1,14,531,70,14
#Bushy_R2,#York_R2,2,2,1,14,531,70,14
#Green_R2,#Bushy_R2,3,2,1,14,531,70,14
#Green_R2,#Northumberland_R2,0,2,1,14,531,70,14
#Green_R2,#Queen_R2,2,2,1,14,531,70,14
#Green_R2,#Ross_R2,2,2,1,14,531,70,14
#Green_R2,#Willoughby_R2,2,2,1,14,531,70,14
#Green_R2,#York_R2,2,2,1,14,531,70,14
#Queen_R2,#Northumberland_R2,0,2,1,14,531,70,14
#Queen_R2,#Ross_R2,2,2,1,14,531,70,14
#Queen_R2,#Willoughby_R2,2,2,1,14,531,70,14
#RichardII_R2,#Aumerle_R2,7,2,1,14,531,70,14
#RichardII_R2,#Bagot_R2,4,2,1,14,531,70,14
#RichardII_R2,#Bushy_R2,3,2,1,14,531,70,14
#RichardII_R2,#Green_R2,4,2,1,14,531,70,14
#RichardII_R2,#Northumberland_R2,0,2,1,14,531,70,14
#RichardII_R2,#Queen_R2,2,2,1,14,531,70,14
#RichardII_R2,#Ross_R2,2,2,1,14,531,70,14
#RichardII_R2,#Willoughby_R2,2,2,1,14,531,70,14
#RichardII_R2,#York_R2,2,2,1,14,531,70,14
#Ross_R2,#Northumberland_R2,0,2,1,14,531,70,14
#Ross_R2,#Willoughby_R2,2,2,1,14,531,70,14
#Willoughby_R2,#Northumberland_R2,0,2,1,14,531,70,14
#York_R2,#Northumberland_R2,0,2,1,14,531,70,14
#York_R2,#Queen_R2,2,2,1,14,531,70,14
#York_R2,#Ross_R2,2,2,1,14,531,70,14
#York_R2,#Willoughby_R2,2,2,1,14,531,70,14
#Aumerle_R2,#Bagot_R2,5,2,1,15,71,9,15
#Aumerle_R2,#Bushy_R2,4,2,1,15,71,9,15
#Aumerle_R2,#Green_R2,5,2,1,15,71,9,15
#Aumerle_R2,#Northumberland_R2,1,2,1,15,71,9,15
#Aumerle_R2,#Queen_R2,3,2,1,15,71,9,15
#Aumerle_R2,#Ross_R2,3,2,1,15,71,9,15
#Aumerle_R2,#Willoughby_R2,3,2,1,15,71,9,15
#Bagot_R2,#Bushy_R2,4,2,1,15,71,9,15
#Bagot_R2,#Green_R2,5,2,1,15,71,9,15
#Bagot_R2,#Northumberland_R2,1,2,1,15,71,9,15
#Bagot_R2,#Queen_R2,3,2,1,15,71,9,15
#Bagot_R2,#Ross_R2,3,2,1,15,71,9,15
#Bagot_R2,#Willoughby_R2,3,2,1,15,71,9,15
#Bushy_R2,#Northumberland_R2,1,2,1,15,71,9,15
#Bushy_R2,#Queen_R2,3,2,1,15,71,9,15
#Bushy_R2,#Ross_R2,3,2,1,15,71,9,15
#Bushy_R2,#Willoughby_R2,3,2,1,15,71,9,15
#Green_R2,#Bushy_R2,4,2,1,15,71,9,15
#Green_R2,#Northumberland_R2,1,2,1,15,71,9,15
#Green_R2,#Queen_R2,3,2,1,15,71,9,15
#Green_R2,#Ross_R2,3,2,1,15,71,9,15
#Green_R2,#Willoughby_R2,3,2,1,15,71,9,15
#Queen_R2,#Northumberland_R2,1,2,1,15,71,9,15
#Queen_R2,#Ross_R2,3,2,1,15,71,9,15
#Queen_R2,#Willoughby_R2,3,2,1,15,71,9,15
#RichardII_R2,#Aumerle_R2,8,2,1,15,71,9,15
#RichardII_R2,#Bagot_R2,5,2,1,15,71,9,15
#RichardII_R2,#Bushy_R2,4,2,1,15,71,9,15
#RichardII_R2,#Green_R2,5,2,1,15,71,9,15
#RichardII_R2,#Northumberland_R2,1,2,1,15,71,9,15
#RichardII_R2,#Queen_R2,3,2,1,15,71,9,15
#RichardII_R2,#Ross_R2,3,2,1,15,71,9,15
#RichardII_R2,#Willoughby_R2,3,2,1,15,71,9,15
#Ross_R2,#Northumberland_R2,1,2,1,15,71,9,15
#Ross_R2,#Willoughby_R2,3,2,1,15,71,9,15
#Willoughby_R2,#Northumberland_R2,1,2,1,15,71,9,15
#Ross_R2,#Northumberland_R2,2,2,1,16,612,79,16
#Ross_R2,#Willoughby_R2,4,2,1,16,612,79,16
#Willoughby_R2,#Northumberland_R2,2,2,1,16,612,79,16
#Bagot_R2,#Bushy_R2,5,2,2,17,312,41,17
#Bagot_R2,#Queen_R2,4,2,2,17,312,41,17
#Bushy_R2,#Queen_R2,4,2,2,17,312,41,17
#Bagot_R2,#Bushy_R2,6,2,2,18,236,35,18
#Bagot_R2,#Green_R2,6,2,2,18,236,35,18
#Bagot_R2,#Queen_R2,5,2,2,18,236,35,18
#Bushy_R2,#Queen_R2,5,2,2,18,236,35,18
#Green_R2,#Bushy_R2,5,2,2,18,236,35,18
#Green_R2,#Queen_R2,4,2,2,18,236,35,18
#Bagot_R2,#Bushy_R2,7,2,2,19,106,13,19
#Bagot_R2,#Green_R2,7,2,2,19,106,13,19
#Bagot_R2,#Queen_R2,6,2,2,19,106,13,19
#Bagot_R2,#York_R2,3,2,2,19,106,13,19
#Bushy_R2,#Queen_R2,6,2,2,19,106,13,19
#Bushy_R2,#York_R2,3,2,2,19,106,13,19
#Green_R2,#Bushy_R2,6,2,2,19,106,13,19
#Green_R2,#Queen_R2,5,2,2,19,106,13,19
#Green_R2,#York_R2,3,2,2,19,106,13,19
#York_R2,#Queen_R2,3,2,2,19,106,13,19
#Bagot_R2,#Bushy_R2,8,2,2,20,184,24,20
#Bagot_R2,#Green_R2,8,2,2,20,184,24,20
#Bagot_R2,#Queen_R2,7,2,2,20,184,24,20
#Bagot_R2,#SERVANTS.YORK.1_R2,0,2,2,20,184,24,20
#Bagot_R2,#York_R2,4,2,2,20,184,24,20
#Bushy_R2,#Queen_R2,7,2,2,20,184,24,20
#Bushy_R2,#SERVANTS.YORK.1_R2,0,2,2,20,184,24,20
#Bushy_R2,#York_R2,4,2,2,20,184,24,20
#Green_R2,#Bushy_R2,7,2,2,20,184,24,20
#Green_R2,#Queen_R2,6,2,2,20,184,24,20
#Green_R2,#SERVANTS.YORK.1_R2,0,2,2,20,184,24,20
#Green_R2,#York_R2,4,2,2,20,184,24,20
#Queen_R2,#SERVANTS.YORK.1_R2,0,2,2,20,184,24,20
#York_R2,#Queen_R2,4,2,2,20,184,24,20
#York_R2,#SERVANTS.YORK.1_R2,0,2,2,20,184,24,20
#Bagot_R2,#Bushy_R2,9,2,2,21,106,16,21
#Bagot_R2,#Green_R2,9,2,2,21,106,16,21
#Bagot_R2,#Queen_R2,8,2,2,21,106,16,21
#Bagot_R2,#York_R2,5,2,2,21,106,16,21
#Bushy_R2,#Queen_R2,8,2,2,21,106,16,21
#Bushy_R2,#York_R2,5,2,2,21,106,16,21
#Green_R2,#Bushy_R2,8,2,2,21,106,16,21
#Green_R2,#Queen_R2,7,2,2,21,106,16,21
#Green_R2,#York_R2,5,2,2,21,106,16,21
#York_R2,#Queen_R2,5,2,2,21,106,16,21
#Bagot_R2,#Bushy_R2,10,2,2,22,211,28,22
#Bagot_R2,#Green_R2,10,2,2,22,211,28,22
#Green_R2,#Bushy_R2,9,2,2,22,211,28,22
#HenryIV_1H4,#Northumberland_R2,0,2,3,23,154,20,23
#HenryIV_1H4,#Hotspur_R2,0,2,3,24,297,39,24
#HenryIV_1H4,#Northumberland_R2,1,2,3,24,297,39,24
#Northumberland_R2,#Hotspur_R2,0,2,3,24,297,39,24
#HenryIV_1H4,#Hotspur_R2,1,2,3,25,83,11,25
#HenryIV_1H4,#Northumberland_R2,2,2,3,25,83,11,25
#HenryIV_1H4,#Ross_R2,0,2,3,25,83,11,25
#HenryIV_1H4,#Willoughby_R2,0,2,3,25,83,11,25
#Northumberland_R2,#Hotspur_R2,1,2,3,25,83,11,25
#Ross_R2,#Hotspur_R2,0,2,3,25,83,11,25
#Ross_R2,#Northumberland_R2,3,2,3,25,83,11,25
#Ross_R2,#Willoughby_R2,5,2,3,25,83,11,25
#Willoughby_R2,#Hotspur_R2,0,2,3,25,83,11,25
#Willoughby_R2,#Northumberland_R2,3,2,3,25,83,11,25
#HenryIV_1H4,#Berkeley_R2,0,2,3,26,112,13,26
#HenryIV_1H4,#Hotspur_R2,2,2,3,26,112,13,26
#HenryIV_1H4,#Northumberland_R2,3,2,3,26,112,13,26
#HenryIV_1H4,#Ross_R2,1,2,3,26,112,13,26
#HenryIV_1H4,#Willoughby_R2,1,2,3,26,112,13,26
#Hotspur_R2,#Berkeley_R2,0,2,3,26,112,13,26
#Northumberland_R2,#Berkeley_R2,0,2,3,26,112,13,26
#Northumberland_R2,#Hotspur_R2,2,2,3,26,112,13,26
#Ross_R2,#Berkeley_R2,0,2,3,26,112,13,26
#Ross_R2,#Hotspur_R2,1,2,3,26,112,13,26
#Ross_R2,#Northumberland_R2,4,2,3,26,112,13,26
#Ross_R2,#Willoughby_R2,6,2,3,26,112,13,26
#Willoughby_R2,#Berkeley_R2,0,2,3,26,112,13,26
#Willoughby_R2,#Hotspur_R2,1,2,3,26,112,13,26
#Willoughby_R2,#Northumberland_R2,4,2,3,26,112,13,26
#HenryIV_1H4,#Berkeley_R2,1,2,3,27,731,92,27
#HenryIV_1H4,#Hotspur_R2,3,2,3,27,731,92,27
#HenryIV_1H4,#Northumberland_R2,4,2,3,27,731,92,27
#HenryIV_1H4,#Ross_R2,2,2,3,27,731,92,27
#HenryIV_1H4,#Willoughby_R2,2,2,3,27,731,92,27
#HenryIV_1H4,#York_R2,0,2,3,27,731,92,27
#Hotspur_R2,#Berkeley_R2,1,2,3,27,731,92,27
#Northumberland_R2,#Berkeley_R2,1,2,3,27,731,92,27
#Northumberland_R2,#Hotspur_R2,3,2,3,27,731,92,27
#Ross_R2,#Berkeley_R2,1,2,3,27,731,92,27
#Ross_R2,#Hotspur_R2,2,2,3,27,731,92,27
#Ross_R2,#Northumberland_R2,5,2,3,27,731,92,27
#Ross_R2,#Willoughby_R2,7,2,3,27,731,92,27
#Willoughby_R2,#Berkeley_R2,1,2,3,27,731,92,27
#Willoughby_R2,#Hotspur_R2,2,2,3,27,731,92,27
#Willoughby_R2,#Northumberland_R2,5,2,3,27,731,92,27
#York_R2,#Berkeley_R2,0,2,3,27,731,92,27
#York_R2,#Hotspur_R2,0,2,3,27,731,92,27
#York_R2,#Northumberland_R2,1,2,3,27,731,92,27
#York_R2,#Ross_R2,3,2,3,27,731,92,27
#York_R2,#Willoughby_R2,3,2,3,27,731,92,27
#Salisbury_R2,#WelshCaptain_R2,0,2,4,28,136,17,28
#Bushy_R2,#Northumberland_R2,2,3,1,30,274,37,30
#Bushy_R2,#York_R2,6,3,1,30,274,37,30
#Green_R2,#Bushy_R2,10,3,1,30,274,37,30
#Green_R2,#Northumberland_R2,2,3,1,30,274,37,30
#Green_R2,#York_R2,6,3,1,30,274,37,30
#HenryIV_1H4,#Bushy_R2,0,3,1,30,274,37,30
#HenryIV_1H4,#Green_R2,0,3,1,30,274,37,30
#HenryIV_1H4,#Northumberland_R2,5,3,1,30,274,37,30
#HenryIV_1H4,#York_R2,1,3,1,30,274,37,30
#LORDS_R2,#Bushy_R2,0,3,1,30,274,37,30
#LORDS_R2,#Green_R2,0,3,1,30,274,37,30
#LORDS_R2,#HenryIV_1H4,3,3,1,30,274,37,30
#LORDS_R2,#Northumberland_R2,0,3,1,30,274,37,30
#LORDS_R2,#York_R2,0,3,1,30,274,37,30
#York_R2,#Northumberland_R2,2,3,1,30,274,37,30
#HenryIV_1H4,#York_R2,2,3,1,31,69,10,31
#LORDS_R2,#HenryIV_1H4,4,3,1,31,69,10,31
#LORDS_R2,#York_R2,1,3,1,31,69,10,31
#Aumerle_R2,#BishopOfCarlisle_R2,0,3,2,32,481,63,32
#Aumerle_R2,#SOLDIERS.RICHARD_R2,0,3,2,32,481,63,32
#BishopOfCarlisle_R2,#SOLDIERS.RICHARD_R2,0,3,2,32,481,63,32
#RichardII_R2,#Aumerle_R2,9,3,2,32,481,63,32
#RichardII_R2,#BishopOfCarlisle_R2,0,3,2,32,481,63,32
#RichardII_R2,#SOLDIERS.RICHARD_R2,0,3,2,32,481,63,32
#Aumerle_R2,#BishopOfCarlisle_R2,1,3,2,33,231,29,33
#Aumerle_R2,#SOLDIERS.RICHARD_R2,1,3,2,33,231,29,33
#Aumerle_R2,#Salisbury_R2,0,3,2,33,231,29,33
#BishopOfCarlisle_R2,#SOLDIERS.RICHARD_R2,1,3,2,33,231,29,33
#RichardII_R2,#Aumerle_R2,10,3,2,33,231,29,33
#RichardII_R2,#BishopOfCarlisle_R2,1,3,2,33,231,29,33
#RichardII_R2,#SOLDIERS.RICHARD_R2,1,3,2,33,231,29,33
#RichardII_R2,#Salisbury_R2,0,3,2,33,231,29,33
#Salisbury_R2,#BishopOfCarlisle_R2,0,3,2,33,231,29,33
#Salisbury_R2,#SOLDIERS.RICHARD_R2,0,3,2,33,231,29,33
#Aumerle_R2,#BishopOfCarlisle_R2,2,3,2,34,1032,134,34
#Aumerle_R2,#SOLDIERS.RICHARD_R2,2,3,2,34,1032,134,34
#Aumerle_R2,#Salisbury_R2,1,3,2,34,1032,134,34
#Aumerle_R2,#Scroop_R2,0,3,2,34,1032,134,34
#BishopOfCarlisle_R2,#SOLDIERS.RICHARD_R2,2,3,2,34,1032,134,34
#BishopOfCarlisle_R2,#Scroop_R2,0,3,2,34,1032,134,34
#RichardII_R2,#Aumerle_R2,11,3,2,34,1032,134,34
#RichardII_R2,#BishopOfCarlisle_R2,2,3,2,34,1032,134,34
#RichardII_R2,#SOLDIERS.RICHARD_R2,2,3,2,34,1032,134,34
#RichardII_R2,#Salisbury_R2,1,3,2,34,1032,134,34
#RichardII_R2,#Scroop_R2,0,3,2,34,1032,134,34
#SOLDIERS.RICHARD_R2,#Scroop_R2,0,3,2,34,1032,134,34
#Salisbury_R2,#BishopOfCarlisle_R2,1,3,2,34,1032,134,34
#Salisbury_R2,#SOLDIERS.RICHARD_R2,1,3,2,34,1032,134,34
#Salisbury_R2,#Scroop_R2,0,3,2,34,1032,134,34
#ATTENDANTS.HENRY_R2,#SOLDIERS.HENRY_R2,0,3,3,35,152,20,35
#HenryIV_1H4,#ATTENDANTS.HENRY_R2,0,3,3,35,152,20,35
#HenryIV_1H4,#Northumberland_R2,6,3,3,35,152,20,35
#HenryIV_1H4,#SOLDIERS.HENRY_R2,0,3,3,35,152,20,35
#HenryIV_1H4,#York_R2,3,3,3,35,152,20,35
#Northumberland_R2,#ATTENDANTS.HENRY_R2,0,3,3,35,152,20,35
#Northumberland_R2,#SOLDIERS.HENRY_R2,0,3,3,35,152,20,35
#York_R2,#ATTENDANTS.HENRY_R2,0,3,3,35,152,20,35
#York_R2,#Northumberland_R2,3,3,3,35,152,20,35
#York_R2,#SOLDIERS.HENRY_R2,0,3,3,35,152,20,35
#ATTENDANTS.HENRY_R2,#SOLDIERS.HENRY_R2,1,3,3,36,308,43,36
#HenryIV_1H4,#ATTENDANTS.HENRY_R2,1,3,3,36,308,43,36
#HenryIV_1H4,#Hotspur_R2,4,3,3,36,308,43,36
#HenryIV_1H4,#Northumberland_R2,7,3,3,36,308,43,36
#HenryIV_1H4,#SOLDIERS.HENRY_R2,1,3,3,36,308,43,36
#HenryIV_1H4,#York_R2,4,3,3,36,308,43,36
#Hotspur_R2,#ATTENDANTS.HENRY_R2,0,3,3,36,308,43,36
#Hotspur_R2,#SOLDIERS.HENRY_R2,0,3,3,36,308,43,36
#Northumberland_R2,#ATTENDANTS.HENRY_R2,1,3,3,36,308,43,36
#Northumberland_R2,#Hotspur_R2,4,3,3,36,308,43,36
#Northumberland_R2,#SOLDIERS.HENRY_R2,1,3,3,36,308,43,36
#York_R2,#ATTENDANTS.HENRY_R2,1,3,3,36,308,43,36
#York_R2,#Hotspur_R2,1,3,3,36,308,43,36
#York_R2,#Northumberland_R2,4,3,3,36,308,43,36
#York_R2,#SOLDIERS.HENRY_R2,1,3,3,36,308,43,36
#ATTENDANTS.HENRY_R2,#SOLDIERS.HENRY_R2,2,3,3,37,965,128,37
#Aumerle_R2,#ATTENDANTS.HENRY_R2,0,3,3,37,965,128,37
#Aumerle_R2,#Hotspur_R2,0,3,3,37,965,128,37
#Aumerle_R2,#Northumberland_R2,2,3,3,37,965,128,37
#Aumerle_R2,#SOLDIERS.HENRY_R2,0,3,3,37,965,128,37
#Aumerle_R2,#York_R2,3,3,3,37,965,128,37
#HenryIV_1H4,#ATTENDANTS.HENRY_R2,2,3,3,37,965,128,37
#HenryIV_1H4,#Aumerle_R2,3,3,3,37,965,128,37
#HenryIV_1H4,#Hotspur_R2,5,3,3,37,965,128,37
#HenryIV_1H4,#Northumberland_R2,8,3,3,37,965,128,37
#HenryIV_1H4,#SOLDIERS.HENRY_R2,2,3,3,37,965,128,37
#HenryIV_1H4,#York_R2,5,3,3,37,965,128,37
#Hotspur_R2,#ATTENDANTS.HENRY_R2,1,3,3,37,965,128,37
#Hotspur_R2,#SOLDIERS.HENRY_R2,1,3,3,37,965,128,37
#Northumberland_R2,#ATTENDANTS.HENRY_R2,2,3,3,37,965,128,37
#Northumberland_R2,#Hotspur_R2,5,3,3,37,965,128,37
#Northumberland_R2,#SOLDIERS.HENRY_R2,2,3,3,37,965,128,37
#RichardII_R2,#ATTENDANTS.HENRY_R2,0,3,3,37,965,128,37
#RichardII_R2,#Aumerle_R2,12,3,3,37,965,128,37
#RichardII_R2,#HenryIV_1H4,3,3,3,37,965,128,37
#RichardII_R2,#Hotspur_R2,0,3,3,37,965,128,37
#RichardII_R2,#Northumberland_R2,2,3,3,37,965,128,37
#RichardII_R2,#SOLDIERS.HENRY_R2,0,3,3,37,965,128,37
#RichardII_R2,#York_R2,3,3,3,37,965,128,37
#York_R2,#ATTENDANTS.HENRY_R2,2,3,3,37,965,128,37
#York_R2,#Hotspur_R2,2,3,3,37,965,128,37
#York_R2,#Northumberland_R2,5,3,3,37,965,128,37
#York_R2,#SOLDIERS.HENRY_R2,2,3,3,37,965,128,37
#ATTENDANTS.HENRY_R2,#SOLDIERS.HENRY_R2,3,3,3,38,21,4,38
#Aumerle_R2,#ATTENDANTS.HENRY_R2,1,3,3,38,21,4,38
#Aumerle_R2,#Hotspur_R2,1,3,3,38,21,4,38
#Aumerle_R2,#Northumberland_R2,3,3,3,38,21,4,38
#Aumerle_R2,#SOLDIERS.HENRY_R2,1,3,3,38,21,4,38
#Aumerle_R2,#York_R2,4,3,3,38,21,4,38
#HenryIV_1H4,#ATTENDANTS.HENRY_R2,3,3,3,38,21,4,38
#HenryIV_1H4,#Aumerle_R2,4,3,3,38,21,4,38
#HenryIV_1H4,#Hotspur_R2,6,3,3,38,21,4,38
#HenryIV_1H4,#Northumberland_R2,9,3,3,38,21,4,38
#HenryIV_1H4,#SOLDIERS.HENRY_R2,3,3,3,38,21,4,38
#HenryIV_1H4,#York_R2,6,3,3,38,21,4,38
#Hotspur_R2,#ATTENDANTS.HENRY_R2,2,3,3,38,21,4,38
#Hotspur_R2,#SOLDIERS.HENRY_R2,2,3,3,38,21,4,38
#Northumberland_R2,#ATTENDANTS.HENRY_R2,3,3,3,38,21,4,38
#Northumberland_R2,#Hotspur_R2,6,3,3,38,21,4,38
#Northumberland_R2,#SOLDIERS.HENRY_R2,3,3,3,38,21,4,38
#York_R2,#ATTENDANTS.HENRY_R2,3,3,3,38,21,4,38
#York_R2,#Hotspur_R2,3,3,3,38,21,4,38
#York_R2,#Northumberland_R2,6,3,3,38,21,4,38
#York_R2,#SOLDIERS.HENRY_R2,3,3,3,38,21,4,38
#ATTENDANTS.HENRY_R2,#SOLDIERS.HENRY_R2,4,3,3,39,187,25,39
#Aumerle_R2,#ATTENDANTS.HENRY_R2,2,3,3,39,187,25,39
#Aumerle_R2,#Hotspur_R2,2,3,3,39,187,25,39
#Aumerle_R2,#Northumberland_R2,4,3,3,39,187,25,39
#Aumerle_R2,#SOLDIERS.HENRY_R2,2,3,3,39,187,25,39
#Aumerle_R2,#York_R2,5,3,3,39,187,25,39
#HenryIV_1H4,#ATTENDANTS.HENRY_R2,4,3,3,39,187,25,39
#HenryIV_1H4,#Aumerle_R2,5,3,3,39,187,25,39
#HenryIV_1H4,#Hotspur_R2,7,3,3,39,187,25,39
#HenryIV_1H4,#Northumberland_R2,10,3,3,39,187,25,39
#HenryIV_1H4,#SOLDIERS.HENRY_R2,4,3,3,39,187,25,39
#HenryIV_1H4,#York_R2,7,3,3,39,187,25,39
#Hotspur_R2,#ATTENDANTS.HENRY_R2,3,3,3,39,187,25,39
#Hotspur_R2,#SOLDIERS.HENRY_R2,3,3,3,39,187,25,39
#Northumberland_R2,#ATTENDANTS.HENRY_R2,4,3,3,39,187,25,39
#Northumberland_R2,#Hotspur_R2,7,3,3,39,187,25,39
#Northumberland_R2,#SOLDIERS.HENRY_R2,4,3,3,39,187,25,39
#RichardII_R2,#ATTENDANTS.HENRY_R2,1,3,3,39,187,25,39
#RichardII_R2,#Aumerle_R2,13,3,3,39,187,25,39
#RichardII_R2,#HenryIV_1H4,4,3,3,39,187,25,39
#RichardII_R2,#Hotspur_R2,1,3,3,39,187,25,39
#RichardII_R2,#Northumberland_R2,3,3,3,39,187,25,39
#RichardII_R2,#SOLDIERS.HENRY_R2,1,3,3,39,187,25,39
#RichardII_R2,#York_R2,4,3,3,39,187,25,39
#York_R2,#ATTENDANTS.HENRY_R2,4,3,3,39,187,25,39
#York_R2,#Hotspur_R2,4,3,3,39,187,25,39
#York_R2,#Northumberland_R2,7,3,3,39,187,25,39
#York_R2,#SOLDIERS.HENRY_R2,4,3,3,39,187,25,39
#Queen_R2,#LADIES_R2,0,3,4,40,17,2,40
#LADIES_R2,#LADIES.0.1_R2,0,3,4,41,157,24,41
#Queen_R2,#LADIES.0.1_R2,0,3,4,41,157,24,41
#Queen_R2,#LADIES_R2,1,3,4,41,157,24,41
#Gardener_R2,#SERVANTS.GARDENER.1_R2,0,3,4,42,623,82,42
#Gardener_R2,#SERVANTS.GARDENER.2_R2,0,3,4,42,623,82,42
#LADIES.0.1_R2,#Gardener_R2,0,3,4,42,623,82,42
#LADIES.0.1_R2,#SERVANTS.GARDENER.1_R2,0,3,4,42,623,82,42
#LADIES.0.1_R2,#SERVANTS.GARDENER.2_R2,0,3,4,42,623,82,42
#LADIES_R2,#Gardener_R2,0,3,4,42,623,82,42
#LADIES_R2,#LADIES.0.1_R2,1,3,4,42,623,82,42
#LADIES_R2,#SERVANTS.GARDENER.1_R2,0,3,4,42,623,82,42
#LADIES_R2,#SERVANTS.GARDENER.2_R2,0,3,4,42,623,82,42
#Queen_R2,#Gardener_R2,0,3,4,42,623,82,42
#Queen_R2,#LADIES.0.1_R2,1,3,4,42,623,82,42
#Queen_R2,#LADIES_R2,2,3,4,42,623,82,42
#Queen_R2,#SERVANTS.GARDENER.1_R2,0,3,4,42,623,82,42
#Queen_R2,#SERVANTS.GARDENER.2_R2,0,3,4,42,623,82,42
#SERVANTS.GARDENER.1_R2,#SERVANTS.GARDENER.2_R2,0,3,4,42,623,82,42
#Gardener_R2,#SERVANTS.GARDENER.1_R2,1,3,4,43,55,6,43
#Gardener_R2,#SERVANTS.GARDENER.2_R2,1,3,4,43,55,6,43
#LADIES.0.1_R2,#Gardener_R2,1,3,4,43,55,6,43
#LADIES.0.1_R2,#SERVANTS.GARDENER.1_R2,1,3,4,43,55,6,43
#LADIES.0.1_R2,#SERVANTS.GARDENER.2_R2,1,3,4,43,55,6,43
#SERVANTS.GARDENER.1_R2,#SERVANTS.GARDENER.2_R2,1,3,4,43,55,6,43
#AbbotOfWestminster_R2,#Fitzwater_R2,0,4,1,44,3,1,44
#AbbotOfWestminster_R2,#HERALDS.X_R2,0,4,1,44,3,1,44
#AbbotOfWestminster_R2,#LORDS.1_R2,0,4,1,44,3,1,44
#AbbotOfWestminster_R2,#Surrey_R2,0,4,1,44,3,1,44
#Aumerle_R2,#AbbotOfWestminster_R2,0,4,1,44,3,1,44
#Aumerle_R2,#BishopOfCarlisle_R2,3,4,1,44,3,1,44
#Aumerle_R2,#Fitzwater_R2,0,4,1,44,3,1,44
#Aumerle_R2,#HERALDS.X_R2,0,4,1,44,3,1,44
#Aumerle_R2,#Hotspur_R2,3,4,1,44,3,1,44
#Aumerle_R2,#LORDS.1_R2,0,4,1,44,3,1,44
#Aumerle_R2,#Northumberland_R2,5,4,1,44,3,1,44
#Aumerle_R2,#OFFICERS_R2,3,4,1,44,3,1,44
#Aumerle_R2,#Surrey_R2,0,4,1,44,3,1,44
#BishopOfCarlisle_R2,#AbbotOfWestminster_R2,0,4,1,44,3,1,44
#BishopOfCarlisle_R2,#Fitzwater_R2,0,4,1,44,3,1,44
#BishopOfCarlisle_R2,#HERALDS.X_R2,0,4,1,44,3,1,44
#BishopOfCarlisle_R2,#LORDS.1_R2,0,4,1,44,3,1,44
#BishopOfCarlisle_R2,#Surrey_R2,0,4,1,44,3,1,44
#Fitzwater_R2,#HERALDS.X_R2,0,4,1,44,3,1,44
#Fitzwater_R2,#LORDS.1_R2,0,4,1,44,3,1,44
#Fitzwater_R2,#Surrey_R2,0,4,1,44,3,1,44
#HERALDS.X_R2,#LORDS.1_R2,0,4,1,44,3,1,44
#HERALDS.X_R2,#Surrey_R2,0,4,1,44,3,1,44
#HenryIV_1H4,#AbbotOfWestminster_R2,0,4,1,44,3,1,44
#HenryIV_1H4,#Aumerle_R2,6,4,1,44,3,1,44
#HenryIV_1H4,#BishopOfCarlisle_R2,0,4,1,44,3,1,44
#HenryIV_1H4,#Fitzwater_R2,0,4,1,44,3,1,44
#HenryIV_1H4,#HERALDS.X_R2,0,4,1,44,3,1,44
#HenryIV_1H4,#Hotspur_R2,8,4,1,44,3,1,44
#HenryIV_1H4,#LORDS.1_R2,0,4,1,44,3,1,44
#HenryIV_1H4,#Northumberland_R2,11,4,1,44,3,1,44
#HenryIV_1H4,#OFFICERS_R2,2,4,1,44,3,1,44
#HenryIV_1H4,#Surrey_R2,0,4,1,44,3,1,44
#Hotspur_R2,#AbbotOfWestminster_R2,0,4,1,44,3,1,44
#Hotspur_R2,#BishopOfCarlisle_R2,0,4,1,44,3,1,44
#Hotspur_R2,#Fitzwater_R2,0,4,1,44,3,1,44
#Hotspur_R2,#HERALDS.X_R2,0,4,1,44,3,1,44
#Hotspur_R2,#LORDS.1_R2,0,4,1,44,3,1,44
#Hotspur_R2,#Surrey_R2,0,4,1,44,3,1,44
#LORDS.1_R2,#Surrey_R2,0,4,1,44,3,1,44
#Northumberland_R2,#AbbotOfWestminster_R2,0,4,1,44,3,1,44
#Northumberland_R2,#BishopOfCarlisle_R2,0,4,1,44,3,1,44
#Northumberland_R2,#Fitzwater_R2,0,4,1,44,3,1,44
#Northumberland_R2,#HERALDS.X_R2,0,4,1,44,3,1,44
#Northumberland_R2,#Hotspur_R2,8,4,1,44,3,1,44
#Northumberland_R2,#LORDS.1_R2,0,4,1,44,3,1,44
#Northumberland_R2,#Surrey_R2,0,4,1,44,3,1,44
#OFFICERS_R2,#AbbotOfWestminster_R2,0,4,1,44,3,1,44
#OFFICERS_R2,#BishopOfCarlisle_R2,0,4,1,44,3,1,44
#OFFICERS_R2,#Fitzwater_R2,0,4,1,44,3,1,44
#OFFICERS_R2,#HERALDS.X_R2,0,4,1,44,3,1,44
#OFFICERS_R2,#Hotspur_R2,0,4,1,44,3,1,44
#OFFICERS_R2,#LORDS.1_R2,0,4,1,44,3,1,44
#OFFICERS_R2,#Northumberland_R2,0,4,1,44,3,1,44
#OFFICERS_R2,#Surrey_R2,0,4,1,44,3,1,44
#AbbotOfWestminster_R2,#Fitzwater_R2,1,4,1,45,842,110,45
#AbbotOfWestminster_R2,#HERALDS.X_R2,1,4,1,45,842,110,45
#AbbotOfWestminster_R2,#LORDS.1_R2,1,4,1,45,842,110,45
#AbbotOfWestminster_R2,#OFFICERS.0_R2,0,4,1,45,842,110,45
#AbbotOfWestminster_R2,#Surrey_R2,1,4,1,45,842,110,45
#Aumerle_R2,#AbbotOfWestminster_R2,1,4,1,45,842,110,45
#Aumerle_R2,#Bagot_R2,6,4,1,45,842,110,45
#Aumerle_R2,#BishopOfCarlisle_R2,4,4,1,45,842,110,45
#Aumerle_R2,#Fitzwater_R2,1,4,1,45,842,110,45
#Aumerle_R2,#HERALDS.X_R2,1,4,1,45,842,110,45
#Aumerle_R2,#Hotspur_R2,4,4,1,45,842,110,45
#Aumerle_R2,#LORDS.1_R2,1,4,1,45,842,110,45
#Aumerle_R2,#Northumberland_R2,6,4,1,45,842,110,45
#Aumerle_R2,#OFFICERS.0_R2,0,4,1,45,842,110,45
#Aumerle_R2,#OFFICERS_R2,4,4,1,45,842,110,45
#Aumerle_R2,#Surrey_R2,1,4,1,45,842,110,45
#Bagot_R2,#AbbotOfWestminster_R2,0,4,1,45,842,110,45
#Bagot_R2,#BishopOfCarlisle_R2,0,4,1,45,842,110,45
#Bagot_R2,#Fitzwater_R2,0,4,1,45,842,110,45
#Bagot_R2,#HERALDS.X_R2,0,4,1,45,842,110,45
#Bagot_R2,#Hotspur_R2,0,4,1,45,842,110,45
#Bagot_R2,#LORDS.1_R2,0,4,1,45,842,110,45
#Bagot_R2,#Northumberland_R2,2,4,1,45,842,110,45
#Bagot_R2,#OFFICERS.0_R2,0,4,1,45,842,110,45
#Bagot_R2,#Surrey_R2,0,4,1,45,842,110,45
#BishopOfCarlisle_R2,#AbbotOfWestminster_R2,1,4,1,45,842,110,45
#BishopOfCarlisle_R2,#Fitzwater_R2,1,4,1,45,842,110,45
#BishopOfCarlisle_R2,#HERALDS.X_R2,1,4,1,45,842,110,45
#BishopOfCarlisle_R2,#LORDS.1_R2,1,4,1,45,842,110,45
#BishopOfCarlisle_R2,#OFFICERS.0_R2,0,4,1,45,842,110,45
#BishopOfCarlisle_R2,#Surrey_R2,1,4,1,45,842,110,45
#Fitzwater_R2,#HERALDS.X_R2,1,4,1,45,842,110,45
#Fitzwater_R2,#LORDS.1_R2,1,4,1,45,842,110,45
#Fitzwater_R2,#OFFICERS.0_R2,0,4,1,45,842,110,45
#Fitzwater_R2,#Surrey_R2,1,4,1,45,842,110,45
#HERALDS.X_R2,#LORDS.1_R2,1,4,1,45,842,110,45
#HERALDS.X_R2,#OFFICERS.0_R2,0,4,1,45,842,110,45
#HERALDS.X_R2,#Surrey_R2,1,4,1,45,842,110,45
#HenryIV_1H4,#AbbotOfWestminster_R2,1,4,1,45,842,110,45
#HenryIV_1H4,#Aumerle_R2,7,4,1,45,842,110,45
#HenryIV_1H4,#Bagot_R2,0,4,1,45,842,110,45
#HenryIV_1H4,#BishopOfCarlisle_R2,1,4,1,45,842,110,45
#HenryIV_1H4,#Fitzwater_R2,1,4,1,45,842,110,45
#HenryIV_1H4,#HERALDS.X_R2,1,4,1,45,842,110,45
#HenryIV_1H4,#Hotspur_R2,9,4,1,45,842,110,45
#HenryIV_1H4,#LORDS.1_R2,1,4,1,45,842,110,45
#HenryIV_1H4,#Northumberland_R2,12,4,1,45,842,110,45
#HenryIV_1H4,#OFFICERS.0_R2,0,4,1,45,842,110,45
#HenryIV_1H4,#OFFICERS_R2,3,4,1,45,842,110,45
#HenryIV_1H4,#Surrey_R2,1,4,1,45,842,110,45
#Hotspur_R2,#AbbotOfWestminster_R2,1,4,1,45,842,110,45
#Hotspur_R2,#BishopOfCarlisle_R2,1,4,1,45,842,110,45
#Hotspur_R2,#Fitzwater_R2,1,4,1,45,842,110,45
#Hotspur_R2,#HERALDS.X_R2,1,4,1,45,842,110,45
#Hotspur_R2,#LORDS.1_R2,1,4,1,45,842,110,45
#Hotspur_R2,#OFFICERS.0_R2,0,4,1,45,842,110,45
#Hotspur_R2,#Surrey_R2,1,4,1,45,842,110,45
#LORDS.1_R2,#OFFICERS.0_R2,0,4,1,45,842,110,45
#LORDS.1_R2,#Surrey_R2,1,4,1,45,842,110,45
#Northumberland_R2,#AbbotOfWestminster_R2,1,4,1,45,842,110,45
#Northumberland_R2,#BishopOfCarlisle_R2,1,4,1,45,842,110,45
#Northumberland_R2,#Fitzwater_R2,1,4,1,45,842,110,45
#Northumberland_R2,#HERALDS.X_R2,1,4,1,45,842,110,45
#Northumberland_R2,#Hotspur_R2,9,4,1,45,842,110,45
#Northumberland_R2,#LORDS.1_R2,1,4,1,45,842,110,45
#Northumberland_R2,#OFFICERS.0_R2,0,4,1,45,842,110,45
#Northumberland_R2,#Surrey_R2,1,4,1,45,842,110,45
#OFFICERS_R2,#AbbotOfWestminster_R2,1,4,1,45,842,110,45
#OFFICERS_R2,#Bagot_R2,0,4,1,45,842,110,45
#OFFICERS_R2,#BishopOfCarlisle_R2,1,4,1,45,842,110,45
#OFFICERS_R2,#Fitzwater_R2,1,4,1,45,842,110,45
#OFFICERS_R2,#HERALDS.X_R2,1,4,1,45,842,110,45
#OFFICERS_R2,#Hotspur_R2,1,4,1,45,842,110,45
#OFFICERS_R2,#LORDS.1_R2,1,4,1,45,842,110,45
#OFFICERS_R2,#Northumberland_R2,1,4,1,45,842,110,45
#OFFICERS_R2,#OFFICERS.0_R2,0,4,1,45,842,110,45
#OFFICERS_R2,#Surrey_R2,1,4,1,45,842,110,45
#Surrey_R2,#OFFICERS.0_R2,0,4,1,45,842,110,45
#AbbotOfWestminster_R2,#Fitzwater_R2,2,4,1,46,391,54,46
#AbbotOfWestminster_R2,#HERALDS.X_R2,2,4,1,46,391,54,46
#AbbotOfWestminster_R2,#LORDS.1_R2,2,4,1,46,391,54,46
#AbbotOfWestminster_R2,#OFFICERS.0_R2,1,4,1,46,391,54,46
#AbbotOfWestminster_R2,#Surrey_R2,2,4,1,46,391,54,46
#Aumerle_R2,#AbbotOfWestminster_R2,2,4,1,46,391,54,46
#Aumerle_R2,#Bagot_R2,7,4,1,46,391,54,46
#Aumerle_R2,#BishopOfCarlisle_R2,5,4,1,46,391,54,46
#Aumerle_R2,#Fitzwater_R2,2,4,1,46,391,54,46
#Aumerle_R2,#HERALDS.X_R2,2,4,1,46,391,54,46
#Aumerle_R2,#Hotspur_R2,5,4,1,46,391,54,46
#Aumerle_R2,#LORDS.1_R2,2,4,1,46,391,54,46
#Aumerle_R2,#Northumberland_R2,7,4,1,46,391,54,46
#Aumerle_R2,#OFFICERS.0_R2,1,4,1,46,391,54,46
#Aumerle_R2,#OFFICERS_R2,5,4,1,46,391,54,46
#Aumerle_R2,#Surrey_R2,2,4,1,46,391,54,46
#Aumerle_R2,#York_R2,6,4,1,46,391,54,46
#Bagot_R2,#AbbotOfWestminster_R2,1,4,1,46,391,54,46
#Bagot_R2,#BishopOfCarlisle_R2,1,4,1,46,391,54,46
#Bagot_R2,#Fitzwater_R2,1,4,1,46,391,54,46
#Bagot_R2,#HERALDS.X_R2,1,4,1,46,391,54,46
#Bagot_R2,#Hotspur_R2,1,4,1,46,391,54,46
#Bagot_R2,#LORDS.1_R2,1,4,1,46,391,54,46
#Bagot_R2,#Northumberland_R2,3,4,1,46,391,54,46
#Bagot_R2,#OFFICERS.0_R2,1,4,1,46,391,54,46
#Bagot_R2,#Surrey_R2,1,4,1,46,391,54,46
#Bagot_R2,#York_R2,6,4,1,46,391,54,46
#BishopOfCarlisle_R2,#AbbotOfWestminster_R2,2,4,1,46,391,54,46
#BishopOfCarlisle_R2,#Fitzwater_R2,2,4,1,46,391,54,46
#BishopOfCarlisle_R2,#HERALDS.X_R2,2,4,1,46,391,54,46
#BishopOfCarlisle_R2,#LORDS.1_R2,2,4,1,46,391,54,46
#BishopOfCarlisle_R2,#OFFICERS.0_R2,1,4,1,46,391,54,46
#BishopOfCarlisle_R2,#Surrey_R2,2,4,1,46,391,54,46
#Fitzwater_R2,#HERALDS.X_R2,2,4,1,46,391,54,46
#Fitzwater_R2,#LORDS.1_R2,2,4,1,46,391,54,46
#Fitzwater_R2,#OFFICERS.0_R2,1,4,1,46,391,54,46
#Fitzwater_R2,#Surrey_R2,2,4,1,46,391,54,46
#HERALDS.X_R2,#LORDS.1_R2,2,4,1,46,391,54,46
#HERALDS.X_R2,#OFFICERS.0_R2,1,4,1,46,391,54,46
#HERALDS.X_R2,#Surrey_R2,2,4,1,46,391,54,46
#HenryIV_1H4,#AbbotOfWestminster_R2,2,4,1,46,391,54,46
#HenryIV_1H4,#Aumerle_R2,8,4,1,46,391,54,46
#HenryIV_1H4,#Bagot_R2,1,4,1,46,391,54,46
#HenryIV_1H4,#BishopOfCarlisle_R2,2,4,1,46,391,54,46
#HenryIV_1H4,#Fitzwater_R2,2,4,1,46,391,54,46
#HenryIV_1H4,#HERALDS.X_R2,2,4,1,46,391,54,46
#HenryIV_1H4,#Hotspur_R2,10,4,1,46,391,54,46
#HenryIV_1H4,#LORDS.1_R2,2,4,1,46,391,54,46
#HenryIV_1H4,#Northumberland_R2,13,4,1,46,391,54,46
#HenryIV_1H4,#OFFICERS.0_R2,1,4,1,46,391,54,46
#HenryIV_1H4,#OFFICERS_R2,4,4,1,46,391,54,46
#HenryIV_1H4,#Surrey_R2,2,4,1,46,391,54,46
#HenryIV_1H4,#York_R2,8,4,1,46,391,54,46
#Hotspur_R2,#AbbotOfWestminster_R2,2,4,1,46,391,54,46
#Hotspur_R2,#BishopOfCarlisle_R2,2,4,1,46,391,54,46
#Hotspur_R2,#Fitzwater_R2,2,4,1,46,391,54,46
#Hotspur_R2,#HERALDS.X_R2,2,4,1,46,391,54,46
#Hotspur_R2,#LORDS.1_R2,2,4,1,46,391,54,46
#Hotspur_R2,#OFFICERS.0_R2,1,4,1,46,391,54,46
#Hotspur_R2,#Surrey_R2,2,4,1,46,391,54,46
#LORDS.1_R2,#OFFICERS.0_R2,1,4,1,46,391,54,46
#LORDS.1_R2,#Surrey_R2,2,4,1,46,391,54,46
#Northumberland_R2,#AbbotOfWestminster_R2,2,4,1,46,391,54,46
#Northumberland_R2,#BishopOfCarlisle_R2,2,4,1,46,391,54,46
#Northumberland_R2,#Fitzwater_R2,2,4,1,46,391,54,46
#Northumberland_R2,#HERALDS.X_R2,2,4,1,46,391,54,46
#Northumberland_R2,#Hotspur_R2,10,4,1,46,391,54,46
#Northumberland_R2,#LORDS.1_R2,2,4,1,46,391,54,46
#Northumberland_R2,#OFFICERS.0_R2,1,4,1,46,391,54,46
#Northumberland_R2,#Surrey_R2,2,4,1,46,391,54,46
#OFFICERS_R2,#AbbotOfWestminster_R2,2,4,1,46,391,54,46
#OFFICERS_R2,#Bagot_R2,1,4,1,46,391,54,46
#OFFICERS_R2,#BishopOfCarlisle_R2,2,4,1,46,391,54,46
#OFFICERS_R2,#Fitzwater_R2,2,4,1,46,391,54,46
#OFFICERS_R2,#HERALDS.X_R2,2,4,1,46,391,54,46
#OFFICERS_R2,#Hotspur_R2,2,4,1,46,391,54,46
#OFFICERS_R2,#LORDS.1_R2,2,4,1,46,391,54,46
#OFFICERS_R2,#Northumberland_R2,2,4,1,46,391,54,46
#OFFICERS_R2,#OFFICERS.0_R2,1,4,1,46,391,54,46
#OFFICERS_R2,#Surrey_R2,2,4,1,46,391,54,46
#OFFICERS_R2,#York_R2,0,4,1,46,391,54,46
#Surrey_R2,#OFFICERS.0_R2,1,4,1,46,391,54,46
#York_R2,#AbbotOfWestminster_R2,0,4,1,46,391,54,46
#York_R2,#BishopOfCarlisle_R2,0,4,1,46,391,54,46
#York_R2,#Fitzwater_R2,0,4,1,46,391,54,46
#York_R2,#HERALDS.X_R2,0,4,1,46,391,54,46
#York_R2,#Hotspur_R2,5,4,1,46,391,54,46
#York_R2,#LORDS.1_R2,0,4,1,46,391,54,46
#York_R2,#Northumberland_R2,8,4,1,46,391,54,46
#York_R2,#OFFICERS.0_R2,0,4,1,46,391,54,46
#York_R2,#Surrey_R2,0,4,1,46,391,54,46
#AbbotOfWestminster_R2,#Fitzwater_R2,3,4,1,47,31,4,47
#AbbotOfWestminster_R2,#HERALDS.X_R2,3,4,1,47,31,4,47
#AbbotOfWestminster_R2,#LORDS.1_R2,3,4,1,47,31,4,47
#AbbotOfWestminster_R2,#OFFICERS.0_R2,2,4,1,47,31,4,47
#AbbotOfWestminster_R2,#Surrey_R2,3,4,1,47,31,4,47
#Aumerle_R2,#AbbotOfWestminster_R2,3,4,1,47,31,4,47
#Aumerle_R2,#Bagot_R2,8,4,1,47,31,4,47
#Aumerle_R2,#BishopOfCarlisle_R2,6,4,1,47,31,4,47
#Aumerle_R2,#Fitzwater_R2,3,4,1,47,31,4,47
#Aumerle_R2,#HERALDS.X_R2,3,4,1,47,31,4,47
#Aumerle_R2,#Hotspur_R2,6,4,1,47,31,4,47
#Aumerle_R2,#LORDS.1_R2,3,4,1,47,31,4,47
#Aumerle_R2,#Northumberland_R2,8,4,1,47,31,4,47
#Aumerle_R2,#OFFICERS.0_R2,2,4,1,47,31,4,47
#Aumerle_R2,#OFFICERS_R2,6,4,1,47,31,4,47
#Aumerle_R2,#Surrey_R2,3,4,1,47,31,4,47
#Bagot_R2,#AbbotOfWestminster_R2,2,4,1,47,31,4,47
#Bagot_R2,#BishopOfCarlisle_R2,2,4,1,47,31,4,47
#Bagot_R2,#Fitzwater_R2,2,4,1,47,31,4,47
#Bagot_R2,#HERALDS.X_R2,2,4,1,47,31,4,47
#Bagot_R2,#Hotspur_R2,2,4,1,47,31,4,47
#Bagot_R2,#LORDS.1_R2,2,4,1,47,31,4,47
#Bagot_R2,#Northumberland_R2,4,4,1,47,31,4,47
#Bagot_R2,#OFFICERS.0_R2,2,4,1,47,31,4,47
#Bagot_R2,#Surrey_R2,2,4,1,47,31,4,47
#BishopOfCarlisle_R2,#AbbotOfWestminster_R2,3,4,1,47,31,4,47
#BishopOfCarlisle_R2,#Fitzwater_R2,3,4,1,47,31,4,47
#BishopOfCarlisle_R2,#HERALDS.X_R2,3,4,1,47,31,4,47
#BishopOfCarlisle_R2,#LORDS.1_R2,3,4,1,47,31,4,47
#BishopOfCarlisle_R2,#OFFICERS.0_R2,2,4,1,47,31,4,47
#BishopOfCarlisle_R2,#Surrey_R2,3,4,1,47,31,4,47
#Fitzwater_R2,#HERALDS.X_R2,3,4,1,47,31,4,47
#Fitzwater_R2,#LORDS.1_R2,3,4,1,47,31,4,47
#Fitzwater_R2,#OFFICERS.0_R2,2,4,1,47,31,4,47
#Fitzwater_R2,#Surrey_R2,3,4,1,47,31,4,47
#HERALDS.X_R2,#LORDS.1_R2,3,4,1,47,31,4,47
#HERALDS.X_R2,#OFFICERS.0_R2,2,4,1,47,31,4,47
#HERALDS.X_R2,#Surrey_R2,3,4,1,47,31,4,47
#HenryIV_1H4,#AbbotOfWestminster_R2,3,4,1,47,31,4,47
#HenryIV_1H4,#Aumerle_R2,9,4,1,47,31,4,47
#HenryIV_1H4,#Bagot_R2,2,4,1,47,31,4,47
#HenryIV_1H4,#BishopOfCarlisle_R2,3,4,1,47,31,4,47
#HenryIV_1H4,#Fitzwater_R2,3,4,1,47,31,4,47
#HenryIV_1H4,#HERALDS.X_R2,3,4,1,47,31,4,47
#HenryIV_1H4,#Hotspur_R2,11,4,1,47,31,4,47
#HenryIV_1H4,#LORDS.1_R2,3,4,1,47,31,4,47
#HenryIV_1H4,#Northumberland_R2,14,4,1,47,31,4,47
#HenryIV_1H4,#OFFICERS.0_R2,2,4,1,47,31,4,47
#HenryIV_1H4,#OFFICERS_R2,5,4,1,47,31,4,47
#HenryIV_1H4,#Surrey_R2,3,4,1,47,31,4,47
#Hotspur_R2,#AbbotOfWestminster_R2,3,4,1,47,31,4,47
#Hotspur_R2,#BishopOfCarlisle_R2,3,4,1,47,31,4,47
#Hotspur_R2,#Fitzwater_R2,3,4,1,47,31,4,47
#Hotspur_R2,#HERALDS.X_R2,3,4,1,47,31,4,47
#Hotspur_R2,#LORDS.1_R2,3,4,1,47,31,4,47
#Hotspur_R2,#OFFICERS.0_R2,2,4,1,47,31,4,47
#Hotspur_R2,#Surrey_R2,3,4,1,47,31,4,47
#LORDS.1_R2,#OFFICERS.0_R2,2,4,1,47,31,4,47
#LORDS.1_R2,#Surrey_R2,3,4,1,47,31,4,47
#Northumberland_R2,#AbbotOfWestminster_R2,3,4,1,47,31,4,47
#Northumberland_R2,#BishopOfCarlisle_R2,3,4,1,47,31,4,47
#Northumberland_R2,#Fitzwater_R2,3,4,1,47,31,4,47
#Northumberland_R2,#HERALDS.X_R2,3,4,1,47,31,4,47
#Northumberland_R2,#Hotspur_R2,11,4,1,47,31,4,47
#Northumberland_R2,#LORDS.1_R2,3,4,1,47,31,4,47
#Northumberland_R2,#OFFICERS.0_R2,2,4,1,47,31,4,47
#Northumberland_R2,#Surrey_R2,3,4,1,47,31,4,47
#OFFICERS_R2,#AbbotOfWestminster_R2,3,4,1,47,31,4,47
#OFFICERS_R2,#Bagot_R2,2,4,1,47,31,4,47
#OFFICERS_R2,#BishopOfCarlisle_R2,3,4,1,47,31,4,47
#OFFICERS_R2,#Fitzwater_R2,3,4,1,47,31,4,47
#OFFICERS_R2,#HERALDS.X_R2,3,4,1,47,31,4,47
#OFFICERS_R2,#Hotspur_R2,3,4,1,47,31,4,47
#OFFICERS_R2,#LORDS.1_R2,3,4,1,47,31,4,47
#OFFICERS_R2,#Northumberland_R2,3,4,1,47,31,4,47
#OFFICERS_R2,#OFFICERS.0_R2,2,4,1,47,31,4,47
#OFFICERS_R2,#Surrey_R2,3,4,1,47,31,4,47
#Surrey_R2,#OFFICERS.0_R2,2,4,1,47,31,4,47
#AbbotOfWestminster_R2,#Fitzwater_R2,4,4,1,48,922,117,48
#AbbotOfWestminster_R2,#HERALDS.X_R2,4,4,1,48,922,117,48
#AbbotOfWestminster_R2,#LORDS.1_R2,4,4,1,48,922,117,48
#AbbotOfWestminster_R2,#OFFICERS.0_R2,3,4,1,48,922,117,48
#AbbotOfWestminster_R2,#Surrey_R2,4,4,1,48,922,117,48
#Aumerle_R2,#AbbotOfWestminster_R2,4,4,1,48,922,117,48
#Aumerle_R2,#Bagot_R2,9,4,1,48,922,117,48
#Aumerle_R2,#BishopOfCarlisle_R2,7,4,1,48,922,117,48
#Aumerle_R2,#Fitzwater_R2,4,4,1,48,922,117,48
#Aumerle_R2,#HERALDS.X_R2,4,4,1,48,922,117,48
#Aumerle_R2,#Hotspur_R2,7,4,1,48,922,117,48
#Aumerle_R2,#LORDS.1_R2,4,4,1,48,922,117,48
#Aumerle_R2,#Northumberland_R2,9,4,1,48,922,117,48
#Aumerle_R2,#OFFICERS.0_R2,3,4,1,48,922,117,48
#Aumerle_R2,#OFFICERS_R2,7,4,1,48,922,117,48
#Aumerle_R2,#Surrey_R2,4,4,1,48,922,117,48
#Aumerle_R2,#York_R2,7,4,1,48,922,117,48
#Bagot_R2,#AbbotOfWestminster_R2,3,4,1,48,922,117,48
#Bagot_R2,#BishopOfCarlisle_R2,3,4,1,48,922,117,48
#Bagot_R2,#Fitzwater_R2,3,4,1,48,922,117,48
#Bagot_R2,#HERALDS.X_R2,3,4,1,48,922,117,48
#Bagot_R2,#Hotspur_R2,3,4,1,48,922,117,48
#Bagot_R2,#LORDS.1_R2,3,4,1,48,922,117,48
#Bagot_R2,#Northumberland_R2,5,4,1,48,922,117,48
#Bagot_R2,#OFFICERS.0_R2,3,4,1,48,922,117,48
#Bagot_R2,#Surrey_R2,3,4,1,48,922,117,48
#Bagot_R2,#York_R2,7,4,1,48,922,117,48
#BishopOfCarlisle_R2,#AbbotOfWestminster_R2,4,4,1,48,922,117,48
#BishopOfCarlisle_R2,#Fitzwater_R2,4,4,1,48,922,117,48
#BishopOfCarlisle_R2,#HERALDS.X_R2,4,4,1,48,922,117,48
#BishopOfCarlisle_R2,#LORDS.1_R2,4,4,1,48,922,117,48
#BishopOfCarlisle_R2,#OFFICERS.0_R2,3,4,1,48,922,117,48
#BishopOfCarlisle_R2,#Surrey_R2,4,4,1,48,922,117,48
#Fitzwater_R2,#HERALDS.X_R2,4,4,1,48,922,117,48
#Fitzwater_R2,#LORDS.1_R2,4,4,1,48,922,117,48
#Fitzwater_R2,#OFFICERS.0_R2,3,4,1,48,922,117,48
#Fitzwater_R2,#Surrey_R2,4,4,1,48,922,117,48
#HERALDS.X_R2,#LORDS.1_R2,4,4,1,48,922,117,48
#HERALDS.X_R2,#OFFICERS.0_R2,3,4,1,48,922,117,48
#HERALDS.X_R2,#Surrey_R2,4,4,1,48,922,117,48
#HenryIV_1H4,#AbbotOfWestminster_R2,4,4,1,48,922,117,48
#HenryIV_1H4,#Aumerle_R2,10,4,1,48,922,117,48
#HenryIV_1H4,#Bagot_R2,3,4,1,48,922,117,48
#HenryIV_1H4,#BishopOfCarlisle_R2,4,4,1,48,922,117,48
#HenryIV_1H4,#Fitzwater_R2,4,4,1,48,922,117,48
#HenryIV_1H4,#HERALDS.X_R2,4,4,1,48,922,117,48
#HenryIV_1H4,#Hotspur_R2,12,4,1,48,922,117,48
#HenryIV_1H4,#LORDS.1_R2,4,4,1,48,922,117,48
#HenryIV_1H4,#Northumberland_R2,15,4,1,48,922,117,48
#HenryIV_1H4,#OFFICERS.0_R2,3,4,1,48,922,117,48
#HenryIV_1H4,#OFFICERS_R2,6,4,1,48,922,117,48
#HenryIV_1H4,#Surrey_R2,4,4,1,48,922,117,48
#HenryIV_1H4,#York_R2,9,4,1,48,922,117,48
#Hotspur_R2,#AbbotOfWestminster_R2,4,4,1,48,922,117,48
#Hotspur_R2,#BishopOfCarlisle_R2,4,4,1,48,922,117,48
#Hotspur_R2,#Fitzwater_R2,4,4,1,48,922,117,48
#Hotspur_R2,#HERALDS.X_R2,4,4,1,48,922,117,48
#Hotspur_R2,#LORDS.1_R2,4,4,1,48,922,117,48
#Hotspur_R2,#OFFICERS.0_R2,3,4,1,48,922,117,48
#Hotspur_R2,#Surrey_R2,4,4,1,48,922,117,48
#LORDS.1_R2,#OFFICERS.0_R2,3,4,1,48,922,117,48
#LORDS.1_R2,#Surrey_R2,4,4,1,48,922,117,48
#Northumberland_R2,#AbbotOfWestminster_R2,4,4,1,48,922,117,48
#Northumberland_R2,#BishopOfCarlisle_R2,4,4,1,48,922,117,48
#Northumberland_R2,#Fitzwater_R2,4,4,1,48,922,117,48
#Northumberland_R2,#HERALDS.X_R2,4,4,1,48,922,117,48
#Northumberland_R2,#Hotspur_R2,12,4,1,48,922,117,48
#Northumberland_R2,#LORDS.1_R2,4,4,1,48,922,117,48
#Northumberland_R2,#OFFICERS.0_R2,3,4,1,48,922,117,48
#Northumberland_R2,#Surrey_R2,4,4,1,48,922,117,48
#OFFICERS_R2,#AbbotOfWestminster_R2,4,4,1,48,922,117,48
#OFFICERS_R2,#Bagot_R2,3,4,1,48,922,117,48
#OFFICERS_R2,#BishopOfCarlisle_R2,4,4,1,48,922,117,48
#OFFICERS_R2,#Fitzwater_R2,4,4,1,48,922,117,48
#OFFICERS_R2,#HERALDS.X_R2,4,4,1,48,922,117,48
#OFFICERS_R2,#Hotspur_R2,4,4,1,48,922,117,48
#OFFICERS_R2,#LORDS.1_R2,4,4,1,48,922,117,48
#OFFICERS_R2,#Northumberland_R2,4,4,1,48,922,117,48
#OFFICERS_R2,#OFFICERS.0_R2,3,4,1,48,922,117,48
#OFFICERS_R2,#Surrey_R2,4,4,1,48,922,117,48
#OFFICERS_R2,#York_R2,1,4,1,48,922,117,48
#RichardII_R2,#AbbotOfWestminster_R2,0,4,1,48,922,117,48
#RichardII_R2,#Aumerle_R2,14,4,1,48,922,117,48
#RichardII_R2,#Bagot_R2,6,4,1,48,922,117,48
#RichardII_R2,#BishopOfCarlisle_R2,3,4,1,48,922,117,48
#RichardII_R2,#Fitzwater_R2,0,4,1,48,922,117,48
#RichardII_R2,#HERALDS.X_R2,0,4,1,48,922,117,48
#RichardII_R2,#HenryIV_1H4,5,4,1,48,922,117,48
#RichardII_R2,#Hotspur_R2,2,4,1,48,922,117,48
#RichardII_R2,#LORDS.1_R2,0,4,1,48,922,117,48
#RichardII_R2,#Northumberland_R2,4,4,1,48,922,117,48
#RichardII_R2,#OFFICERS.0_R2,0,4,1,48,922,117,48
#RichardII_R2,#OFFICERS_R2,3,4,1,48,922,117,48
#RichardII_R2,#Surrey_R2,0,4,1,48,922,117,48
#RichardII_R2,#York_R2,5,4,1,48,922,117,48
#Surrey_R2,#OFFICERS.0_R2,3,4,1,48,922,117,48
#York_R2,#AbbotOfWestminster_R2,1,4,1,48,922,117,48
#York_R2,#BishopOfCarlisle_R2,1,4,1,48,922,117,48
#York_R2,#Fitzwater_R2,1,4,1,48,922,117,48
#York_R2,#HERALDS.X_R2,1,4,1,48,922,117,48
#York_R2,#Hotspur_R2,6,4,1,48,922,117,48
#York_R2,#LORDS.1_R2,1,4,1,48,922,117,48
#York_R2,#Northumberland_R2,9,4,1,48,922,117,48
#York_R2,#OFFICERS.0_R2,1,4,1,48,922,117,48
#York_R2,#Surrey_R2,1,4,1,48,922,117,48
#AbbotOfWestminster_R2,#Fitzwater_R2,5,4,1,49,321,45,49
#AbbotOfWestminster_R2,#HERALDS.X_R2,5,4,1,49,321,45,49
#AbbotOfWestminster_R2,#LORDS.1_R2,5,4,1,49,321,45,49
#AbbotOfWestminster_R2,#OFFICERS.0.1_R2,0,4,1,49,321,45,49
#AbbotOfWestminster_R2,#OFFICERS.0_R2,4,4,1,49,321,45,49
#AbbotOfWestminster_R2,#Surrey_R2,5,4,1,49,321,45,49
#Aumerle_R2,#AbbotOfWestminster_R2,5,4,1,49,321,45,49
#Aumerle_R2,#Bagot_R2,10,4,1,49,321,45,49
#Aumerle_R2,#BishopOfCarlisle_R2,8,4,1,49,321,45,49
#Aumerle_R2,#Fitzwater_R2,5,4,1,49,321,45,49
#Aumerle_R2,#HERALDS.X_R2,5,4,1,49,321,45,49
#Aumerle_R2,#Hotspur_R2,8,4,1,49,321,45,49
#Aumerle_R2,#LORDS.1_R2,5,4,1,49,321,45,49
#Aumerle_R2,#Northumberland_R2,10,4,1,49,321,45,49
#Aumerle_R2,#OFFICERS.0.1_R2,0,4,1,49,321,45,49
#Aumerle_R2,#OFFICERS.0_R2,4,4,1,49,321,45,49
#Aumerle_R2,#OFFICERS_R2,8,4,1,49,321,45,49
#Aumerle_R2,#Surrey_R2,5,4,1,49,321,45,49
#Aumerle_R2,#York_R2,8,4,1,49,321,45,49
#Bagot_R2,#AbbotOfWestminster_R2,4,4,1,49,321,45,49
#Bagot_R2,#BishopOfCarlisle_R2,4,4,1,49,321,45,49
#Bagot_R2,#Fitzwater_R2,4,4,1,49,321,45,49
#Bagot_R2,#HERALDS.X_R2,4,4,1,49,321,45,49
#Bagot_R2,#Hotspur_R2,4,4,1,49,321,45,49
#Bagot_R2,#LORDS.1_R2,4,4,1,49,321,45,49
#Bagot_R2,#Northumberland_R2,6,4,1,49,321,45,49
#Bagot_R2,#OFFICERS.0.1_R2,0,4,1,49,321,45,49
#Bagot_R2,#OFFICERS.0_R2,4,4,1,49,321,45,49
#Bagot_R2,#Surrey_R2,4,4,1,49,321,45,49
#Bagot_R2,#York_R2,8,4,1,49,321,45,49
#BishopOfCarlisle_R2,#AbbotOfWestminster_R2,5,4,1,49,321,45,49
#BishopOfCarlisle_R2,#Fitzwater_R2,5,4,1,49,321,45,49
#BishopOfCarlisle_R2,#HERALDS.X_R2,5,4,1,49,321,45,49
#BishopOfCarlisle_R2,#LORDS.1_R2,5,4,1,49,321,45,49
#BishopOfCarlisle_R2,#OFFICERS.0.1_R2,0,4,1,49,321,45,49
#BishopOfCarlisle_R2,#OFFICERS.0_R2,4,4,1,49,321,45,49
#BishopOfCarlisle_R2,#Surrey_R2,5,4,1,49,321,45,49
#Fitzwater_R2,#HERALDS.X_R2,5,4,1,49,321,45,49
#Fitzwater_R2,#LORDS.1_R2,5,4,1,49,321,45,49
#Fitzwater_R2,#OFFICERS.0.1_R2,0,4,1,49,321,45,49
#Fitzwater_R2,#OFFICERS.0_R2,4,4,1,49,321,45,49
#Fitzwater_R2,#Surrey_R2,5,4,1,49,321,45,49
#HERALDS.X_R2,#LORDS.1_R2,5,4,1,49,321,45,49
#HERALDS.X_R2,#OFFICERS.0.1_R2,0,4,1,49,321,45,49
#HERALDS.X_R2,#OFFICERS.0_R2,4,4,1,49,321,45,49
#HERALDS.X_R2,#Surrey_R2,5,4,1,49,321,45,49
#HenryIV_1H4,#AbbotOfWestminster_R2,5,4,1,49,321,45,49
#HenryIV_1H4,#Aumerle_R2,11,4,1,49,321,45,49
#HenryIV_1H4,#Bagot_R2,4,4,1,49,321,45,49
#HenryIV_1H4,#BishopOfCarlisle_R2,5,4,1,49,321,45,49
#HenryIV_1H4,#Fitzwater_R2,5,4,1,49,321,45,49
#HenryIV_1H4,#HERALDS.X_R2,5,4,1,49,321,45,49
#HenryIV_1H4,#Hotspur_R2,13,4,1,49,321,45,49
#HenryIV_1H4,#LORDS.1_R2,5,4,1,49,321,45,49
#HenryIV_1H4,#Northumberland_R2,16,4,1,49,321,45,49
#HenryIV_1H4,#OFFICERS.0.1_R2,0,4,1,49,321,45,49
#HenryIV_1H4,#OFFICERS.0_R2,4,4,1,49,321,45,49
#HenryIV_1H4,#OFFICERS_R2,7,4,1,49,321,45,49
#HenryIV_1H4,#Surrey_R2,5,4,1,49,321,45,49
#HenryIV_1H4,#York_R2,10,4,1,49,321,45,49
#Hotspur_R2,#AbbotOfWestminster_R2,5,4,1,49,321,45,49
#Hotspur_R2,#BishopOfCarlisle_R2,5,4,1,49,321,45,49
#Hotspur_R2,#Fitzwater_R2,5,4,1,49,321,45,49
#Hotspur_R2,#HERALDS.X_R2,5,4,1,49,321,45,49
#Hotspur_R2,#LORDS.1_R2,5,4,1,49,321,45,49
#Hotspur_R2,#OFFICERS.0.1_R2,0,4,1,49,321,45,49
#Hotspur_R2,#OFFICERS.0_R2,4,4,1,49,321,45,49
#Hotspur_R2,#Surrey_R2,5,4,1,49,321,45,49
#LORDS.1_R2,#OFFICERS.0.1_R2,0,4,1,49,321,45,49
#LORDS.1_R2,#OFFICERS.0_R2,4,4,1,49,321,45,49
#LORDS.1_R2,#Surrey_R2,5,4,1,49,321,45,49
#Northumberland_R2,#AbbotOfWestminster_R2,5,4,1,49,321,45,49
#Northumberland_R2,#BishopOfCarlisle_R2,5,4,1,49,321,45,49
#Northumberland_R2,#Fitzwater_R2,5,4,1,49,321,45,49
#Northumberland_R2,#HERALDS.X_R2,5,4,1,49,321,45,49
#Northumberland_R2,#Hotspur_R2,13,4,1,49,321,45,49
#Northumberland_R2,#LORDS.1_R2,5,4,1,49,321,45,49
#Northumberland_R2,#OFFICERS.0.1_R2,0,4,1,49,321,45,49
#Northumberland_R2,#OFFICERS.0_R2,4,4,1,49,321,45,49
#Northumberland_R2,#Surrey_R2,5,4,1,49,321,45,49
#OFFICERS.0_R2,#OFFICERS.0.1_R2,0,4,1,49,321,45,49
#OFFICERS_R2,#AbbotOfWestminster_R2,5,4,1,49,321,45,49
#OFFICERS_R2,#Bagot_R2,4,4,1,49,321,45,49
#OFFICERS_R2,#BishopOfCarlisle_R2,5,4,1,49,321,45,49
#OFFICERS_R2,#Fitzwater_R2,5,4,1,49,321,45,49
#OFFICERS_R2,#HERALDS.X_R2,5,4,1,49,321,45,49
#OFFICERS_R2,#Hotspur_R2,5,4,1,49,321,45,49
#OFFICERS_R2,#LORDS.1_R2,5,4,1,49,321,45,49
#OFFICERS_R2,#Northumberland_R2,5,4,1,49,321,45,49
#OFFICERS_R2,#OFFICERS.0.1_R2,0,4,1,49,321,45,49
#OFFICERS_R2,#OFFICERS.0_R2,4,4,1,49,321,45,49
#OFFICERS_R2,#Surrey_R2,5,4,1,49,321,45,49
#OFFICERS_R2,#York_R2,2,4,1,49,321,45,49
#RichardII_R2,#AbbotOfWestminster_R2,1,4,1,49,321,45,49
#RichardII_R2,#Aumerle_R2,15,4,1,49,321,45,49
#RichardII_R2,#Bagot_R2,7,4,1,49,321,45,49
#RichardII_R2,#BishopOfCarlisle_R2,4,4,1,49,321,45,49
#RichardII_R2,#Fitzwater_R2,1,4,1,49,321,45,49
#RichardII_R2,#HERALDS.X_R2,1,4,1,49,321,45,49
#RichardII_R2,#HenryIV_1H4,6,4,1,49,321,45,49
#RichardII_R2,#Hotspur_R2,3,4,1,49,321,45,49
#RichardII_R2,#LORDS.1_R2,1,4,1,49,321,45,49
#RichardII_R2,#Northumberland_R2,5,4,1,49,321,45,49
#RichardII_R2,#OFFICERS.0.1_R2,0,4,1,49,321,45,49
#RichardII_R2,#OFFICERS.0_R2,1,4,1,49,321,45,49
#RichardII_R2,#OFFICERS_R2,4,4,1,49,321,45,49
#RichardII_R2,#Surrey_R2,1,4,1,49,321,45,49
#RichardII_R2,#York_R2,6,4,1,49,321,45,49
#Surrey_R2,#OFFICERS.0.1_R2,0,4,1,49,321,45,49
#Surrey_R2,#OFFICERS.0_R2,4,4,1,49,321,45,49
#York_R2,#AbbotOfWestminster_R2,2,4,1,49,321,45,49
#York_R2,#BishopOfCarlisle_R2,2,4,1,49,321,45,49
#York_R2,#Fitzwater_R2,2,4,1,49,321,45,49
#York_R2,#HERALDS.X_R2,2,4,1,49,321,45,49
#York_R2,#Hotspur_R2,7,4,1,49,321,45,49
#York_R2,#LORDS.1_R2,2,4,1,49,321,45,49
#York_R2,#Northumberland_R2,10,4,1,49,321,45,49
#York_R2,#OFFICERS.0.1_R2,0,4,1,49,321,45,49
#York_R2,#OFFICERS.0_R2,2,4,1,49,321,45,49
#York_R2,#Surrey_R2,2,4,1,49,321,45,49
#AbbotOfWestminster_R2,#Fitzwater_R2,6,4,1,50,12,2,50
#AbbotOfWestminster_R2,#HERALDS.X_R2,6,4,1,50,12,2,50
#AbbotOfWestminster_R2,#LORDS.1_R2,6,4,1,50,12,2,50
#AbbotOfWestminster_R2,#OFFICERS.0.1_R2,1,4,1,50,12,2,50
#AbbotOfWestminster_R2,#Surrey_R2,6,4,1,50,12,2,50
#Aumerle_R2,#AbbotOfWestminster_R2,6,4,1,50,12,2,50
#Aumerle_R2,#Bagot_R2,11,4,1,50,12,2,50
#Aumerle_R2,#BishopOfCarlisle_R2,9,4,1,50,12,2,50
#Aumerle_R2,#Fitzwater_R2,6,4,1,50,12,2,50
#Aumerle_R2,#HERALDS.X_R2,6,4,1,50,12,2,50
#Aumerle_R2,#Hotspur_R2,9,4,1,50,12,2,50
#Aumerle_R2,#LORDS.1_R2,6,4,1,50,12,2,50
#Aumerle_R2,#Northumberland_R2,11,4,1,50,12,2,50
#Aumerle_R2,#OFFICERS.0.1_R2,1,4,1,50,12,2,50
#Aumerle_R2,#OFFICERS_R2,9,4,1,50,12,2,50
#Aumerle_R2,#Surrey_R2,6,4,1,50,12,2,50
#Aumerle_R2,#York_R2,9,4,1,50,12,2,50
#Bagot_R2,#AbbotOfWestminster_R2,5,4,1,50,12,2,50
#Bagot_R2,#BishopOfCarlisle_R2,5,4,1,50,12,2,50
#Bagot_R2,#Fitzwater_R2,5,4,1,50,12,2,50
#Bagot_R2,#HERALDS.X_R2,5,4,1,50,12,2,50
#Bagot_R2,#Hotspur_R2,5,4,1,50,12,2,50
#Bagot_R2,#LORDS.1_R2,5,4,1,50,12,2,50
#Bagot_R2,#Northumberland_R2,7,4,1,50,12,2,50
#Bagot_R2,#OFFICERS.0.1_R2,1,4,1,50,12,2,50
#Bagot_R2,#Surrey_R2,5,4,1,50,12,2,50
#Bagot_R2,#York_R2,9,4,1,50,12,2,50
#BishopOfCarlisle_R2,#AbbotOfWestminster_R2,6,4,1,50,12,2,50
#BishopOfCarlisle_R2,#Fitzwater_R2,6,4,1,50,12,2,50
#BishopOfCarlisle_R2,#HERALDS.X_R2,6,4,1,50,12,2,50
#BishopOfCarlisle_R2,#LORDS.1_R2,6,4,1,50,12,2,50
#BishopOfCarlisle_R2,#OFFICERS.0.1_R2,1,4,1,50,12,2,50
#BishopOfCarlisle_R2,#Surrey_R2,6,4,1,50,12,2,50
#Fitzwater_R2,#HERALDS.X_R2,6,4,1,50,12,2,50
#Fitzwater_R2,#LORDS.1_R2,6,4,1,50,12,2,50
#Fitzwater_R2,#OFFICERS.0.1_R2,1,4,1,50,12,2,50
#Fitzwater_R2,#Surrey_R2,6,4,1,50,12,2,50
#HERALDS.X_R2,#LORDS.1_R2,6,4,1,50,12,2,50
#HERALDS.X_R2,#OFFICERS.0.1_R2,1,4,1,50,12,2,50
#HERALDS.X_R2,#Surrey_R2,6,4,1,50,12,2,50
#HenryIV_1H4,#AbbotOfWestminster_R2,6,4,1,50,12,2,50
#HenryIV_1H4,#Aumerle_R2,12,4,1,50,12,2,50
#HenryIV_1H4,#Bagot_R2,5,4,1,50,12,2,50
#HenryIV_1H4,#BishopOfCarlisle_R2,6,4,1,50,12,2,50
#HenryIV_1H4,#Fitzwater_R2,6,4,1,50,12,2,50
#HenryIV_1H4,#HERALDS.X_R2,6,4,1,50,12,2,50
#HenryIV_1H4,#Hotspur_R2,14,4,1,50,12,2,50
#HenryIV_1H4,#LORDS.1_R2,6,4,1,50,12,2,50
#HenryIV_1H4,#Northumberland_R2,17,4,1,50,12,2,50
#HenryIV_1H4,#OFFICERS.0.1_R2,1,4,1,50,12,2,50
#HenryIV_1H4,#OFFICERS_R2,8,4,1,50,12,2,50
#HenryIV_1H4,#Surrey_R2,6,4,1,50,12,2,50
#HenryIV_1H4,#York_R2,11,4,1,50,12,2,50
#Hotspur_R2,#AbbotOfWestminster_R2,6,4,1,50,12,2,50
#Hotspur_R2,#BishopOfCarlisle_R2,6,4,1,50,12,2,50
#Hotspur_R2,#Fitzwater_R2,6,4,1,50,12,2,50
#Hotspur_R2,#HERALDS.X_R2,6,4,1,50,12,2,50
#Hotspur_R2,#LORDS.1_R2,6,4,1,50,12,2,50
#Hotspur_R2,#OFFICERS.0.1_R2,1,4,1,50,12,2,50
#Hotspur_R2,#Surrey_R2,6,4,1,50,12,2,50
#LORDS.1_R2,#OFFICERS.0.1_R2,1,4,1,50,12,2,50
#LORDS.1_R2,#Surrey_R2,6,4,1,50,12,2,50
#Northumberland_R2,#AbbotOfWestminster_R2,6,4,1,50,12,2,50
#Northumberland_R2,#BishopOfCarlisle_R2,6,4,1,50,12,2,50
#Northumberland_R2,#Fitzwater_R2,6,4,1,50,12,2,50
#Northumberland_R2,#HERALDS.X_R2,6,4,1,50,12,2,50
#Northumberland_R2,#Hotspur_R2,14,4,1,50,12,2,50
#Northumberland_R2,#LORDS.1_R2,6,4,1,50,12,2,50
#Northumberland_R2,#OFFICERS.0.1_R2,1,4,1,50,12,2,50
#Northumberland_R2,#Surrey_R2,6,4,1,50,12,2,50
#OFFICERS_R2,#AbbotOfWestminster_R2,6,4,1,50,12,2,50
#OFFICERS_R2,#Bagot_R2,5,4,1,50,12,2,50
#OFFICERS_R2,#BishopOfCarlisle_R2,6,4,1,50,12,2,50
#OFFICERS_R2,#Fitzwater_R2,6,4,1,50,12,2,50
#OFFICERS_R2,#HERALDS.X_R2,6,4,1,50,12,2,50
#OFFICERS_R2,#Hotspur_R2,6,4,1,50,12,2,50
#OFFICERS_R2,#LORDS.1_R2,6,4,1,50,12,2,50
#OFFICERS_R2,#Northumberland_R2,6,4,1,50,12,2,50
#OFFICERS_R2,#OFFICERS.0.1_R2,1,4,1,50,12,2,50
#OFFICERS_R2,#Surrey_R2,6,4,1,50,12,2,50
#OFFICERS_R2,#York_R2,3,4,1,50,12,2,50
#Surrey_R2,#OFFICERS.0.1_R2,1,4,1,50,12,2,50
#York_R2,#AbbotOfWestminster_R2,3,4,1,50,12,2,50
#York_R2,#BishopOfCarlisle_R2,3,4,1,50,12,2,50
#York_R2,#Fitzwater_R2,3,4,1,50,12,2,50
#York_R2,#HERALDS.X_R2,3,4,1,50,12,2,50
#York_R2,#Hotspur_R2,8,4,1,50,12,2,50
#York_R2,#LORDS.1_R2,3,4,1,50,12,2,50
#York_R2,#Northumberland_R2,11,4,1,50,12,2,50
#York_R2,#OFFICERS.0.1_R2,1,4,1,50,12,2,50
#York_R2,#Surrey_R2,3,4,1,50,12,2,50
#AbbotOfWestminster_R2,#OFFICERS.0.1_R2,2,4,1,51,104,14,51
#Aumerle_R2,#AbbotOfWestminster_R2,7,4,1,51,104,14,51
#Aumerle_R2,#BishopOfCarlisle_R2,10,4,1,51,104,14,51
#Aumerle_R2,#OFFICERS.0.1_R2,2,4,1,51,104,14,51
#BishopOfCarlisle_R2,#AbbotOfWestminster_R2,7,4,1,51,104,14,51
#BishopOfCarlisle_R2,#OFFICERS.0.1_R2,2,4,1,51,104,14,51
#Queen_R2,#LADIES_R2,3,5,1,52,45,6,52
#OFFICERS_R2,#LADIES_R2,0,5,1,53,355,45,53
#OFFICERS_R2,#Queen_R2,0,5,1,53,355,45,53
#Queen_R2,#LADIES_R2,4,5,1,53,355,45,53
#RichardII_R2,#LADIES_R2,0,5,1,53,355,45,53
#RichardII_R2,#OFFICERS_R2,5,5,1,53,355,45,53
#RichardII_R2,#Queen_R2,4,5,1,53,355,45,53
#Northumberland_R2,#LADIES_R2,0,5,1,54,434,53,54
#OFFICERS_R2,#LADIES_R2,1,5,1,54,434,53,54
#OFFICERS_R2,#Northumberland_R2,7,5,1,54,434,53,54
#OFFICERS_R2,#Queen_R2,1,5,1,54,434,53,54
#Queen_R2,#LADIES_R2,5,5,1,54,434,53,54
#Queen_R2,#Northumberland_R2,2,5,1,54,434,53,54
#RichardII_R2,#LADIES_R2,1,5,1,54,434,53,54
#RichardII_R2,#Northumberland_R2,6,5,1,54,434,53,54
#RichardII_R2,#OFFICERS_R2,6,5,1,54,434,53,54
#RichardII_R2,#Queen_R2,5,5,1,54,434,53,54
#York_R2,#DuchessOfYork_R2,0,5,2,55,315,43,55
#Aumerle_R2,#DuchessOfYork_R2,0,5,2,56,366,50,56
#Aumerle_R2,#York_R2,10,5,2,56,366,50,56
#York_R2,#DuchessOfYork_R2,1,5,2,56,366,50,56
#Aumerle_R2,#DuchessOfYork_R2,1,5,2,57,22,3,57
#Aumerle_R2,#SERVANTS.YORK.1_R2,0,5,2,57,22,3,57
#Aumerle_R2,#York_R2,11,5,2,57,22,3,57
#SERVANTS.YORK.1_R2,#DuchessOfYork_R2,0,5,2,57,22,3,57
#York_R2,#DuchessOfYork_R2,2,5,2,57,22,3,57
#York_R2,#SERVANTS.YORK.1_R2,1,5,2,57,22,3,57
#Aumerle_R2,#DuchessOfYork_R2,2,5,2,58,197,26,58
#Aumerle_R2,#York_R2,12,5,2,58,197,26,58
#York_R2,#DuchessOfYork_R2,3,5,2,58,197,26,58
#Aumerle_R2,#DuchessOfYork_R2,3,5,2,59,60,7,59
#HenryIV_1H4,#Hotspur_R2,15,5,3,60,172,22,60
#LORDS_R2,#HenryIV_1H4,5,5,3,60,172,22,60
#LORDS_R2,#Hotspur_R2,0,5,3,60,172,22,60
#Aumerle_R2,#Hotspur_R2,10,5,3,61,39,6,61
#HenryIV_1H4,#Aumerle_R2,13,5,3,61,39,6,61
#HenryIV_1H4,#Hotspur_R2,16,5,3,61,39,6,61
#LORDS_R2,#Aumerle_R2,3,5,3,61,39,6,61
#LORDS_R2,#HenryIV_1H4,6,5,3,61,39,6,61
#LORDS_R2,#Hotspur_R2,1,5,3,61,39,6,61
#HenryIV_1H4,#Aumerle_R2,14,5,3,62,77,10,62
#Aumerle_R2,#York_R2,13,5,3,63,267,35,63
#HenryIV_1H4,#Aumerle_R2,15,5,3,63,267,35,63
#HenryIV_1H4,#York_R2,12,5,3,63,267,35,63
#Aumerle_R2,#DuchessOfYork_R2,4,5,3,64,604,80,64
#Aumerle_R2,#York_R2,14,5,3,64,604,80,64
#HenryIV_1H4,#Aumerle_R2,16,5,3,64,604,80,64
#HenryIV_1H4,#DuchessOfYork_R2,0,5,3,64,604,80,64
#HenryIV_1H4,#York_R2,13,5,3,64,604,80,64
#York_R2,#DuchessOfYork_R2,4,5,3,64,604,80,64
#Exton_R2,#SERVANTS.EXTON_R2,0,5,4,65,25,3,65
#Exton_R2,#SERVANTS.EXTON.0.1_R2,0,5,4,66,69,9,66
#Exton_R2,#SERVANTS.EXTON_R2,1,5,4,66,69,9,66
#SERVANTS.EXTON_R2,#SERVANTS.EXTON.0.1_R2,0,5,4,66,69,9,66
#RichardII_R2,#Groom_R2,0,5,5,68,227,29,68
#Groom_R2,#Jailer_R2,0,5,5,69,27,3,69
#RichardII_R2,#Groom_R2,1,5,5,69,27,3,69
#RichardII_R2,#Jailer_R2,0,5,5,69,27,3,69
#RichardII_R2,#Jailer_R2,1,5,5,70,57,8,70
#Exton_R2,#Jailer_R2,0,5,5,71,124,15,71
#Exton_R2,#SERVANTS.EXTON_R2,2,5,5,71,124,15,71
#RichardII_R2,#Exton_R2,0,5,5,71,124,15,71
#RichardII_R2,#Jailer_R2,2,5,5,71,124,15,71
#RichardII_R2,#SERVANTS.EXTON_R2,0,5,5,71,124,15,71
#SERVANTS.EXTON_R2,#Jailer_R2,0,5,5,71,124,15,71
#HenryIV_1H4,#York_R2,14,5,6,72,32,4,72
#HenryIV_1H4,#Northumberland_R2,18,5,6,73,64,8,73
#HenryIV_1H4,#York_R2,15,5,6,73,64,8,73
#York_R2,#Northumberland_R2,12,5,6,73,64,8,73
#HenryIV_1H4,#Fitzwater_R2,7,5,6,74,45,6,74
#HenryIV_1H4,#Northumberland_R2,19,5,6,74,45,6,74
#HenryIV_1H4,#York_R2,16,5,6,74,45,6,74
#Northumberland_R2,#Fitzwater_R2,7,5,6,74,45,6,74
#York_R2,#Fitzwater_R2,4,5,6,74,45,6,74
#York_R2,#Northumberland_R2,13,5,6,74,45,6,74
#BishopOfCarlisle_R2,#Fitzwater_R2,7,5,6,75,86,11,75
#HenryIV_1H4,#BishopOfCarlisle_R2,7,5,6,75,86,11,75
#HenryIV_1H4,#Fitzwater_R2,8,5,6,75,86,11,75
#HenryIV_1H4,#Hotspur_R2,17,5,6,75,86,11,75
#HenryIV_1H4,#Northumberland_R2,20,5,6,75,86,11,75
#HenryIV_1H4,#York_R2,17,5,6,75,86,11,75
#Hotspur_R2,#BishopOfCarlisle_R2,7,5,6,75,86,11,75
#Hotspur_R2,#Fitzwater_R2,7,5,6,75,86,11,75
#Northumberland_R2,#BishopOfCarlisle_R2,7,5,6,75,86,11,75
#Northumberland_R2,#Fitzwater_R2,8,5,6,75,86,11,75
#Northumberland_R2,#Hotspur_R2,15,5,6,75,86,11,75
#York_R2,#BishopOfCarlisle_R2,4,5,6,75,86,11,75
#York_R2,#Fitzwater_R2,5,5,6,75,86,11,75
#York_R2,#Hotspur_R2,9,5,6,75,86,11,75
#York_R2,#Northumberland_R2,14,5,6,75,86,11,75
#BishopOfCarlisle_R2,#Exton_R2,0,5,6,76,121,15,76
#BishopOfCarlisle_R2,#Fitzwater_R2,8,5,6,76,121,15,76
#BishopOfCarlisle_R2,#SERVANTS.EXTON_R2,0,5,6,76,121,15,76
#Exton_R2,#SERVANTS.EXTON_R2,3,5,6,76,121,15,76
#Fitzwater_R2,#Exton_R2,0,5,6,76,121,15,76
#Fitzwater_R2,#SERVANTS.EXTON_R2,0,5,6,76,121,15,76
#HenryIV_1H4,#BishopOfCarlisle_R2,8,5,6,76,121,15,76
#HenryIV_1H4,#Exton_R2,0,5,6,76,121,15,76
#HenryIV_1H4,#Fitzwater_R2,9,5,6,76,121,15,76
#HenryIV_1H4,#Hotspur_R2,18,5,6,76,121,15,76
#HenryIV_1H4,#Northumberland_R2,21,5,6,76,121,15,76
#HenryIV_1H4,#SERVANTS.EXTON_R2,0,5,6,76,121,15,76
#HenryIV_1H4,#York_R2,18,5,6,76,121,15,76
#Hotspur_R2,#BishopOfCarlisle_R2,8,5,6,76,121,15,76
#Hotspur_R2,#Exton_R2,0,5,6,76,121,15,76
#Hotspur_R2,#Fitzwater_R2,8,5,6,76,121,15,76
#Hotspur_R2,#SERVANTS.EXTON_R2,0,5,6,76,121,15,76
#Northumberland_R2,#BishopOfCarlisle_R2,8,5,6,76,121,15,76
#Northumberland_R2,#Exton_R2,0,5,6,76,121,15,76
#Northumberland_R2,#Fitzwater_R2,9,5,6,76,121,15,76
#Northumberland_R2,#Hotspur_R2,16,5,6,76,121,15,76
#Northumberland_R2,#SERVANTS.EXTON_R2,0,5,6,76,121,15,76
#York_R2,#BishopOfCarlisle_R2,5,5,6,76,121,15,76
#York_R2,#Exton_R2,0,5,6,76,121,15,76
#York_R2,#Fitzwater_R2,6,5,6,76,121,15,76
#York_R2,#Hotspur_R2,10,5,6,76,121,15,76
#York_R2,#Northumberland_R2,15,5,6,76,121,15,76
#York_R2,#SERVANTS.EXTON_R2,0,5,6,76,121,15,76
#BishopOfCarlisle_R2,#Fitzwater_R2,9,5,6,77,63,8,77
#BishopOfCarlisle_R2,#SERVANTS.EXTON_R2,1,5,6,77,63,8,77
#Fitzwater_R2,#SERVANTS.EXTON_R2,1,5,6,77,63,8,77
#HenryIV_1H4,#BishopOfCarlisle_R2,9,5,6,77,63,8,77
#HenryIV_1H4,#Fitzwater_R2,10,5,6,77,63,8,77
#HenryIV_1H4,#Hotspur_R2,19,5,6,77,63,8,77
#HenryIV_1H4,#Northumberland_R2,22,5,6,77,63,8,77
#HenryIV_1H4,#SERVANTS.EXTON_R2,1,5,6,77,63,8,77
#HenryIV_1H4,#York_R2,19,5,6,77,63,8,77
#Hotspur_R2,#BishopOfCarlisle_R2,9,5,6,77,63,8,77
#Hotspur_R2,#Fitzwater_R2,9,5,6,77,63,8,77
#Hotspur_R2,#SERVANTS.EXTON_R2,1,5,6,77,63,8,77
#Northumberland_R2,#BishopOfCarlisle_R2,9,5,6,77,63,8,77
#Northumberland_R2,#Fitzwater_R2,10,5,6,77,63,8,77
#Northumberland_R2,#Hotspur_R2,17,5,6,77,63,8,77
#Northumberland_R2,#SERVANTS.EXTON_R2,1,5,6,77,63,8,77
#York_R2,#BishopOfCarlisle_R2,6,5,6,77,63,8,77
#York_R2,#Fitzwater_R2,7,5,6,77,63,8,77
#York_R2,#Hotspur_R2,11,5,6,77,63,8,77
#York_R2,#Northumberland_R2,16,5,6,77,63,8,77
#York_R2,#SERVANTS.EXTON_R2,1,5,6,77,63,8,77
