source,target,n_lines,n_tokens,edge_type
#AnnePage_Wiv,1.01.0009,2,12,active
#AnnePage_Wiv,1.01.0010,3,14,active
#AnnePage_Wiv,1.01.0011,5,34,active
#AnnePage_Wiv,1.01.0012,2,11,active
#AnnePage_Wiv,3.04.0088,6,33,active
#AnnePage_Wiv,3.04.0089,8,49,active
#AnnePage_Wiv,3.04.0091,3,25,active
#AnnePage_Wiv,5.05.0147,1,7,active
#BOYS_Wiv,5.05.0143,10,59,active
#Bardolph_1H4,1.01.0003,6,35,active
#Bardolph_1H4,1.03.0015,1,11,active
#Bardolph_1H4,2.02.0048,5,29,active
#Bardolph_1H4,3.05.0095,1,2,active
#Bardolph_1H4,3.05.0097,3,11,active
#Bardolph_1H4,3.05.0098,1,3,active
#Bardolph_1H4,4.03.0119,4,32,active
#Bardolph_1H4,4.05.0126,7,45,active
#DoctorCaius_Wiv,1.04.0023,4,35,active
#DoctorCaius_Wiv,1.04.0024,2,19,active
#DoctorCaius_Wiv,1.04.0025,2,12,active
#DoctorCaius_Wiv,1.04.0026,7,49,active
#DoctorCaius_Wiv,1.04.0028,20,126,active
#DoctorCaius_Wiv,1.04.0029,9,76,active
#DoctorCaius_Wiv,2.03.0053,10,72,active
#DoctorCaius_Wiv,2.03.0054,15,98,active
#DoctorCaius_Wiv,2.03.0055,8,58,active
#DoctorCaius_Wiv,3.01.0060,9,59,active
#DoctorCaius_Wiv,3.01.0062,5,35,active
#DoctorCaius_Wiv,3.02.0066,2,15,active
#DoctorCaius_Wiv,3.02.0067,1,7,active
#DoctorCaius_Wiv,3.02.0069,2,7,active
#DoctorCaius_Wiv,3.03.0083,2,14,active
#DoctorCaius_Wiv,3.03.0085,2,16,active
#DoctorCaius_Wiv,3.03.0086,2,11,active
#DoctorCaius_Wiv,3.03.0087,1,9,active
#DoctorCaius_Wiv,4.05.0128,5,48,active
#DoctorCaius_Wiv,5.03.0136,1,8,active
#DoctorCaius_Wiv,5.05.0146,6,45,active
#Falstaff_1H4,1.01.0003,16,87,active
#Falstaff_1H4,1.01.0006,2,15,active
#Falstaff_1H4,1.03.0014,5,28,active
#Falstaff_1H4,1.03.0015,3,24,active
#Falstaff_1H4,1.03.0016,41,345,active
#Falstaff_1H4,2.02.0043,25,222,active
#Falstaff_1H4,2.02.0044,1,3,active
#Falstaff_1H4,2.02.0045,24,142,active
#Falstaff_1H4,2.02.0046,2,4,active
#Falstaff_1H4,2.02.0047,6,56,active
#Falstaff_1H4,2.02.0048,3,17,active
#Falstaff_1H4,2.02.0049,2,14,active
#Falstaff_1H4,2.02.0050,3,17,active
#Falstaff_1H4,2.02.0051,49,348,active
#Falstaff_1H4,3.03.0076,30,248,active
#Falstaff_1H4,3.03.0077,2,12,active
#Falstaff_1H4,3.03.0078,4,36,active
#Falstaff_1H4,3.05.0094,1,3,active
#Falstaff_1H4,3.05.0095,1,12,active
#Falstaff_1H4,3.05.0096,15,148,active
#Falstaff_1H4,3.05.0097,4,31,active
#Falstaff_1H4,3.05.0098,4,22,active
#Falstaff_1H4,3.05.0099,11,76,active
#Falstaff_1H4,3.05.0100,2,20,active
#Falstaff_1H4,3.05.0101,66,528,active
#Falstaff_1H4,4.02.0105,6,53,active
#Falstaff_1H4,4.02.0108,8,43,active
#Falstaff_1H4,4.05.0124,14,84,active
#Falstaff_1H4,4.05.0125,4,34,active
#Falstaff_1H4,4.05.0130,11,96,active
#Falstaff_1H4,4.05.0131,14,109,active
#Falstaff_1H4,5.01.0133,7,48,active
#Falstaff_1H4,5.01.0134,21,182,active
#Falstaff_1H4,5.05.0139,15,147,active
#Falstaff_1H4,5.05.0140,14,105,active
#Falstaff_1H4,5.05.0141,3,27,active
#Falstaff_1H4,5.05.0142,5,39,active
#Falstaff_1H4,5.05.0144,22,196,active
#Falstaff_1H4,5.05.0147,4,28,active
#Fenton_Wiv,1.04.0031,11,73,active
#Fenton_Wiv,3.04.0088,17,134,active
#Fenton_Wiv,3.04.0090,2,11,active
#Fenton_Wiv,3.04.0091,6,46,active
#Fenton_Wiv,3.04.0092,2,19,active
#Fenton_Wiv,4.06.0132,48,384,active
#Fenton_Wiv,5.05.0147,11,83,active
#Host_Wiv,1.03.0014,9,59,active
#Host_Wiv,2.01.0040,2,11,active
#Host_Wiv,2.01.0041,9,56,active
#Host_Wiv,2.03.0054,24,164,active
#Host_Wiv,2.03.0055,8,61,active
#Host_Wiv,3.01.0060,17,136,active
#Host_Wiv,3.02.0066,5,43,active
#Host_Wiv,3.02.0068,2,15,active
#Host_Wiv,4.03.0119,7,62,active
#Host_Wiv,4.05.0123,12,82,active
#Host_Wiv,4.05.0124,6,34,active
#Host_Wiv,4.05.0125,2,15,active
#Host_Wiv,4.05.0126,4,28,active
#Host_Wiv,4.05.0127,1,5,active
#Host_Wiv,4.05.0128,2,8,active
#Host_Wiv,4.05.0129,3,20,active
#Host_Wiv,4.06.0132,7,56,active
#HughEvans_Wiv,1.01.0001,38,318,active
#HughEvans_Wiv,1.01.0002,5,37,active
#HughEvans_Wiv,1.01.0003,15,122,active
#HughEvans_Wiv,1.01.0008,18,131,active
#HughEvans_Wiv,1.01.0009,2,11,active
#HughEvans_Wiv,1.02.0013,12,100,active
#HughEvans_Wiv,3.01.0056,6,39,active
#HughEvans_Wiv,3.01.0057,16,105,active
#HughEvans_Wiv,3.01.0058,5,29,active
#HughEvans_Wiv,3.01.0059,11,72,active
#HughEvans_Wiv,3.01.0060,10,68,active
#HughEvans_Wiv,3.01.0062,7,48,active
#HughEvans_Wiv,3.02.0069,2,7,active
#HughEvans_Wiv,3.03.0083,2,7,active
#HughEvans_Wiv,3.03.0085,6,52,active
#HughEvans_Wiv,3.03.0086,2,11,active
#HughEvans_Wiv,3.03.0087,4,22,active
#HughEvans_Wiv,4.01.0104,36,200,active
#HughEvans_Wiv,4.02.0113,2,11,active
#HughEvans_Wiv,4.02.0114,5,28,active
#HughEvans_Wiv,4.02.0117,3,30,active
#HughEvans_Wiv,4.04.0120,12,89,active
#HughEvans_Wiv,4.05.0127,9,69,active
#HughEvans_Wiv,5.04.0138,4,33,active
#HughEvans_Wiv,5.05.0142,12,92,active
#HughEvans_Wiv,5.05.0143,10,59,active
#HughEvans_Wiv,5.05.0144,10,59,active
#John_Wiv,3.03.0081,1,4,active
#John_Wiv,4.02.0112,1,9,active
#MasterFord_Wiv,2.01.0035,4,20,active
#MasterFord_Wiv,2.01.0036,1,9,active
#MasterFord_Wiv,2.01.0037,5,27,active
#MasterFord_Wiv,2.01.0039,9,70,active
#MasterFord_Wiv,2.01.0041,4,39,active
#MasterFord_Wiv,2.01.0042,7,72,active
#MasterFord_Wiv,2.02.0050,3,15,active
#MasterFord_Wiv,2.02.0051,84,653,active
#MasterFord_Wiv,2.02.0052,28,241,active
#MasterFord_Wiv,3.02.0064,7,43,active
#MasterFord_Wiv,3.02.0065,20,175,active
#MasterFord_Wiv,3.02.0066,7,59,active
#MasterFord_Wiv,3.02.0069,3,18,active
#MasterFord_Wiv,3.03.0081,7,57,active
#MasterFord_Wiv,3.03.0082,7,51,active
#MasterFord_Wiv,3.03.0085,11,77,active
#MasterFord_Wiv,3.03.0086,2,6,active
#MasterFord_Wiv,3.05.0101,15,78,active
#MasterFord_Wiv,3.05.0102,14,130,active
#MasterFord_Wiv,4.02.0113,10,72,active
#MasterFord_Wiv,4.02.0114,20,158,active
#MasterFord_Wiv,4.02.0115,9,76,active
#MasterFord_Wiv,4.02.0116,4,25,active
#MasterFord_Wiv,4.02.0117,5,33,active
#MasterFord_Wiv,4.04.0120,15,106,active
#MasterFord_Wiv,5.01.0134,2,14,active
#MasterFord_Wiv,5.05.0144,20,149,active
#MasterFord_Wiv,5.05.0146,1,9,active
#MasterFord_Wiv,5.05.0147,6,48,active
#MasterPage_Wiv,1.01.0002,10,63,active
#MasterPage_Wiv,1.01.0003,2,14,active
#MasterPage_Wiv,1.01.0004,2,9,active
#MasterPage_Wiv,1.01.0006,4,28,active
#MasterPage_Wiv,1.01.0012,5,23,active
#MasterPage_Wiv,2.01.0037,8,45,active
#MasterPage_Wiv,2.01.0039,11,90,active
#MasterPage_Wiv,2.01.0040,4,30,active
#MasterPage_Wiv,2.01.0041,4,22,active
#MasterPage_Wiv,2.03.0054,7,33,active
#MasterPage_Wiv,3.01.0059,14,81,active
#MasterPage_Wiv,3.01.0060,1,8,active
#MasterPage_Wiv,3.02.0066,12,95,active
#MasterPage_Wiv,3.02.0069,2,7,active
#MasterPage_Wiv,3.03.0082,2,10,active
#MasterPage_Wiv,3.03.0083,2,10,active
#MasterPage_Wiv,3.03.0085,4,30,active
#MasterPage_Wiv,3.03.0086,6,37,active
#MasterPage_Wiv,3.04.0090,8,59,active
#MasterPage_Wiv,4.02.0113,2,17,active
#MasterPage_Wiv,4.02.0114,3,13,active
#MasterPage_Wiv,4.02.0117,2,9,active
#MasterPage_Wiv,4.04.0120,22,162,active
#MasterPage_Wiv,5.02.0135,7,54,active
#MasterPage_Wiv,5.05.0144,8,68,active
#MasterPage_Wiv,5.05.0145,7,40,active
#MasterPage_Wiv,5.05.0147,6,37,active
#MistressFord_Wiv,2.01.0034,37,288,active
#MistressFord_Wiv,2.01.0037,4,22,active
#MistressFord_Wiv,2.01.0038,1,9,active
#MistressFord_Wiv,3.03.0070,2,10,active
#MistressFord_Wiv,3.03.0071,12,90,active
#MistressFord_Wiv,3.03.0073,3,17,active
#MistressFord_Wiv,3.03.0074,2,6,active
#MistressFord_Wiv,3.03.0075,3,19,active
#MistressFord_Wiv,3.03.0076,13,80,active
#MistressFord_Wiv,3.03.0077,2,9,active
#MistressFord_Wiv,3.03.0078,11,72,active
#MistressFord_Wiv,3.03.0079,1,4,active
#MistressFord_Wiv,3.03.0080,3,24,active
#MistressFord_Wiv,3.03.0081,2,16,active
#MistressFord_Wiv,3.03.0084,12,88,active
#MistressFord_Wiv,3.03.0085,3,15,active
#MistressFord_Wiv,4.02.0105,1,5,active
#MistressFord_Wiv,4.02.0106,1,6,active
#MistressFord_Wiv,4.02.0107,10,48,active
#MistressFord_Wiv,4.02.0108,12,82,active
#MistressFord_Wiv,4.02.0109,11,84,active
#MistressFord_Wiv,4.02.0111,3,26,active
#MistressFord_Wiv,4.02.0114,7,36,active
#MistressFord_Wiv,4.02.0115,6,39,active
#MistressFord_Wiv,4.02.0117,2,11,active
#MistressFord_Wiv,4.02.0118,10,70,active
#MistressFord_Wiv,4.04.0120,4,32,active
#MistressFord_Wiv,5.03.0137,6,34,active
#MistressFord_Wiv,5.05.0140,6,23,active
#MistressFord_Wiv,5.05.0144,3,28,active
#MistressPage_Wiv,2.01.0033,31,256,active
#MistressPage_Wiv,2.01.0034,40,312,active
#MistressPage_Wiv,2.01.0037,4,18,active
#MistressPage_Wiv,2.01.0038,5,30,active
#MistressPage_Wiv,3.02.0063,6,44,active
#MistressPage_Wiv,3.02.0064,11,75,active
#MistressPage_Wiv,3.03.0070,1,5,active
#MistressPage_Wiv,3.03.0071,4,16,active
#MistressPage_Wiv,3.03.0072,1,4,active
#MistressPage_Wiv,3.03.0073,5,37,active
#MistressPage_Wiv,3.03.0074,2,11,active
#MistressPage_Wiv,3.03.0078,36,265,active
#MistressPage_Wiv,3.03.0084,10,79,active
#MistressPage_Wiv,3.03.0085,4,10,active
#MistressPage_Wiv,3.04.0090,1,8,active
#MistressPage_Wiv,3.04.0091,7,57,active
#MistressPage_Wiv,4.01.0103,4,24,active
#MistressPage_Wiv,4.01.0104,15,84,active
#MistressPage_Wiv,4.02.0106,2,6,active
#MistressPage_Wiv,4.02.0107,27,194,active
#MistressPage_Wiv,4.02.0108,16,119,active
#MistressPage_Wiv,4.02.0109,7,46,active
#MistressPage_Wiv,4.02.0110,6,46,active
#MistressPage_Wiv,4.02.0116,2,8,active
#MistressPage_Wiv,4.02.0117,2,12,active
#MistressPage_Wiv,4.02.0118,14,114,active
#MistressPage_Wiv,4.04.0120,35,259,active
#MistressPage_Wiv,4.04.0121,2,12,active
#MistressPage_Wiv,4.04.0122,7,58,active
#MistressPage_Wiv,5.03.0136,6,41,active
#MistressPage_Wiv,5.03.0137,13,100,active
#MistressPage_Wiv,5.05.0140,2,5,active
#MistressPage_Wiv,5.05.0144,13,93,active
#MistressPage_Wiv,5.05.0145,4,29,active
#MistressPage_Wiv,5.05.0146,1,7,active
#MistressPage_Wiv,5.05.0147,6,44,active
#MistressQuickly_1H4,1.04.0018,1,3,active
#MistressQuickly_1H4,1.04.0019,8,64,active
#MistressQuickly_1H4,1.04.0020,18,131,active
#MistressQuickly_1H4,1.04.0021,6,46,active
#MistressQuickly_1H4,1.04.0022,1,6,active
#MistressQuickly_1H4,1.04.0023,4,26,active
#MistressQuickly_1H4,1.04.0025,2,8,active
#MistressQuickly_1H4,1.04.0027,2,11,active
#MistressQuickly_1H4,1.04.0028,24,190,active
#MistressQuickly_1H4,1.04.0029,5,31,active
#MistressQuickly_1H4,1.04.0030,4,37,active
#MistressQuickly_1H4,1.04.0031,22,168,active
#MistressQuickly_1H4,1.04.0032,3,26,active
#MistressQuickly_1H4,2.01.0038,2,10,active
#MistressQuickly_1H4,2.02.0045,77,656,active
#MistressQuickly_1H4,3.04.0089,4,22,active
#MistressQuickly_1H4,3.04.0091,2,9,active
#MistressQuickly_1H4,3.04.0092,5,34,active
#MistressQuickly_1H4,3.04.0093,9,93,active
#MistressQuickly_1H4,3.05.0098,2,12,active
#MistressQuickly_1H4,3.05.0099,14,92,active
#MistressQuickly_1H4,4.01.0103,4,29,active
#MistressQuickly_1H4,4.01.0104,14,86,active
#MistressQuickly_1H4,4.05.0131,12,87,active
#MistressQuickly_1H4,5.01.0133,2,18,active
#MistressQuickly_1H4,5.05.0142,34,246,active
#MistressQuickly_1H4,5.05.0143,10,59,active
#Nym_H5,1.01.0003,4,38,active
#Nym_H5,1.03.0016,11,61,active
#Nym_H5,1.03.0017,8,59,active
#Nym_H5,2.01.0036,9,81,active
#Pistol_2H4,1.01.0003,6,38,active
#Pistol_2H4,1.03.0015,2,9,active
#Pistol_2H4,1.03.0016,14,83,active
#Pistol_2H4,1.03.0017,13,73,active
#Pistol_2H4,2.01.0035,16,95,active
#Pistol_2H4,2.02.0043,5,30,active
#Pistol_2H4,2.02.0046,3,27,active
#Pistol_2H4,5.05.0142,8,50,active
#Pistol_2H4,5.05.0143,10,59,active
#Robert_Wiv,3.03.0081,1,4,active
#Robert_Wiv,4.02.0112,2,16,active
#Robin_Wiv,2.02.0044,1,8,active
#Robin_Wiv,3.02.0063,2,16,active
#Robin_Wiv,3.02.0064,1,3,active
#Robin_Wiv,3.03.0073,6,51,active
#Robin_Wiv,3.03.0077,4,23,active
#Rugby_Wiv,1.04.0019,1,3,active
#Rugby_Wiv,1.04.0021,1,6,active
#Rugby_Wiv,1.04.0026,2,9,active
#Rugby_Wiv,2.03.0053,7,34,active
#Shallow_2H4,1.01.0001,17,103,active
#Shallow_2H4,1.01.0002,16,130,active
#Shallow_2H4,1.01.0003,4,26,active
#Shallow_2H4,1.01.0008,13,90,active
#Shallow_2H4,1.01.0009,3,22,active
#Shallow_2H4,2.01.0041,18,147,active
#Shallow_2H4,2.03.0054,20,150,active
#Shallow_2H4,3.01.0059,11,76,active
#Shallow_2H4,3.01.0060,1,6,active
#Shallow_2H4,3.01.0061,2,8,active
#Shallow_2H4,3.02.0066,7,44,active
#Shallow_2H4,3.04.0089,11,68,active
#Shallow_2H4,4.02.0113,1,8,active
#Shallow_2H4,4.02.0114,2,12,active
#Shallow_2H4,5.02.0135,3,24,active
#Simple_Wiv,1.01.0008,3,19,active
#Simple_Wiv,1.02.0013,1,2,active
#Simple_Wiv,1.04.0020,8,55,active
#Simple_Wiv,1.04.0028,6,40,active
#Simple_Wiv,3.01.0056,4,21,active
#Simple_Wiv,3.01.0058,4,27,active
#Simple_Wiv,4.05.0123,5,43,active
#Simple_Wiv,4.05.0124,18,125,active
#Slender_Wiv,1.01.0001,17,94,active
#Slender_Wiv,1.01.0002,3,20,active
#Slender_Wiv,1.01.0003,24,165,active
#Slender_Wiv,1.01.0005,1,7,active
#Slender_Wiv,1.01.0007,2,15,active
#Slender_Wiv,1.01.0008,24,190,active
#Slender_Wiv,1.01.0010,5,32,active
#Slender_Wiv,1.01.0011,22,191,active
#Slender_Wiv,1.01.0012,7,46,active
#Slender_Wiv,2.03.0054,3,9,active
#Slender_Wiv,3.01.0059,2,8,active
#Slender_Wiv,3.01.0061,1,4,active
#Slender_Wiv,3.02.0066,4,36,active
#Slender_Wiv,3.04.0089,21,173,active
#Slender_Wiv,3.04.0090,1,3,active
#Slender_Wiv,5.02.0135,4,36,active
#Slender_Wiv,5.05.0145,17,142,active
#WilliamPage_Wiv,4.01.0104,13,37,active
1.01.0001,#HughEvans_Wiv,34,197,passive
1.01.0001,#Shallow_2H4,55,412,passive
1.01.0001,#Slender_Wiv,55,421,passive
1.01.0002,#HughEvans_Wiv,29,213,passive
1.01.0002,#MasterPage_Wiv,24,187,passive
1.01.0002,#Shallow_2H4,18,120,passive
1.01.0002,#Slender_Wiv,31,230,passive
1.01.0003,#Bardolph_1H4,71,490,passive
1.01.0003,#Falstaff_1H4,61,438,passive
1.01.0003,#HughEvans_Wiv,62,403,passive
1.01.0003,#MasterPage_Wiv,75,511,passive
1.01.0003,#Nym_H5,73,487,passive
1.01.0003,#Pistol_2H4,71,487,passive
1.01.0003,#Shallow_2H4,73,499,passive
1.01.0003,#Slender_Wiv,53,360,passive
1.01.0004,#AnnePage_Wiv,2,9,passive
1.01.0004,#Bardolph_1H4,2,9,passive
1.01.0004,#Falstaff_1H4,2,9,passive
1.01.0004,#HughEvans_Wiv,2,9,passive
1.01.0004,#Nym_H5,2,9,passive
1.01.0004,#Pistol_2H4,2,9,passive
1.01.0004,#Shallow_2H4,2,9,passive
1.01.0004,#Slender_Wiv,2,9,passive
1.01.0005,#Bardolph_1H4,1,7,passive
1.01.0005,#Falstaff_1H4,1,7,passive
1.01.0005,#HughEvans_Wiv,1,7,passive
1.01.0005,#MasterPage_Wiv,1,7,passive
1.01.0005,#Nym_H5,1,7,passive
1.01.0005,#Pistol_2H4,1,7,passive
1.01.0005,#Shallow_2H4,1,7,passive
1.01.0006,#Bardolph_1H4,6,43,passive
1.01.0006,#Falstaff_1H4,4,28,passive
1.01.0006,#HughEvans_Wiv,6,43,passive
1.01.0006,#MasterPage_Wiv,2,15,passive
1.01.0006,#MistressFord_Wiv,6,43,passive
1.01.0006,#MistressPage_Wiv,6,43,passive
1.01.0006,#Nym_H5,6,43,passive
1.01.0006,#Pistol_2H4,6,43,passive
1.01.0006,#Shallow_2H4,6,43,passive
1.01.0006,#Slender_Wiv,6,43,passive
1.01.0007,#HughEvans_Wiv,2,15,passive
1.01.0007,#Shallow_2H4,2,15,passive
1.01.0008,#HughEvans_Wiv,40,299,passive
1.01.0008,#Shallow_2H4,45,340,passive
1.01.0008,#Simple_Wiv,55,411,passive
1.01.0008,#Slender_Wiv,34,240,passive
1.01.0009,#AnnePage_Wiv,5,33,passive
1.01.0009,#HughEvans_Wiv,5,34,passive
1.01.0009,#Shallow_2H4,4,23,passive
1.01.0009,#Simple_Wiv,7,45,passive
1.01.0009,#Slender_Wiv,7,45,passive
1.01.0010,#AnnePage_Wiv,5,32,passive
1.01.0010,#Simple_Wiv,8,46,passive
1.01.0010,#Slender_Wiv,3,14,passive
1.01.0011,#AnnePage_Wiv,22,191,passive
1.01.0011,#Slender_Wiv,5,34,passive
1.01.0012,#AnnePage_Wiv,12,69,passive
1.01.0012,#MasterPage_Wiv,9,57,passive
1.01.0012,#Slender_Wiv,7,34,passive
1.02.0013,#HughEvans_Wiv,1,2,passive
1.02.0013,#Simple_Wiv,12,100,passive
1.03.0014,#Bardolph_1H4,14,87,passive
1.03.0014,#Falstaff_1H4,9,59,passive
1.03.0014,#Host_Wiv,5,28,passive
1.03.0014,#Nym_H5,14,87,passive
1.03.0014,#Pistol_2H4,14,87,passive
1.03.0014,#Robin_Wiv,14,87,passive
1.03.0015,#Bardolph_1H4,5,33,passive
1.03.0015,#Falstaff_1H4,3,20,passive
1.03.0015,#Nym_H5,6,44,passive
1.03.0015,#Pistol_2H4,4,35,passive
1.03.0015,#Robin_Wiv,6,44,passive
1.03.0016,#Falstaff_1H4,25,144,passive
1.03.0016,#Nym_H5,55,428,passive
1.03.0016,#Pistol_2H4,52,406,passive
1.03.0016,#Robin_Wiv,66,489,passive
1.03.0017,#Nym_H5,13,73,passive
1.03.0017,#Pistol_2H4,8,59,passive
1.04.0018,#Simple_Wiv,1,3,passive
1.04.0019,#MistressQuickly_1H4,1,3,passive
1.04.0019,#Rugby_Wiv,8,64,passive
1.04.0019,#Simple_Wiv,9,67,passive
1.04.0020,#MistressQuickly_1H4,8,55,passive
1.04.0020,#Simple_Wiv,18,131,passive
1.04.0021,#MistressQuickly_1H4,1,6,passive
1.04.0021,#Rugby_Wiv,6,46,passive
1.04.0021,#Simple_Wiv,7,52,passive
1.04.0022,#Simple_Wiv,1,6,passive
1.04.0023,#DoctorCaius_Wiv,4,26,passive
1.04.0023,#MistressQuickly_1H4,4,35,passive
1.04.0023,#Simple_Wiv,8,61,passive
1.04.0024,#Simple_Wiv,2,19,passive
1.04.0025,#DoctorCaius_Wiv,2,8,passive
1.04.0025,#MistressQuickly_1H4,2,12,passive
1.04.0025,#Simple_Wiv,4,20,passive
1.04.0026,#DoctorCaius_Wiv,2,9,passive
1.04.0026,#MistressQuickly_1H4,9,58,passive
1.04.0026,#Rugby_Wiv,7,49,passive
1.04.0026,#Simple_Wiv,9,58,passive
1.04.0027,#Rugby_Wiv,2,11,passive
1.04.0027,#Simple_Wiv,2,11,passive
1.04.0028,#DoctorCaius_Wiv,30,230,passive
1.04.0028,#MistressQuickly_1H4,26,166,passive
1.04.0028,#Rugby_Wiv,50,356,passive
1.04.0028,#Simple_Wiv,44,316,passive
1.04.0029,#DoctorCaius_Wiv,5,31,passive
1.04.0029,#MistressQuickly_1H4,9,76,passive
1.04.0029,#Rugby_Wiv,14,107,passive
1.04.0031,#Fenton_Wiv,22,168,passive
1.04.0031,#MistressQuickly_1H4,11,73,passive
2.01.0034,#MistressFord_Wiv,40,312,passive
2.01.0034,#MistressPage_Wiv,37,288,passive
2.01.0035,#MasterFord_Wiv,16,95,passive
2.01.0035,#MasterPage_Wiv,20,115,passive
2.01.0035,#MistressFord_Wiv,20,115,passive
2.01.0035,#MistressPage_Wiv,20,115,passive
2.01.0035,#Nym_H5,20,115,passive
2.01.0035,#Pistol_2H4,4,20,passive
2.01.0036,#MasterFord_Wiv,9,81,passive
2.01.0036,#MasterPage_Wiv,10,90,passive
2.01.0036,#MistressFord_Wiv,10,90,passive
2.01.0036,#MistressPage_Wiv,10,90,passive
2.01.0036,#Nym_H5,1,9,passive
2.01.0037,#MasterFord_Wiv,16,85,passive
2.01.0037,#MasterPage_Wiv,13,67,passive
2.01.0037,#MistressFord_Wiv,17,90,passive
2.01.0037,#MistressPage_Wiv,17,94,passive
2.01.0038,#MasterFord_Wiv,8,49,passive
2.01.0038,#MasterPage_Wiv,8,49,passive
2.01.0038,#MistressFord_Wiv,7,40,passive
2.01.0038,#MistressPage_Wiv,3,19,passive
2.01.0038,#MistressQuickly_1H4,6,39,passive
2.01.0039,#MasterFord_Wiv,11,90,passive
2.01.0039,#MasterPage_Wiv,9,70,passive
2.01.0040,#Host_Wiv,4,30,passive
2.01.0040,#MasterFord_Wiv,6,41,passive
2.01.0040,#MasterPage_Wiv,2,11,passive
2.01.0041,#Host_Wiv,26,208,passive
2.01.0041,#MasterFord_Wiv,31,225,passive
2.01.0041,#MasterPage_Wiv,31,242,passive
2.01.0041,#Shallow_2H4,17,117,passive
2.02.0043,#Falstaff_1H4,5,30,passive
2.02.0043,#Pistol_2H4,25,222,passive
2.02.0044,#Falstaff_1H4,1,8,passive
2.02.0044,#Pistol_2H4,2,11,passive
2.02.0044,#Robin_Wiv,1,3,passive
2.02.0045,#Falstaff_1H4,77,656,passive
2.02.0045,#MistressQuickly_1H4,24,142,passive
2.02.0045,#Pistol_2H4,101,798,passive
2.02.0045,#Robin_Wiv,101,798,passive
2.02.0046,#Falstaff_1H4,3,27,passive
2.02.0046,#Pistol_2H4,2,4,passive
2.02.0048,#Bardolph_1H4,3,17,passive
2.02.0048,#Falstaff_1H4,5,29,passive
2.02.0050,#Bardolph_1H4,6,32,passive
2.02.0050,#Falstaff_1H4,3,15,passive
2.02.0050,#MasterFord_Wiv,3,17,passive
2.02.0051,#Falstaff_1H4,84,653,passive
2.02.0051,#MasterFord_Wiv,49,348,passive
2.03.0053,#DoctorCaius_Wiv,7,34,passive
2.03.0053,#Rugby_Wiv,10,72,passive
2.03.0054,#DoctorCaius_Wiv,50,348,passive
2.03.0054,#Host_Wiv,41,282,passive
2.03.0054,#MasterPage_Wiv,58,413,passive
2.03.0054,#Rugby_Wiv,65,446,passive
2.03.0054,#Shallow_2H4,45,296,passive
2.03.0054,#Slender_Wiv,62,437,passive
2.03.0055,#DoctorCaius_Wiv,8,61,passive
2.03.0055,#Host_Wiv,8,58,passive
2.03.0055,#Rugby_Wiv,16,119,passive
3.01.0056,#HughEvans_Wiv,4,21,passive
3.01.0056,#Simple_Wiv,6,39,passive
3.01.0058,#HughEvans_Wiv,4,27,passive
3.01.0058,#Simple_Wiv,5,29,passive
3.01.0059,#HughEvans_Wiv,27,165,passive
3.01.0059,#MasterPage_Wiv,24,156,passive
3.01.0059,#Shallow_2H4,27,161,passive
3.01.0059,#Simple_Wiv,38,237,passive
3.01.0059,#Slender_Wiv,36,229,passive
3.01.0060,#DoctorCaius_Wiv,29,218,passive
3.01.0060,#Host_Wiv,21,141,passive
3.01.0060,#HughEvans_Wiv,28,209,passive
3.01.0060,#MasterPage_Wiv,37,269,passive
3.01.0060,#Rugby_Wiv,38,277,passive
3.01.0060,#Shallow_2H4,37,271,passive
3.01.0060,#Simple_Wiv,38,277,passive
3.01.0060,#Slender_Wiv,38,277,passive
3.01.0061,#DoctorCaius_Wiv,3,12,passive
3.01.0061,#HughEvans_Wiv,3,12,passive
3.01.0061,#MasterPage_Wiv,3,12,passive
3.01.0061,#Rugby_Wiv,3,12,passive
3.01.0061,#Shallow_2H4,1,4,passive
3.01.0061,#Simple_Wiv,3,12,passive
3.01.0061,#Slender_Wiv,2,8,passive
3.01.0062,#DoctorCaius_Wiv,7,48,passive
3.01.0062,#HughEvans_Wiv,5,35,passive
3.01.0062,#Rugby_Wiv,12,83,passive
3.01.0062,#Simple_Wiv,12,83,passive
3.02.0063,#MistressPage_Wiv,2,16,passive
3.02.0063,#Robin_Wiv,6,44,passive
3.02.0064,#MasterFord_Wiv,12,78,passive
3.02.0064,#MistressPage_Wiv,8,46,passive
3.02.0064,#Robin_Wiv,18,118,passive
3.02.0066,#DoctorCaius_Wiv,34,273,passive
3.02.0066,#Host_Wiv,31,245,passive
3.02.0066,#HughEvans_Wiv,36,288,passive
3.02.0066,#MasterFord_Wiv,29,229,passive
3.02.0066,#MasterPage_Wiv,24,193,passive
3.02.0066,#Rugby_Wiv,36,288,passive
3.02.0066,#Shallow_2H4,29,244,passive
3.02.0066,#Slender_Wiv,32,252,passive
3.02.0067,#Host_Wiv,1,7,passive
3.02.0067,#HughEvans_Wiv,1,7,passive
3.02.0067,#MasterFord_Wiv,1,7,passive
3.02.0067,#MasterPage_Wiv,1,7,passive
3.02.0067,#Rugby_Wiv,1,7,passive
3.02.0068,#DoctorCaius_Wiv,2,15,passive
3.02.0068,#HughEvans_Wiv,2,15,passive
3.02.0068,#MasterFord_Wiv,2,15,passive
3.02.0068,#MasterPage_Wiv,2,15,passive
3.02.0069,#DoctorCaius_Wiv,3,18,passive
3.02.0069,#HughEvans_Wiv,3,18,passive
3.02.0069,#MasterFord_Wiv,2,7,passive
3.02.0069,#MasterPage_Wiv,3,18,passive
3.03.0070,#MistressFord_Wiv,1,5,passive
3.03.0070,#MistressPage_Wiv,2,10,passive
3.03.0071,#John_Wiv,16,106,passive
3.03.0071,#MistressFord_Wiv,4,16,passive
3.03.0071,#MistressPage_Wiv,12,90,passive
3.03.0071,#Robert_Wiv,16,106,passive
3.03.0072,#MistressFord_Wiv,1,4,passive
3.03.0073,#MistressFord_Wiv,11,88,passive
3.03.0073,#MistressPage_Wiv,9,68,passive
3.03.0073,#Robin_Wiv,8,54,passive
3.03.0074,#MistressFord_Wiv,2,11,passive
3.03.0074,#MistressPage_Wiv,2,6,passive
3.03.0076,#Falstaff_1H4,13,80,passive
3.03.0076,#MistressFord_Wiv,30,248,passive
3.03.0077,#Falstaff_1H4,6,32,passive
3.03.0077,#MistressFord_Wiv,6,35,passive
3.03.0077,#Robin_Wiv,4,21,passive
3.03.0078,#Falstaff_1H4,47,337,passive
3.03.0078,#MistressFord_Wiv,40,301,passive
3.03.0078,#MistressPage_Wiv,15,108,passive
3.03.0078,#Robin_Wiv,51,373,passive
3.03.0079,#Falstaff_1H4,1,4,passive
3.03.0079,#MistressPage_Wiv,1,4,passive
3.03.0080,#Falstaff_1H4,3,24,passive
3.03.0080,#John_Wiv,3,24,passive
3.03.0080,#MistressPage_Wiv,3,24,passive
3.03.0080,#Robert_Wiv,3,24,passive
3.03.0081,#DoctorCaius_Wiv,10,77,passive
3.03.0081,#Falstaff_1H4,10,77,passive
3.03.0081,#HughEvans_Wiv,10,77,passive
3.03.0081,#John_Wiv,9,73,passive
3.03.0081,#MasterFord_Wiv,3,20,passive
3.03.0081,#MasterPage_Wiv,10,77,passive
3.03.0081,#MistressFord_Wiv,8,61,passive
3.03.0081,#MistressPage_Wiv,10,77,passive
3.03.0081,#Robert_Wiv,9,73,passive
3.03.0082,#DoctorCaius_Wiv,9,61,passive
3.03.0082,#HughEvans_Wiv,9,61,passive
3.03.0082,#MasterFord_Wiv,2,10,passive
3.03.0082,#MasterPage_Wiv,7,51,passive
3.03.0082,#MistressFord_Wiv,9,61,passive
3.03.0082,#MistressPage_Wiv,9,61,passive
3.03.0083,#DoctorCaius_Wiv,4,17,passive
3.03.0083,#HughEvans_Wiv,4,24,passive
3.03.0083,#MasterPage_Wiv,4,21,passive
3.03.0083,#MistressFord_Wiv,6,31,passive
3.03.0083,#MistressPage_Wiv,6,31,passive
3.03.0084,#MistressFord_Wiv,10,79,passive
3.03.0084,#MistressPage_Wiv,12,88,passive
3.03.0085,#DoctorCaius_Wiv,28,184,passive
3.03.0085,#HughEvans_Wiv,24,148,passive
3.03.0085,#MasterFord_Wiv,19,123,passive
3.03.0085,#MasterPage_Wiv,26,170,passive
3.03.0085,#MistressFord_Wiv,27,185,passive
3.03.0085,#MistressPage_Wiv,26,190,passive
3.03.0086,#DoctorCaius_Wiv,10,54,passive
3.03.0086,#HughEvans_Wiv,10,54,passive
3.03.0086,#MasterFord_Wiv,10,59,passive
3.03.0086,#MasterPage_Wiv,6,28,passive
3.03.0087,#DoctorCaius_Wiv,4,22,passive
3.03.0087,#HughEvans_Wiv,1,9,passive
3.04.0088,#AnnePage_Wiv,17,134,passive
3.04.0088,#Fenton_Wiv,6,33,passive
3.04.0089,#AnnePage_Wiv,36,263,passive
3.04.0089,#Fenton_Wiv,44,312,passive
3.04.0089,#MistressQuickly_1H4,40,290,passive
3.04.0089,#Shallow_2H4,33,244,passive
3.04.0089,#Slender_Wiv,23,139,passive
3.04.0090,#AnnePage_Wiv,12,81,passive
3.04.0090,#Fenton_Wiv,10,70,passive
3.04.0090,#MasterPage_Wiv,4,22,passive
3.04.0090,#MistressPage_Wiv,11,73,passive
3.04.0090,#MistressQuickly_1H4,12,81,passive
3.04.0090,#Shallow_2H4,12,81,passive
3.04.0090,#Slender_Wiv,11,78,passive
3.04.0091,#AnnePage_Wiv,15,112,passive
3.04.0091,#Fenton_Wiv,12,91,passive
3.04.0091,#MistressPage_Wiv,11,80,passive
3.04.0091,#MistressQuickly_1H4,16,128,passive
3.04.0092,#Fenton_Wiv,5,34,passive
3.04.0092,#MistressQuickly_1H4,2,19,passive
3.05.0095,#Bardolph_1H4,1,12,passive
3.05.0095,#Falstaff_1H4,1,2,passive
3.05.0097,#Bardolph_1H4,4,31,passive
3.05.0097,#Falstaff_1H4,3,11,passive
3.05.0098,#Bardolph_1H4,6,34,passive
3.05.0098,#Falstaff_1H4,3,15,passive
3.05.0098,#MistressQuickly_1H4,5,25,passive
3.05.0099,#Falstaff_1H4,14,92,passive
3.05.0099,#MistressQuickly_1H4,11,76,passive
3.05.0101,#Falstaff_1H4,15,78,passive
3.05.0101,#MasterFord_Wiv,66,528,passive
4.01.0103,#MistressPage_Wiv,4,29,passive
4.01.0103,#MistressQuickly_1H4,4,24,passive
4.01.0103,#WilliamPage_Wiv,8,53,passive
4.01.0104,#HughEvans_Wiv,42,207,passive
4.01.0104,#MistressPage_Wiv,63,323,passive
4.01.0104,#MistressQuickly_1H4,64,321,passive
4.01.0104,#WilliamPage_Wiv,65,370,passive
4.02.0105,#Falstaff_1H4,1,5,passive
4.02.0105,#MistressFord_Wiv,6,53,passive
4.02.0106,#Falstaff_1H4,3,12,passive
4.02.0106,#MistressFord_Wiv,2,6,passive
4.02.0106,#MistressPage_Wiv,1,6,passive
4.02.0107,#MistressFord_Wiv,27,194,passive
4.02.0107,#MistressPage_Wiv,10,48,passive
4.02.0108,#Falstaff_1H4,28,201,passive
4.02.0108,#MistressFord_Wiv,24,162,passive
4.02.0108,#MistressPage_Wiv,20,125,passive
4.02.0109,#MistressFord_Wiv,7,46,passive
4.02.0109,#MistressPage_Wiv,11,84,passive
4.02.0111,#John_Wiv,3,26,passive
4.02.0111,#Robert_Wiv,3,26,passive
4.02.0112,#John_Wiv,2,16,passive
4.02.0112,#Robert_Wiv,1,9,passive
4.02.0113,#DoctorCaius_Wiv,15,108,passive
4.02.0113,#HughEvans_Wiv,13,97,passive
4.02.0113,#John_Wiv,15,108,passive
4.02.0113,#MasterFord_Wiv,5,36,passive
4.02.0113,#MasterPage_Wiv,13,91,passive
4.02.0113,#Robert_Wiv,15,108,passive
4.02.0113,#Shallow_2H4,14,100,passive
4.02.0114,#DoctorCaius_Wiv,37,247,passive
4.02.0114,#HughEvans_Wiv,32,219,passive
4.02.0114,#John_Wiv,37,247,passive
4.02.0114,#MasterFord_Wiv,17,89,passive
4.02.0114,#MasterPage_Wiv,34,234,passive
4.02.0114,#MistressFord_Wiv,30,211,passive
4.02.0114,#Robert_Wiv,37,247,passive
4.02.0114,#Shallow_2H4,35,235,passive
4.02.0115,#DoctorCaius_Wiv,15,115,passive
4.02.0115,#HughEvans_Wiv,15,115,passive
4.02.0115,#MasterFord_Wiv,6,39,passive
4.02.0115,#MasterPage_Wiv,15,115,passive
4.02.0115,#MistressFord_Wiv,9,76,passive
4.02.0115,#Shallow_2H4,15,115,passive
4.02.0116,#DoctorCaius_Wiv,6,33,passive
4.02.0116,#Falstaff_1H4,6,33,passive
4.02.0116,#HughEvans_Wiv,6,33,passive
4.02.0116,#MasterFord_Wiv,2,8,passive
4.02.0116,#MasterPage_Wiv,6,33,passive
4.02.0116,#MistressFord_Wiv,6,33,passive
4.02.0116,#MistressPage_Wiv,4,25,passive
4.02.0116,#Shallow_2H4,6,33,passive
4.02.0117,#DoctorCaius_Wiv,14,95,passive
4.02.0117,#HughEvans_Wiv,11,65,passive
4.02.0117,#MasterFord_Wiv,9,62,passive
4.02.0117,#MasterPage_Wiv,12,86,passive
4.02.0117,#MistressFord_Wiv,12,84,passive
4.02.0117,#MistressPage_Wiv,12,83,passive
4.02.0117,#Shallow_2H4,14,95,passive
4.02.0118,#MistressFord_Wiv,14,114,passive
4.02.0118,#MistressPage_Wiv,10,70,passive
4.03.0119,#Bardolph_1H4,7,62,passive
4.03.0119,#Host_Wiv,4,32,passive
4.04.0120,#HughEvans_Wiv,76,559,passive
4.04.0120,#MasterFord_Wiv,73,542,passive
4.04.0120,#MasterPage_Wiv,66,486,passive
4.04.0120,#MistressFord_Wiv,84,616,passive
4.04.0120,#MistressPage_Wiv,53,389,passive
4.04.0121,#MistressFord_Wiv,2,12,passive
4.05.0123,#Host_Wiv,5,43,passive
4.05.0123,#Simple_Wiv,12,82,passive
4.05.0124,#Falstaff_1H4,24,159,passive
4.05.0124,#Host_Wiv,32,209,passive
4.05.0124,#Simple_Wiv,20,118,passive
4.05.0125,#Falstaff_1H4,2,15,passive
4.05.0125,#Host_Wiv,4,34,passive
4.05.0126,#Bardolph_1H4,4,28,passive
4.05.0126,#Falstaff_1H4,11,73,passive
4.05.0126,#Host_Wiv,7,45,passive
4.05.0127,#Bardolph_1H4,10,74,passive
4.05.0127,#Falstaff_1H4,10,74,passive
4.05.0127,#Host_Wiv,9,69,passive
4.05.0127,#HughEvans_Wiv,1,5,passive
4.05.0128,#Bardolph_1H4,7,56,passive
4.05.0128,#DoctorCaius_Wiv,2,8,passive
4.05.0128,#Falstaff_1H4,7,56,passive
4.05.0128,#Host_Wiv,5,48,passive
4.05.0129,#Bardolph_1H4,3,20,passive
4.05.0129,#Falstaff_1H4,3,20,passive
4.05.0131,#Falstaff_1H4,12,87,passive
4.05.0131,#MistressQuickly_1H4,14,109,passive
4.06.0132,#Fenton_Wiv,7,56,passive
4.06.0132,#Host_Wiv,48,384,passive
5.01.0133,#Falstaff_1H4,2,18,passive
5.01.0133,#MistressQuickly_1H4,7,48,passive
5.01.0134,#Falstaff_1H4,2,14,passive
5.01.0134,#MasterFord_Wiv,21,182,passive
5.02.0135,#MasterPage_Wiv,7,60,passive
5.02.0135,#Shallow_2H4,11,90,passive
5.02.0135,#Slender_Wiv,10,78,passive
5.03.0136,#DoctorCaius_Wiv,6,41,passive
5.03.0136,#MistressFord_Wiv,7,49,passive
5.03.0136,#MistressPage_Wiv,1,8,passive
5.03.0137,#MistressFord_Wiv,13,100,passive
5.03.0137,#MistressPage_Wiv,6,34,passive
5.04.0138,#BOYS_Wiv,4,33,passive
5.05.0140,#Falstaff_1H4,7,26,passive
5.05.0140,#MistressFord_Wiv,15,108,passive
5.05.0140,#MistressPage_Wiv,19,126,passive
5.05.0142,#AnnePage_Wiv,59,427,passive
5.05.0142,#BOYS_Wiv,59,427,passive
5.05.0142,#Falstaff_1H4,54,388,passive
5.05.0142,#HughEvans_Wiv,47,335,passive
5.05.0142,#MistressQuickly_1H4,25,181,passive
5.05.0142,#Pistol_2H4,51,377,passive
5.05.0143,#Falstaff_1H4,10,59,passive
5.05.0144,#BOYS_Wiv,76,593,passive
5.05.0144,#Falstaff_1H4,54,397,passive
5.05.0144,#HughEvans_Wiv,66,534,passive
5.05.0144,#MasterFord_Wiv,56,444,passive
5.05.0144,#MasterPage_Wiv,68,525,passive
5.05.0144,#MistressFord_Wiv,73,565,passive
5.05.0144,#MistressPage_Wiv,63,500,passive
5.05.0144,#MistressQuickly_1H4,76,593,passive
5.05.0144,#Pistol_2H4,76,593,passive
5.05.0145,#BOYS_Wiv,28,211,passive
5.05.0145,#Falstaff_1H4,28,211,passive
5.05.0145,#HughEvans_Wiv,28,211,passive
5.05.0145,#MasterFord_Wiv,28,211,passive
5.05.0145,#MasterPage_Wiv,21,171,passive
5.05.0145,#MistressFord_Wiv,28,211,passive
5.05.0145,#MistressPage_Wiv,24,182,passive
5.05.0145,#MistressQuickly_1H4,28,211,passive
5.05.0145,#Pistol_2H4,28,211,passive
5.05.0145,#Slender_Wiv,11,69,passive
5.05.0146,#BOYS_Wiv,8,61,passive
5.05.0146,#DoctorCaius_Wiv,2,16,passive
5.05.0146,#Falstaff_1H4,8,61,passive
5.05.0146,#HughEvans_Wiv,8,61,passive
5.05.0146,#MasterFord_Wiv,7,52,passive
5.05.0146,#MasterPage_Wiv,8,61,passive
5.05.0146,#MistressFord_Wiv,8,61,passive
5.05.0146,#MistressPage_Wiv,7,54,passive
5.05.0146,#MistressQuickly_1H4,8,61,passive
5.05.0146,#Pistol_2H4,8,61,passive
5.05.0146,#Slender_Wiv,8,61,passive
5.05.0147,#AnnePage_Wiv,33,240,passive
5.05.0147,#BOYS_Wiv,34,247,passive
5.05.0147,#DoctorCaius_Wiv,34,247,passive
5.05.0147,#Falstaff_1H4,30,219,passive
5.05.0147,#Fenton_Wiv,23,164,passive
5.05.0147,#HughEvans_Wiv,34,247,passive
5.05.0147,#MasterFord_Wiv,28,199,passive
5.05.0147,#MasterPage_Wiv,28,210,passive
5.05.0147,#MistressFord_Wiv,34,247,passive
5.05.0147,#MistressPage_Wiv,28,203,passive
5.05.0147,#MistressQuickly_1H4,34,247,passive
5.05.0147,#Pistol_2H4,34,247,passive
5.05.0147,#Slender_Wiv,34,247,passive
