node1,node2,key,act,scene,stagegroup,n_tokens,n_lines,edge_index
#HughEvans_Wiv,#Shallow_2H4,0,1,1,1,515,72,1
#HughEvans_Wiv,#Slender_Wiv,0,1,1,1,515,72,1
#Shallow_2H4,#Slender_Wiv,0,1,1,1,515,72,1
#HughEvans_Wiv,#MasterPage_Wiv,0,1,1,2,250,34,2
#HughEvans_Wiv,#Shallow_2H4,1,1,1,2,250,34,2
#HughEvans_Wiv,#Slender_Wiv,1,1,1,2,250,34,2
#Shallow_2H4,#MasterPage_Wiv,0,1,1,2,250,34,2
#Shallow_2H4,#Slender_Wiv,1,1,1,2,250,34,2
#Slender_Wiv,#MasterPage_Wiv,0,1,1,2,250,34,2
#Bardolph_1H4,#Falstaff_1H4,0,1,1,3,525,77,3
#Bardolph_1H4,#Nym_H5,0,1,1,3,525,77,3
#Bardolph_1H4,#Pistol_2H4,0,1,1,3,525,77,3
#Falstaff_1H4,#Nym_H5,0,1,1,3,525,77,3
#Falstaff_1H4,#Pistol_2H4,0,1,1,3,525,77,3
#HughEvans_Wiv,#Bardolph_1H4,0,1,1,3,525,77,3
#HughEvans_Wiv,#Falstaff_1H4,0,1,1,3,525,77,3
#HughEvans_Wiv,#MasterPage_Wiv,1,1,1,3,525,77,3
#HughEvans_Wiv,#Nym_H5,0,1,1,3,525,77,3
#HughEvans_Wiv,#Pistol_2H4,0,1,1,3,525,77,3
#HughEvans_Wiv,#Shallow_2H4,2,1,1,3,525,77,3
#HughEvans_Wiv,#Slender_Wiv,2,1,1,3,525,77,3
#MasterPage_Wiv,#Bardolph_1H4,0,1,1,3,525,77,3
#MasterPage_Wiv,#Falstaff_1H4,0,1,1,3,525,77,3
#MasterPage_Wiv,#Nym_H5,0,1,1,3,525,77,3
#MasterPage_Wiv,#Pistol_2H4,0,1,1,3,525,77,3
#Nym_H5,#Pistol_2H4,0,1,1,3,525,77,3
#Shallow_2H4,#Bardolph_1H4,0,1,1,3,525,77,3
#Shallow_2H4,#Falstaff_1H4,0,1,1,3,525,77,3
#Shallow_2H4,#MasterPage_Wiv,1,1,1,3,525,77,3
#Shallow_2H4,#Nym_H5,0,1,1,3,525,77,3
#Shallow_2H4,#Pistol_2H4,0,1,1,3,525,77,3
#Shallow_2H4,#Slender_Wiv,2,1,1,3,525,77,3
#Slender_Wiv,#Bardolph_1H4,0,1,1,3,525,77,3
#Slender_Wiv,#Falstaff_1H4,0,1,1,3,525,77,3
#Slender_Wiv,#MasterPage_Wiv,1,1,1,3,525,77,3
#Slender_Wiv,#Nym_H5,0,1,1,3,525,77,3
#Slender_Wiv,#Pistol_2H4,0,1,1,3,525,77,3
#Bardolph_1H4,#AnnePage_Wiv,0,1,1,4,9,2,4
#Bardolph_1H4,#Falstaff_1H4,1,1,1,4,9,2,4
#Bardolph_1H4,#Nym_H5,1,1,1,4,9,2,4
#Bardolph_1H4,#Pistol_2H4,1,1,1,4,9,2,4
#Falstaff_1H4,#AnnePage_Wiv,0,1,1,4,9,2,4
#Falstaff_1H4,#Nym_H5,1,1,1,4,9,2,4
#Falstaff_1H4,#Pistol_2H4,1,1,1,4,9,2,4
#HughEvans_Wiv,#AnnePage_Wiv,0,1,1,4,9,2,4
#HughEvans_Wiv,#Bardolph_1H4,1,1,1,4,9,2,4
#HughEvans_Wiv,#Falstaff_1H4,1,1,1,4,9,2,4
#HughEvans_Wiv,#MasterPage_Wiv,2,1,1,4,9,2,4
#HughEvans_Wiv,#Nym_H5,1,1,1,4,9,2,4
#HughEvans_Wiv,#Pistol_2H4,1,1,1,4,9,2,4
#HughEvans_Wiv,#Shallow_2H4,3,1,1,4,9,2,4
#HughEvans_Wiv,#Slender_Wiv,3,1,1,4,9,2,4
#MasterPage_Wiv,#AnnePage_Wiv,0,1,1,4,9,2,4
#MasterPage_Wiv,#Bardolph_1H4,1,1,1,4,9,2,4
#MasterPage_Wiv,#Falstaff_1H4,1,1,1,4,9,2,4
#MasterPage_Wiv,#Nym_H5,1,1,1,4,9,2,4
#MasterPage_Wiv,#Pistol_2H4,1,1,1,4,9,2,4
#Nym_H5,#AnnePage_Wiv,0,1,1,4,9,2,4
#Nym_H5,#Pistol_2H4,1,1,1,4,9,2,4
#Pistol_2H4,#AnnePage_Wiv,0,1,1,4,9,2,4
#Shallow_2H4,#AnnePage_Wiv,0,1,1,4,9,2,4
#Shallow_2H4,#Bardolph_1H4,1,1,1,4,9,2,4
#Shallow_2H4,#Falstaff_1H4,1,1,1,4,9,2,4
#Shallow_2H4,#MasterPage_Wiv,2,1,1,4,9,2,4
#Shallow_2H4,#Nym_H5,1,1,1,4,9,2,4
#Shallow_2H4,#Pistol_2H4,1,1,1,4,9,2,4
#Shallow_2H4,#Slender_Wiv,3,1,1,4,9,2,4
#Slender_Wiv,#AnnePage_Wiv,0,1,1,4,9,2,4
#Slender_Wiv,#Bardolph_1H4,1,1,1,4,9,2,4
#Slender_Wiv,#Falstaff_1H4,1,1,1,4,9,2,4
#Slender_Wiv,#MasterPage_Wiv,2,1,1,4,9,2,4
#Slender_Wiv,#Nym_H5,1,1,1,4,9,2,4
#Slender_Wiv,#Pistol_2H4,1,1,1,4,9,2,4
#Bardolph_1H4,#Falstaff_1H4,2,1,1,5,7,1,5
#Bardolph_1H4,#Nym_H5,2,1,1,5,7,1,5
#Bardolph_1H4,#Pistol_2H4,2,1,1,5,7,1,5
#Falstaff_1H4,#Nym_H5,2,1,1,5,7,1,5
#Falstaff_1H4,#Pistol_2H4,2,1,1,5,7,1,5
#HughEvans_Wiv,#Bardolph_1H4,2,1,1,5,7,1,5
#HughEvans_Wiv,#Falstaff_1H4,2,1,1,5,7,1,5
#HughEvans_Wiv,#MasterPage_Wiv,3,1,1,5,7,1,5
#HughEvans_Wiv,#Nym_H5,2,1,1,5,7,1,5
#HughEvans_Wiv,#Pistol_2H4,2,1,1,5,7,1,5
#HughEvans_Wiv,#Shallow_2H4,4,1,1,5,7,1,5
#HughEvans_Wiv,#Slender_Wiv,4,1,1,5,7,1,5
#MasterPage_Wiv,#Bardolph_1H4,2,1,1,5,7,1,5
#MasterPage_Wiv,#Falstaff_1H4,2,1,1,5,7,1,5
#MasterPage_Wiv,#Nym_H5,2,1,1,5,7,1,5
#MasterPage_Wiv,#Pistol_2H4,2,1,1,5,7,1,5
#Nym_H5,#Pistol_2H4,2,1,1,5,7,1,5
#Shallow_2H4,#Bardolph_1H4,2,1,1,5,7,1,5
#Shallow_2H4,#Falstaff_1H4,2,1,1,5,7,1,5
#Shallow_2H4,#MasterPage_Wiv,3,1,1,5,7,1,5
#Shallow_2H4,#Nym_H5,2,1,1,5,7,1,5
#Shallow_2H4,#Pistol_2H4,2,1,1,5,7,1,5
#Shallow_2H4,#Slender_Wiv,4,1,1,5,7,1,5
#Slender_Wiv,#Bardolph_1H4,2,1,1,5,7,1,5
#Slender_Wiv,#Falstaff_1H4,2,1,1,5,7,1,5
#Slender_Wiv,#MasterPage_Wiv,3,1,1,5,7,1,5
#Slender_Wiv,#Nym_H5,2,1,1,5,7,1,5
#Slender_Wiv,#Pistol_2H4,2,1,1,5,7,1,5
#Bardolph_1H4,#Falstaff_1H4,3,1,1,6,43,6,6
#Bardolph_1H4,#MistressFord_Wiv,0,1,1,6,43,6,6
#Bardolph_1H4,#MistressPage_Wiv,0,1,1,6,43,6,6
#Bardolph_1H4,#Nym_H5,3,1,1,6,43,6,6
#Bardolph_1H4,#Pistol_2H4,3,1,1,6,43,6,6
#Falstaff_1H4,#MistressFord_Wiv,0,1,1,6,43,6,6
#Falstaff_1H4,#MistressPage_Wiv,0,1,1,6,43,6,6
#Falstaff_1H4,#Nym_H5,3,1,1,6,43,6,6
#Falstaff_1H4,#Pistol_2H4,3,1,1,6,43,6,6
#HughEvans_Wiv,#Bardolph_1H4,3,1,1,6,43,6,6
#HughEvans_Wiv,#Falstaff_1H4,3,1,1,6,43,6,6
#HughEvans_Wiv,#MasterPage_Wiv,4,1,1,6,43,6,6
#HughEvans_Wiv,#MistressFord_Wiv,0,1,1,6,43,6,6
#HughEvans_Wiv,#MistressPage_Wiv,0,1,1,6,43,6,6
#HughEvans_Wiv,#Nym_H5,3,1,1,6,43,6,6
#HughEvans_Wiv,#Pistol_2H4,3,1,1,6,43,6,6
#HughEvans_Wiv,#Shallow_2H4,5,1,1,6,43,6,6
#HughEvans_Wiv,#Slender_Wiv,5,1,1,6,43,6,6
#MasterPage_Wiv,#Bardolph_1H4,3,1,1,6,43,6,6
#MasterPage_Wiv,#Falstaff_1H4,3,1,1,6,43,6,6
#MasterPage_Wiv,#MistressFord_Wiv,0,1,1,6,43,6,6
#MasterPage_Wiv,#MistressPage_Wiv,0,1,1,6,43,6,6
#MasterPage_Wiv,#Nym_H5,3,1,1,6,43,6,6
#MasterPage_Wiv,#Pistol_2H4,3,1,1,6,43,6,6
#MistressFord_Wiv,#MistressPage_Wiv,0,1,1,6,43,6,6
#Nym_H5,#MistressFord_Wiv,0,1,1,6,43,6,6
#Nym_H5,#MistressPage_Wiv,0,1,1,6,43,6,6
#Nym_H5,#Pistol_2H4,3,1,1,6,43,6,6
#Pistol_2H4,#MistressFord_Wiv,0,1,1,6,43,6,6
#Pistol_2H4,#MistressPage_Wiv,0,1,1,6,43,6,6
#Shallow_2H4,#Bardolph_1H4,3,1,1,6,43,6,6
#Shallow_2H4,#Falstaff_1H4,3,1,1,6,43,6,6
#Shallow_2H4,#MasterPage_Wiv,4,1,1,6,43,6,6
#Shallow_2H4,#MistressFord_Wiv,0,1,1,6,43,6,6
#Shallow_2H4,#MistressPage_Wiv,0,1,1,6,43,6,6
#Shallow_2H4,#Nym_H5,3,1,1,6,43,6,6
#Shallow_2H4,#Pistol_2H4,3,1,1,6,43,6,6
#Shallow_2H4,#Slender_Wiv,5,1,1,6,43,6,6
#Slender_Wiv,#Bardolph_1H4,3,1,1,6,43,6,6
#Slender_Wiv,#Falstaff_1H4,3,1,1,6,43,6,6
#Slender_Wiv,#MasterPage_Wiv,4,1,1,6,43,6,6
#Slender_Wiv,#MistressFord_Wiv,0,1,1,6,43,6,6
#Slender_Wiv,#MistressPage_Wiv,0,1,1,6,43,6,6
#Slender_Wiv,#Nym_H5,3,1,1,6,43,6,6
#Slender_Wiv,#Pistol_2H4,3,1,1,6,43,6,6
#HughEvans_Wiv,#Shallow_2H4,6,1,1,7,15,2,7
#HughEvans_Wiv,#Slender_Wiv,6,1,1,7,15,2,7
#Shallow_2H4,#Slender_Wiv,6,1,1,7,15,2,7
#HughEvans_Wiv,#Shallow_2H4,7,1,1,8,430,58,8
#HughEvans_Wiv,#Simple_Wiv,0,1,1,8,430,58,8
#HughEvans_Wiv,#Slender_Wiv,7,1,1,8,430,58,8
#Shallow_2H4,#Simple_Wiv,0,1,1,8,430,58,8
#Shallow_2H4,#Slender_Wiv,7,1,1,8,430,58,8
#Slender_Wiv,#Simple_Wiv,0,1,1,8,430,58,8
#AnnePage_Wiv,#Simple_Wiv,0,1,1,9,45,7,9
#HughEvans_Wiv,#AnnePage_Wiv,1,1,1,9,45,7,9
#HughEvans_Wiv,#Shallow_2H4,8,1,1,9,45,7,9
#HughEvans_Wiv,#Simple_Wiv,1,1,1,9,45,7,9
#HughEvans_Wiv,#Slender_Wiv,8,1,1,9,45,7,9
#Shallow_2H4,#AnnePage_Wiv,1,1,1,9,45,7,9
#Shallow_2H4,#Simple_Wiv,1,1,1,9,45,7,9
#Shallow_2H4,#Slender_Wiv,8,1,1,9,45,7,9
#Slender_Wiv,#AnnePage_Wiv,1,1,1,9,45,7,9
#Slender_Wiv,#Simple_Wiv,1,1,1,9,45,7,9
#AnnePage_Wiv,#Simple_Wiv,1,1,1,10,46,8,10
#Slender_Wiv,#AnnePage_Wiv,2,1,1,10,46,8,10
#Slender_Wiv,#Simple_Wiv,2,1,1,10,46,8,10
#Slender_Wiv,#AnnePage_Wiv,3,1,1,11,225,27,11
#MasterPage_Wiv,#AnnePage_Wiv,1,1,1,12,80,14,12
#Slender_Wiv,#AnnePage_Wiv,4,1,1,12,80,14,12
#Slender_Wiv,#MasterPage_Wiv,5,1,1,12,80,14,12
#HughEvans_Wiv,#Simple_Wiv,2,1,2,13,102,13,13
#Bardolph_1H4,#Falstaff_1H4,4,1,3,14,87,14,14
#Bardolph_1H4,#Host_Wiv,0,1,3,14,87,14,14
#Bardolph_1H4,#Nym_H5,4,1,3,14,87,14,14
#Bardolph_1H4,#Pistol_2H4,4,1,3,14,87,14,14
#Bardolph_1H4,#Robin_Wiv,0,1,3,14,87,14,14
#Falstaff_1H4,#Host_Wiv,0,1,3,14,87,14,14
#Falstaff_1H4,#Nym_H5,4,1,3,14,87,14,14
#Falstaff_1H4,#Pistol_2H4,4,1,3,14,87,14,14
#Falstaff_1H4,#Robin_Wiv,0,1,3,14,87,14,14
#Host_Wiv,#Robin_Wiv,0,1,3,14,87,14,14
#Nym_H5,#Host_Wiv,0,1,3,14,87,14,14
#Nym_H5,#Pistol_2H4,4,1,3,14,87,14,14
#Nym_H5,#Robin_Wiv,0,1,3,14,87,14,14
#Pistol_2H4,#Host_Wiv,0,1,3,14,87,14,14
#Pistol_2H4,#Robin_Wiv,0,1,3,14,87,14,14
#Bardolph_1H4,#Falstaff_1H4,5,1,3,15,44,6,15
#Bardolph_1H4,#Nym_H5,5,1,3,15,44,6,15
#Bardolph_1H4,#Pistol_2H4,5,1,3,15,44,6,15
#Bardolph_1H4,#Robin_Wiv,1,1,3,15,44,6,15
#Falstaff_1H4,#Nym_H5,5,1,3,15,44,6,15
#Falstaff_1H4,#Pistol_2H4,5,1,3,15,44,6,15
#Falstaff_1H4,#Robin_Wiv,1,1,3,15,44,6,15
#Nym_H5,#Pistol_2H4,5,1,3,15,44,6,15
#Nym_H5,#Robin_Wiv,1,1,3,15,44,6,15
#Pistol_2H4,#Robin_Wiv,1,1,3,15,44,6,15
#Falstaff_1H4,#Nym_H5,6,1,3,16,489,66,16
#Falstaff_1H4,#Pistol_2H4,6,1,3,16,489,66,16
#Falstaff_1H4,#Robin_Wiv,2,1,3,16,489,66,16
#Nym_H5,#Pistol_2H4,6,1,3,16,489,66,16
#Nym_H5,#Robin_Wiv,2,1,3,16,489,66,16
#Pistol_2H4,#Robin_Wiv,2,1,3,16,489,66,16
#Nym_H5,#Pistol_2H4,7,1,3,17,132,21,17
#Simple_Wiv,#MistressQuickly_1H4,0,1,4,18,3,1,18
#MistressQuickly_1H4,#Rugby_Wiv,0,1,4,19,67,9,19
#Simple_Wiv,#MistressQuickly_1H4,1,1,4,19,67,9,19
#Simple_Wiv,#Rugby_Wiv,0,1,4,19,67,9,19
#Simple_Wiv,#MistressQuickly_1H4,2,1,4,20,186,26,20
#MistressQuickly_1H4,#Rugby_Wiv,1,1,4,21,52,7,21
#Simple_Wiv,#MistressQuickly_1H4,3,1,4,21,52,7,21
#Simple_Wiv,#Rugby_Wiv,1,1,4,21,52,7,21
#Simple_Wiv,#MistressQuickly_1H4,4,1,4,22,6,1,22
#MistressQuickly_1H4,#DoctorCaius_Wiv,0,1,4,23,61,8,23
#Simple_Wiv,#DoctorCaius_Wiv,0,1,4,23,61,8,23
#Simple_Wiv,#MistressQuickly_1H4,5,1,4,23,61,8,23
#Simple_Wiv,#DoctorCaius_Wiv,1,1,4,24,19,2,24
#MistressQuickly_1H4,#DoctorCaius_Wiv,1,1,4,25,20,4,25
#Simple_Wiv,#DoctorCaius_Wiv,2,1,4,25,20,4,25
#Simple_Wiv,#MistressQuickly_1H4,6,1,4,25,20,4,25
#MistressQuickly_1H4,#DoctorCaius_Wiv,2,1,4,26,58,9,26
#MistressQuickly_1H4,#Rugby_Wiv,2,1,4,26,58,9,26
#Rugby_Wiv,#DoctorCaius_Wiv,0,1,4,26,58,9,26
#Simple_Wiv,#DoctorCaius_Wiv,3,1,4,26,58,9,26
#Simple_Wiv,#MistressQuickly_1H4,7,1,4,26,58,9,26
#Simple_Wiv,#Rugby_Wiv,2,1,4,26,58,9,26
#MistressQuickly_1H4,#Rugby_Wiv,3,1,4,27,11,2,27
#Simple_Wiv,#MistressQuickly_1H4,8,1,4,27,11,2,27
#Simple_Wiv,#Rugby_Wiv,3,1,4,27,11,2,27
#MistressQuickly_1H4,#DoctorCaius_Wiv,3,1,4,28,356,50,28
#MistressQuickly_1H4,#Rugby_Wiv,4,1,4,28,356,50,28
#Rugby_Wiv,#DoctorCaius_Wiv,1,1,4,28,356,50,28
#Simple_Wiv,#DoctorCaius_Wiv,4,1,4,28,356,50,28
#Simple_Wiv,#MistressQuickly_1H4,9,1,4,28,356,50,28
#Simple_Wiv,#Rugby_Wiv,4,1,4,28,356,50,28
#MistressQuickly_1H4,#DoctorCaius_Wiv,4,1,4,29,107,14,29
#MistressQuickly_1H4,#Rugby_Wiv,5,1,4,29,107,14,29
#Rugby_Wiv,#DoctorCaius_Wiv,2,1,4,29,107,14,29
#MistressQuickly_1H4,#Fenton_Wiv,0,1,4,31,241,33,31
#MistressFord_Wiv,#MistressPage_Wiv,1,2,1,34,600,77,34
#MasterPage_Wiv,#MasterFord_Wiv,0,2,1,35,115,20,35
#MasterPage_Wiv,#MistressFord_Wiv,1,2,1,35,115,20,35
#MasterPage_Wiv,#MistressPage_Wiv,1,2,1,35,115,20,35
#MasterPage_Wiv,#Nym_H5,4,2,1,35,115,20,35
#MasterPage_Wiv,#Pistol_2H4,4,2,1,35,115,20,35
#MistressFord_Wiv,#MasterFord_Wiv,0,2,1,35,115,20,35
#MistressFord_Wiv,#MistressPage_Wiv,2,2,1,35,115,20,35
#MistressPage_Wiv,#MasterFord_Wiv,0,2,1,35,115,20,35
#Nym_H5,#MasterFord_Wiv,0,2,1,35,115,20,35
#Nym_H5,#MistressFord_Wiv,1,2,1,35,115,20,35
#Nym_H5,#MistressPage_Wiv,1,2,1,35,115,20,35
#Nym_H5,#Pistol_2H4,8,2,1,35,115,20,35
#Pistol_2H4,#MasterFord_Wiv,0,2,1,35,115,20,35
#Pistol_2H4,#MistressFord_Wiv,1,2,1,35,115,20,35
#Pistol_2H4,#MistressPage_Wiv,1,2,1,35,115,20,35
#MasterPage_Wiv,#MasterFord_Wiv,1,2,1,36,90,10,36
#MasterPage_Wiv,#MistressFord_Wiv,2,2,1,36,90,10,36
#MasterPage_Wiv,#MistressPage_Wiv,2,2,1,36,90,10,36
#MasterPage_Wiv,#Nym_H5,5,2,1,36,90,10,36
#MistressFord_Wiv,#MasterFord_Wiv,1,2,1,36,90,10,36
#MistressFord_Wiv,#MistressPage_Wiv,3,2,1,36,90,10,36
#MistressPage_Wiv,#MasterFord_Wiv,1,2,1,36,90,10,36
#Nym_H5,#MasterFord_Wiv,1,2,1,36,90,10,36
#Nym_H5,#MistressFord_Wiv,2,2,1,36,90,10,36
#Nym_H5,#MistressPage_Wiv,2,2,1,36,90,10,36
#MasterPage_Wiv,#MasterFord_Wiv,2,2,1,37,112,21,37
#MasterPage_Wiv,#MistressFord_Wiv,3,2,1,37,112,21,37
#MasterPage_Wiv,#MistressPage_Wiv,3,2,1,37,112,21,37
#MistressFord_Wiv,#MasterFord_Wiv,2,2,1,37,112,21,37
#MistressFord_Wiv,#MistressPage_Wiv,4,2,1,37,112,21,37
#MistressPage_Wiv,#MasterFord_Wiv,2,2,1,37,112,21,37
#MasterPage_Wiv,#MasterFord_Wiv,3,2,1,38,49,8,38
#MasterPage_Wiv,#MistressFord_Wiv,4,2,1,38,49,8,38
#MasterPage_Wiv,#MistressPage_Wiv,4,2,1,38,49,8,38
#MasterPage_Wiv,#MistressQuickly_1H4,0,2,1,38,49,8,38
#MistressFord_Wiv,#MasterFord_Wiv,3,2,1,38,49,8,38
#MistressFord_Wiv,#MistressPage_Wiv,5,2,1,38,49,8,38
#MistressFord_Wiv,#MistressQuickly_1H4,0,2,1,38,49,8,38
#MistressPage_Wiv,#MasterFord_Wiv,3,2,1,38,49,8,38
#MistressPage_Wiv,#MistressQuickly_1H4,0,2,1,38,49,8,38
#MistressQuickly_1H4,#MasterFord_Wiv,0,2,1,38,49,8,38
#MasterPage_Wiv,#MasterFord_Wiv,4,2,1,39,160,20,39
#Host_Wiv,#MasterFord_Wiv,0,2,1,40,41,6,40
#MasterPage_Wiv,#Host_Wiv,0,2,1,40,41,6,40
#MasterPage_Wiv,#MasterFord_Wiv,5,2,1,40,41,6,40
#Host_Wiv,#MasterFord_Wiv,1,2,1,41,264,35,41
#MasterPage_Wiv,#Host_Wiv,1,2,1,41,264,35,41
#MasterPage_Wiv,#MasterFord_Wiv,6,2,1,41,264,35,41
#Shallow_2H4,#Host_Wiv,0,2,1,41,264,35,41
#Shallow_2H4,#MasterFord_Wiv,0,2,1,41,264,35,41
#Shallow_2H4,#MasterPage_Wiv,5,2,1,41,264,35,41
#Falstaff_1H4,#Pistol_2H4,7,2,2,43,252,30,43
#Falstaff_1H4,#Pistol_2H4,8,2,2,44,11,2,44
#Falstaff_1H4,#Robin_Wiv,3,2,2,44,11,2,44
#Pistol_2H4,#Robin_Wiv,3,2,2,44,11,2,44
#Falstaff_1H4,#MistressQuickly_1H4,0,2,2,45,798,101,45
#Falstaff_1H4,#Pistol_2H4,9,2,2,45,798,101,45
#Falstaff_1H4,#Robin_Wiv,4,2,2,45,798,101,45
#Pistol_2H4,#MistressQuickly_1H4,0,2,2,45,798,101,45
#Pistol_2H4,#Robin_Wiv,4,2,2,45,798,101,45
#Robin_Wiv,#MistressQuickly_1H4,0,2,2,45,798,101,45
#Falstaff_1H4,#Pistol_2H4,10,2,2,46,31,5,46
#Bardolph_1H4,#Falstaff_1H4,6,2,2,48,46,8,48
#Bardolph_1H4,#Falstaff_1H4,7,2,2,50,32,6,50
#Bardolph_1H4,#MasterFord_Wiv,0,2,2,50,32,6,50
#Falstaff_1H4,#MasterFord_Wiv,0,2,2,50,32,6,50
#Falstaff_1H4,#MasterFord_Wiv,1,2,2,51,1001,133,51
#Rugby_Wiv,#DoctorCaius_Wiv,3,2,3,53,106,17,53
#Host_Wiv,#DoctorCaius_Wiv,0,2,3,54,446,65,54
#Host_Wiv,#Rugby_Wiv,0,2,3,54,446,65,54
#MasterPage_Wiv,#DoctorCaius_Wiv,0,2,3,54,446,65,54
#MasterPage_Wiv,#Host_Wiv,2,2,3,54,446,65,54
#MasterPage_Wiv,#Rugby_Wiv,0,2,3,54,446,65,54
#Rugby_Wiv,#DoctorCaius_Wiv,4,2,3,54,446,65,54
#Shallow_2H4,#DoctorCaius_Wiv,0,2,3,54,446,65,54
#Shallow_2H4,#Host_Wiv,1,2,3,54,446,65,54
#Shallow_2H4,#MasterPage_Wiv,6,2,3,54,446,65,54
#Shallow_2H4,#Rugby_Wiv,0,2,3,54,446,65,54
#Shallow_2H4,#Slender_Wiv,9,2,3,54,446,65,54
#Slender_Wiv,#DoctorCaius_Wiv,0,2,3,54,446,65,54
#Slender_Wiv,#Host_Wiv,0,2,3,54,446,65,54
#Slender_Wiv,#MasterPage_Wiv,6,2,3,54,446,65,54
#Slender_Wiv,#Rugby_Wiv,0,2,3,54,446,65,54
#Host_Wiv,#DoctorCaius_Wiv,1,2,3,55,119,16,55
#Host_Wiv,#Rugby_Wiv,1,2,3,55,119,16,55
#Rugby_Wiv,#DoctorCaius_Wiv,5,2,3,55,119,16,55
#HughEvans_Wiv,#Simple_Wiv,3,3,1,56,60,10,56
#HughEvans_Wiv,#Simple_Wiv,4,3,1,58,56,9,58
#HughEvans_Wiv,#MasterPage_Wiv,5,3,1,59,237,38,59
#HughEvans_Wiv,#Shallow_2H4,9,3,1,59,237,38,59
#HughEvans_Wiv,#Simple_Wiv,5,3,1,59,237,38,59
#HughEvans_Wiv,#Slender_Wiv,9,3,1,59,237,38,59
#MasterPage_Wiv,#Simple_Wiv,0,3,1,59,237,38,59
#Shallow_2H4,#MasterPage_Wiv,7,3,1,59,237,38,59
#Shallow_2H4,#Simple_Wiv,2,3,1,59,237,38,59
#Shallow_2H4,#Slender_Wiv,10,3,1,59,237,38,59
#Slender_Wiv,#MasterPage_Wiv,7,3,1,59,237,38,59
#Slender_Wiv,#Simple_Wiv,3,3,1,59,237,38,59
#Host_Wiv,#DoctorCaius_Wiv,2,3,1,60,277,38,60
#Host_Wiv,#Rugby_Wiv,2,3,1,60,277,38,60
#HughEvans_Wiv,#DoctorCaius_Wiv,0,3,1,60,277,38,60
#HughEvans_Wiv,#Host_Wiv,0,3,1,60,277,38,60
#HughEvans_Wiv,#MasterPage_Wiv,6,3,1,60,277,38,60
#HughEvans_Wiv,#Rugby_Wiv,0,3,1,60,277,38,60
#HughEvans_Wiv,#Shallow_2H4,10,3,1,60,277,38,60
#HughEvans_Wiv,#Simple_Wiv,6,3,1,60,277,38,60
#HughEvans_Wiv,#Slender_Wiv,10,3,1,60,277,38,60
#MasterPage_Wiv,#DoctorCaius_Wiv,1,3,1,60,277,38,60
#MasterPage_Wiv,#Host_Wiv,3,3,1,60,277,38,60
#MasterPage_Wiv,#Rugby_Wiv,1,3,1,60,277,38,60
#MasterPage_Wiv,#Simple_Wiv,1,3,1,60,277,38,60
#Rugby_Wiv,#DoctorCaius_Wiv,6,3,1,60,277,38,60
#Shallow_2H4,#DoctorCaius_Wiv,1,3,1,60,277,38,60
#Shallow_2H4,#Host_Wiv,2,3,1,60,277,38,60
#Shallow_2H4,#MasterPage_Wiv,8,3,1,60,277,38,60
#Shallow_2H4,#Rugby_Wiv,1,3,1,60,277,38,60
#Shallow_2H4,#Simple_Wiv,3,3,1,60,277,38,60
#Shallow_2H4,#Slender_Wiv,11,3,1,60,277,38,60
#Simple_Wiv,#DoctorCaius_Wiv,5,3,1,60,277,38,60
#Simple_Wiv,#Host_Wiv,0,3,1,60,277,38,60
#Simple_Wiv,#Rugby_Wiv,5,3,1,60,277,38,60
#Slender_Wiv,#DoctorCaius_Wiv,1,3,1,60,277,38,60
#Slender_Wiv,#Host_Wiv,1,3,1,60,277,38,60
#Slender_Wiv,#MasterPage_Wiv,8,3,1,60,277,38,60
#Slender_Wiv,#Rugby_Wiv,1,3,1,60,277,38,60
#Slender_Wiv,#Simple_Wiv,4,3,1,60,277,38,60
#HughEvans_Wiv,#DoctorCaius_Wiv,1,3,1,61,12,3,61
#HughEvans_Wiv,#MasterPage_Wiv,7,3,1,61,12,3,61
#HughEvans_Wiv,#Rugby_Wiv,1,3,1,61,12,3,61
#HughEvans_Wiv,#Shallow_2H4,11,3,1,61,12,3,61
#HughEvans_Wiv,#Simple_Wiv,7,3,1,61,12,3,61
#HughEvans_Wiv,#Slender_Wiv,11,3,1,61,12,3,61
#MasterPage_Wiv,#DoctorCaius_Wiv,2,3,1,61,12,3,61
#MasterPage_Wiv,#Rugby_Wiv,2,3,1,61,12,3,61
#MasterPage_Wiv,#Simple_Wiv,2,3,1,61,12,3,61
#Rugby_Wiv,#DoctorCaius_Wiv,7,3,1,61,12,3,61
#Shallow_2H4,#DoctorCaius_Wiv,2,3,1,61,12,3,61
#Shallow_2H4,#MasterPage_Wiv,9,3,1,61,12,3,61
#Shallow_2H4,#Rugby_Wiv,2,3,1,61,12,3,61
#Shallow_2H4,#Simple_Wiv,4,3,1,61,12,3,61
#Shallow_2H4,#Slender_Wiv,12,3,1,61,12,3,61
#Simple_Wiv,#DoctorCaius_Wiv,6,3,1,61,12,3,61
#Simple_Wiv,#Rugby_Wiv,6,3,1,61,12,3,61
#Slender_Wiv,#DoctorCaius_Wiv,2,3,1,61,12,3,61
#Slender_Wiv,#MasterPage_Wiv,9,3,1,61,12,3,61
#Slender_Wiv,#Rugby_Wiv,2,3,1,61,12,3,61
#Slender_Wiv,#Simple_Wiv,5,3,1,61,12,3,61
#HughEvans_Wiv,#DoctorCaius_Wiv,2,3,1,62,83,12,62
#HughEvans_Wiv,#Rugby_Wiv,2,3,1,62,83,12,62
#HughEvans_Wiv,#Simple_Wiv,8,3,1,62,83,12,62
#Rugby_Wiv,#DoctorCaius_Wiv,8,3,1,62,83,12,62
#Simple_Wiv,#DoctorCaius_Wiv,7,3,1,62,83,12,62
#Simple_Wiv,#Rugby_Wiv,7,3,1,62,83,12,62
#MistressPage_Wiv,#Robin_Wiv,0,3,2,63,60,8,63
#MistressPage_Wiv,#MasterFord_Wiv,4,3,2,64,121,19,64
#MistressPage_Wiv,#Robin_Wiv,1,3,2,64,121,19,64
#Robin_Wiv,#MasterFord_Wiv,0,3,2,64,121,19,64
#DoctorCaius_Wiv,#MasterFord_Wiv,0,3,2,66,288,36,66
#Host_Wiv,#DoctorCaius_Wiv,3,3,2,66,288,36,66
#Host_Wiv,#MasterFord_Wiv,2,3,2,66,288,36,66
#Host_Wiv,#Rugby_Wiv,3,3,2,66,288,36,66
#HughEvans_Wiv,#DoctorCaius_Wiv,3,3,2,66,288,36,66
#HughEvans_Wiv,#Host_Wiv,1,3,2,66,288,36,66
#HughEvans_Wiv,#MasterFord_Wiv,0,3,2,66,288,36,66
#HughEvans_Wiv,#MasterPage_Wiv,8,3,2,66,288,36,66
#HughEvans_Wiv,#Rugby_Wiv,3,3,2,66,288,36,66
#HughEvans_Wiv,#Shallow_2H4,12,3,2,66,288,36,66
#HughEvans_Wiv,#Slender_Wiv,12,3,2,66,288,36,66
#MasterPage_Wiv,#DoctorCaius_Wiv,3,3,2,66,288,36,66
#MasterPage_Wiv,#Host_Wiv,4,3,2,66,288,36,66
#MasterPage_Wiv,#MasterFord_Wiv,7,3,2,66,288,36,66
#MasterPage_Wiv,#Rugby_Wiv,3,3,2,66,288,36,66
#Rugby_Wiv,#DoctorCaius_Wiv,9,3,2,66,288,36,66
#Rugby_Wiv,#MasterFord_Wiv,0,3,2,66,288,36,66
#Shallow_2H4,#DoctorCaius_Wiv,3,3,2,66,288,36,66
#Shallow_2H4,#Host_Wiv,3,3,2,66,288,36,66
#Shallow_2H4,#MasterFord_Wiv,1,3,2,66,288,36,66
#Shallow_2H4,#MasterPage_Wiv,10,3,2,66,288,36,66
#Shallow_2H4,#Rugby_Wiv,3,3,2,66,288,36,66
#Shallow_2H4,#Slender_Wiv,13,3,2,66,288,36,66
#Slender_Wiv,#DoctorCaius_Wiv,3,3,2,66,288,36,66
#Slender_Wiv,#Host_Wiv,2,3,2,66,288,36,66
#Slender_Wiv,#MasterFord_Wiv,0,3,2,66,288,36,66
#Slender_Wiv,#MasterPage_Wiv,10,3,2,66,288,36,66
#Slender_Wiv,#Rugby_Wiv,3,3,2,66,288,36,66
#DoctorCaius_Wiv,#MasterFord_Wiv,1,3,2,67,7,1,67
#Host_Wiv,#DoctorCaius_Wiv,4,3,2,67,7,1,67
#Host_Wiv,#MasterFord_Wiv,3,3,2,67,7,1,67
#Host_Wiv,#Rugby_Wiv,4,3,2,67,7,1,67
#HughEvans_Wiv,#DoctorCaius_Wiv,4,3,2,67,7,1,67
#HughEvans_Wiv,#Host_Wiv,2,3,2,67,7,1,67
#HughEvans_Wiv,#MasterFord_Wiv,1,3,2,67,7,1,67
#HughEvans_Wiv,#MasterPage_Wiv,9,3,2,67,7,1,67
#HughEvans_Wiv,#Rugby_Wiv,4,3,2,67,7,1,67
#MasterPage_Wiv,#DoctorCaius_Wiv,4,3,2,67,7,1,67
#MasterPage_Wiv,#Host_Wiv,5,3,2,67,7,1,67
#MasterPage_Wiv,#MasterFord_Wiv,8,3,2,67,7,1,67
#MasterPage_Wiv,#Rugby_Wiv,4,3,2,67,7,1,67
#Rugby_Wiv,#DoctorCaius_Wiv,10,3,2,67,7,1,67
#Rugby_Wiv,#MasterFord_Wiv,1,3,2,67,7,1,67
#DoctorCaius_Wiv,#MasterFord_Wiv,2,3,2,68,15,2,68
#Host_Wiv,#DoctorCaius_Wiv,5,3,2,68,15,2,68
#Host_Wiv,#MasterFord_Wiv,4,3,2,68,15,2,68
#HughEvans_Wiv,#DoctorCaius_Wiv,5,3,2,68,15,2,68
#HughEvans_Wiv,#Host_Wiv,3,3,2,68,15,2,68
#HughEvans_Wiv,#MasterFord_Wiv,2,3,2,68,15,2,68
#HughEvans_Wiv,#MasterPage_Wiv,10,3,2,68,15,2,68
#MasterPage_Wiv,#DoctorCaius_Wiv,5,3,2,68,15,2,68
#MasterPage_Wiv,#Host_Wiv,6,3,2,68,15,2,68
#MasterPage_Wiv,#MasterFord_Wiv,9,3,2,68,15,2,68
#DoctorCaius_Wiv,#MasterFord_Wiv,3,3,2,69,25,5,69
#HughEvans_Wiv,#DoctorCaius_Wiv,6,3,2,69,25,5,69
#HughEvans_Wiv,#MasterFord_Wiv,3,3,2,69,25,5,69
#HughEvans_Wiv,#MasterPage_Wiv,11,3,2,69,25,5,69
#MasterPage_Wiv,#DoctorCaius_Wiv,6,3,2,69,25,5,69
#MasterPage_Wiv,#MasterFord_Wiv,10,3,2,69,25,5,69
#MistressFord_Wiv,#MistressPage_Wiv,6,3,3,70,15,3,70
#John_Wiv,#Robert_Wiv,0,3,3,71,106,16,71
#MistressFord_Wiv,#John_Wiv,0,3,3,71,106,16,71
#MistressFord_Wiv,#MistressPage_Wiv,7,3,3,71,106,16,71
#MistressFord_Wiv,#Robert_Wiv,0,3,3,71,106,16,71
#MistressPage_Wiv,#John_Wiv,0,3,3,71,106,16,71
#MistressPage_Wiv,#Robert_Wiv,0,3,3,71,106,16,71
#MistressFord_Wiv,#MistressPage_Wiv,8,3,3,72,4,1,72
#MistressFord_Wiv,#MistressPage_Wiv,9,3,3,73,105,14,73
#MistressFord_Wiv,#Robin_Wiv,0,3,3,73,105,14,73
#MistressPage_Wiv,#Robin_Wiv,2,3,3,73,105,14,73
#MistressFord_Wiv,#MistressPage_Wiv,10,3,3,74,17,4,74
#Falstaff_1H4,#MistressFord_Wiv,1,3,3,76,328,43,76
#Falstaff_1H4,#MistressFord_Wiv,2,3,3,77,44,8,77
#Falstaff_1H4,#Robin_Wiv,5,3,3,77,44,8,77
#MistressFord_Wiv,#Robin_Wiv,1,3,3,77,44,8,77
#Falstaff_1H4,#MistressFord_Wiv,3,3,3,78,373,51,78
#Falstaff_1H4,#MistressPage_Wiv,1,3,3,78,373,51,78
#Falstaff_1H4,#Robin_Wiv,6,3,3,78,373,51,78
#MistressFord_Wiv,#MistressPage_Wiv,11,3,3,78,373,51,78
#MistressFord_Wiv,#Robin_Wiv,2,3,3,78,373,51,78
#MistressPage_Wiv,#Robin_Wiv,3,3,3,78,373,51,78
#Falstaff_1H4,#MistressFord_Wiv,4,3,3,79,4,1,79
#Falstaff_1H4,#MistressPage_Wiv,2,3,3,79,4,1,79
#MistressFord_Wiv,#MistressPage_Wiv,12,3,3,79,4,1,79
#Falstaff_1H4,#John_Wiv,0,3,3,80,24,3,80
#Falstaff_1H4,#MistressFord_Wiv,5,3,3,80,24,3,80
#Falstaff_1H4,#MistressPage_Wiv,3,3,3,80,24,3,80
#Falstaff_1H4,#Robert_Wiv,0,3,3,80,24,3,80
#John_Wiv,#Robert_Wiv,1,3,3,80,24,3,80
#MistressFord_Wiv,#John_Wiv,1,3,3,80,24,3,80
#MistressFord_Wiv,#MistressPage_Wiv,13,3,3,80,24,3,80
#MistressFord_Wiv,#Robert_Wiv,1,3,3,80,24,3,80
#MistressPage_Wiv,#John_Wiv,1,3,3,80,24,3,80
#MistressPage_Wiv,#Robert_Wiv,1,3,3,80,24,3,80
#DoctorCaius_Wiv,#John_Wiv,0,3,3,81,77,10,81
#DoctorCaius_Wiv,#MasterFord_Wiv,4,3,3,81,77,10,81
#DoctorCaius_Wiv,#Robert_Wiv,0,3,3,81,77,10,81
#Falstaff_1H4,#DoctorCaius_Wiv,0,3,3,81,77,10,81
#Falstaff_1H4,#John_Wiv,1,3,3,81,77,10,81
#Falstaff_1H4,#MasterFord_Wiv,2,3,3,81,77,10,81
#Falstaff_1H4,#MistressFord_Wiv,6,3,3,81,77,10,81
#Falstaff_1H4,#MistressPage_Wiv,4,3,3,81,77,10,81
#Falstaff_1H4,#Robert_Wiv,1,3,3,81,77,10,81
#HughEvans_Wiv,#DoctorCaius_Wiv,7,3,3,81,77,10,81
#HughEvans_Wiv,#Falstaff_1H4,4,3,3,81,77,10,81
#HughEvans_Wiv,#John_Wiv,0,3,3,81,77,10,81
#HughEvans_Wiv,#MasterFord_Wiv,4,3,3,81,77,10,81
#HughEvans_Wiv,#MasterPage_Wiv,12,3,3,81,77,10,81
#HughEvans_Wiv,#MistressFord_Wiv,1,3,3,81,77,10,81
#HughEvans_Wiv,#MistressPage_Wiv,1,3,3,81,77,10,81
#HughEvans_Wiv,#Robert_Wiv,0,3,3,81,77,10,81
#John_Wiv,#Robert_Wiv,2,3,3,81,77,10,81
#MasterFord_Wiv,#John_Wiv,0,3,3,81,77,10,81
#MasterFord_Wiv,#Robert_Wiv,0,3,3,81,77,10,81
#MasterPage_Wiv,#DoctorCaius_Wiv,7,3,3,81,77,10,81
#MasterPage_Wiv,#Falstaff_1H4,4,3,3,81,77,10,81
#MasterPage_Wiv,#John_Wiv,0,3,3,81,77,10,81
#MasterPage_Wiv,#MasterFord_Wiv,11,3,3,81,77,10,81
#MasterPage_Wiv,#MistressFord_Wiv,5,3,3,81,77,10,81
#MasterPage_Wiv,#MistressPage_Wiv,5,3,3,81,77,10,81
#MasterPage_Wiv,#Robert_Wiv,0,3,3,81,77,10,81
#MistressFord_Wiv,#DoctorCaius_Wiv,0,3,3,81,77,10,81
#MistressFord_Wiv,#John_Wiv,2,3,3,81,77,10,81
#MistressFord_Wiv,#MasterFord_Wiv,4,3,3,81,77,10,81
#MistressFord_Wiv,#MistressPage_Wiv,14,3,3,81,77,10,81
#MistressFord_Wiv,#Robert_Wiv,2,3,3,81,77,10,81
#MistressPage_Wiv,#DoctorCaius_Wiv,0,3,3,81,77,10,81
#MistressPage_Wiv,#John_Wiv,2,3,3,81,77,10,81
#MistressPage_Wiv,#MasterFord_Wiv,5,3,3,81,77,10,81
#MistressPage_Wiv,#Robert_Wiv,2,3,3,81,77,10,81
#DoctorCaius_Wiv,#MasterFord_Wiv,5,3,3,82,61,9,82
#HughEvans_Wiv,#DoctorCaius_Wiv,8,3,3,82,61,9,82
#HughEvans_Wiv,#MasterFord_Wiv,5,3,3,82,61,9,82
#HughEvans_Wiv,#MasterPage_Wiv,13,3,3,82,61,9,82
#HughEvans_Wiv,#MistressFord_Wiv,2,3,3,82,61,9,82
#HughEvans_Wiv,#MistressPage_Wiv,2,3,3,82,61,9,82
#MasterPage_Wiv,#DoctorCaius_Wiv,8,3,3,82,61,9,82
#MasterPage_Wiv,#MasterFord_Wiv,12,3,3,82,61,9,82
#MasterPage_Wiv,#MistressFord_Wiv,6,3,3,82,61,9,82
#MasterPage_Wiv,#MistressPage_Wiv,6,3,3,82,61,9,82
#MistressFord_Wiv,#DoctorCaius_Wiv,1,3,3,82,61,9,82
#MistressFord_Wiv,#MasterFord_Wiv,5,3,3,82,61,9,82
#MistressFord_Wiv,#MistressPage_Wiv,15,3,3,82,61,9,82
#MistressPage_Wiv,#DoctorCaius_Wiv,1,3,3,82,61,9,82
#MistressPage_Wiv,#MasterFord_Wiv,6,3,3,82,61,9,82
#HughEvans_Wiv,#DoctorCaius_Wiv,9,3,3,83,31,6,83
#HughEvans_Wiv,#MasterPage_Wiv,14,3,3,83,31,6,83
#HughEvans_Wiv,#MistressFord_Wiv,3,3,3,83,31,6,83
#HughEvans_Wiv,#MistressPage_Wiv,3,3,3,83,31,6,83
#MasterPage_Wiv,#DoctorCaius_Wiv,9,3,3,83,31,6,83
#MasterPage_Wiv,#MistressFord_Wiv,7,3,3,83,31,6,83
#MasterPage_Wiv,#MistressPage_Wiv,7,3,3,83,31,6,83
#MistressFord_Wiv,#DoctorCaius_Wiv,2,3,3,83,31,6,83
#MistressFord_Wiv,#MistressPage_Wiv,16,3,3,83,31,6,83
#MistressPage_Wiv,#DoctorCaius_Wiv,2,3,3,83,31,6,83
#MistressFord_Wiv,#MistressPage_Wiv,17,3,3,84,167,22,84
#DoctorCaius_Wiv,#MasterFord_Wiv,6,3,3,85,200,30,85
#HughEvans_Wiv,#DoctorCaius_Wiv,10,3,3,85,200,30,85
#HughEvans_Wiv,#MasterFord_Wiv,6,3,3,85,200,30,85
#HughEvans_Wiv,#MasterPage_Wiv,15,3,3,85,200,30,85
#HughEvans_Wiv,#MistressFord_Wiv,4,3,3,85,200,30,85
#HughEvans_Wiv,#MistressPage_Wiv,4,3,3,85,200,30,85
#MasterPage_Wiv,#DoctorCaius_Wiv,10,3,3,85,200,30,85
#MasterPage_Wiv,#MasterFord_Wiv,13,3,3,85,200,30,85
#MasterPage_Wiv,#MistressFord_Wiv,8,3,3,85,200,30,85
#MasterPage_Wiv,#MistressPage_Wiv,8,3,3,85,200,30,85
#MistressFord_Wiv,#DoctorCaius_Wiv,3,3,3,85,200,30,85
#MistressFord_Wiv,#MasterFord_Wiv,6,3,3,85,200,30,85
#MistressFord_Wiv,#MistressPage_Wiv,18,3,3,85,200,30,85
#MistressPage_Wiv,#DoctorCaius_Wiv,3,3,3,85,200,30,85
#MistressPage_Wiv,#MasterFord_Wiv,7,3,3,85,200,30,85
#DoctorCaius_Wiv,#MasterFord_Wiv,7,3,3,86,65,12,86
#HughEvans_Wiv,#DoctorCaius_Wiv,11,3,3,86,65,12,86
#HughEvans_Wiv,#MasterFord_Wiv,7,3,3,86,65,12,86
#HughEvans_Wiv,#MasterPage_Wiv,16,3,3,86,65,12,86
#MasterPage_Wiv,#DoctorCaius_Wiv,11,3,3,86,65,12,86
#MasterPage_Wiv,#MasterFord_Wiv,14,3,3,86,65,12,86
#HughEvans_Wiv,#DoctorCaius_Wiv,12,3,3,87,31,5,87
#AnnePage_Wiv,#Fenton_Wiv,0,3,4,88,167,23,88
#AnnePage_Wiv,#Fenton_Wiv,1,3,4,89,312,44,89
#AnnePage_Wiv,#MistressQuickly_1H4,0,3,4,89,312,44,89
#MistressQuickly_1H4,#Fenton_Wiv,1,3,4,89,312,44,89
#Shallow_2H4,#AnnePage_Wiv,2,3,4,89,312,44,89
#Shallow_2H4,#Fenton_Wiv,0,3,4,89,312,44,89
#Shallow_2H4,#MistressQuickly_1H4,0,3,4,89,312,44,89
#Shallow_2H4,#Slender_Wiv,14,3,4,89,312,44,89
#Slender_Wiv,#AnnePage_Wiv,5,3,4,89,312,44,89
#Slender_Wiv,#Fenton_Wiv,0,3,4,89,312,44,89
#Slender_Wiv,#MistressQuickly_1H4,0,3,4,89,312,44,89
#AnnePage_Wiv,#Fenton_Wiv,2,3,4,90,81,12,90
#AnnePage_Wiv,#MistressPage_Wiv,0,3,4,90,81,12,90
#AnnePage_Wiv,#MistressQuickly_1H4,1,3,4,90,81,12,90
#MasterPage_Wiv,#AnnePage_Wiv,2,3,4,90,81,12,90
#MasterPage_Wiv,#Fenton_Wiv,0,3,4,90,81,12,90
#MasterPage_Wiv,#MistressPage_Wiv,9,3,4,90,81,12,90
#MasterPage_Wiv,#MistressQuickly_1H4,1,3,4,90,81,12,90
#MistressPage_Wiv,#Fenton_Wiv,0,3,4,90,81,12,90
#MistressPage_Wiv,#MistressQuickly_1H4,1,3,4,90,81,12,90
#MistressQuickly_1H4,#Fenton_Wiv,2,3,4,90,81,12,90
#Shallow_2H4,#AnnePage_Wiv,3,3,4,90,81,12,90
#Shallow_2H4,#Fenton_Wiv,1,3,4,90,81,12,90
#Shallow_2H4,#MasterPage_Wiv,11,3,4,90,81,12,90
#Shallow_2H4,#MistressPage_Wiv,1,3,4,90,81,12,90
#Shallow_2H4,#MistressQuickly_1H4,1,3,4,90,81,12,90
#Shallow_2H4,#Slender_Wiv,15,3,4,90,81,12,90
#Slender_Wiv,#AnnePage_Wiv,6,3,4,90,81,12,90
#Slender_Wiv,#Fenton_Wiv,1,3,4,90,81,12,90
#Slender_Wiv,#MasterPage_Wiv,11,3,4,90,81,12,90
#Slender_Wiv,#MistressPage_Wiv,1,3,4,90,81,12,90
#Slender_Wiv,#MistressQuickly_1H4,1,3,4,90,81,12,90
#AnnePage_Wiv,#Fenton_Wiv,3,3,4,91,137,18,91
#AnnePage_Wiv,#MistressPage_Wiv,1,3,4,91,137,18,91
#AnnePage_Wiv,#MistressQuickly_1H4,2,3,4,91,137,18,91
#MistressPage_Wiv,#Fenton_Wiv,1,3,4,91,137,18,91
#MistressPage_Wiv,#MistressQuickly_1H4,2,3,4,91,137,18,91
#MistressQuickly_1H4,#Fenton_Wiv,3,3,4,91,137,18,91
#MistressQuickly_1H4,#Fenton_Wiv,4,3,4,92,53,7,92
#Bardolph_1H4,#Falstaff_1H4,8,3,5,95,14,2,95
#Bardolph_1H4,#Falstaff_1H4,9,3,5,97,42,7,97
#Bardolph_1H4,#Falstaff_1H4,10,3,5,98,37,7,98
#Bardolph_1H4,#MistressQuickly_1H4,0,3,5,98,37,7,98
#Falstaff_1H4,#MistressQuickly_1H4,1,3,5,98,37,7,98
#Falstaff_1H4,#MistressQuickly_1H4,2,3,5,99,168,25,99
#Falstaff_1H4,#MasterFord_Wiv,3,3,5,101,606,81,101
#MistressPage_Wiv,#MistressQuickly_1H4,3,4,1,103,53,8,103
#MistressPage_Wiv,#WilliamPage_Wiv,0,4,1,103,53,8,103
#MistressQuickly_1H4,#WilliamPage_Wiv,0,4,1,103,53,8,103
#HughEvans_Wiv,#MistressPage_Wiv,5,4,1,104,407,78,104
#HughEvans_Wiv,#MistressQuickly_1H4,0,4,1,104,407,78,104
#HughEvans_Wiv,#WilliamPage_Wiv,0,4,1,104,407,78,104
#MistressPage_Wiv,#MistressQuickly_1H4,4,4,1,104,407,78,104
#MistressPage_Wiv,#WilliamPage_Wiv,1,4,1,104,407,78,104
#MistressQuickly_1H4,#WilliamPage_Wiv,1,4,1,104,407,78,104
#Falstaff_1H4,#MistressFord_Wiv,7,4,2,105,58,7,105
#Falstaff_1H4,#MistressFord_Wiv,8,4,2,106,12,3,106
#Falstaff_1H4,#MistressPage_Wiv,5,4,2,106,12,3,106
#MistressFord_Wiv,#MistressPage_Wiv,19,4,2,106,12,3,106
#MistressFord_Wiv,#MistressPage_Wiv,20,4,2,107,242,37,107
#Falstaff_1H4,#MistressFord_Wiv,9,4,2,108,244,36,108
#Falstaff_1H4,#MistressPage_Wiv,6,4,2,108,244,36,108
#MistressFord_Wiv,#MistressPage_Wiv,21,4,2,108,244,36,108
#MistressFord_Wiv,#MistressPage_Wiv,22,4,2,109,130,18,109
#John_Wiv,#Robert_Wiv,3,4,2,111,26,3,111
#MistressFord_Wiv,#John_Wiv,3,4,2,111,26,3,111
#MistressFord_Wiv,#Robert_Wiv,3,4,2,111,26,3,111
#John_Wiv,#Robert_Wiv,4,4,2,112,25,3,112
#DoctorCaius_Wiv,#John_Wiv,1,4,2,113,108,15,113
#DoctorCaius_Wiv,#MasterFord_Wiv,8,4,2,113,108,15,113
#DoctorCaius_Wiv,#Robert_Wiv,1,4,2,113,108,15,113
#HughEvans_Wiv,#DoctorCaius_Wiv,13,4,2,113,108,15,113
#HughEvans_Wiv,#John_Wiv,1,4,2,113,108,15,113
#HughEvans_Wiv,#MasterFord_Wiv,8,4,2,113,108,15,113
#HughEvans_Wiv,#MasterPage_Wiv,17,4,2,113,108,15,113
#HughEvans_Wiv,#Robert_Wiv,1,4,2,113,108,15,113
#HughEvans_Wiv,#Shallow_2H4,13,4,2,113,108,15,113
#John_Wiv,#Robert_Wiv,5,4,2,113,108,15,113
#MasterFord_Wiv,#John_Wiv,1,4,2,113,108,15,113
#MasterFord_Wiv,#Robert_Wiv,1,4,2,113,108,15,113
#MasterPage_Wiv,#DoctorCaius_Wiv,12,4,2,113,108,15,113
#MasterPage_Wiv,#John_Wiv,1,4,2,113,108,15,113
#MasterPage_Wiv,#MasterFord_Wiv,15,4,2,113,108,15,113
#MasterPage_Wiv,#Robert_Wiv,1,4,2,113,108,15,113
#Shallow_2H4,#DoctorCaius_Wiv,4,4,2,113,108,15,113
#Shallow_2H4,#John_Wiv,0,4,2,113,108,15,113
#Shallow_2H4,#MasterFord_Wiv,2,4,2,113,108,15,113
#Shallow_2H4,#MasterPage_Wiv,12,4,2,113,108,15,113
#Shallow_2H4,#Robert_Wiv,0,4,2,113,108,15,113
#DoctorCaius_Wiv,#John_Wiv,2,4,2,114,247,37,114
#DoctorCaius_Wiv,#MasterFord_Wiv,9,4,2,114,247,37,114
#DoctorCaius_Wiv,#Robert_Wiv,2,4,2,114,247,37,114
#HughEvans_Wiv,#DoctorCaius_Wiv,14,4,2,114,247,37,114
#HughEvans_Wiv,#John_Wiv,2,4,2,114,247,37,114
#HughEvans_Wiv,#MasterFord_Wiv,9,4,2,114,247,37,114
#HughEvans_Wiv,#MasterPage_Wiv,18,4,2,114,247,37,114
#HughEvans_Wiv,#MistressFord_Wiv,5,4,2,114,247,37,114
#HughEvans_Wiv,#Robert_Wiv,2,4,2,114,247,37,114
#HughEvans_Wiv,#Shallow_2H4,14,4,2,114,247,37,114
#John_Wiv,#Robert_Wiv,6,4,2,114,247,37,114
#MasterFord_Wiv,#John_Wiv,2,4,2,114,247,37,114
#MasterFord_Wiv,#Robert_Wiv,2,4,2,114,247,37,114
#MasterPage_Wiv,#DoctorCaius_Wiv,13,4,2,114,247,37,114
#MasterPage_Wiv,#John_Wiv,2,4,2,114,247,37,114
#MasterPage_Wiv,#MasterFord_Wiv,16,4,2,114,247,37,114
#MasterPage_Wiv,#MistressFord_Wiv,9,4,2,114,247,37,114
#MasterPage_Wiv,#Robert_Wiv,2,4,2,114,247,37,114
#MistressFord_Wiv,#DoctorCaius_Wiv,4,4,2,114,247,37,114
#MistressFord_Wiv,#John_Wiv,4,4,2,114,247,37,114
#MistressFord_Wiv,#MasterFord_Wiv,7,4,2,114,247,37,114
#MistressFord_Wiv,#Robert_Wiv,4,4,2,114,247,37,114
#Shallow_2H4,#DoctorCaius_Wiv,5,4,2,114,247,37,114
#Shallow_2H4,#John_Wiv,1,4,2,114,247,37,114
#Shallow_2H4,#MasterFord_Wiv,3,4,2,114,247,37,114
#Shallow_2H4,#MasterPage_Wiv,13,4,2,114,247,37,114
#Shallow_2H4,#MistressFord_Wiv,1,4,2,114,247,37,114
#Shallow_2H4,#Robert_Wiv,1,4,2,114,247,37,114
#DoctorCaius_Wiv,#MasterFord_Wiv,10,4,2,115,115,15,115
#HughEvans_Wiv,#DoctorCaius_Wiv,15,4,2,115,115,15,115
#HughEvans_Wiv,#MasterFord_Wiv,10,4,2,115,115,15,115
#HughEvans_Wiv,#MasterPage_Wiv,19,4,2,115,115,15,115
#HughEvans_Wiv,#MistressFord_Wiv,6,4,2,115,115,15,115
#HughEvans_Wiv,#Shallow_2H4,15,4,2,115,115,15,115
#MasterPage_Wiv,#DoctorCaius_Wiv,14,4,2,115,115,15,115
#MasterPage_Wiv,#MasterFord_Wiv,17,4,2,115,115,15,115
#MasterPage_Wiv,#MistressFord_Wiv,10,4,2,115,115,15,115
#MistressFord_Wiv,#DoctorCaius_Wiv,5,4,2,115,115,15,115
#MistressFord_Wiv,#MasterFord_Wiv,8,4,2,115,115,15,115
#Shallow_2H4,#DoctorCaius_Wiv,6,4,2,115,115,15,115
#Shallow_2H4,#MasterFord_Wiv,4,4,2,115,115,15,115
#Shallow_2H4,#MasterPage_Wiv,14,4,2,115,115,15,115
#Shallow_2H4,#MistressFord_Wiv,2,4,2,115,115,15,115
#DoctorCaius_Wiv,#MasterFord_Wiv,11,4,2,116,33,6,116
#Falstaff_1H4,#DoctorCaius_Wiv,1,4,2,116,33,6,116
#Falstaff_1H4,#MasterFord_Wiv,4,4,2,116,33,6,116
#Falstaff_1H4,#MistressFord_Wiv,10,4,2,116,33,6,116
#Falstaff_1H4,#MistressPage_Wiv,7,4,2,116,33,6,116
#HughEvans_Wiv,#DoctorCaius_Wiv,16,4,2,116,33,6,116
#HughEvans_Wiv,#Falstaff_1H4,5,4,2,116,33,6,116
#HughEvans_Wiv,#MasterFord_Wiv,11,4,2,116,33,6,116
#HughEvans_Wiv,#MasterPage_Wiv,20,4,2,116,33,6,116
#HughEvans_Wiv,#MistressFord_Wiv,7,4,2,116,33,6,116
#HughEvans_Wiv,#MistressPage_Wiv,6,4,2,116,33,6,116
#HughEvans_Wiv,#Shallow_2H4,16,4,2,116,33,6,116
#MasterPage_Wiv,#DoctorCaius_Wiv,15,4,2,116,33,6,116
#MasterPage_Wiv,#Falstaff_1H4,5,4,2,116,33,6,116
#MasterPage_Wiv,#MasterFord_Wiv,18,4,2,116,33,6,116
#MasterPage_Wiv,#MistressFord_Wiv,11,4,2,116,33,6,116
#MasterPage_Wiv,#MistressPage_Wiv,10,4,2,116,33,6,116
#MistressFord_Wiv,#DoctorCaius_Wiv,6,4,2,116,33,6,116
#MistressFord_Wiv,#MasterFord_Wiv,9,4,2,116,33,6,116
#MistressFord_Wiv,#MistressPage_Wiv,23,4,2,116,33,6,116
#MistressPage_Wiv,#DoctorCaius_Wiv,4,4,2,116,33,6,116
#MistressPage_Wiv,#MasterFord_Wiv,8,4,2,116,33,6,116
#Shallow_2H4,#DoctorCaius_Wiv,7,4,2,116,33,6,116
#Shallow_2H4,#Falstaff_1H4,4,4,2,116,33,6,116
#Shallow_2H4,#MasterFord_Wiv,5,4,2,116,33,6,116
#Shallow_2H4,#MasterPage_Wiv,15,4,2,116,33,6,116
#Shallow_2H4,#MistressFord_Wiv,3,4,2,116,33,6,116
#Shallow_2H4,#MistressPage_Wiv,2,4,2,116,33,6,116
#DoctorCaius_Wiv,#MasterFord_Wiv,12,4,2,117,95,14,117
#HughEvans_Wiv,#DoctorCaius_Wiv,17,4,2,117,95,14,117
#HughEvans_Wiv,#MasterFord_Wiv,12,4,2,117,95,14,117
#HughEvans_Wiv,#MasterPage_Wiv,21,4,2,117,95,14,117
#HughEvans_Wiv,#MistressFord_Wiv,8,4,2,117,95,14,117
#HughEvans_Wiv,#MistressPage_Wiv,7,4,2,117,95,14,117
#HughEvans_Wiv,#Shallow_2H4,17,4,2,117,95,14,117
#MasterPage_Wiv,#DoctorCaius_Wiv,16,4,2,117,95,14,117
#MasterPage_Wiv,#MasterFord_Wiv,19,4,2,117,95,14,117
#MasterPage_Wiv,#MistressFord_Wiv,12,4,2,117,95,14,117
#MasterPage_Wiv,#MistressPage_Wiv,11,4,2,117,95,14,117
#MistressFord_Wiv,#DoctorCaius_Wiv,7,4,2,117,95,14,117
#MistressFord_Wiv,#MasterFord_Wiv,10,4,2,117,95,14,117
#MistressFord_Wiv,#MistressPage_Wiv,24,4,2,117,95,14,117
#MistressPage_Wiv,#DoctorCaius_Wiv,5,4,2,117,95,14,117
#MistressPage_Wiv,#MasterFord_Wiv,9,4,2,117,95,14,117
#Shallow_2H4,#DoctorCaius_Wiv,8,4,2,117,95,14,117
#Shallow_2H4,#MasterFord_Wiv,6,4,2,117,95,14,117
#Shallow_2H4,#MasterPage_Wiv,16,4,2,117,95,14,117
#Shallow_2H4,#MistressFord_Wiv,4,4,2,117,95,14,117
#Shallow_2H4,#MistressPage_Wiv,3,4,2,117,95,14,117
#MistressFord_Wiv,#MistressPage_Wiv,25,4,2,118,184,24,118
#Bardolph_1H4,#Host_Wiv,1,4,3,119,94,11,119
#HughEvans_Wiv,#MasterFord_Wiv,13,4,4,120,648,88,120
#HughEvans_Wiv,#MasterPage_Wiv,22,4,4,120,648,88,120
#HughEvans_Wiv,#MistressFord_Wiv,9,4,4,120,648,88,120
#HughEvans_Wiv,#MistressPage_Wiv,8,4,4,120,648,88,120
#MasterPage_Wiv,#MasterFord_Wiv,20,4,4,120,648,88,120
#MasterPage_Wiv,#MistressFord_Wiv,13,4,4,120,648,88,120
#MasterPage_Wiv,#MistressPage_Wiv,12,4,4,120,648,88,120
#MistressFord_Wiv,#MasterFord_Wiv,11,4,4,120,648,88,120
#MistressFord_Wiv,#MistressPage_Wiv,26,4,4,120,648,88,120
#MistressPage_Wiv,#MasterFord_Wiv,10,4,4,120,648,88,120
#MistressFord_Wiv,#MistressPage_Wiv,27,4,4,121,12,2,121
#Simple_Wiv,#Host_Wiv,1,4,5,123,125,17,123
#Falstaff_1H4,#Host_Wiv,1,4,5,124,243,38,124
#Falstaff_1H4,#Simple_Wiv,0,4,5,124,243,38,124
#Simple_Wiv,#Host_Wiv,2,4,5,124,243,38,124
#Falstaff_1H4,#Host_Wiv,2,4,5,125,49,6,125
#Bardolph_1H4,#Falstaff_1H4,11,4,5,126,73,11,126
#Bardolph_1H4,#Host_Wiv,2,4,5,126,73,11,126
#Falstaff_1H4,#Host_Wiv,3,4,5,126,73,11,126
#Bardolph_1H4,#Falstaff_1H4,12,4,5,127,74,10,127
#Bardolph_1H4,#Host_Wiv,3,4,5,127,74,10,127
#Falstaff_1H4,#Host_Wiv,4,4,5,127,74,10,127
#HughEvans_Wiv,#Bardolph_1H4,4,4,5,127,74,10,127
#HughEvans_Wiv,#Falstaff_1H4,6,4,5,127,74,10,127
#HughEvans_Wiv,#Host_Wiv,4,4,5,127,74,10,127
#Bardolph_1H4,#DoctorCaius_Wiv,0,4,5,128,56,7,128
#Bardolph_1H4,#Falstaff_1H4,13,4,5,128,56,7,128
#Bardolph_1H4,#Host_Wiv,4,4,5,128,56,7,128
#Falstaff_1H4,#DoctorCaius_Wiv,2,4,5,128,56,7,128
#Falstaff_1H4,#Host_Wiv,5,4,5,128,56,7,128
#Host_Wiv,#DoctorCaius_Wiv,6,4,5,128,56,7,128
#Bardolph_1H4,#Falstaff_1H4,14,4,5,129,20,3,129
#Bardolph_1H4,#Host_Wiv,5,4,5,129,20,3,129
#Falstaff_1H4,#Host_Wiv,6,4,5,129,20,3,129
#Falstaff_1H4,#MistressQuickly_1H4,3,4,5,131,196,26,131
#Host_Wiv,#Fenton_Wiv,0,4,6,132,440,55,132
#Falstaff_1H4,#MistressQuickly_1H4,4,5,1,133,66,9,133
#Falstaff_1H4,#MasterFord_Wiv,5,5,1,134,196,23,134
#Shallow_2H4,#MasterPage_Wiv,17,5,2,135,114,14,135
#Shallow_2H4,#Slender_Wiv,16,5,2,135,114,14,135
#Slender_Wiv,#MasterPage_Wiv,12,5,2,135,114,14,135
#MistressFord_Wiv,#DoctorCaius_Wiv,8,5,3,136,49,7,136
#MistressFord_Wiv,#MistressPage_Wiv,28,5,3,136,49,7,136
#MistressPage_Wiv,#DoctorCaius_Wiv,6,5,3,136,49,7,136
#MistressFord_Wiv,#MistressPage_Wiv,29,5,3,137,134,19,137
#HughEvans_Wiv,#BOYS_Wiv,0,5,4,138,33,4,138
#Falstaff_1H4,#MistressFord_Wiv,11,5,5,140,131,21,140
#Falstaff_1H4,#MistressPage_Wiv,8,5,5,140,131,21,140
#MistressFord_Wiv,#MistressPage_Wiv,30,5,5,140,131,21,140
#AnnePage_Wiv,#BOYS_Wiv,0,5,5,142,427,59,142
#AnnePage_Wiv,#MistressQuickly_1H4,3,5,5,142,427,59,142
#Falstaff_1H4,#AnnePage_Wiv,1,5,5,142,427,59,142
#Falstaff_1H4,#BOYS_Wiv,0,5,5,142,427,59,142
#Falstaff_1H4,#MistressQuickly_1H4,5,5,5,142,427,59,142
#Falstaff_1H4,#Pistol_2H4,11,5,5,142,427,59,142
#HughEvans_Wiv,#AnnePage_Wiv,2,5,5,142,427,59,142
#HughEvans_Wiv,#BOYS_Wiv,1,5,5,142,427,59,142
#HughEvans_Wiv,#Falstaff_1H4,7,5,5,142,427,59,142
#HughEvans_Wiv,#MistressQuickly_1H4,1,5,5,142,427,59,142
#HughEvans_Wiv,#Pistol_2H4,4,5,5,142,427,59,142
#MistressQuickly_1H4,#BOYS_Wiv,0,5,5,142,427,59,142
#Pistol_2H4,#AnnePage_Wiv,1,5,5,142,427,59,142
#Pistol_2H4,#BOYS_Wiv,0,5,5,142,427,59,142
#Pistol_2H4,#MistressQuickly_1H4,1,5,5,142,427,59,142
#Falstaff_1H4,#BOYS_Wiv,1,5,5,143,59,10,143
#Falstaff_1H4,#MistressQuickly_1H4,6,5,5,143,59,10,143
#Falstaff_1H4,#Pistol_2H4,12,5,5,143,59,10,143
#HughEvans_Wiv,#BOYS_Wiv,2,5,5,143,59,10,143
#HughEvans_Wiv,#Falstaff_1H4,8,5,5,143,59,10,143
#HughEvans_Wiv,#MistressQuickly_1H4,2,5,5,143,59,10,143
#HughEvans_Wiv,#Pistol_2H4,5,5,5,143,59,10,143
#MistressQuickly_1H4,#BOYS_Wiv,1,5,5,143,59,10,143
#Pistol_2H4,#BOYS_Wiv,1,5,5,143,59,10,143
#Pistol_2H4,#MistressQuickly_1H4,2,5,5,143,59,10,143
#Falstaff_1H4,#BOYS_Wiv,2,5,5,144,593,76,144
#Falstaff_1H4,#MasterFord_Wiv,6,5,5,144,593,76,144
#Falstaff_1H4,#MistressFord_Wiv,12,5,5,144,593,76,144
#Falstaff_1H4,#MistressPage_Wiv,9,5,5,144,593,76,144
#Falstaff_1H4,#MistressQuickly_1H4,7,5,5,144,593,76,144
#Falstaff_1H4,#Pistol_2H4,13,5,5,144,593,76,144
#HughEvans_Wiv,#BOYS_Wiv,3,5,5,144,593,76,144
#HughEvans_Wiv,#Falstaff_1H4,9,5,5,144,593,76,144
#HughEvans_Wiv,#MasterFord_Wiv,14,5,5,144,593,76,144
#HughEvans_Wiv,#MasterPage_Wiv,23,5,5,144,593,76,144
#HughEvans_Wiv,#MistressFord_Wiv,10,5,5,144,593,76,144
#HughEvans_Wiv,#MistressPage_Wiv,9,5,5,144,593,76,144
#HughEvans_Wiv,#MistressQuickly_1H4,3,5,5,144,593,76,144
#HughEvans_Wiv,#Pistol_2H4,6,5,5,144,593,76,144
#MasterFord_Wiv,#BOYS_Wiv,0,5,5,144,593,76,144
#MasterPage_Wiv,#BOYS_Wiv,0,5,5,144,593,76,144
#MasterPage_Wiv,#Falstaff_1H4,6,5,5,144,593,76,144
#MasterPage_Wiv,#MasterFord_Wiv,21,5,5,144,593,76,144
#MasterPage_Wiv,#MistressFord_Wiv,14,5,5,144,593,76,144
#MasterPage_Wiv,#MistressPage_Wiv,13,5,5,144,593,76,144
#MasterPage_Wiv,#MistressQuickly_1H4,2,5,5,144,593,76,144
#MasterPage_Wiv,#Pistol_2H4,5,5,5,144,593,76,144
#MistressFord_Wiv,#BOYS_Wiv,0,5,5,144,593,76,144
#MistressFord_Wiv,#MasterFord_Wiv,12,5,5,144,593,76,144
#MistressFord_Wiv,#MistressPage_Wiv,31,5,5,144,593,76,144
#MistressFord_Wiv,#MistressQuickly_1H4,1,5,5,144,593,76,144
#MistressPage_Wiv,#BOYS_Wiv,0,5,5,144,593,76,144
#MistressPage_Wiv,#MasterFord_Wiv,11,5,5,144,593,76,144
#MistressPage_Wiv,#MistressQuickly_1H4,5,5,5,144,593,76,144
#MistressQuickly_1H4,#BOYS_Wiv,2,5,5,144,593,76,144
#MistressQuickly_1H4,#MasterFord_Wiv,1,5,5,144,593,76,144
#Pistol_2H4,#BOYS_Wiv,2,5,5,144,593,76,144
#Pistol_2H4,#MasterFord_Wiv,1,5,5,144,593,76,144
#Pistol_2H4,#MistressFord_Wiv,2,5,5,144,593,76,144
#Pistol_2H4,#MistressPage_Wiv,2,5,5,144,593,76,144
#Pistol_2H4,#MistressQuickly_1H4,3,5,5,144,593,76,144
#Falstaff_1H4,#BOYS_Wiv,3,5,5,145,211,28,145
#Falstaff_1H4,#MasterFord_Wiv,7,5,5,145,211,28,145
#Falstaff_1H4,#MistressFord_Wiv,13,5,5,145,211,28,145
#Falstaff_1H4,#MistressPage_Wiv,10,5,5,145,211,28,145
#Falstaff_1H4,#MistressQuickly_1H4,8,5,5,145,211,28,145
#Falstaff_1H4,#Pistol_2H4,14,5,5,145,211,28,145
#HughEvans_Wiv,#BOYS_Wiv,4,5,5,145,211,28,145
#HughEvans_Wiv,#Falstaff_1H4,10,5,5,145,211,28,145
#HughEvans_Wiv,#MasterFord_Wiv,15,5,5,145,211,28,145
#HughEvans_Wiv,#MasterPage_Wiv,24,5,5,145,211,28,145
#HughEvans_Wiv,#MistressFord_Wiv,11,5,5,145,211,28,145
#HughEvans_Wiv,#MistressPage_Wiv,10,5,5,145,211,28,145
#HughEvans_Wiv,#MistressQuickly_1H4,4,5,5,145,211,28,145
#HughEvans_Wiv,#Pistol_2H4,7,5,5,145,211,28,145
#HughEvans_Wiv,#Slender_Wiv,13,5,5,145,211,28,145
#MasterFord_Wiv,#BOYS_Wiv,1,5,5,145,211,28,145
#MasterPage_Wiv,#BOYS_Wiv,1,5,5,145,211,28,145
#MasterPage_Wiv,#Falstaff_1H4,7,5,5,145,211,28,145
#MasterPage_Wiv,#MasterFord_Wiv,22,5,5,145,211,28,145
#MasterPage_Wiv,#MistressFord_Wiv,15,5,5,145,211,28,145
#MasterPage_Wiv,#MistressPage_Wiv,14,5,5,145,211,28,145
#MasterPage_Wiv,#MistressQuickly_1H4,3,5,5,145,211,28,145
#MasterPage_Wiv,#Pistol_2H4,6,5,5,145,211,28,145
#MistressFord_Wiv,#BOYS_Wiv,1,5,5,145,211,28,145
#MistressFord_Wiv,#MasterFord_Wiv,13,5,5,145,211,28,145
#MistressFord_Wiv,#MistressPage_Wiv,32,5,5,145,211,28,145
#MistressFord_Wiv,#MistressQuickly_1H4,2,5,5,145,211,28,145
#MistressPage_Wiv,#BOYS_Wiv,1,5,5,145,211,28,145
#MistressPage_Wiv,#MasterFord_Wiv,12,5,5,145,211,28,145
#MistressPage_Wiv,#MistressQuickly_1H4,6,5,5,145,211,28,145
#MistressQuickly_1H4,#BOYS_Wiv,3,5,5,145,211,28,145
#MistressQuickly_1H4,#MasterFord_Wiv,2,5,5,145,211,28,145
#Pistol_2H4,#BOYS_Wiv,3,5,5,145,211,28,145
#Pistol_2H4,#MasterFord_Wiv,2,5,5,145,211,28,145
#Pistol_2H4,#MistressFord_Wiv,3,5,5,145,211,28,145
#Pistol_2H4,#MistressPage_Wiv,3,5,5,145,211,28,145
#Pistol_2H4,#MistressQuickly_1H4,4,5,5,145,211,28,145
#Slender_Wiv,#BOYS_Wiv,0,5,5,145,211,28,145
#Slender_Wiv,#Falstaff_1H4,4,5,5,145,211,28,145
#Slender_Wiv,#MasterFord_Wiv,1,5,5,145,211,28,145
#Slender_Wiv,#MasterPage_Wiv,13,5,5,145,211,28,145
#Slender_Wiv,#MistressFord_Wiv,1,5,5,145,211,28,145
#Slender_Wiv,#MistressPage_Wiv,2,5,5,145,211,28,145
#Slender_Wiv,#MistressQuickly_1H4,2,5,5,145,211,28,145
#Slender_Wiv,#Pistol_2H4,4,5,5,145,211,28,145
#DoctorCaius_Wiv,#BOYS_Wiv,0,5,5,146,61,8,146
#DoctorCaius_Wiv,#MasterFord_Wiv,13,5,5,146,61,8,146
#Falstaff_1H4,#BOYS_Wiv,4,5,5,146,61,8,146
#Falstaff_1H4,#DoctorCaius_Wiv,3,5,5,146,61,8,146
#Falstaff_1H4,#MasterFord_Wiv,8,5,5,146,61,8,146
#Falstaff_1H4,#MistressFord_Wiv,14,5,5,146,61,8,146
#Falstaff_1H4,#MistressPage_Wiv,11,5,5,146,61,8,146
#Falstaff_1H4,#MistressQuickly_1H4,9,5,5,146,61,8,146
#Falstaff_1H4,#Pistol_2H4,15,5,5,146,61,8,146
#HughEvans_Wiv,#BOYS_Wiv,5,5,5,146,61,8,146
#HughEvans_Wiv,#DoctorCaius_Wiv,18,5,5,146,61,8,146
#HughEvans_Wiv,#Falstaff_1H4,11,5,5,146,61,8,146
#HughEvans_Wiv,#MasterFord_Wiv,16,5,5,146,61,8,146
#HughEvans_Wiv,#MasterPage_Wiv,25,5,5,146,61,8,146
#HughEvans_Wiv,#MistressFord_Wiv,12,5,5,146,61,8,146
#HughEvans_Wiv,#MistressPage_Wiv,11,5,5,146,61,8,146
#HughEvans_Wiv,#MistressQuickly_1H4,5,5,5,146,61,8,146
#HughEvans_Wiv,#Pistol_2H4,8,5,5,146,61,8,146
#HughEvans_Wiv,#Slender_Wiv,14,5,5,146,61,8,146
#MasterFord_Wiv,#BOYS_Wiv,2,5,5,146,61,8,146
#MasterPage_Wiv,#BOYS_Wiv,2,5,5,146,61,8,146
#MasterPage_Wiv,#DoctorCaius_Wiv,17,5,5,146,61,8,146
#MasterPage_Wiv,#Falstaff_1H4,8,5,5,146,61,8,146
#MasterPage_Wiv,#MasterFord_Wiv,23,5,5,146,61,8,146
#MasterPage_Wiv,#MistressFord_Wiv,16,5,5,146,61,8,146
#MasterPage_Wiv,#MistressPage_Wiv,15,5,5,146,61,8,146
#MasterPage_Wiv,#MistressQuickly_1H4,4,5,5,146,61,8,146
#MasterPage_Wiv,#Pistol_2H4,7,5,5,146,61,8,146
#MistressFord_Wiv,#BOYS_Wiv,2,5,5,146,61,8,146
#MistressFord_Wiv,#DoctorCaius_Wiv,9,5,5,146,61,8,146
#MistressFord_Wiv,#MasterFord_Wiv,14,5,5,146,61,8,146
#MistressFord_Wiv,#MistressPage_Wiv,33,5,5,146,61,8,146
#MistressFord_Wiv,#MistressQuickly_1H4,3,5,5,146,61,8,146
#MistressPage_Wiv,#BOYS_Wiv,2,5,5,146,61,8,146
#MistressPage_Wiv,#DoctorCaius_Wiv,7,5,5,146,61,8,146
#MistressPage_Wiv,#MasterFord_Wiv,13,5,5,146,61,8,146
#MistressPage_Wiv,#MistressQuickly_1H4,7,5,5,146,61,8,146
#MistressQuickly_1H4,#BOYS_Wiv,4,5,5,146,61,8,146
#MistressQuickly_1H4,#DoctorCaius_Wiv,5,5,5,146,61,8,146
#MistressQuickly_1H4,#MasterFord_Wiv,3,5,5,146,61,8,146
#Pistol_2H4,#BOYS_Wiv,4,5,5,146,61,8,146
#Pistol_2H4,#DoctorCaius_Wiv,0,5,5,146,61,8,146
#Pistol_2H4,#MasterFord_Wiv,3,5,5,146,61,8,146
#Pistol_2H4,#MistressFord_Wiv,4,5,5,146,61,8,146
#Pistol_2H4,#MistressPage_Wiv,4,5,5,146,61,8,146
#Pistol_2H4,#MistressQuickly_1H4,5,5,5,146,61,8,146
#Slender_Wiv,#BOYS_Wiv,1,5,5,146,61,8,146
#Slender_Wiv,#DoctorCaius_Wiv,4,5,5,146,61,8,146
#Slender_Wiv,#Falstaff_1H4,5,5,5,146,61,8,146
#Slender_Wiv,#MasterFord_Wiv,2,5,5,146,61,8,146
#Slender_Wiv,#MasterPage_Wiv,14,5,5,146,61,8,146
#Slender_Wiv,#MistressFord_Wiv,2,5,5,146,61,8,146
#Slender_Wiv,#MistressPage_Wiv,3,5,5,146,61,8,146
#Slender_Wiv,#MistressQuickly_1H4,3,5,5,146,61,8,146
#Slender_Wiv,#Pistol_2H4,5,5,5,146,61,8,146
#AnnePage_Wiv,#BOYS_Wiv,1,5,5,147,247,34,147
#AnnePage_Wiv,#DoctorCaius_Wiv,0,5,5,147,247,34,147
#AnnePage_Wiv,#Fenton_Wiv,4,5,5,147,247,34,147
#AnnePage_Wiv,#MasterFord_Wiv,0,5,5,147,247,34,147
#AnnePage_Wiv,#MistressFord_Wiv,0,5,5,147,247,34,147
#AnnePage_Wiv,#MistressPage_Wiv,2,5,5,147,247,34,147
#AnnePage_Wiv,#MistressQuickly_1H4,4,5,5,147,247,34,147
#DoctorCaius_Wiv,#BOYS_Wiv,1,5,5,147,247,34,147
#DoctorCaius_Wiv,#Fenton_Wiv,0,5,5,147,247,34,147
#DoctorCaius_Wiv,#MasterFord_Wiv,14,5,5,147,247,34,147
#Falstaff_1H4,#AnnePage_Wiv,2,5,5,147,247,34,147
#Falstaff_1H4,#BOYS_Wiv,5,5,5,147,247,34,147
#Falstaff_1H4,#DoctorCaius_Wiv,4,5,5,147,247,34,147
#Falstaff_1H4,#Fenton_Wiv,0,5,5,147,247,34,147
#Falstaff_1H4,#MasterFord_Wiv,9,5,5,147,247,34,147
#Falstaff_1H4,#MistressFord_Wiv,15,5,5,147,247,34,147
#Falstaff_1H4,#MistressPage_Wiv,12,5,5,147,247,34,147
#Falstaff_1H4,#MistressQuickly_1H4,10,5,5,147,247,34,147
#Falstaff_1H4,#Pistol_2H4,16,5,5,147,247,34,147
#Fenton_Wiv,#BOYS_Wiv,0,5,5,147,247,34,147
#Fenton_Wiv,#MasterFord_Wiv,0,5,5,147,247,34,147
#HughEvans_Wiv,#AnnePage_Wiv,3,5,5,147,247,34,147
#HughEvans_Wiv,#BOYS_Wiv,6,5,5,147,247,34,147
#HughEvans_Wiv,#DoctorCaius_Wiv,19,5,5,147,247,34,147
#HughEvans_Wiv,#Falstaff_1H4,12,5,5,147,247,34,147
#HughEvans_Wiv,#Fenton_Wiv,0,5,5,147,247,34,147
#HughEvans_Wiv,#MasterFord_Wiv,17,5,5,147,247,34,147
#HughEvans_Wiv,#MasterPage_Wiv,26,5,5,147,247,34,147
#HughEvans_Wiv,#MistressFord_Wiv,13,5,5,147,247,34,147
#HughEvans_Wiv,#MistressPage_Wiv,12,5,5,147,247,34,147
#HughEvans_Wiv,#MistressQuickly_1H4,6,5,5,147,247,34,147
#HughEvans_Wiv,#Pistol_2H4,9,5,5,147,247,34,147
#HughEvans_Wiv,#Slender_Wiv,15,5,5,147,247,34,147
#MasterFord_Wiv,#BOYS_Wiv,3,5,5,147,247,34,147
#MasterPage_Wiv,#AnnePage_Wiv,3,5,5,147,247,34,147
#MasterPage_Wiv,#BOYS_Wiv,3,5,5,147,247,34,147
#MasterPage_Wiv,#DoctorCaius_Wiv,18,5,5,147,247,34,147
#MasterPage_Wiv,#Falstaff_1H4,9,5,5,147,247,34,147
#MasterPage_Wiv,#Fenton_Wiv,1,5,5,147,247,34,147
#MasterPage_Wiv,#MasterFord_Wiv,24,5,5,147,247,34,147
#MasterPage_Wiv,#MistressFord_Wiv,17,5,5,147,247,34,147
#MasterPage_Wiv,#MistressPage_Wiv,16,5,5,147,247,34,147
#MasterPage_Wiv,#MistressQuickly_1H4,5,5,5,147,247,34,147
#MasterPage_Wiv,#Pistol_2H4,8,5,5,147,247,34,147
#MistressFord_Wiv,#BOYS_Wiv,3,5,5,147,247,34,147
#MistressFord_Wiv,#DoctorCaius_Wiv,10,5,5,147,247,34,147
#MistressFord_Wiv,#Fenton_Wiv,0,5,5,147,247,34,147
#MistressFord_Wiv,#MasterFord_Wiv,15,5,5,147,247,34,147
#MistressFord_Wiv,#MistressPage_Wiv,34,5,5,147,247,34,147
#MistressFord_Wiv,#MistressQuickly_1H4,4,5,5,147,247,34,147
#MistressPage_Wiv,#BOYS_Wiv,3,5,5,147,247,34,147
#MistressPage_Wiv,#DoctorCaius_Wiv,8,5,5,147,247,34,147
#MistressPage_Wiv,#Fenton_Wiv,2,5,5,147,247,34,147
#MistressPage_Wiv,#MasterFord_Wiv,14,5,5,147,247,34,147
#MistressPage_Wiv,#MistressQuickly_1H4,8,5,5,147,247,34,147
#MistressQuickly_1H4,#BOYS_Wiv,5,5,5,147,247,34,147
#MistressQuickly_1H4,#DoctorCaius_Wiv,6,5,5,147,247,34,147
#MistressQuickly_1H4,#Fenton_Wiv,5,5,5,147,247,34,147
#MistressQuickly_1H4,#MasterFord_Wiv,4,5,5,147,247,34,147
#Pistol_2H4,#AnnePage_Wiv,2,5,5,147,247,34,147
#Pistol_2H4,#BOYS_Wiv,5,5,5,147,247,34,147
#Pistol_2H4,#DoctorCaius_Wiv,1,5,5,147,247,34,147
#Pistol_2H4,#Fenton_Wiv,0,5,5,147,247,34,147
#Pistol_2H4,#MasterFord_Wiv,4,5,5,147,247,34,147
#Pistol_2H4,#MistressFord_Wiv,5,5,5,147,247,34,147
#Pistol_2H4,#MistressPage_Wiv,5,5,5,147,247,34,147
#Pistol_2H4,#MistressQuickly_1H4,6,5,5,147,247,34,147
#Slender_Wiv,#AnnePage_Wiv,7,5,5,147,247,34,147
#Slender_Wiv,#BOYS_Wiv,2,5,5,147,247,34,147
#Slender_Wiv,#DoctorCaius_Wiv,5,5,5,147,247,34,147
#Slender_Wiv,#Falstaff_1H4,6,5,5,147,247,34,147
#Slender_Wiv,#Fenton_Wiv,2,5,5,147,247,34,147
#Slender_Wiv,#MasterFord_Wiv,3,5,5,147,247,34,147
#Slender_Wiv,#MasterPage_Wiv,15,5,5,147,247,34,147
#Slender_Wiv,#MistressFord_Wiv,3,5,5,147,247,34,147
#Slender_Wiv,#MistressPage_Wiv,4,5,5,147,247,34,147
#Slender_Wiv,#MistressQuickly_1H4,4,5,5,147,247,34,147
#Slender_Wiv,#Pistol_2H4,6,5,5,147,247,34,147
