act,scene,stagegroup,setting,speaker,onstage,n_tokens,n_lines
1,1,1,1,#Shallow_2H4,#HughEvans_Wiv #Shallow_2H4 #Slender_Wiv,27,4
1,1,1,2,#Slender_Wiv,#HughEvans_Wiv #Shallow_2H4 #Slender_Wiv,10,2
1,1,1,3,#Shallow_2H4,#HughEvans_Wiv #Shallow_2H4 #Slender_Wiv,5,1
1,1,1,4,#Slender_Wiv,#HughEvans_Wiv #Shallow_2H4 #Slender_Wiv,22,4
1,1,1,5,#Shallow_2H4,#HughEvans_Wiv #Shallow_2H4 #Slender_Wiv,13,2
1,1,1,6,#Slender_Wiv,#HughEvans_Wiv #Shallow_2H4 #Slender_Wiv,28,4
1,1,1,7,#Shallow_2H4,#HughEvans_Wiv #Shallow_2H4 #Slender_Wiv,5,1
1,1,1,8,#HughEvans_Wiv,#HughEvans_Wiv #Shallow_2H4 #Slender_Wiv,24,3
1,1,1,9,#Shallow_2H4,#HughEvans_Wiv #Shallow_2H4 #Slender_Wiv,13,2
1,1,1,10,#Slender_Wiv,#HughEvans_Wiv #Shallow_2H4 #Slender_Wiv,4,1
1,1,1,11,#Shallow_2H4,#HughEvans_Wiv #Shallow_2H4 #Slender_Wiv,4,1
1,1,1,12,#HughEvans_Wiv,#HughEvans_Wiv #Shallow_2H4 #Slender_Wiv,8,1
1,1,1,13,#Shallow_2H4,#HughEvans_Wiv #Shallow_2H4 #Slender_Wiv,3,1
1,1,1,14,#HughEvans_Wiv,#HughEvans_Wiv #Shallow_2H4 #Slender_Wiv,57,7
1,1,1,15,#Shallow_2H4,#HughEvans_Wiv #Shallow_2H4 #Slender_Wiv,9,1
1,1,1,16,#HughEvans_Wiv,#HughEvans_Wiv #Shallow_2H4 #Slender_Wiv,41,4
1,1,1,17,#Shallow_2H4,#HughEvans_Wiv #Shallow_2H4 #Slender_Wiv,14,2
1,1,1,18,#HughEvans_Wiv,#HughEvans_Wiv #Shallow_2H4 #Slender_Wiv,42,5
1,1,1,19,#Slender_Wiv,#HughEvans_Wiv #Shallow_2H4 #Slender_Wiv,13,2
1,1,1,20,#HughEvans_Wiv,#HughEvans_Wiv #Shallow_2H4 #Slender_Wiv,70,8
1,1,1,21,#Slender_Wiv,#HughEvans_Wiv #Shallow_2H4 #Slender_Wiv,8,2
1,1,1,22,#HughEvans_Wiv,#HughEvans_Wiv #Shallow_2H4 #Slender_Wiv,10,2
1,1,1,23,#Slender_Wiv,#HughEvans_Wiv #Shallow_2H4 #Slender_Wiv,9,2
1,1,1,24,#HughEvans_Wiv,#HughEvans_Wiv #Shallow_2H4 #Slender_Wiv,8,2
1,1,1,25,#Shallow_2H4,#HughEvans_Wiv #Shallow_2H4 #Slender_Wiv,10,2
1,1,1,26,#HughEvans_Wiv,#HughEvans_Wiv #Shallow_2H4 #Slender_Wiv,58,6
1,1,2,27,#MasterPage_Wiv,#HughEvans_Wiv #MasterPage_Wiv #Shallow_2H4 #Slender_Wiv,2,1
1,1,2,28,#HughEvans_Wiv,#HughEvans_Wiv #MasterPage_Wiv #Shallow_2H4 #Slender_Wiv,28,4
1,1,2,29,#MasterPage_Wiv,#HughEvans_Wiv #MasterPage_Wiv #Shallow_2H4 #Slender_Wiv,16,2
1,1,2,30,#Shallow_2H4,#HughEvans_Wiv #MasterPage_Wiv #Shallow_2H4 #Slender_Wiv,41,5
1,1,2,31,#MasterPage_Wiv,#HughEvans_Wiv #MasterPage_Wiv #Shallow_2H4 #Slender_Wiv,4,1
1,1,2,32,#Shallow_2H4,#HughEvans_Wiv #MasterPage_Wiv #Shallow_2H4 #Slender_Wiv,10,1
1,1,2,33,#MasterPage_Wiv,#HughEvans_Wiv #MasterPage_Wiv #Shallow_2H4 #Slender_Wiv,9,1
1,1,2,34,#Slender_Wiv,#HughEvans_Wiv #MasterPage_Wiv #Shallow_2H4 #Slender_Wiv,14,2
1,1,2,35,#MasterPage_Wiv,#HughEvans_Wiv #MasterPage_Wiv #Shallow_2H4 #Slender_Wiv,6,1
1,1,2,36,#Slender_Wiv,#HughEvans_Wiv #MasterPage_Wiv #Shallow_2H4 #Slender_Wiv,6,1
1,1,2,37,#Shallow_2H4,#HughEvans_Wiv #MasterPage_Wiv #Shallow_2H4 #Slender_Wiv,14,2
1,1,2,38,#MasterPage_Wiv,#HughEvans_Wiv #MasterPage_Wiv #Shallow_2H4 #Slender_Wiv,3,1
1,1,2,39,#Shallow_2H4,#HughEvans_Wiv #MasterPage_Wiv #Shallow_2H4 #Slender_Wiv,24,3
1,1,2,40,#MasterPage_Wiv,#HughEvans_Wiv #MasterPage_Wiv #Shallow_2H4 #Slender_Wiv,15,2
1,1,2,41,#HughEvans_Wiv,#HughEvans_Wiv #MasterPage_Wiv #Shallow_2H4 #Slender_Wiv,9,1
1,1,2,42,#Shallow_2H4,#HughEvans_Wiv #MasterPage_Wiv #Shallow_2H4 #Slender_Wiv,6,1
1,1,2,43,#MasterPage_Wiv,#HughEvans_Wiv #MasterPage_Wiv #Shallow_2H4 #Slender_Wiv,8,1
1,1,2,44,#Shallow_2H4,#HughEvans_Wiv #MasterPage_Wiv #Shallow_2H4 #Slender_Wiv,35,4
1,1,3,45,#MasterPage_Wiv,#Bardolph_1H4 #Falstaff_1H4 #HughEvans_Wiv #MasterPage_Wiv #Nym_H5 #Pistol_2H4 #Shallow_2H4 #Slender_Wiv,4,1
1,1,3,46,#Falstaff_1H4,#Bardolph_1H4 #Falstaff_1H4 #HughEvans_Wiv #MasterPage_Wiv #Nym_H5 #Pistol_2H4 #Shallow_2H4 #Slender_Wiv,10,2
1,1,3,47,#Shallow_2H4,#Bardolph_1H4 #Falstaff_1H4 #HughEvans_Wiv #MasterPage_Wiv #Nym_H5 #Pistol_2H4 #Shallow_2H4 #Slender_Wiv,14,2
1,1,3,48,#Falstaff_1H4,#Bardolph_1H4 #Falstaff_1H4 #HughEvans_Wiv #MasterPage_Wiv #Nym_H5 #Pistol_2H4 #Shallow_2H4 #Slender_Wiv,6,1
1,1,3,49,#Shallow_2H4,#Bardolph_1H4 #Falstaff_1H4 #HughEvans_Wiv #MasterPage_Wiv #Nym_H5 #Pistol_2H4 #Shallow_2H4 #Slender_Wiv,7,1
1,1,3,50,#Falstaff_1H4,#Bardolph_1H4 #Falstaff_1H4 #HughEvans_Wiv #MasterPage_Wiv #Nym_H5 #Pistol_2H4 #Shallow_2H4 #Slender_Wiv,14,2
1,1,3,51,#Shallow_2H4,#Bardolph_1H4 #Falstaff_1H4 #HughEvans_Wiv #MasterPage_Wiv #Nym_H5 #Pistol_2H4 #Shallow_2H4 #Slender_Wiv,5,1
1,1,3,52,#Falstaff_1H4,#Bardolph_1H4 #Falstaff_1H4 #HughEvans_Wiv #MasterPage_Wiv #Nym_H5 #Pistol_2H4 #Shallow_2H4 #Slender_Wiv,14,2
1,1,3,53,#HughEvans_Wiv,#Bardolph_1H4 #Falstaff_1H4 #HughEvans_Wiv #MasterPage_Wiv #Nym_H5 #Pistol_2H4 #Shallow_2H4 #Slender_Wiv,6,1
1,1,3,54,#Falstaff_1H4,#Bardolph_1H4 #Falstaff_1H4 #HughEvans_Wiv #MasterPage_Wiv #Nym_H5 #Pistol_2H4 #Shallow_2H4 #Slender_Wiv,15,3
1,1,3,55,#Slender_Wiv,#Bardolph_1H4 #Falstaff_1H4 #HughEvans_Wiv #MasterPage_Wiv #Nym_H5 #Pistol_2H4 #Shallow_2H4 #Slender_Wiv,19,3
1,1,3,56,#Bardolph_1H4,#Bardolph_1H4 #Falstaff_1H4 #HughEvans_Wiv #MasterPage_Wiv #Nym_H5 #Pistol_2H4 #Shallow_2H4 #Slender_Wiv,3,1
1,1,3,57,#Slender_Wiv,#Bardolph_1H4 #Falstaff_1H4 #HughEvans_Wiv #MasterPage_Wiv #Nym_H5 #Pistol_2H4 #Shallow_2H4 #Slender_Wiv,5,1
1,1,3,58,#Pistol_2H4,#Bardolph_1H4 #Falstaff_1H4 #HughEvans_Wiv #MasterPage_Wiv #Nym_H5 #Pistol_2H4 #Shallow_2H4 #Slender_Wiv,3,1
1,1,3,59,#Slender_Wiv,#Bardolph_1H4 #Falstaff_1H4 #HughEvans_Wiv #MasterPage_Wiv #Nym_H5 #Pistol_2H4 #Shallow_2H4 #Slender_Wiv,5,1
1,1,3,60,#Nym_H5,#Bardolph_1H4 #Falstaff_1H4 #HughEvans_Wiv #MasterPage_Wiv #Nym_H5 #Pistol_2H4 #Shallow_2H4 #Slender_Wiv,9,1
1,1,3,61,#Slender_Wiv,#Bardolph_1H4 #Falstaff_1H4 #HughEvans_Wiv #MasterPage_Wiv #Nym_H5 #Pistol_2H4 #Shallow_2H4 #Slender_Wiv,8,2
1,1,3,62,#HughEvans_Wiv,#Bardolph_1H4 #Falstaff_1H4 #HughEvans_Wiv #MasterPage_Wiv #Nym_H5 #Pistol_2H4 #Shallow_2H4 #Slender_Wiv,44,5
1,1,3,63,#MasterPage_Wiv,#Bardolph_1H4 #Falstaff_1H4 #HughEvans_Wiv #MasterPage_Wiv #Nym_H5 #Pistol_2H4 #Shallow_2H4 #Slender_Wiv,10,1
1,1,3,64,#HughEvans_Wiv,#Bardolph_1H4 #Falstaff_1H4 #HughEvans_Wiv #MasterPage_Wiv #Nym_H5 #Pistol_2H4 #Shallow_2H4 #Slender_Wiv,27,3
1,1,3,65,#Falstaff_1H4,#Bardolph_1H4 #Falstaff_1H4 #HughEvans_Wiv #MasterPage_Wiv #Nym_H5 #Pistol_2H4 #Shallow_2H4 #Slender_Wiv,1,1
1,1,3,66,#Pistol_2H4,#Bardolph_1H4 #Falstaff_1H4 #HughEvans_Wiv #MasterPage_Wiv #Nym_H5 #Pistol_2H4 #Shallow_2H4 #Slender_Wiv,4,1
1,1,3,67,#HughEvans_Wiv,#Bardolph_1H4 #Falstaff_1H4 #HughEvans_Wiv #MasterPage_Wiv #Nym_H5 #Pistol_2H4 #Shallow_2H4 #Slender_Wiv,17,2
1,1,3,68,#Falstaff_1H4,#Bardolph_1H4 #Falstaff_1H4 #HughEvans_Wiv #MasterPage_Wiv #Nym_H5 #Pistol_2H4 #Shallow_2H4 #Slender_Wiv,7,1
1,1,3,69,#Slender_Wiv,#Bardolph_1H4 #Falstaff_1H4 #HughEvans_Wiv #MasterPage_Wiv #Nym_H5 #Pistol_2H4 #Shallow_2H4 #Slender_Wiv,43,6
1,1,3,70,#Falstaff_1H4,#Bardolph_1H4 #Falstaff_1H4 #HughEvans_Wiv #MasterPage_Wiv #Nym_H5 #Pistol_2H4 #Shallow_2H4 #Slender_Wiv,4,1
1,1,3,71,#HughEvans_Wiv,#Bardolph_1H4 #Falstaff_1H4 #HughEvans_Wiv #MasterPage_Wiv #Nym_H5 #Pistol_2H4 #Shallow_2H4 #Slender_Wiv,9,1
1,1,3,72,#Pistol_2H4,#Bardolph_1H4 #Falstaff_1H4 #HughEvans_Wiv #MasterPage_Wiv #Nym_H5 #Pistol_2H4 #Shallow_2H4 #Slender_Wiv,31,4
1,1,3,73,#Slender_Wiv,#Bardolph_1H4 #Falstaff_1H4 #HughEvans_Wiv #MasterPage_Wiv #Nym_H5 #Pistol_2H4 #Shallow_2H4 #Slender_Wiv,6,2
1,1,3,74,#Nym_H5,#Bardolph_1H4 #Falstaff_1H4 #HughEvans_Wiv #MasterPage_Wiv #Nym_H5 #Pistol_2H4 #Shallow_2H4 #Slender_Wiv,29,3
1,1,3,75,#Slender_Wiv,#Bardolph_1H4 #Falstaff_1H4 #HughEvans_Wiv #MasterPage_Wiv #Nym_H5 #Pistol_2H4 #Shallow_2H4 #Slender_Wiv,31,4
1,1,3,76,#Falstaff_1H4,#Bardolph_1H4 #Falstaff_1H4 #HughEvans_Wiv #MasterPage_Wiv #Nym_H5 #Pistol_2H4 #Shallow_2H4 #Slender_Wiv,6,1
1,1,3,77,#Bardolph_1H4,#Bardolph_1H4 #Falstaff_1H4 #HughEvans_Wiv #MasterPage_Wiv #Nym_H5 #Pistol_2H4 #Shallow_2H4 #Slender_Wiv,17,2
1,1,3,78,#HughEvans_Wiv,#Bardolph_1H4 #Falstaff_1H4 #HughEvans_Wiv #MasterPage_Wiv #Nym_H5 #Pistol_2H4 #Shallow_2H4 #Slender_Wiv,10,2
1,1,3,79,#Bardolph_1H4,#Bardolph_1H4 #Falstaff_1H4 #HughEvans_Wiv #MasterPage_Wiv #Nym_H5 #Pistol_2H4 #Shallow_2H4 #Slender_Wiv,15,3
1,1,3,80,#Slender_Wiv,#Bardolph_1H4 #Falstaff_1H4 #HughEvans_Wiv #MasterPage_Wiv #Nym_H5 #Pistol_2H4 #Shallow_2H4 #Slender_Wiv,48,5
1,1,3,81,#HughEvans_Wiv,#Bardolph_1H4 #Falstaff_1H4 #HughEvans_Wiv #MasterPage_Wiv #Nym_H5 #Pistol_2H4 #Shallow_2H4 #Slender_Wiv,9,1
1,1,3,82,#Falstaff_1H4,#Bardolph_1H4 #Falstaff_1H4 #HughEvans_Wiv #MasterPage_Wiv #Nym_H5 #Pistol_2H4 #Shallow_2H4 #Slender_Wiv,10,2
1,1,4,83,#MasterPage_Wiv,#AnnePage_Wiv #Bardolph_1H4 #Falstaff_1H4 #HughEvans_Wiv #MasterPage_Wiv #Nym_H5 #Pistol_2H4 #Shallow_2H4 #Slender_Wiv,9,2
1,1,5,84,#Slender_Wiv,#Bardolph_1H4 #Falstaff_1H4 #HughEvans_Wiv #MasterPage_Wiv #Nym_H5 #Pistol_2H4 #Shallow_2H4 #Slender_Wiv,7,1
1,1,6,85,#MasterPage_Wiv,#Bardolph_1H4 #Falstaff_1H4 #HughEvans_Wiv #MasterPage_Wiv #MistressFord_Wiv #MistressPage_Wiv #Nym_H5 #Pistol_2H4 #Shallow_2H4 #Slender_Wiv,4,1
1,1,6,86,#Falstaff_1H4,#Bardolph_1H4 #Falstaff_1H4 #HughEvans_Wiv #MasterPage_Wiv #MistressFord_Wiv #MistressPage_Wiv #Nym_H5 #Pistol_2H4 #Shallow_2H4 #Slender_Wiv,15,2
1,1,6,87,#MasterPage_Wiv,#Bardolph_1H4 #Falstaff_1H4 #HughEvans_Wiv #MasterPage_Wiv #MistressFord_Wiv #MistressPage_Wiv #Nym_H5 #Pistol_2H4 #Shallow_2H4 #Slender_Wiv,24,3
1,1,7,88,#Slender_Wiv,#HughEvans_Wiv #Shallow_2H4 #Slender_Wiv,15,2
1,1,8,89,#Slender_Wiv,#HughEvans_Wiv #Shallow_2H4 #Simple_Wiv #Slender_Wiv,25,3
1,1,8,90,#Simple_Wiv,#HughEvans_Wiv #Shallow_2H4 #Simple_Wiv #Slender_Wiv,19,3
1,1,8,91,#Shallow_2H4,#HughEvans_Wiv #Shallow_2H4 #Simple_Wiv #Slender_Wiv,37,4
1,1,8,92,#Slender_Wiv,#HughEvans_Wiv #Shallow_2H4 #Simple_Wiv #Slender_Wiv,18,2
1,1,8,93,#Shallow_2H4,#HughEvans_Wiv #Shallow_2H4 #Simple_Wiv #Slender_Wiv,4,1
1,1,8,94,#Slender_Wiv,#HughEvans_Wiv #Shallow_2H4 #Simple_Wiv #Slender_Wiv,4,1
1,1,8,95,#HughEvans_Wiv,#HughEvans_Wiv #Shallow_2H4 #Simple_Wiv #Slender_Wiv,20,3
1,1,8,96,#Slender_Wiv,#HughEvans_Wiv #Shallow_2H4 #Simple_Wiv #Slender_Wiv,27,3
1,1,8,97,#HughEvans_Wiv,#HughEvans_Wiv #Shallow_2H4 #Simple_Wiv #Slender_Wiv,12,2
1,1,8,98,#Shallow_2H4,#HughEvans_Wiv #Shallow_2H4 #Simple_Wiv #Slender_Wiv,5,1
1,1,8,99,#HughEvans_Wiv,#HughEvans_Wiv #Shallow_2H4 #Simple_Wiv #Slender_Wiv,12,2
1,1,8,100,#Slender_Wiv,#HughEvans_Wiv #Shallow_2H4 #Simple_Wiv #Slender_Wiv,13,2
1,1,8,101,#HughEvans_Wiv,#HughEvans_Wiv #Shallow_2H4 #Simple_Wiv #Slender_Wiv,42,5
1,1,8,102,#Shallow_2H4,#HughEvans_Wiv #Shallow_2H4 #Simple_Wiv #Slender_Wiv,7,1
1,1,8,103,#Slender_Wiv,#HughEvans_Wiv #Shallow_2H4 #Simple_Wiv #Slender_Wiv,15,2
1,1,8,104,#HughEvans_Wiv,#HughEvans_Wiv #Shallow_2H4 #Simple_Wiv #Slender_Wiv,19,3
1,1,8,105,#Shallow_2H4,#HughEvans_Wiv #Shallow_2H4 #Simple_Wiv #Slender_Wiv,10,2
1,1,8,106,#Slender_Wiv,#HughEvans_Wiv #Shallow_2H4 #Simple_Wiv #Slender_Wiv,15,2
1,1,8,107,#Shallow_2H4,#HughEvans_Wiv #Shallow_2H4 #Simple_Wiv #Slender_Wiv,20,3
1,1,8,108,#Slender_Wiv,#HughEvans_Wiv #Shallow_2H4 #Simple_Wiv #Slender_Wiv,63,8
1,1,8,109,#HughEvans_Wiv,#HughEvans_Wiv #Shallow_2H4 #Simple_Wiv #Slender_Wiv,26,3
1,1,8,110,#Shallow_2H4,#HughEvans_Wiv #Shallow_2H4 #Simple_Wiv #Slender_Wiv,7,1
1,1,8,111,#Slender_Wiv,#HughEvans_Wiv #Shallow_2H4 #Simple_Wiv #Slender_Wiv,10,1
1,1,9,112,#Shallow_2H4,#AnnePage_Wiv #HughEvans_Wiv #Shallow_2H4 #Simple_Wiv #Slender_Wiv,14,2
1,1,9,113,#AnnePage_Wiv,#AnnePage_Wiv #HughEvans_Wiv #Shallow_2H4 #Simple_Wiv #Slender_Wiv,12,2
1,1,9,114,#Shallow_2H4,#AnnePage_Wiv #HughEvans_Wiv #Shallow_2H4 #Simple_Wiv #Slender_Wiv,8,1
1,1,9,115,#HughEvans_Wiv,#AnnePage_Wiv #HughEvans_Wiv #Shallow_2H4 #Simple_Wiv #Slender_Wiv,11,2
1,1,10,116,#AnnePage_Wiv,#AnnePage_Wiv #Simple_Wiv #Slender_Wiv,9,2
1,1,10,117,#Slender_Wiv,#AnnePage_Wiv #Simple_Wiv #Slender_Wiv,10,2
1,1,10,118,#AnnePage_Wiv,#AnnePage_Wiv #Simple_Wiv #Slender_Wiv,5,1
1,1,10,119,#Slender_Wiv,#AnnePage_Wiv #Simple_Wiv #Slender_Wiv,22,3
1,1,11,120,#Slender_Wiv,#AnnePage_Wiv #Slender_Wiv,39,5
1,1,11,121,#AnnePage_Wiv,#AnnePage_Wiv #Slender_Wiv,15,2
1,1,11,122,#Slender_Wiv,#AnnePage_Wiv #Slender_Wiv,14,2
1,1,11,123,#AnnePage_Wiv,#AnnePage_Wiv #Slender_Wiv,6,1
1,1,11,124,#Slender_Wiv,#AnnePage_Wiv #Slender_Wiv,59,6
1,1,11,125,#AnnePage_Wiv,#AnnePage_Wiv #Slender_Wiv,10,1
1,1,11,126,#Slender_Wiv,#AnnePage_Wiv #Slender_Wiv,30,3
1,1,11,127,#AnnePage_Wiv,#AnnePage_Wiv #Slender_Wiv,3,1
1,1,11,128,#Slender_Wiv,#AnnePage_Wiv #Slender_Wiv,49,6
1,1,12,129,#MasterPage_Wiv,#AnnePage_Wiv #MasterPage_Wiv #Slender_Wiv,9,2
1,1,12,130,#Slender_Wiv,#AnnePage_Wiv #MasterPage_Wiv #Slender_Wiv,7,1
1,1,12,131,#MasterPage_Wiv,#AnnePage_Wiv #MasterPage_Wiv #Slender_Wiv,11,2
1,1,12,132,#Slender_Wiv,#AnnePage_Wiv #MasterPage_Wiv #Slender_Wiv,6,1
1,1,12,133,#MasterPage_Wiv,#AnnePage_Wiv #MasterPage_Wiv #Slender_Wiv,3,1
1,1,12,134,#Slender_Wiv,#AnnePage_Wiv #MasterPage_Wiv #Slender_Wiv,6,1
1,1,12,135,#AnnePage_Wiv,#AnnePage_Wiv #MasterPage_Wiv #Slender_Wiv,7,1
1,1,12,136,#Slender_Wiv,#AnnePage_Wiv #MasterPage_Wiv #Slender_Wiv,15,2
1,1,12,137,#AnnePage_Wiv,#AnnePage_Wiv #MasterPage_Wiv #Slender_Wiv,4,1
1,1,12,138,#Slender_Wiv,#AnnePage_Wiv #MasterPage_Wiv #Slender_Wiv,12,2
1,2,13,139,#HughEvans_Wiv,#HughEvans_Wiv #Simple_Wiv,42,5
1,2,13,140,#Simple_Wiv,#HughEvans_Wiv #Simple_Wiv,2,1
1,2,13,141,#HughEvans_Wiv,#HughEvans_Wiv #Simple_Wiv,58,7
1,3,14,142,#Falstaff_1H4,#Bardolph_1H4 #Falstaff_1H4 #Host_Wiv #Nym_H5 #Pistol_2H4 #Robin_Wiv,5,1
1,3,14,143,#Host_Wiv,#Bardolph_1H4 #Falstaff_1H4 #Host_Wiv #Nym_H5 #Pistol_2H4 #Robin_Wiv,8,2
1,3,14,144,#Falstaff_1H4,#Bardolph_1H4 #Falstaff_1H4 #Host_Wiv #Nym_H5 #Pistol_2H4 #Robin_Wiv,11,2
1,3,14,145,#Host_Wiv,#Bardolph_1H4 #Falstaff_1H4 #Host_Wiv #Nym_H5 #Pistol_2H4 #Robin_Wiv,9,2
1,3,14,146,#Falstaff_1H4,#Bardolph_1H4 #Falstaff_1H4 #Host_Wiv #Nym_H5 #Pistol_2H4 #Robin_Wiv,7,1
1,3,14,147,#Host_Wiv,#Bardolph_1H4 #Falstaff_1H4 #Host_Wiv #Nym_H5 #Pistol_2H4 #Robin_Wiv,23,3
1,3,14,148,#Falstaff_1H4,#Bardolph_1H4 #Falstaff_1H4 #Host_Wiv #Nym_H5 #Pistol_2H4 #Robin_Wiv,5,1
1,3,14,149,#Host_Wiv,#Bardolph_1H4 #Falstaff_1H4 #Host_Wiv #Nym_H5 #Pistol_2H4 #Robin_Wiv,19,2
1,3,15,150,#Falstaff_1H4,#Bardolph_1H4 #Falstaff_1H4 #Nym_H5 #Pistol_2H4 #Robin_Wiv,24,3
1,3,15,151,#Bardolph_1H4,#Bardolph_1H4 #Falstaff_1H4 #Nym_H5 #Pistol_2H4 #Robin_Wiv,11,1
1,3,15,152,#Pistol_2H4,#Bardolph_1H4 #Falstaff_1H4 #Nym_H5 #Pistol_2H4 #Robin_Wiv,9,2
1,3,16,153,#Nym_H5,#Falstaff_1H4 #Nym_H5 #Pistol_2H4 #Robin_Wiv,10,2
1,3,16,154,#Falstaff_1H4,#Falstaff_1H4 #Nym_H5 #Pistol_2H4 #Robin_Wiv,26,3
1,3,16,155,#Nym_H5,#Falstaff_1H4 #Nym_H5 #Pistol_2H4 #Robin_Wiv,10,1
1,3,16,156,#Pistol_2H4,#Falstaff_1H4 #Nym_H5 #Pistol_2H4 #Robin_Wiv,12,2
1,3,16,157,#Falstaff_1H4,#Falstaff_1H4 #Nym_H5 #Pistol_2H4 #Robin_Wiv,8,1
1,3,16,158,#Pistol_2H4,#Falstaff_1H4 #Nym_H5 #Pistol_2H4 #Robin_Wiv,5,1
1,3,16,159,#Falstaff_1H4,#Falstaff_1H4 #Nym_H5 #Pistol_2H4 #Robin_Wiv,10,2
1,3,16,160,#Pistol_2H4,#Falstaff_1H4 #Nym_H5 #Pistol_2H4 #Robin_Wiv,5,1
1,3,16,161,#Falstaff_1H4,#Falstaff_1H4 #Nym_H5 #Pistol_2H4 #Robin_Wiv,8,1
1,3,16,162,#Pistol_2H4,#Falstaff_1H4 #Nym_H5 #Pistol_2H4 #Robin_Wiv,9,1
1,3,16,163,#Falstaff_1H4,#Falstaff_1H4 #Nym_H5 #Pistol_2H4 #Robin_Wiv,11,2
1,3,16,164,#Pistol_2H4,#Falstaff_1H4 #Nym_H5 #Pistol_2H4 #Robin_Wiv,4,1
1,3,16,165,#Falstaff_1H4,#Falstaff_1H4 #Nym_H5 #Pistol_2H4 #Robin_Wiv,75,8
1,3,16,166,#Pistol_2H4,#Falstaff_1H4 #Nym_H5 #Pistol_2H4 #Robin_Wiv,14,2
1,3,16,167,#Nym_H5,#Falstaff_1H4 #Nym_H5 #Pistol_2H4 #Robin_Wiv,8,2
1,3,16,168,#Falstaff_1H4,#Falstaff_1H4 #Nym_H5 #Pistol_2H4 #Robin_Wiv,19,2
1,3,16,169,#Pistol_2H4,#Falstaff_1H4 #Nym_H5 #Pistol_2H4 #Robin_Wiv,10,2
1,3,16,170,#Nym_H5,#Falstaff_1H4 #Nym_H5 #Pistol_2H4 #Robin_Wiv,10,2
1,3,16,171,#Falstaff_1H4,#Falstaff_1H4 #Nym_H5 #Pistol_2H4 #Robin_Wiv,43,6
1,3,16,172,#Pistol_2H4,#Falstaff_1H4 #Nym_H5 #Pistol_2H4 #Robin_Wiv,7,2
1,3,16,173,#Nym_H5,#Falstaff_1H4 #Nym_H5 #Pistol_2H4 #Robin_Wiv,6,1
1,3,16,174,#Falstaff_1H4,#Falstaff_1H4 #Nym_H5 #Pistol_2H4 #Robin_Wiv,98,10
1,3,16,175,#Pistol_2H4,#Falstaff_1H4 #Nym_H5 #Pistol_2H4 #Robin_Wiv,17,2
1,3,16,176,#Nym_H5,#Falstaff_1H4 #Nym_H5 #Pistol_2H4 #Robin_Wiv,17,3
1,3,16,177,#Falstaff_1H4,#Falstaff_1H4 #Nym_H5 #Pistol_2H4 #Robin_Wiv,47,6
1,3,17,178,#Pistol_2H4,#Nym_H5 #Pistol_2H4,31,5
1,3,17,179,#Nym_H5,#Nym_H5 #Pistol_2H4,8,1
1,3,17,180,#Pistol_2H4,#Nym_H5 #Pistol_2H4,3,1
1,3,17,181,#Nym_H5,#Nym_H5 #Pistol_2H4,5,1
1,3,17,182,#Pistol_2H4,#Nym_H5 #Pistol_2H4,4,1
1,3,17,183,#Nym_H5,#Nym_H5 #Pistol_2H4,15,2
1,3,17,184,#Pistol_2H4,#Nym_H5 #Pistol_2H4,24,4
1,3,17,185,#Nym_H5,#Nym_H5 #Pistol_2H4,31,4
1,3,17,186,#Pistol_2H4,#Nym_H5 #Pistol_2H4,11,2
1,4,18,187,#MistressQuickly_1H4,#MistressQuickly_1H4 #Simple_Wiv,3,1
1,4,19,188,#MistressQuickly_1H4,#MistressQuickly_1H4 #Rugby_Wiv #Simple_Wiv,43,5
1,4,19,189,#Rugby_Wiv,#MistressQuickly_1H4 #Rugby_Wiv #Simple_Wiv,3,1
1,4,19,190,#MistressQuickly_1H4,#MistressQuickly_1H4 #Rugby_Wiv #Simple_Wiv,21,3
1,4,20,191,#MistressQuickly_1H4,#MistressQuickly_1H4 #Simple_Wiv,55,7
1,4,20,192,#Simple_Wiv,#MistressQuickly_1H4 #Simple_Wiv,6,1
1,4,20,193,#MistressQuickly_1H4,#MistressQuickly_1H4 #Simple_Wiv,5,1
1,4,20,194,#Simple_Wiv,#MistressQuickly_1H4 #Simple_Wiv,2,1
1,4,20,195,#MistressQuickly_1H4,#MistressQuickly_1H4 #Simple_Wiv,13,2
1,4,20,196,#Simple_Wiv,#MistressQuickly_1H4 #Simple_Wiv,17,2
1,4,20,197,#MistressQuickly_1H4,#MistressQuickly_1H4 #Simple_Wiv,6,1
1,4,20,198,#Simple_Wiv,#MistressQuickly_1H4 #Simple_Wiv,26,3
1,4,20,199,#MistressQuickly_1H4,#MistressQuickly_1H4 #Simple_Wiv,23,3
1,4,20,200,#Simple_Wiv,#MistressQuickly_1H4 #Simple_Wiv,4,1
1,4,20,201,#MistressQuickly_1H4,#MistressQuickly_1H4 #Simple_Wiv,29,4
1,4,21,202,#Rugby_Wiv,#MistressQuickly_1H4 #Rugby_Wiv #Simple_Wiv,6,1
1,4,21,203,#MistressQuickly_1H4,#MistressQuickly_1H4 #Rugby_Wiv #Simple_Wiv,46,6
1,4,22,204,#MistressQuickly_1H4,#MistressQuickly_1H4 #Simple_Wiv,6,1
1,4,23,205,#DoctorCaius_Wiv,#DoctorCaius_Wiv #MistressQuickly_1H4 #Simple_Wiv,35,4
1,4,23,206,#MistressQuickly_1H4,#DoctorCaius_Wiv #MistressQuickly_1H4 #Simple_Wiv,26,4
1,4,24,207,#DoctorCaius_Wiv,#DoctorCaius_Wiv #Simple_Wiv,19,2
1,4,25,208,#MistressQuickly_1H4,#DoctorCaius_Wiv #MistressQuickly_1H4 #Simple_Wiv,4,1
1,4,25,209,#DoctorCaius_Wiv,#DoctorCaius_Wiv #MistressQuickly_1H4 #Simple_Wiv,12,2
1,4,25,210,#MistressQuickly_1H4,#DoctorCaius_Wiv #MistressQuickly_1H4 #Simple_Wiv,4,1
1,4,26,211,#Rugby_Wiv,#DoctorCaius_Wiv #MistressQuickly_1H4 #Rugby_Wiv #Simple_Wiv,2,1
1,4,26,212,#DoctorCaius_Wiv,#DoctorCaius_Wiv #MistressQuickly_1H4 #Rugby_Wiv #Simple_Wiv,21,3
1,4,26,213,#Rugby_Wiv,#DoctorCaius_Wiv #MistressQuickly_1H4 #Rugby_Wiv #Simple_Wiv,7,1
1,4,26,214,#DoctorCaius_Wiv,#DoctorCaius_Wiv #MistressQuickly_1H4 #Rugby_Wiv #Simple_Wiv,28,4
1,4,27,215,#MistressQuickly_1H4,#MistressQuickly_1H4 #Rugby_Wiv #Simple_Wiv,11,2
1,4,28,216,#DoctorCaius_Wiv,#DoctorCaius_Wiv #MistressQuickly_1H4 #Rugby_Wiv #Simple_Wiv,13,3
1,4,28,217,#MistressQuickly_1H4,#DoctorCaius_Wiv #MistressQuickly_1H4 #Rugby_Wiv #Simple_Wiv,4,1
1,4,28,218,#DoctorCaius_Wiv,#DoctorCaius_Wiv #MistressQuickly_1H4 #Rugby_Wiv #Simple_Wiv,5,1
1,4,28,219,#MistressQuickly_1H4,#DoctorCaius_Wiv #MistressQuickly_1H4 #Rugby_Wiv #Simple_Wiv,7,1
1,4,28,220,#DoctorCaius_Wiv,#DoctorCaius_Wiv #MistressQuickly_1H4 #Rugby_Wiv #Simple_Wiv,20,3
1,4,28,221,#MistressQuickly_1H4,#DoctorCaius_Wiv #MistressQuickly_1H4 #Rugby_Wiv #Simple_Wiv,22,3
1,4,28,222,#DoctorCaius_Wiv,#DoctorCaius_Wiv #MistressQuickly_1H4 #Rugby_Wiv #Simple_Wiv,1,1
1,4,28,223,#Simple_Wiv,#DoctorCaius_Wiv #MistressQuickly_1H4 #Rugby_Wiv #Simple_Wiv,6,1
1,4,28,224,#MistressQuickly_1H4,#DoctorCaius_Wiv #MistressQuickly_1H4 #Rugby_Wiv #Simple_Wiv,4,1
1,4,28,225,#DoctorCaius_Wiv,#DoctorCaius_Wiv #MistressQuickly_1H4 #Rugby_Wiv #Simple_Wiv,6,2
1,4,28,226,#Simple_Wiv,#DoctorCaius_Wiv #MistressQuickly_1H4 #Rugby_Wiv #Simple_Wiv,24,3
1,4,28,227,#MistressQuickly_1H4,#DoctorCaius_Wiv #MistressQuickly_1H4 #Rugby_Wiv #Simple_Wiv,17,2
1,4,28,228,#DoctorCaius_Wiv,#DoctorCaius_Wiv #MistressQuickly_1H4 #Rugby_Wiv #Simple_Wiv,14,3
1,4,28,229,#MistressQuickly_1H4,#DoctorCaius_Wiv #MistressQuickly_1H4 #Rugby_Wiv #Simple_Wiv,79,9
1,4,28,230,#Simple_Wiv,#DoctorCaius_Wiv #MistressQuickly_1H4 #Rugby_Wiv #Simple_Wiv,10,2
1,4,28,231,#MistressQuickly_1H4,#DoctorCaius_Wiv #MistressQuickly_1H4 #Rugby_Wiv #Simple_Wiv,57,7
1,4,28,232,#DoctorCaius_Wiv,#DoctorCaius_Wiv #MistressQuickly_1H4 #Rugby_Wiv #Simple_Wiv,67,7
1,4,29,233,#MistressQuickly_1H4,#DoctorCaius_Wiv #MistressQuickly_1H4 #Rugby_Wiv,7,1
1,4,29,234,#DoctorCaius_Wiv,#DoctorCaius_Wiv #MistressQuickly_1H4 #Rugby_Wiv,48,5
1,4,29,235,#MistressQuickly_1H4,#DoctorCaius_Wiv #MistressQuickly_1H4 #Rugby_Wiv,20,3
1,4,29,236,#DoctorCaius_Wiv,#DoctorCaius_Wiv #MistressQuickly_1H4 #Rugby_Wiv,28,4
1,4,29,237,#MistressQuickly_1H4,#DoctorCaius_Wiv #MistressQuickly_1H4 #Rugby_Wiv,4,1
1,4,30,238,#MistressQuickly_1H4,#MistressQuickly_1H4,37,4
1,4,31,239,#Fenton_Wiv,#Fenton_Wiv #MistressQuickly_1H4,4,1
1,4,31,240,#MistressQuickly_1H4,#Fenton_Wiv #MistressQuickly_1H4,11,2
1,4,31,241,#Fenton_Wiv,#Fenton_Wiv #MistressQuickly_1H4,7,1
1,4,31,242,#MistressQuickly_1H4,#Fenton_Wiv #MistressQuickly_1H4,10,2
1,4,31,243,#Fenton_Wiv,#Fenton_Wiv #MistressQuickly_1H4,7,1
1,4,31,244,#MistressQuickly_1H4,#Fenton_Wiv #MistressQuickly_1H4,30,3
1,4,31,245,#Fenton_Wiv,#Fenton_Wiv #MistressQuickly_1H4,13,2
1,4,31,246,#MistressQuickly_1H4,#Fenton_Wiv #MistressQuickly_1H4,30,4
1,4,31,247,#Fenton_Wiv,#Fenton_Wiv #MistressQuickly_1H4,7,1
1,4,31,248,#MistressQuickly_1H4,#Fenton_Wiv #MistressQuickly_1H4,56,7
1,4,31,249,#Fenton_Wiv,#Fenton_Wiv #MistressQuickly_1H4,27,4
1,4,31,250,#MistressQuickly_1H4,#Fenton_Wiv #MistressQuickly_1H4,27,3
1,4,31,251,#Fenton_Wiv,#Fenton_Wiv #MistressQuickly_1H4,8,1
1,4,31,252,#MistressQuickly_1H4,#Fenton_Wiv #MistressQuickly_1H4,4,1
1,4,32,253,#MistressQuickly_1H4,#MistressQuickly_1H4,26,3
2,1,33,254,#MistressPage_Wiv,#MistressPage_Wiv,256,31
2,1,34,255,#MistressFord_Wiv,#MistressFord_Wiv #MistressPage_Wiv,10,2
2,1,34,256,#MistressPage_Wiv,#MistressFord_Wiv #MistressPage_Wiv,12,2
2,1,34,257,#MistressFord_Wiv,#MistressFord_Wiv #MistressPage_Wiv,12,2
2,1,34,258,#MistressPage_Wiv,#MistressFord_Wiv #MistressPage_Wiv,7,1
2,1,34,259,#MistressFord_Wiv,#MistressFord_Wiv #MistressPage_Wiv,21,3
2,1,34,260,#MistressPage_Wiv,#MistressFord_Wiv #MistressPage_Wiv,4,1
2,1,34,261,#MistressFord_Wiv,#MistressFord_Wiv #MistressPage_Wiv,16,2
2,1,34,262,#MistressPage_Wiv,#MistressFord_Wiv #MistressPage_Wiv,16,2
2,1,34,263,#MistressFord_Wiv,#MistressFord_Wiv #MistressPage_Wiv,17,2
2,1,34,264,#MistressPage_Wiv,#MistressFord_Wiv #MistressPage_Wiv,21,3
2,1,34,265,#MistressFord_Wiv,#MistressFord_Wiv #MistressPage_Wiv,143,17
2,1,34,266,#MistressPage_Wiv,#MistressFord_Wiv #MistressPage_Wiv,111,13
2,1,34,267,#MistressFord_Wiv,#MistressFord_Wiv #MistressPage_Wiv,18,2
2,1,34,268,#MistressPage_Wiv,#MistressFord_Wiv #MistressPage_Wiv,49,6
2,1,34,269,#MistressFord_Wiv,#MistressFord_Wiv #MistressPage_Wiv,12,2
2,1,34,270,#MistressPage_Wiv,#MistressFord_Wiv #MistressPage_Wiv,53,6
2,1,34,271,#MistressFord_Wiv,#MistressFord_Wiv #MistressPage_Wiv,34,4
2,1,34,272,#MistressPage_Wiv,#MistressFord_Wiv #MistressPage_Wiv,30,4
2,1,34,273,#MistressFord_Wiv,#MistressFord_Wiv #MistressPage_Wiv,5,1
2,1,34,274,#MistressPage_Wiv,#MistressFord_Wiv #MistressPage_Wiv,9,2
2,1,35,275,#MasterFord_Wiv,#MasterFord_Wiv #MasterPage_Wiv #MistressFord_Wiv #MistressPage_Wiv #Nym_H5 #Pistol_2H4,7,1
2,1,35,276,#Pistol_2H4,#MasterFord_Wiv #MasterPage_Wiv #MistressFord_Wiv #MistressPage_Wiv #Nym_H5 #Pistol_2H4,13,2
2,1,35,277,#MasterFord_Wiv,#MasterFord_Wiv #MasterPage_Wiv #MistressFord_Wiv #MistressPage_Wiv #Nym_H5 #Pistol_2H4,7,1
2,1,35,278,#Pistol_2H4,#MasterFord_Wiv #MasterPage_Wiv #MistressFord_Wiv #MistressPage_Wiv #Nym_H5 #Pistol_2H4,24,3
2,1,35,279,#MasterFord_Wiv,#MasterFord_Wiv #MasterPage_Wiv #MistressFord_Wiv #MistressPage_Wiv #Nym_H5 #Pistol_2H4,3,1
2,1,35,280,#Pistol_2H4,#MasterFord_Wiv #MasterPage_Wiv #MistressFord_Wiv #MistressPage_Wiv #Nym_H5 #Pistol_2H4,22,4
2,1,35,281,#MasterFord_Wiv,#MasterFord_Wiv #MasterPage_Wiv #MistressFord_Wiv #MistressPage_Wiv #Nym_H5 #Pistol_2H4,3,1
2,1,35,282,#Pistol_2H4,#MasterFord_Wiv #MasterPage_Wiv #MistressFord_Wiv #MistressPage_Wiv #Nym_H5 #Pistol_2H4,36,7
2,1,36,283,#MasterFord_Wiv,#MasterFord_Wiv #MasterPage_Wiv #MistressFord_Wiv #MistressPage_Wiv #Nym_H5,9,1
2,1,36,284,#Nym_H5,#MasterFord_Wiv #MasterPage_Wiv #MistressFord_Wiv #MistressPage_Wiv #Nym_H5,81,9
2,1,37,285,#MasterPage_Wiv,#MasterFord_Wiv #MasterPage_Wiv #MistressFord_Wiv #MistressPage_Wiv,15,2
2,1,37,286,#MasterFord_Wiv,#MasterFord_Wiv #MasterPage_Wiv #MistressFord_Wiv #MistressPage_Wiv,5,1
2,1,37,287,#MasterPage_Wiv,#MasterFord_Wiv #MasterPage_Wiv #MistressFord_Wiv #MistressPage_Wiv,8,2
2,1,37,288,#MasterFord_Wiv,#MasterFord_Wiv #MasterPage_Wiv #MistressFord_Wiv #MistressPage_Wiv,6,1
2,1,37,289,#MasterPage_Wiv,#MasterFord_Wiv #MasterPage_Wiv #MistressFord_Wiv #MistressPage_Wiv,19,3
2,1,37,290,#MasterFord_Wiv,#MasterFord_Wiv #MasterPage_Wiv #MistressFord_Wiv #MistressPage_Wiv,6,1
2,1,37,291,#MasterPage_Wiv,#MasterFord_Wiv #MasterPage_Wiv #MistressFord_Wiv #MistressPage_Wiv,3,1
2,1,37,292,#MistressPage_Wiv,#MasterFord_Wiv #MasterPage_Wiv #MistressFord_Wiv #MistressPage_Wiv,6,1
2,1,37,293,#MistressFord_Wiv,#MasterFord_Wiv #MasterPage_Wiv #MistressFord_Wiv #MistressPage_Wiv,8,2
2,1,37,294,#MasterFord_Wiv,#MasterFord_Wiv #MasterPage_Wiv #MistressFord_Wiv #MistressPage_Wiv,10,2
2,1,37,295,#MistressFord_Wiv,#MasterFord_Wiv #MasterPage_Wiv #MistressFord_Wiv #MistressPage_Wiv,14,2
2,1,37,296,#MistressPage_Wiv,#MasterFord_Wiv #MasterPage_Wiv #MistressFord_Wiv #MistressPage_Wiv,12,3
2,1,38,297,#MistressPage_Wiv,#MasterFord_Wiv #MasterPage_Wiv #MistressFord_Wiv #MistressPage_Wiv #MistressQuickly_1H4,9,1
2,1,38,298,#MistressFord_Wiv,#MasterFord_Wiv #MasterPage_Wiv #MistressFord_Wiv #MistressPage_Wiv #MistressQuickly_1H4,9,1
2,1,38,299,#MistressPage_Wiv,#MasterFord_Wiv #MasterPage_Wiv #MistressFord_Wiv #MistressPage_Wiv #MistressQuickly_1H4,8,2
2,1,38,300,#MistressQuickly_1H4,#MasterFord_Wiv #MasterPage_Wiv #MistressFord_Wiv #MistressPage_Wiv #MistressQuickly_1H4,10,2
2,1,38,301,#MistressPage_Wiv,#MasterFord_Wiv #MasterPage_Wiv #MistressFord_Wiv #MistressPage_Wiv #MistressQuickly_1H4,13,2
2,1,39,302,#MasterPage_Wiv,#MasterFord_Wiv #MasterPage_Wiv,4,1
2,1,39,303,#MasterFord_Wiv,#MasterFord_Wiv #MasterPage_Wiv,10,1
2,1,39,304,#MasterPage_Wiv,#MasterFord_Wiv #MasterPage_Wiv,9,1
2,1,39,305,#MasterFord_Wiv,#MasterFord_Wiv #MasterPage_Wiv,8,1
2,1,39,306,#MasterPage_Wiv,#MasterFord_Wiv #MasterPage_Wiv,38,4
2,1,39,307,#MasterFord_Wiv,#MasterFord_Wiv #MasterPage_Wiv,4,1
2,1,39,308,#MasterPage_Wiv,#MasterFord_Wiv #MasterPage_Wiv,3,1
2,1,39,309,#MasterFord_Wiv,#MasterFord_Wiv #MasterPage_Wiv,14,2
2,1,39,310,#MasterPage_Wiv,#MasterFord_Wiv #MasterPage_Wiv,36,4
2,1,39,311,#MasterFord_Wiv,#MasterFord_Wiv #MasterPage_Wiv,34,4
2,1,40,312,#MasterPage_Wiv,#Host_Wiv #MasterFord_Wiv #MasterPage_Wiv,30,4
2,1,40,313,#Host_Wiv,#Host_Wiv #MasterFord_Wiv #MasterPage_Wiv,11,2
2,1,41,314,#Shallow_2H4,#Host_Wiv #MasterFord_Wiv #MasterPage_Wiv #Shallow_2H4,25,3
2,1,41,315,#Host_Wiv,#Host_Wiv #MasterFord_Wiv #MasterPage_Wiv #Shallow_2H4,7,1
2,1,41,316,#Shallow_2H4,#Host_Wiv #MasterFord_Wiv #MasterPage_Wiv #Shallow_2H4,19,3
2,1,41,317,#MasterFord_Wiv,#Host_Wiv #MasterFord_Wiv #MasterPage_Wiv #Shallow_2H4,10,1
2,1,41,318,#Host_Wiv,#Host_Wiv #MasterFord_Wiv #MasterPage_Wiv #Shallow_2H4,5,1
2,1,41,319,#Shallow_2H4,#Host_Wiv #MasterFord_Wiv #MasterPage_Wiv #Shallow_2H4,46,5
2,1,41,320,#Host_Wiv,#Host_Wiv #MasterFord_Wiv #MasterPage_Wiv #Shallow_2H4,10,2
2,1,41,321,#MasterFord_Wiv,#Host_Wiv #MasterFord_Wiv #MasterPage_Wiv #Shallow_2H4,29,3
2,1,41,322,#Host_Wiv,#Host_Wiv #MasterFord_Wiv #MasterPage_Wiv #Shallow_2H4,27,4
2,1,41,323,#Shallow_2H4,#Host_Wiv #MasterFord_Wiv #MasterPage_Wiv #Shallow_2H4,5,1
2,1,41,324,#MasterPage_Wiv,#Host_Wiv #MasterFord_Wiv #MasterPage_Wiv #Shallow_2H4,11,2
2,1,41,325,#Shallow_2H4,#Host_Wiv #MasterFord_Wiv #MasterPage_Wiv #Shallow_2H4,52,6
2,1,41,326,#Host_Wiv,#Host_Wiv #MasterFord_Wiv #MasterPage_Wiv #Shallow_2H4,7,1
2,1,41,327,#MasterPage_Wiv,#Host_Wiv #MasterFord_Wiv #MasterPage_Wiv #Shallow_2H4,11,2
2,1,42,328,#MasterFord_Wiv,#MasterFord_Wiv,72,7
2,2,43,329,#Falstaff_1H4,#Falstaff_1H4 #Pistol_2H4,7,1
2,2,43,330,#Pistol_2H4,#Falstaff_1H4 #Pistol_2H4,12,2
2,2,43,331,#Falstaff_1H4,#Falstaff_1H4 #Pistol_2H4,82,9
2,2,43,332,#Pistol_2H4,#Falstaff_1H4 #Pistol_2H4,9,2
2,2,43,333,#Falstaff_1H4,#Falstaff_1H4 #Pistol_2H4,133,15
2,2,43,334,#Pistol_2H4,#Falstaff_1H4 #Pistol_2H4,9,1
2,2,44,335,#Robin_Wiv,#Falstaff_1H4 #Pistol_2H4 #Robin_Wiv,8,1
2,2,44,336,#Falstaff_1H4,#Falstaff_1H4 #Pistol_2H4 #Robin_Wiv,3,1
2,2,45,337,#MistressQuickly_1H4,#Falstaff_1H4 #MistressQuickly_1H4 #Pistol_2H4 #Robin_Wiv,5,1
2,2,45,338,#Falstaff_1H4,#Falstaff_1H4 #MistressQuickly_1H4 #Pistol_2H4 #Robin_Wiv,3,1
2,2,45,339,#MistressQuickly_1H4,#Falstaff_1H4 #MistressQuickly_1H4 #Pistol_2H4 #Robin_Wiv,7,1
2,2,45,340,#Falstaff_1H4,#Falstaff_1H4 #MistressQuickly_1H4 #Pistol_2H4 #Robin_Wiv,3,1
2,2,45,341,#MistressQuickly_1H4,#Falstaff_1H4 #MistressQuickly_1H4 #Pistol_2H4 #Robin_Wiv,13,2
2,2,45,342,#Falstaff_1H4,#Falstaff_1H4 #MistressQuickly_1H4 #Pistol_2H4 #Robin_Wiv,8,1
2,2,45,343,#MistressQuickly_1H4,#Falstaff_1H4 #MistressQuickly_1H4 #Pistol_2H4 #Robin_Wiv,9,2
2,2,45,344,#Falstaff_1H4,#Falstaff_1H4 #MistressQuickly_1H4 #Pistol_2H4 #Robin_Wiv,10,2
2,2,45,345,#MistressQuickly_1H4,#Falstaff_1H4 #MistressQuickly_1H4 #Pistol_2H4 #Robin_Wiv,21,3
2,2,45,346,#Falstaff_1H4,#Falstaff_1H4 #MistressQuickly_1H4 #Pistol_2H4 #Robin_Wiv,6,1
2,2,45,347,#MistressQuickly_1H4,#Falstaff_1H4 #MistressQuickly_1H4 #Pistol_2H4 #Robin_Wiv,15,2
2,2,45,348,#Falstaff_1H4,#Falstaff_1H4 #MistressQuickly_1H4 #Pistol_2H4 #Robin_Wiv,11,2
2,2,45,349,#MistressQuickly_1H4,#Falstaff_1H4 #MistressQuickly_1H4 #Pistol_2H4 #Robin_Wiv,11,2
2,2,45,350,#Falstaff_1H4,#Falstaff_1H4 #MistressQuickly_1H4 #Pistol_2H4 #Robin_Wiv,6,1
2,2,45,351,#MistressQuickly_1H4,#Falstaff_1H4 #MistressQuickly_1H4 #Pistol_2H4 #Robin_Wiv,22,3
2,2,45,352,#Falstaff_1H4,#Falstaff_1H4 #MistressQuickly_1H4 #Pistol_2H4 #Robin_Wiv,5,1
2,2,45,353,#MistressQuickly_1H4,#Falstaff_1H4 #MistressQuickly_1H4 #Pistol_2H4 #Robin_Wiv,186,20
2,2,45,354,#Falstaff_1H4,#Falstaff_1H4 #MistressQuickly_1H4 #Pistol_2H4 #Robin_Wiv,11,2
2,2,45,355,#MistressQuickly_1H4,#Falstaff_1H4 #MistressQuickly_1H4 #Pistol_2H4 #Robin_Wiv,34,4
2,2,45,356,#Falstaff_1H4,#Falstaff_1H4 #MistressQuickly_1H4 #Pistol_2H4 #Robin_Wiv,3,1
2,2,45,357,#MistressQuickly_1H4,#Falstaff_1H4 #MistressQuickly_1H4 #Pistol_2H4 #Robin_Wiv,50,6
2,2,45,358,#Falstaff_1H4,#Falstaff_1H4 #MistressQuickly_1H4 #Pistol_2H4 #Robin_Wiv,13,2
2,2,45,359,#MistressQuickly_1H4,#Falstaff_1H4 #MistressQuickly_1H4 #Pistol_2H4 #Robin_Wiv,101,11
2,2,45,360,#Falstaff_1H4,#Falstaff_1H4 #MistressQuickly_1H4 #Pistol_2H4 #Robin_Wiv,18,2
2,2,45,361,#MistressQuickly_1H4,#Falstaff_1H4 #MistressQuickly_1H4 #Pistol_2H4 #Robin_Wiv,6,1
2,2,45,362,#Falstaff_1H4,#Falstaff_1H4 #MistressQuickly_1H4 #Pistol_2H4 #Robin_Wiv,20,3
2,2,45,363,#MistressQuickly_1H4,#Falstaff_1H4 #MistressQuickly_1H4 #Pistol_2H4 #Robin_Wiv,115,12
2,2,45,364,#Falstaff_1H4,#Falstaff_1H4 #MistressQuickly_1H4 #Pistol_2H4 #Robin_Wiv,3,1
2,2,45,365,#MistressQuickly_1H4,#Falstaff_1H4 #MistressQuickly_1H4 #Pistol_2H4 #Robin_Wiv,61,7
2,2,45,366,#Falstaff_1H4,#Falstaff_1H4 #MistressQuickly_1H4 #Pistol_2H4 #Robin_Wiv,22,3
2,2,46,367,#Falstaff_1H4,#Falstaff_1H4 #Pistol_2H4,4,2
2,2,46,368,#Pistol_2H4,#Falstaff_1H4 #Pistol_2H4,27,3
2,2,47,369,#Falstaff_1H4,#Falstaff_1H4,56,6
2,2,48,370,#Bardolph_1H4,#Bardolph_1H4 #Falstaff_1H4,27,4
2,2,48,371,#Falstaff_1H4,#Bardolph_1H4 #Falstaff_1H4,4,1
2,2,48,372,#Bardolph_1H4,#Bardolph_1H4 #Falstaff_1H4,2,1
2,2,48,373,#Falstaff_1H4,#Bardolph_1H4 #Falstaff_1H4,13,2
2,2,49,374,#Falstaff_1H4,#Falstaff_1H4,14,2
2,2,50,375,#MasterFord_Wiv,#Bardolph_1H4 #Falstaff_1H4 #MasterFord_Wiv,4,1
2,2,50,376,#Falstaff_1H4,#Bardolph_1H4 #Falstaff_1H4 #MasterFord_Wiv,8,1
2,2,50,377,#MasterFord_Wiv,#Bardolph_1H4 #Falstaff_1H4 #MasterFord_Wiv,11,2
2,2,50,378,#Falstaff_1H4,#Bardolph_1H4 #Falstaff_1H4 #MasterFord_Wiv,9,2
2,2,51,379,#MasterFord_Wiv,#Falstaff_1H4 #MasterFord_Wiv,13,2
2,2,51,380,#Falstaff_1H4,#Falstaff_1H4 #MasterFord_Wiv,9,2
2,2,51,381,#MasterFord_Wiv,#Falstaff_1H4 #MasterFord_Wiv,51,6
2,2,51,382,#Falstaff_1H4,#Falstaff_1H4 #MasterFord_Wiv,9,1
2,2,51,383,#MasterFord_Wiv,#Falstaff_1H4 #MasterFord_Wiv,30,4
2,2,51,384,#Falstaff_1H4,#Falstaff_1H4 #MasterFord_Wiv,12,2
2,2,51,385,#MasterFord_Wiv,#Falstaff_1H4 #MasterFord_Wiv,12,2
2,2,51,386,#Falstaff_1H4,#Falstaff_1H4 #MasterFord_Wiv,12,2
2,2,51,387,#MasterFord_Wiv,#Falstaff_1H4 #MasterFord_Wiv,102,11
2,2,51,388,#Falstaff_1H4,#Falstaff_1H4 #MasterFord_Wiv,4,1
2,2,51,389,#MasterFord_Wiv,#Falstaff_1H4 #MasterFord_Wiv,12,2
2,2,51,390,#Falstaff_1H4,#Falstaff_1H4 #MasterFord_Wiv,2,1
2,2,51,391,#MasterFord_Wiv,#Falstaff_1H4 #MasterFord_Wiv,137,17
2,2,51,392,#Falstaff_1H4,#Falstaff_1H4 #MasterFord_Wiv,10,2
2,2,51,393,#MasterFord_Wiv,#Falstaff_1H4 #MasterFord_Wiv,1,1
2,2,51,394,#Falstaff_1H4,#Falstaff_1H4 #MasterFord_Wiv,8,2
2,2,51,395,#MasterFord_Wiv,#Falstaff_1H4 #MasterFord_Wiv,1,1
2,2,51,396,#Falstaff_1H4,#Falstaff_1H4 #MasterFord_Wiv,7,1
2,2,51,397,#MasterFord_Wiv,#Falstaff_1H4 #MasterFord_Wiv,24,3
2,2,51,398,#Falstaff_1H4,#Falstaff_1H4 #MasterFord_Wiv,9,2
2,2,51,399,#MasterFord_Wiv,#Falstaff_1H4 #MasterFord_Wiv,76,10
2,2,51,400,#Falstaff_1H4,#Falstaff_1H4 #MasterFord_Wiv,2,1
2,2,51,401,#MasterFord_Wiv,#Falstaff_1H4 #MasterFord_Wiv,65,7
2,2,51,402,#Falstaff_1H4,#Falstaff_1H4 #MasterFord_Wiv,25,4
2,2,51,403,#MasterFord_Wiv,#Falstaff_1H4 #MasterFord_Wiv,91,11
2,2,51,404,#Falstaff_1H4,#Falstaff_1H4 #MasterFord_Wiv,30,4
2,2,51,405,#MasterFord_Wiv,#Falstaff_1H4 #MasterFord_Wiv,3,1
2,2,51,406,#Falstaff_1H4,#Falstaff_1H4 #MasterFord_Wiv,4,1
2,2,51,407,#MasterFord_Wiv,#Falstaff_1H4 #MasterFord_Wiv,9,2
2,2,51,408,#Falstaff_1H4,#Falstaff_1H4 #MasterFord_Wiv,73,8
2,2,51,409,#MasterFord_Wiv,#Falstaff_1H4 #MasterFord_Wiv,11,2
2,2,51,410,#Falstaff_1H4,#Falstaff_1H4 #MasterFord_Wiv,53,6
2,2,51,411,#MasterFord_Wiv,#Falstaff_1H4 #MasterFord_Wiv,15,2
2,2,51,412,#Falstaff_1H4,#Falstaff_1H4 #MasterFord_Wiv,79,9
2,2,52,413,#MasterFord_Wiv,#MasterFord_Wiv,241,28
2,3,53,414,#DoctorCaius_Wiv,#DoctorCaius_Wiv #Rugby_Wiv,2,1
2,3,53,415,#Rugby_Wiv,#DoctorCaius_Wiv #Rugby_Wiv,1,1
2,3,53,416,#DoctorCaius_Wiv,#DoctorCaius_Wiv #Rugby_Wiv,5,1
2,3,53,417,#Rugby_Wiv,#DoctorCaius_Wiv #Rugby_Wiv,11,2
2,3,53,418,#DoctorCaius_Wiv,#DoctorCaius_Wiv #Rugby_Wiv,35,4
2,3,53,419,#Rugby_Wiv,#DoctorCaius_Wiv #Rugby_Wiv,14,2
2,3,53,420,#DoctorCaius_Wiv,#DoctorCaius_Wiv #Rugby_Wiv,26,3
2,3,53,421,#Rugby_Wiv,#DoctorCaius_Wiv #Rugby_Wiv,5,1
2,3,53,422,#DoctorCaius_Wiv,#DoctorCaius_Wiv #Rugby_Wiv,4,1
2,3,53,423,#Rugby_Wiv,#DoctorCaius_Wiv #Rugby_Wiv,3,1
2,3,54,424,#Host_Wiv,#DoctorCaius_Wiv #Host_Wiv #MasterPage_Wiv #Rugby_Wiv #Shallow_2H4 #Slender_Wiv,5,1
2,3,54,425,#Shallow_2H4,#DoctorCaius_Wiv #Host_Wiv #MasterPage_Wiv #Rugby_Wiv #Shallow_2H4 #Slender_Wiv,6,1
2,3,54,426,#MasterPage_Wiv,#DoctorCaius_Wiv #Host_Wiv #MasterPage_Wiv #Rugby_Wiv #Shallow_2H4 #Slender_Wiv,4,1
2,3,54,427,#Slender_Wiv,#DoctorCaius_Wiv #Host_Wiv #MasterPage_Wiv #Rugby_Wiv #Shallow_2H4 #Slender_Wiv,5,1
2,3,54,428,#DoctorCaius_Wiv,#DoctorCaius_Wiv #Host_Wiv #MasterPage_Wiv #Rugby_Wiv #Shallow_2H4 #Slender_Wiv,10,2
2,3,54,429,#Host_Wiv,#DoctorCaius_Wiv #Host_Wiv #MasterPage_Wiv #Rugby_Wiv #Shallow_2H4 #Slender_Wiv,65,7
2,3,54,430,#DoctorCaius_Wiv,#DoctorCaius_Wiv #Host_Wiv #MasterPage_Wiv #Rugby_Wiv #Shallow_2H4 #Slender_Wiv,16,2
2,3,54,431,#Host_Wiv,#DoctorCaius_Wiv #Host_Wiv #MasterPage_Wiv #Rugby_Wiv #Shallow_2H4 #Slender_Wiv,11,2
2,3,54,432,#DoctorCaius_Wiv,#DoctorCaius_Wiv #Host_Wiv #MasterPage_Wiv #Rugby_Wiv #Shallow_2H4 #Slender_Wiv,22,3
2,3,54,433,#Shallow_2H4,#DoctorCaius_Wiv #Host_Wiv #MasterPage_Wiv #Rugby_Wiv #Shallow_2H4 #Slender_Wiv,37,4
2,3,54,434,#MasterPage_Wiv,#DoctorCaius_Wiv #Host_Wiv #MasterPage_Wiv #Rugby_Wiv #Shallow_2H4 #Slender_Wiv,15,2
2,3,54,435,#Shallow_2H4,#DoctorCaius_Wiv #Host_Wiv #MasterPage_Wiv #Rugby_Wiv #Shallow_2H4 #Slender_Wiv,51,6
2,3,54,436,#MasterPage_Wiv,#DoctorCaius_Wiv #Host_Wiv #MasterPage_Wiv #Rugby_Wiv #Shallow_2H4 #Slender_Wiv,4,1
2,3,54,437,#Shallow_2H4,#DoctorCaius_Wiv #Host_Wiv #MasterPage_Wiv #Rugby_Wiv #Shallow_2H4 #Slender_Wiv,48,6
2,3,54,438,#Host_Wiv,#DoctorCaius_Wiv #Host_Wiv #MasterPage_Wiv #Rugby_Wiv #Shallow_2H4 #Slender_Wiv,7,2
2,3,54,439,#DoctorCaius_Wiv,#DoctorCaius_Wiv #Host_Wiv #MasterPage_Wiv #Rugby_Wiv #Shallow_2H4 #Slender_Wiv,4,1
2,3,54,440,#Host_Wiv,#DoctorCaius_Wiv #Host_Wiv #MasterPage_Wiv #Rugby_Wiv #Shallow_2H4 #Slender_Wiv,8,2
2,3,54,441,#DoctorCaius_Wiv,#DoctorCaius_Wiv #Host_Wiv #MasterPage_Wiv #Rugby_Wiv #Shallow_2H4 #Slender_Wiv,21,3
2,3,54,442,#Host_Wiv,#DoctorCaius_Wiv #Host_Wiv #MasterPage_Wiv #Rugby_Wiv #Shallow_2H4 #Slender_Wiv,6,1
2,3,54,443,#DoctorCaius_Wiv,#DoctorCaius_Wiv #Host_Wiv #MasterPage_Wiv #Rugby_Wiv #Shallow_2H4 #Slender_Wiv,4,1
2,3,54,444,#Host_Wiv,#DoctorCaius_Wiv #Host_Wiv #MasterPage_Wiv #Rugby_Wiv #Shallow_2H4 #Slender_Wiv,7,1
2,3,54,445,#DoctorCaius_Wiv,#DoctorCaius_Wiv #Host_Wiv #MasterPage_Wiv #Rugby_Wiv #Shallow_2H4 #Slender_Wiv,16,2
2,3,54,446,#Host_Wiv,#DoctorCaius_Wiv #Host_Wiv #MasterPage_Wiv #Rugby_Wiv #Shallow_2H4 #Slender_Wiv,11,1
2,3,54,447,#DoctorCaius_Wiv,#DoctorCaius_Wiv #Host_Wiv #MasterPage_Wiv #Rugby_Wiv #Shallow_2H4 #Slender_Wiv,5,1
2,3,54,448,#Host_Wiv,#DoctorCaius_Wiv #Host_Wiv #MasterPage_Wiv #Rugby_Wiv #Shallow_2H4 #Slender_Wiv,21,4
2,3,54,449,#MasterPage_Wiv,#DoctorCaius_Wiv #Host_Wiv #MasterPage_Wiv #Rugby_Wiv #Shallow_2H4 #Slender_Wiv,6,1
2,3,54,450,#Host_Wiv,#DoctorCaius_Wiv #Host_Wiv #MasterPage_Wiv #Rugby_Wiv #Shallow_2H4 #Slender_Wiv,23,3
2,3,54,451,#Shallow_2H4,#DoctorCaius_Wiv #Host_Wiv #MasterPage_Wiv #Rugby_Wiv #Shallow_2H4 #Slender_Wiv,4,1
2,3,54,452,#MasterPage_Wiv #Shallow_2H4 #Slender_Wiv,#DoctorCaius_Wiv #Host_Wiv #MasterPage_Wiv #Rugby_Wiv #Shallow_2H4 #Slender_Wiv,4,2
2,3,55,453,#DoctorCaius_Wiv,#DoctorCaius_Wiv #Host_Wiv #Rugby_Wiv,16,2
2,3,55,454,#Host_Wiv,#DoctorCaius_Wiv #Host_Wiv #Rugby_Wiv,43,5
2,3,55,455,#DoctorCaius_Wiv,#DoctorCaius_Wiv #Host_Wiv #Rugby_Wiv,30,4
2,3,55,456,#Host_Wiv,#DoctorCaius_Wiv #Host_Wiv #Rugby_Wiv,14,2
2,3,55,457,#DoctorCaius_Wiv,#DoctorCaius_Wiv #Host_Wiv #Rugby_Wiv,6,1
2,3,55,458,#Host_Wiv,#DoctorCaius_Wiv #Host_Wiv #Rugby_Wiv,4,1
2,3,55,459,#DoctorCaius_Wiv,#DoctorCaius_Wiv #Host_Wiv #Rugby_Wiv,6,1
3,1,56,460,#HughEvans_Wiv,#HughEvans_Wiv #Simple_Wiv,28,4
3,1,56,461,#Simple_Wiv,#HughEvans_Wiv #Simple_Wiv,18,3
3,1,56,462,#HughEvans_Wiv,#HughEvans_Wiv #Simple_Wiv,11,2
3,1,56,463,#Simple_Wiv,#HughEvans_Wiv #Simple_Wiv,3,1
3,1,57,464,#HughEvans_Wiv,#HughEvans_Wiv,105,16
3,1,58,465,#Simple_Wiv,#HughEvans_Wiv #Simple_Wiv,8,1
3,1,58,466,#HughEvans_Wiv,#HughEvans_Wiv #Simple_Wiv,16,3
3,1,58,467,#Simple_Wiv,#HughEvans_Wiv #Simple_Wiv,19,3
3,1,58,468,#HughEvans_Wiv,#HughEvans_Wiv #Simple_Wiv,13,2
3,1,59,469,#Shallow_2H4,#HughEvans_Wiv #MasterPage_Wiv #Shallow_2H4 #Simple_Wiv #Slender_Wiv,26,4
3,1,59,470,#Slender_Wiv,#HughEvans_Wiv #MasterPage_Wiv #Shallow_2H4 #Simple_Wiv #Slender_Wiv,4,1
3,1,59,471,#MasterPage_Wiv,#HughEvans_Wiv #MasterPage_Wiv #Shallow_2H4 #Simple_Wiv #Slender_Wiv,6,1
3,1,59,472,#HughEvans_Wiv,#HughEvans_Wiv #MasterPage_Wiv #Shallow_2H4 #Simple_Wiv #Slender_Wiv,10,2
3,1,59,473,#Shallow_2H4,#HughEvans_Wiv #MasterPage_Wiv #Shallow_2H4 #Simple_Wiv #Slender_Wiv,13,2
3,1,59,474,#MasterPage_Wiv,#HughEvans_Wiv #MasterPage_Wiv #Shallow_2H4 #Simple_Wiv #Slender_Wiv,12,2
3,1,59,475,#HughEvans_Wiv,#HughEvans_Wiv #MasterPage_Wiv #Shallow_2H4 #Simple_Wiv #Slender_Wiv,7,1
3,1,59,476,#MasterPage_Wiv,#HughEvans_Wiv #MasterPage_Wiv #Shallow_2H4 #Simple_Wiv #Slender_Wiv,12,2
3,1,59,477,#HughEvans_Wiv,#HughEvans_Wiv #MasterPage_Wiv #Shallow_2H4 #Simple_Wiv #Slender_Wiv,5,1
3,1,59,478,#MasterPage_Wiv,#HughEvans_Wiv #MasterPage_Wiv #Shallow_2H4 #Simple_Wiv #Slender_Wiv,28,4
3,1,59,479,#Shallow_2H4,#HughEvans_Wiv #MasterPage_Wiv #Shallow_2H4 #Simple_Wiv #Slender_Wiv,24,3
3,1,59,480,#HughEvans_Wiv,#HughEvans_Wiv #MasterPage_Wiv #Shallow_2H4 #Simple_Wiv #Slender_Wiv,3,1
3,1,59,481,#MasterPage_Wiv,#HughEvans_Wiv #MasterPage_Wiv #Shallow_2H4 #Simple_Wiv #Slender_Wiv,12,2
3,1,59,482,#HughEvans_Wiv,#HughEvans_Wiv #MasterPage_Wiv #Shallow_2H4 #Simple_Wiv #Slender_Wiv,21,2
3,1,59,483,#MasterPage_Wiv,#HughEvans_Wiv #MasterPage_Wiv #Shallow_2H4 #Simple_Wiv #Slender_Wiv,1,1
3,1,59,484,#HughEvans_Wiv,#HughEvans_Wiv #MasterPage_Wiv #Shallow_2H4 #Simple_Wiv #Slender_Wiv,26,4
3,1,59,485,#MasterPage_Wiv,#HughEvans_Wiv #MasterPage_Wiv #Shallow_2H4 #Simple_Wiv #Slender_Wiv,10,2
3,1,59,486,#Slender_Wiv,#HughEvans_Wiv #MasterPage_Wiv #Shallow_2H4 #Simple_Wiv #Slender_Wiv,4,1
3,1,59,487,#Shallow_2H4,#HughEvans_Wiv #MasterPage_Wiv #Shallow_2H4 #Simple_Wiv #Slender_Wiv,13,2
3,1,60,488,#MasterPage_Wiv,#DoctorCaius_Wiv #Host_Wiv #HughEvans_Wiv #MasterPage_Wiv #Rugby_Wiv #Shallow_2H4 #Simple_Wiv #Slender_Wiv,8,1
3,1,60,489,#Shallow_2H4,#DoctorCaius_Wiv #Host_Wiv #HughEvans_Wiv #MasterPage_Wiv #Rugby_Wiv #Shallow_2H4 #Simple_Wiv #Slender_Wiv,6,1
3,1,60,490,#Host_Wiv,#DoctorCaius_Wiv #Host_Wiv #HughEvans_Wiv #MasterPage_Wiv #Rugby_Wiv #Shallow_2H4 #Simple_Wiv #Slender_Wiv,16,2
3,1,60,491,#DoctorCaius_Wiv,#DoctorCaius_Wiv #Host_Wiv #HughEvans_Wiv #MasterPage_Wiv #Rugby_Wiv #Shallow_2H4 #Simple_Wiv #Slender_Wiv,17,3
3,1,60,492,#HughEvans_Wiv,#DoctorCaius_Wiv #Host_Wiv #HughEvans_Wiv #MasterPage_Wiv #Rugby_Wiv #Shallow_2H4 #Simple_Wiv #Slender_Wiv,8,2
3,1,60,493,#DoctorCaius_Wiv,#DoctorCaius_Wiv #Host_Wiv #HughEvans_Wiv #MasterPage_Wiv #Rugby_Wiv #Shallow_2H4 #Simple_Wiv #Slender_Wiv,11,2
3,1,60,494,#HughEvans_Wiv,#DoctorCaius_Wiv #Host_Wiv #HughEvans_Wiv #MasterPage_Wiv #Rugby_Wiv #Shallow_2H4 #Simple_Wiv #Slender_Wiv,37,5
3,1,60,495,#DoctorCaius_Wiv,#DoctorCaius_Wiv #Host_Wiv #HughEvans_Wiv #MasterPage_Wiv #Rugby_Wiv #Shallow_2H4 #Simple_Wiv #Slender_Wiv,25,3
3,1,60,496,#HughEvans_Wiv,#DoctorCaius_Wiv #Host_Wiv #HughEvans_Wiv #MasterPage_Wiv #Rugby_Wiv #Shallow_2H4 #Simple_Wiv #Slender_Wiv,23,3
3,1,60,497,#Host_Wiv,#DoctorCaius_Wiv #Host_Wiv #HughEvans_Wiv #MasterPage_Wiv #Rugby_Wiv #Shallow_2H4 #Simple_Wiv #Slender_Wiv,12,2
3,1,60,498,#DoctorCaius_Wiv,#DoctorCaius_Wiv #Host_Wiv #HughEvans_Wiv #MasterPage_Wiv #Rugby_Wiv #Shallow_2H4 #Simple_Wiv #Slender_Wiv,6,1
3,1,60,499,#Host_Wiv,#DoctorCaius_Wiv #Host_Wiv #HughEvans_Wiv #MasterPage_Wiv #Rugby_Wiv #Shallow_2H4 #Simple_Wiv #Slender_Wiv,108,13
3,1,61,500,#Shallow_2H4,#DoctorCaius_Wiv #HughEvans_Wiv #MasterPage_Wiv #Rugby_Wiv #Shallow_2H4 #Simple_Wiv #Slender_Wiv,8,2
3,1,61,501,#Slender_Wiv,#DoctorCaius_Wiv #HughEvans_Wiv #MasterPage_Wiv #Rugby_Wiv #Shallow_2H4 #Simple_Wiv #Slender_Wiv,4,1
3,1,62,502,#DoctorCaius_Wiv,#DoctorCaius_Wiv #HughEvans_Wiv #Rugby_Wiv #Simple_Wiv,14,2
3,1,62,503,#HughEvans_Wiv,#DoctorCaius_Wiv #HughEvans_Wiv #Rugby_Wiv #Simple_Wiv,39,5
3,1,62,504,#DoctorCaius_Wiv,#DoctorCaius_Wiv #HughEvans_Wiv #Rugby_Wiv #Simple_Wiv,21,3
3,1,62,505,#HughEvans_Wiv,#DoctorCaius_Wiv #HughEvans_Wiv #Rugby_Wiv #Simple_Wiv,9,2
3,2,63,506,#MistressPage_Wiv,#MistressPage_Wiv #Robin_Wiv,31,4
3,2,63,507,#Robin_Wiv,#MistressPage_Wiv #Robin_Wiv,16,2
3,2,63,508,#MistressPage_Wiv,#MistressPage_Wiv #Robin_Wiv,13,2
3,2,64,509,#MasterFord_Wiv,#MasterFord_Wiv #MistressPage_Wiv #Robin_Wiv,7,1
3,2,64,510,#MistressPage_Wiv,#MasterFord_Wiv #MistressPage_Wiv #Robin_Wiv,10,2
3,2,64,511,#MasterFord_Wiv,#MasterFord_Wiv #MistressPage_Wiv #Robin_Wiv,24,3
3,2,64,512,#MistressPage_Wiv,#MasterFord_Wiv #MistressPage_Wiv #Robin_Wiv,7,1
3,2,64,513,#MasterFord_Wiv,#MasterFord_Wiv #MistressPage_Wiv #Robin_Wiv,6,1
3,2,64,514,#MistressPage_Wiv,#MasterFord_Wiv #MistressPage_Wiv #Robin_Wiv,22,3
3,2,64,515,#Robin_Wiv,#MasterFord_Wiv #MistressPage_Wiv #Robin_Wiv,3,1
3,2,64,516,#MasterFord_Wiv,#MasterFord_Wiv #MistressPage_Wiv #Robin_Wiv,3,1
3,2,64,517,#MistressPage_Wiv,#MasterFord_Wiv #MistressPage_Wiv #Robin_Wiv,25,3
3,2,64,518,#MasterFord_Wiv,#MasterFord_Wiv #MistressPage_Wiv #Robin_Wiv,3,1
3,2,64,519,#MistressPage_Wiv,#MasterFord_Wiv #MistressPage_Wiv #Robin_Wiv,11,2
3,2,65,520,#MasterFord_Wiv,#MasterFord_Wiv,175,20
3,2,66,521,#MasterPage_Wiv #Shallow_2H4,#DoctorCaius_Wiv #Host_Wiv #HughEvans_Wiv #MasterFord_Wiv #MasterPage_Wiv #Rugby_Wiv #Shallow_2H4 #Slender_Wiv,4,1
3,2,66,522,#MasterFord_Wiv,#DoctorCaius_Wiv #Host_Wiv #HughEvans_Wiv #MasterFord_Wiv #MasterPage_Wiv #Rugby_Wiv #Shallow_2H4 #Slender_Wiv,19,2
3,2,66,523,#Shallow_2H4,#DoctorCaius_Wiv #Host_Wiv #HughEvans_Wiv #MasterFord_Wiv #MasterPage_Wiv #Rugby_Wiv #Shallow_2H4 #Slender_Wiv,6,1
3,2,66,524,#Slender_Wiv,#DoctorCaius_Wiv #Host_Wiv #HughEvans_Wiv #MasterFord_Wiv #MasterPage_Wiv #Rugby_Wiv #Shallow_2H4 #Slender_Wiv,27,3
3,2,66,525,#Shallow_2H4,#DoctorCaius_Wiv #Host_Wiv #HughEvans_Wiv #MasterFord_Wiv #MasterPage_Wiv #Rugby_Wiv #Shallow_2H4 #Slender_Wiv,21,3
3,2,66,526,#Slender_Wiv,#DoctorCaius_Wiv #Host_Wiv #HughEvans_Wiv #MasterFord_Wiv #MasterPage_Wiv #Rugby_Wiv #Shallow_2H4 #Slender_Wiv,9,1
3,2,66,527,#MasterPage_Wiv,#DoctorCaius_Wiv #Host_Wiv #HughEvans_Wiv #MasterFord_Wiv #MasterPage_Wiv #Rugby_Wiv #Shallow_2H4 #Slender_Wiv,18,3
3,2,66,528,#DoctorCaius_Wiv,#DoctorCaius_Wiv #Host_Wiv #HughEvans_Wiv #MasterFord_Wiv #MasterPage_Wiv #Rugby_Wiv #Shallow_2H4 #Slender_Wiv,15,2
3,2,66,529,#Host_Wiv,#DoctorCaius_Wiv #Host_Wiv #HughEvans_Wiv #MasterFord_Wiv #MasterPage_Wiv #Rugby_Wiv #Shallow_2H4 #Slender_Wiv,43,5
3,2,66,530,#MasterPage_Wiv,#DoctorCaius_Wiv #Host_Wiv #HughEvans_Wiv #MasterFord_Wiv #MasterPage_Wiv #Rugby_Wiv #Shallow_2H4 #Slender_Wiv,73,8
3,2,66,531,#MasterFord_Wiv,#DoctorCaius_Wiv #Host_Wiv #HughEvans_Wiv #MasterFord_Wiv #MasterPage_Wiv #Rugby_Wiv #Shallow_2H4 #Slender_Wiv,40,5
3,2,66,532,#Shallow_2H4,#DoctorCaius_Wiv #Host_Wiv #HughEvans_Wiv #MasterFord_Wiv #MasterPage_Wiv #Rugby_Wiv #Shallow_2H4 #Slender_Wiv,13,2
3,2,67,533,#DoctorCaius_Wiv,#DoctorCaius_Wiv #Host_Wiv #HughEvans_Wiv #MasterFord_Wiv #MasterPage_Wiv #Rugby_Wiv,7,1
3,2,68,534,#Host_Wiv,#DoctorCaius_Wiv #Host_Wiv #HughEvans_Wiv #MasterFord_Wiv #MasterPage_Wiv,15,2
3,2,69,535,#MasterFord_Wiv,#DoctorCaius_Wiv #HughEvans_Wiv #MasterFord_Wiv #MasterPage_Wiv,18,3
3,2,69,536,#DoctorCaius_Wiv #HughEvans_Wiv #MasterPage_Wiv,#DoctorCaius_Wiv #HughEvans_Wiv #MasterFord_Wiv #MasterPage_Wiv,7,2
3,3,70,537,#MistressFord_Wiv,#MistressFord_Wiv #MistressPage_Wiv,4,1
3,3,70,538,#MistressPage_Wiv,#MistressFord_Wiv #MistressPage_Wiv,5,1
3,3,70,539,#MistressFord_Wiv,#MistressFord_Wiv #MistressPage_Wiv,6,1
3,3,71,540,#MistressPage_Wiv,#John_Wiv #MistressFord_Wiv #MistressPage_Wiv #Robert_Wiv,3,1
3,3,71,541,#MistressFord_Wiv,#John_Wiv #MistressFord_Wiv #MistressPage_Wiv #Robert_Wiv,4,1
3,3,71,542,#MistressPage_Wiv,#John_Wiv #MistressFord_Wiv #MistressPage_Wiv #Robert_Wiv,9,2
3,3,71,543,#MistressFord_Wiv,#John_Wiv #MistressFord_Wiv #MistressPage_Wiv #Robert_Wiv,67,8
3,3,71,544,#MistressPage_Wiv,#John_Wiv #MistressFord_Wiv #MistressPage_Wiv #Robert_Wiv,4,1
3,3,71,545,#MistressFord_Wiv,#John_Wiv #MistressFord_Wiv #MistressPage_Wiv #Robert_Wiv,19,3
3,3,72,546,#MistressPage_Wiv,#MistressFord_Wiv #MistressPage_Wiv,4,1
3,3,73,547,#MistressFord_Wiv,#MistressFord_Wiv #MistressPage_Wiv #Robin_Wiv,8,2
3,3,73,548,#Robin_Wiv,#MistressFord_Wiv #MistressPage_Wiv #Robin_Wiv,17,2
3,3,73,549,#MistressPage_Wiv,#MistressFord_Wiv #MistressPage_Wiv #Robin_Wiv,9,2
3,3,73,550,#Robin_Wiv,#MistressFord_Wiv #MistressPage_Wiv #Robin_Wiv,34,4
3,3,73,551,#MistressPage_Wiv,#MistressFord_Wiv #MistressPage_Wiv #Robin_Wiv,28,3
3,3,73,552,#MistressFord_Wiv,#MistressFord_Wiv #MistressPage_Wiv #Robin_Wiv,9,1
3,3,74,553,#MistressFord_Wiv,#MistressFord_Wiv #MistressPage_Wiv,6,2
3,3,74,554,#MistressPage_Wiv,#MistressFord_Wiv #MistressPage_Wiv,11,2
3,3,75,555,#MistressFord_Wiv,#MistressFord_Wiv,19,3
3,3,76,556,#Falstaff_1H4,#Falstaff_1H4 #MistressFord_Wiv,29,4
3,3,76,557,#MistressFord_Wiv,#Falstaff_1H4 #MistressFord_Wiv,4,1
3,3,76,558,#Falstaff_1H4,#Falstaff_1H4 #MistressFord_Wiv,36,4
3,3,76,559,#MistressFord_Wiv,#Falstaff_1H4 #MistressFord_Wiv,12,2
3,3,76,560,#Falstaff_1H4,#Falstaff_1H4 #MistressFord_Wiv,39,5
3,3,76,561,#MistressFord_Wiv,#Falstaff_1H4 #MistressFord_Wiv,14,2
3,3,76,562,#Falstaff_1H4,#Falstaff_1H4 #MistressFord_Wiv,52,6
3,3,76,563,#MistressFord_Wiv,#Falstaff_1H4 #MistressFord_Wiv,8,2
3,3,76,564,#Falstaff_1H4,#Falstaff_1H4 #MistressFord_Wiv,60,7
3,3,76,565,#MistressFord_Wiv,#Falstaff_1H4 #MistressFord_Wiv,11,2
3,3,76,566,#Falstaff_1H4,#Falstaff_1H4 #MistressFord_Wiv,25,3
3,3,76,567,#MistressFord_Wiv,#Falstaff_1H4 #MistressFord_Wiv,14,2
3,3,76,568,#Falstaff_1H4,#Falstaff_1H4 #MistressFord_Wiv,7,1
3,3,76,569,#MistressFord_Wiv,#Falstaff_1H4 #MistressFord_Wiv,17,2
3,3,77,570,#Robin_Wiv,#Falstaff_1H4 #MistressFord_Wiv #Robin_Wiv,23,4
3,3,77,571,#Falstaff_1H4,#Falstaff_1H4 #MistressFord_Wiv #Robin_Wiv,12,2
3,3,77,572,#MistressFord_Wiv,#Falstaff_1H4 #MistressFord_Wiv #Robin_Wiv,9,2
3,3,78,573,#MistressFord_Wiv,#Falstaff_1H4 #MistressFord_Wiv #MistressPage_Wiv #Robin_Wiv,5,1
3,3,78,574,#MistressPage_Wiv,#Falstaff_1H4 #MistressFord_Wiv #MistressPage_Wiv #Robin_Wiv,14,3
3,3,78,575,#MistressFord_Wiv,#Falstaff_1H4 #MistressFord_Wiv #MistressPage_Wiv #Robin_Wiv,6,1
3,3,78,576,#MistressPage_Wiv,#Falstaff_1H4 #MistressFord_Wiv #MistressPage_Wiv #Robin_Wiv,18,3
3,3,78,577,#MistressFord_Wiv,#Falstaff_1H4 #MistressFord_Wiv #MistressPage_Wiv #Robin_Wiv,4,1
3,3,78,578,#MistressPage_Wiv,#Falstaff_1H4 #MistressFord_Wiv #MistressPage_Wiv #Robin_Wiv,13,2
3,3,78,579,#MistressFord_Wiv,#Falstaff_1H4 #MistressFord_Wiv #MistressPage_Wiv #Robin_Wiv,5,1
3,3,78,580,#MistressPage_Wiv,#Falstaff_1H4 #MistressFord_Wiv #MistressPage_Wiv #Robin_Wiv,39,5
3,3,78,581,#MistressFord_Wiv,#Falstaff_1H4 #MistressFord_Wiv #MistressPage_Wiv #Robin_Wiv,5,1
3,3,78,582,#MistressPage_Wiv,#Falstaff_1H4 #MistressFord_Wiv #MistressPage_Wiv #Robin_Wiv,80,9
3,3,78,583,#MistressFord_Wiv,#Falstaff_1H4 #MistressFord_Wiv #MistressPage_Wiv #Robin_Wiv,36,4
3,3,78,584,#MistressPage_Wiv,#Falstaff_1H4 #MistressFord_Wiv #MistressPage_Wiv #Robin_Wiv,78,9
3,3,78,585,#MistressFord_Wiv,#Falstaff_1H4 #MistressFord_Wiv #MistressPage_Wiv #Robin_Wiv,11,2
3,3,78,586,#Falstaff_1H4,#Falstaff_1H4 #MistressFord_Wiv #MistressPage_Wiv #Robin_Wiv,23,2
3,3,78,587,#MistressPage_Wiv,#Falstaff_1H4 #MistressFord_Wiv #MistressPage_Wiv #Robin_Wiv,9,2
3,3,78,588,#Falstaff_1H4,#Falstaff_1H4 #MistressFord_Wiv #MistressPage_Wiv #Robin_Wiv,13,2
3,3,78,589,#MistressPage_Wiv,#Falstaff_1H4 #MistressFord_Wiv #MistressPage_Wiv #Robin_Wiv,14,3
3,3,79,590,#MistressFord_Wiv,#Falstaff_1H4 #MistressFord_Wiv #MistressPage_Wiv,4,1
3,3,80,591,#MistressFord_Wiv,#Falstaff_1H4 #John_Wiv #MistressFord_Wiv #MistressPage_Wiv #Robert_Wiv,24,3
3,3,81,592,#MasterFord_Wiv,#DoctorCaius_Wiv #Falstaff_1H4 #HughEvans_Wiv #John_Wiv #MasterFord_Wiv #MasterPage_Wiv #MistressFord_Wiv #MistressPage_Wiv #Robert_Wiv,30,4
3,3,81,593,#John_Wiv #Robert_Wiv,#DoctorCaius_Wiv #Falstaff_1H4 #HughEvans_Wiv #John_Wiv #MasterFord_Wiv #MasterPage_Wiv #MistressFord_Wiv #MistressPage_Wiv #Robert_Wiv,4,1
3,3,81,594,#MistressFord_Wiv,#DoctorCaius_Wiv #Falstaff_1H4 #HughEvans_Wiv #John_Wiv #MasterFord_Wiv #MasterPage_Wiv #MistressFord_Wiv #MistressPage_Wiv #Robert_Wiv,16,2
3,3,81,595,#MasterFord_Wiv,#DoctorCaius_Wiv #Falstaff_1H4 #HughEvans_Wiv #John_Wiv #MasterFord_Wiv #MasterPage_Wiv #MistressFord_Wiv #MistressPage_Wiv #Robert_Wiv,27,3
3,3,82,596,#MasterFord_Wiv,#DoctorCaius_Wiv #HughEvans_Wiv #MasterFord_Wiv #MasterPage_Wiv #MistressFord_Wiv #MistressPage_Wiv,38,5
3,3,82,597,#MasterPage_Wiv,#DoctorCaius_Wiv #HughEvans_Wiv #MasterFord_Wiv #MasterPage_Wiv #MistressFord_Wiv #MistressPage_Wiv,10,2
3,3,82,598,#MasterFord_Wiv,#DoctorCaius_Wiv #HughEvans_Wiv #MasterFord_Wiv #MasterPage_Wiv #MistressFord_Wiv #MistressPage_Wiv,13,2
3,3,83,599,#HughEvans_Wiv,#DoctorCaius_Wiv #HughEvans_Wiv #MasterPage_Wiv #MistressFord_Wiv #MistressPage_Wiv,7,2
3,3,83,600,#DoctorCaius_Wiv,#DoctorCaius_Wiv #HughEvans_Wiv #MasterPage_Wiv #MistressFord_Wiv #MistressPage_Wiv,14,2
3,3,83,601,#MasterPage_Wiv,#DoctorCaius_Wiv #HughEvans_Wiv #MasterPage_Wiv #MistressFord_Wiv #MistressPage_Wiv,10,2
3,3,84,602,#MistressPage_Wiv,#MistressFord_Wiv #MistressPage_Wiv,8,1
3,3,84,603,#MistressFord_Wiv,#MistressFord_Wiv #MistressPage_Wiv,15,2
3,3,84,604,#MistressPage_Wiv,#MistressFord_Wiv #MistressPage_Wiv,15,2
3,3,84,605,#MistressFord_Wiv,#MistressFord_Wiv #MistressPage_Wiv,21,3
3,3,84,606,#MistressPage_Wiv,#MistressFord_Wiv #MistressPage_Wiv,16,2
3,3,84,607,#MistressFord_Wiv,#MistressFord_Wiv #MistressPage_Wiv,24,3
3,3,84,608,#MistressPage_Wiv,#MistressFord_Wiv #MistressPage_Wiv,25,3
3,3,84,609,#MistressFord_Wiv,#MistressFord_Wiv #MistressPage_Wiv,28,4
3,3,84,610,#MistressPage_Wiv,#MistressFord_Wiv #MistressPage_Wiv,15,2
3,3,85,611,#MasterFord_Wiv,#DoctorCaius_Wiv #HughEvans_Wiv #MasterFord_Wiv #MasterPage_Wiv #MistressFord_Wiv #MistressPage_Wiv,14,2
3,3,85,612,#MistressPage_Wiv,#DoctorCaius_Wiv #HughEvans_Wiv #MasterFord_Wiv #MasterPage_Wiv #MistressFord_Wiv #MistressPage_Wiv,3,2
3,3,85,613,#MistressFord_Wiv,#DoctorCaius_Wiv #HughEvans_Wiv #MasterFord_Wiv #MasterPage_Wiv #MistressFord_Wiv #MistressPage_Wiv,8,1
3,3,85,614,#MasterFord_Wiv,#DoctorCaius_Wiv #HughEvans_Wiv #MasterFord_Wiv #MasterPage_Wiv #MistressFord_Wiv #MistressPage_Wiv,4,1
3,3,85,615,#MistressFord_Wiv,#DoctorCaius_Wiv #HughEvans_Wiv #MasterFord_Wiv #MasterPage_Wiv #MistressFord_Wiv #MistressPage_Wiv,7,2
3,3,85,616,#MasterFord_Wiv,#DoctorCaius_Wiv #HughEvans_Wiv #MasterFord_Wiv #MasterPage_Wiv #MistressFord_Wiv #MistressPage_Wiv,1,1
3,3,85,617,#MistressPage_Wiv,#DoctorCaius_Wiv #HughEvans_Wiv #MasterFord_Wiv #MasterPage_Wiv #MistressFord_Wiv #MistressPage_Wiv,7,2
3,3,85,618,#MasterFord_Wiv,#DoctorCaius_Wiv #HughEvans_Wiv #MasterFord_Wiv #MasterPage_Wiv #MistressFord_Wiv #MistressPage_Wiv,6,1
3,3,85,619,#HughEvans_Wiv,#DoctorCaius_Wiv #HughEvans_Wiv #MasterFord_Wiv #MasterPage_Wiv #MistressFord_Wiv #MistressPage_Wiv,28,3
3,3,85,620,#DoctorCaius_Wiv,#DoctorCaius_Wiv #HughEvans_Wiv #MasterFord_Wiv #MasterPage_Wiv #MistressFord_Wiv #MistressPage_Wiv,8,1
3,3,85,621,#MasterPage_Wiv,#DoctorCaius_Wiv #HughEvans_Wiv #MasterFord_Wiv #MasterPage_Wiv #MistressFord_Wiv #MistressPage_Wiv,30,4
3,3,85,622,#MasterFord_Wiv,#DoctorCaius_Wiv #HughEvans_Wiv #MasterFord_Wiv #MasterPage_Wiv #MistressFord_Wiv #MistressPage_Wiv,9,1
3,3,85,623,#HughEvans_Wiv,#DoctorCaius_Wiv #HughEvans_Wiv #MasterFord_Wiv #MasterPage_Wiv #MistressFord_Wiv #MistressPage_Wiv,24,3
3,3,85,624,#DoctorCaius_Wiv,#DoctorCaius_Wiv #HughEvans_Wiv #MasterFord_Wiv #MasterPage_Wiv #MistressFord_Wiv #MistressPage_Wiv,8,1
3,3,85,625,#MasterFord_Wiv,#DoctorCaius_Wiv #HughEvans_Wiv #MasterFord_Wiv #MasterPage_Wiv #MistressFord_Wiv #MistressPage_Wiv,43,5
3,3,86,626,#MasterPage_Wiv,#DoctorCaius_Wiv #HughEvans_Wiv #MasterFord_Wiv #MasterPage_Wiv,37,6
3,3,86,627,#MasterFord_Wiv,#DoctorCaius_Wiv #HughEvans_Wiv #MasterFord_Wiv #MasterPage_Wiv,1,1
3,3,86,628,#HughEvans_Wiv,#DoctorCaius_Wiv #HughEvans_Wiv #MasterFord_Wiv #MasterPage_Wiv,11,2
3,3,86,629,#DoctorCaius_Wiv,#DoctorCaius_Wiv #HughEvans_Wiv #MasterFord_Wiv #MasterPage_Wiv,11,2
3,3,86,630,#MasterFord_Wiv,#DoctorCaius_Wiv #HughEvans_Wiv #MasterFord_Wiv #MasterPage_Wiv,5,1
3,3,87,631,#HughEvans_Wiv,#DoctorCaius_Wiv #HughEvans_Wiv,12,2
3,3,87,632,#DoctorCaius_Wiv,#DoctorCaius_Wiv #HughEvans_Wiv,9,1
3,3,87,633,#HughEvans_Wiv,#DoctorCaius_Wiv #HughEvans_Wiv,10,2
3,4,88,634,#Fenton_Wiv,#AnnePage_Wiv #Fenton_Wiv,17,2
3,4,88,635,#AnnePage_Wiv,#AnnePage_Wiv #Fenton_Wiv,3,1
3,4,88,636,#Fenton_Wiv,#AnnePage_Wiv #Fenton_Wiv,61,8
3,4,88,637,#AnnePage_Wiv,#AnnePage_Wiv #Fenton_Wiv,5,1
3,4,88,638,#Fenton_Wiv,#AnnePage_Wiv #Fenton_Wiv,56,7
3,4,88,639,#AnnePage_Wiv,#AnnePage_Wiv #Fenton_Wiv,25,4
3,4,89,640,#Shallow_2H4,#AnnePage_Wiv #Fenton_Wiv #MistressQuickly_1H4 #Shallow_2H4 #Slender_Wiv,11,2
3,4,89,641,#Slender_Wiv,#AnnePage_Wiv #Fenton_Wiv #MistressQuickly_1H4 #Shallow_2H4 #Slender_Wiv,13,2
3,4,89,642,#Shallow_2H4,#AnnePage_Wiv #Fenton_Wiv #MistressQuickly_1H4 #Shallow_2H4 #Slender_Wiv,3,1
3,4,89,643,#Slender_Wiv,#AnnePage_Wiv #Fenton_Wiv #MistressQuickly_1H4 #Shallow_2H4 #Slender_Wiv,16,2
3,4,89,644,#MistressQuickly_1H4,#AnnePage_Wiv #Fenton_Wiv #MistressQuickly_1H4 #Shallow_2H4 #Slender_Wiv,10,2
3,4,89,645,#AnnePage_Wiv,#AnnePage_Wiv #Fenton_Wiv #MistressQuickly_1H4 #Shallow_2H4 #Slender_Wiv,25,3
3,4,89,646,#MistressQuickly_1H4,#AnnePage_Wiv #Fenton_Wiv #MistressQuickly_1H4 #Shallow_2H4 #Slender_Wiv,12,2
3,4,89,647,#Shallow_2H4,#AnnePage_Wiv #Fenton_Wiv #MistressQuickly_1H4 #Shallow_2H4 #Slender_Wiv,11,2
3,4,89,648,#Slender_Wiv,#AnnePage_Wiv #Fenton_Wiv #MistressQuickly_1H4 #Shallow_2H4 #Slender_Wiv,35,4
3,4,89,649,#Shallow_2H4,#AnnePage_Wiv #Fenton_Wiv #MistressQuickly_1H4 #Shallow_2H4 #Slender_Wiv,6,1
3,4,89,650,#Slender_Wiv,#AnnePage_Wiv #Fenton_Wiv #MistressQuickly_1H4 #Shallow_2H4 #Slender_Wiv,13,2
3,4,89,651,#Shallow_2H4,#AnnePage_Wiv #Fenton_Wiv #MistressQuickly_1H4 #Shallow_2H4 #Slender_Wiv,7,1
3,4,89,652,#Slender_Wiv,#AnnePage_Wiv #Fenton_Wiv #MistressQuickly_1H4 #Shallow_2H4 #Slender_Wiv,14,2
3,4,89,653,#Shallow_2H4,#AnnePage_Wiv #Fenton_Wiv #MistressQuickly_1H4 #Shallow_2H4 #Slender_Wiv,10,2
3,4,89,654,#AnnePage_Wiv,#AnnePage_Wiv #Fenton_Wiv #MistressQuickly_1H4 #Shallow_2H4 #Slender_Wiv,8,1
3,4,89,655,#Shallow_2H4,#AnnePage_Wiv #Fenton_Wiv #MistressQuickly_1H4 #Shallow_2H4 #Slender_Wiv,20,2
3,4,89,656,#AnnePage_Wiv,#AnnePage_Wiv #Fenton_Wiv #MistressQuickly_1H4 #Shallow_2H4 #Slender_Wiv,3,1
3,4,89,657,#Slender_Wiv,#AnnePage_Wiv #Fenton_Wiv #MistressQuickly_1H4 #Shallow_2H4 #Slender_Wiv,4,1
3,4,89,658,#AnnePage_Wiv,#AnnePage_Wiv #Fenton_Wiv #MistressQuickly_1H4 #Shallow_2H4 #Slender_Wiv,4,1
3,4,89,659,#Slender_Wiv,#AnnePage_Wiv #Fenton_Wiv #MistressQuickly_1H4 #Shallow_2H4 #Slender_Wiv,29,3
3,4,89,660,#AnnePage_Wiv,#AnnePage_Wiv #Fenton_Wiv #MistressQuickly_1H4 #Shallow_2H4 #Slender_Wiv,9,2
3,4,89,661,#Slender_Wiv,#AnnePage_Wiv #Fenton_Wiv #MistressQuickly_1H4 #Shallow_2H4 #Slender_Wiv,49,5
3,4,90,662,#Slender_Wiv,#AnnePage_Wiv #Fenton_Wiv #MasterPage_Wiv #MistressPage_Wiv #MistressQuickly_1H4 #Shallow_2H4 #Slender_Wiv,3,1
3,4,90,663,#MasterPage_Wiv,#AnnePage_Wiv #Fenton_Wiv #MasterPage_Wiv #MistressPage_Wiv #MistressQuickly_1H4 #Shallow_2H4 #Slender_Wiv,34,4
3,4,90,664,#Fenton_Wiv,#AnnePage_Wiv #Fenton_Wiv #MasterPage_Wiv #MistressPage_Wiv #MistressQuickly_1H4 #Shallow_2H4 #Slender_Wiv,6,1
3,4,90,665,#MistressPage_Wiv,#AnnePage_Wiv #Fenton_Wiv #MasterPage_Wiv #MistressPage_Wiv #MistressQuickly_1H4 #Shallow_2H4 #Slender_Wiv,8,1
3,4,90,666,#MasterPage_Wiv,#AnnePage_Wiv #Fenton_Wiv #MasterPage_Wiv #MistressPage_Wiv #MistressQuickly_1H4 #Shallow_2H4 #Slender_Wiv,6,1
3,4,90,667,#Fenton_Wiv,#AnnePage_Wiv #Fenton_Wiv #MasterPage_Wiv #MistressPage_Wiv #MistressQuickly_1H4 #Shallow_2H4 #Slender_Wiv,5,1
3,4,90,668,#MasterPage_Wiv,#AnnePage_Wiv #Fenton_Wiv #MasterPage_Wiv #MistressPage_Wiv #MistressQuickly_1H4 #Shallow_2H4 #Slender_Wiv,19,3
3,4,91,669,#MistressQuickly_1H4,#AnnePage_Wiv #Fenton_Wiv #MistressPage_Wiv #MistressQuickly_1H4,4,1
3,4,91,670,#Fenton_Wiv,#AnnePage_Wiv #Fenton_Wiv #MistressPage_Wiv #MistressQuickly_1H4,41,5
3,4,91,671,#AnnePage_Wiv,#AnnePage_Wiv #Fenton_Wiv #MistressPage_Wiv #MistressQuickly_1H4,9,1
3,4,91,672,#MistressPage_Wiv,#AnnePage_Wiv #Fenton_Wiv #MistressPage_Wiv #MistressQuickly_1H4,10,1
3,4,91,673,#MistressQuickly_1H4,#AnnePage_Wiv #Fenton_Wiv #MistressPage_Wiv #MistressQuickly_1H4,5,1
3,4,91,674,#AnnePage_Wiv,#AnnePage_Wiv #Fenton_Wiv #MistressPage_Wiv #MistressQuickly_1H4,16,2
3,4,91,675,#MistressPage_Wiv,#AnnePage_Wiv #Fenton_Wiv #MistressPage_Wiv #MistressQuickly_1H4,47,6
3,4,91,676,#Fenton_Wiv,#AnnePage_Wiv #Fenton_Wiv #MistressPage_Wiv #MistressQuickly_1H4,5,1
3,4,92,677,#MistressQuickly_1H4,#Fenton_Wiv #MistressQuickly_1H4,28,4
3,4,92,678,#Fenton_Wiv,#Fenton_Wiv #MistressQuickly_1H4,19,2
3,4,92,679,#MistressQuickly_1H4,#Fenton_Wiv #MistressQuickly_1H4,6,1
3,4,93,680,#MistressQuickly_1H4,#MistressQuickly_1H4,93,9
3,5,94,681,#Falstaff_1H4,#Falstaff_1H4,3,1
3,5,95,682,#Bardolph_1H4,#Bardolph_1H4 #Falstaff_1H4,2,1
3,5,95,683,#Falstaff_1H4,#Bardolph_1H4 #Falstaff_1H4,12,1
3,5,96,684,#Falstaff_1H4,#Falstaff_1H4,148,15
3,5,97,685,#Bardolph_1H4,#Bardolph_1H4 #Falstaff_1H4,8,2
3,5,97,686,#Falstaff_1H4,#Bardolph_1H4 #Falstaff_1H4,31,4
3,5,97,687,#Bardolph_1H4,#Bardolph_1H4 #Falstaff_1H4,3,1
3,5,98,688,#MistressQuickly_1H4,#Bardolph_1H4 #Falstaff_1H4 #MistressQuickly_1H4,12,2
3,5,98,689,#Falstaff_1H4,#Bardolph_1H4 #Falstaff_1H4 #MistressQuickly_1H4,12,2
3,5,98,690,#Bardolph_1H4,#Bardolph_1H4 #Falstaff_1H4 #MistressQuickly_1H4,3,1
3,5,98,691,#Falstaff_1H4,#Bardolph_1H4 #Falstaff_1H4 #MistressQuickly_1H4,10,2
3,5,99,692,#Falstaff_1H4,#Falstaff_1H4 #MistressQuickly_1H4,2,1
3,5,99,693,#MistressQuickly_1H4,#Falstaff_1H4 #MistressQuickly_1H4,10,2
3,5,99,694,#Falstaff_1H4,#Falstaff_1H4 #MistressQuickly_1H4,20,3
3,5,99,695,#MistressQuickly_1H4,#Falstaff_1H4 #MistressQuickly_1H4,22,3
3,5,99,696,#Falstaff_1H4,#Falstaff_1H4 #MistressQuickly_1H4,11,2
3,5,99,697,#MistressQuickly_1H4,#Falstaff_1H4 #MistressQuickly_1H4,47,6
3,5,99,698,#Falstaff_1H4,#Falstaff_1H4 #MistressQuickly_1H4,27,3
3,5,99,699,#MistressQuickly_1H4,#Falstaff_1H4 #MistressQuickly_1H4,4,1
3,5,99,700,#Falstaff_1H4,#Falstaff_1H4 #MistressQuickly_1H4,8,1
3,5,99,701,#MistressQuickly_1H4,#Falstaff_1H4 #MistressQuickly_1H4,4,1
3,5,99,702,#Falstaff_1H4,#Falstaff_1H4 #MistressQuickly_1H4,8,1
3,5,99,703,#MistressQuickly_1H4,#Falstaff_1H4 #MistressQuickly_1H4,5,1
3,5,100,704,#Falstaff_1H4,#Falstaff_1H4,20,2
3,5,101,705,#Falstaff_1H4,#Falstaff_1H4 #MasterFord_Wiv,4,1
3,5,101,706,#MasterFord_Wiv,#Falstaff_1H4 #MasterFord_Wiv,4,1
3,5,101,707,#Falstaff_1H4,#Falstaff_1H4 #MasterFord_Wiv,15,2
3,5,101,708,#MasterFord_Wiv,#Falstaff_1H4 #MasterFord_Wiv,7,2
3,5,101,709,#Falstaff_1H4,#Falstaff_1H4 #MasterFord_Wiv,18,2
3,5,101,710,#MasterFord_Wiv,#Falstaff_1H4 #MasterFord_Wiv,4,1
3,5,101,711,#Falstaff_1H4,#Falstaff_1H4 #MasterFord_Wiv,4,1
3,5,101,712,#MasterFord_Wiv,#Falstaff_1H4 #MasterFord_Wiv,8,2
3,5,101,713,#Falstaff_1H4,#Falstaff_1H4 #MasterFord_Wiv,68,9
3,5,101,714,#MasterFord_Wiv,#Falstaff_1H4 #MasterFord_Wiv,5,1
3,5,101,715,#Falstaff_1H4,#Falstaff_1H4 #MasterFord_Wiv,4,1
3,5,101,716,#MasterFord_Wiv,#Falstaff_1H4 #MasterFord_Wiv,11,2
3,5,101,717,#Falstaff_1H4,#Falstaff_1H4 #MasterFord_Wiv,33,5
3,5,101,718,#MasterFord_Wiv,#Falstaff_1H4 #MasterFord_Wiv,2,1
3,5,101,719,#Falstaff_1H4,#Falstaff_1H4 #MasterFord_Wiv,33,5
3,5,101,720,#MasterFord_Wiv,#Falstaff_1H4 #MasterFord_Wiv,6,1
3,5,101,721,#Falstaff_1H4,#Falstaff_1H4 #MasterFord_Wiv,257,28
3,5,101,722,#MasterFord_Wiv,#Falstaff_1H4 #MasterFord_Wiv,26,3
3,5,101,723,#Falstaff_1H4,#Falstaff_1H4 #MasterFord_Wiv,45,6
3,5,101,724,#MasterFord_Wiv,#Falstaff_1H4 #MasterFord_Wiv,5,1
3,5,101,725,#Falstaff_1H4,#Falstaff_1H4 #MasterFord_Wiv,47,6
3,5,102,726,#MasterFord_Wiv,#MasterFord_Wiv,130,14
4,1,103,727,#MistressPage_Wiv,#MistressPage_Wiv #MistressQuickly_1H4 #WilliamPage_Wiv,8,2
4,1,103,728,#MistressQuickly_1H4,#MistressPage_Wiv #MistressQuickly_1H4 #WilliamPage_Wiv,29,4
4,1,103,729,#MistressPage_Wiv,#MistressPage_Wiv #MistressQuickly_1H4 #WilliamPage_Wiv,16,2
4,1,104,730,#MistressPage_Wiv,#HughEvans_Wiv #MistressPage_Wiv #MistressQuickly_1H4 #WilliamPage_Wiv,18,2
4,1,104,731,#HughEvans_Wiv,#HughEvans_Wiv #MistressPage_Wiv #MistressQuickly_1H4 #WilliamPage_Wiv,10,2
4,1,104,732,#MistressQuickly_1H4,#HughEvans_Wiv #MistressPage_Wiv #MistressQuickly_1H4 #WilliamPage_Wiv,4,1
4,1,104,733,#MistressPage_Wiv,#HughEvans_Wiv #MistressPage_Wiv #MistressQuickly_1H4 #WilliamPage_Wiv,25,3
4,1,104,734,#HughEvans_Wiv,#HughEvans_Wiv #MistressPage_Wiv #MistressQuickly_1H4 #WilliamPage_Wiv,8,2
4,1,104,735,#MistressPage_Wiv,#HughEvans_Wiv #MistressPage_Wiv #MistressQuickly_1H4 #WilliamPage_Wiv,13,2
4,1,104,736,#HughEvans_Wiv,#HughEvans_Wiv #MistressPage_Wiv #MistressQuickly_1H4 #WilliamPage_Wiv,7,1
4,1,104,737,#WilliamPage_Wiv,#HughEvans_Wiv #MistressPage_Wiv #MistressQuickly_1H4 #WilliamPage_Wiv,1,1
4,1,104,738,#MistressQuickly_1H4,#HughEvans_Wiv #MistressPage_Wiv #MistressQuickly_1H4 #WilliamPage_Wiv,14,2
4,1,104,739,#HughEvans_Wiv,#HughEvans_Wiv #MistressPage_Wiv #MistressQuickly_1H4 #WilliamPage_Wiv,7,2
4,1,104,740,#WilliamPage_Wiv,#HughEvans_Wiv #MistressPage_Wiv #MistressQuickly_1H4 #WilliamPage_Wiv,1,1
4,1,104,741,#MistressQuickly_1H4,#HughEvans_Wiv #MistressPage_Wiv #MistressQuickly_1H4 #WilliamPage_Wiv,8,2
4,1,104,742,#HughEvans_Wiv,#HughEvans_Wiv #MistressPage_Wiv #MistressQuickly_1H4 #WilliamPage_Wiv,14,2
4,1,104,743,#WilliamPage_Wiv,#HughEvans_Wiv #MistressPage_Wiv #MistressQuickly_1H4 #WilliamPage_Wiv,2,1
4,1,104,744,#HughEvans_Wiv,#HughEvans_Wiv #MistressPage_Wiv #MistressQuickly_1H4 #WilliamPage_Wiv,6,1
4,1,104,745,#WilliamPage_Wiv,#HughEvans_Wiv #MistressPage_Wiv #MistressQuickly_1H4 #WilliamPage_Wiv,2,1
4,1,104,746,#HughEvans_Wiv,#HughEvans_Wiv #MistressPage_Wiv #MistressQuickly_1H4 #WilliamPage_Wiv,11,2
4,1,104,747,#WilliamPage_Wiv,#HughEvans_Wiv #MistressPage_Wiv #MistressQuickly_1H4 #WilliamPage_Wiv,1,1
4,1,104,748,#HughEvans_Wiv,#HughEvans_Wiv #MistressPage_Wiv #MistressQuickly_1H4 #WilliamPage_Wiv,13,2
4,1,104,749,#WilliamPage_Wiv,#HughEvans_Wiv #MistressPage_Wiv #MistressQuickly_1H4 #WilliamPage_Wiv,15,3
4,1,104,750,#HughEvans_Wiv,#HughEvans_Wiv #MistressPage_Wiv #MistressQuickly_1H4 #WilliamPage_Wiv,15,2
4,1,104,751,#WilliamPage_Wiv,#HughEvans_Wiv #MistressPage_Wiv #MistressQuickly_1H4 #WilliamPage_Wiv,2,1
4,1,104,752,#HughEvans_Wiv,#HughEvans_Wiv #MistressPage_Wiv #MistressQuickly_1H4 #WilliamPage_Wiv,11,2
4,1,104,753,#MistressQuickly_1H4,#HughEvans_Wiv #MistressPage_Wiv #MistressQuickly_1H4 #WilliamPage_Wiv,8,2
4,1,104,754,#HughEvans_Wiv,#HughEvans_Wiv #MistressPage_Wiv #MistressQuickly_1H4 #WilliamPage_Wiv,10,2
4,1,104,755,#WilliamPage_Wiv,#HughEvans_Wiv #MistressPage_Wiv #MistressQuickly_1H4 #WilliamPage_Wiv,3,1
4,1,104,756,#HughEvans_Wiv,#HughEvans_Wiv #MistressPage_Wiv #MistressQuickly_1H4 #WilliamPage_Wiv,5,1
4,1,104,757,#MistressQuickly_1H4,#HughEvans_Wiv #MistressPage_Wiv #MistressQuickly_1H4 #WilliamPage_Wiv,5,1
4,1,104,758,#HughEvans_Wiv,#HughEvans_Wiv #MistressPage_Wiv #MistressQuickly_1H4 #WilliamPage_Wiv,2,1
4,1,104,759,#MistressPage_Wiv,#HughEvans_Wiv #MistressPage_Wiv #MistressQuickly_1H4 #WilliamPage_Wiv,1,1
4,1,104,760,#HughEvans_Wiv,#HughEvans_Wiv #MistressPage_Wiv #MistressQuickly_1H4 #WilliamPage_Wiv,7,1
4,1,104,761,#WilliamPage_Wiv,#HughEvans_Wiv #MistressPage_Wiv #MistressQuickly_1H4 #WilliamPage_Wiv,2,1
4,1,104,762,#HughEvans_Wiv,#HughEvans_Wiv #MistressPage_Wiv #MistressQuickly_1H4 #WilliamPage_Wiv,1,1
4,1,104,763,#WilliamPage_Wiv,#HughEvans_Wiv #MistressPage_Wiv #MistressQuickly_1H4 #WilliamPage_Wiv,4,1
4,1,104,764,#MistressQuickly_1H4,#HughEvans_Wiv #MistressPage_Wiv #MistressQuickly_1H4 #WilliamPage_Wiv,16,2
4,1,104,765,#HughEvans_Wiv,#HughEvans_Wiv #MistressPage_Wiv #MistressQuickly_1H4 #WilliamPage_Wiv,3,1
4,1,104,766,#MistressQuickly_1H4,#HughEvans_Wiv #MistressPage_Wiv #MistressQuickly_1H4 #WilliamPage_Wiv,31,4
4,1,104,767,#HughEvans_Wiv,#HughEvans_Wiv #MistressPage_Wiv #MistressQuickly_1H4 #WilliamPage_Wiv,27,4
4,1,104,768,#MistressPage_Wiv,#HughEvans_Wiv #MistressPage_Wiv #MistressQuickly_1H4 #WilliamPage_Wiv,4,2
4,1,104,769,#HughEvans_Wiv,#HughEvans_Wiv #MistressPage_Wiv #MistressQuickly_1H4 #WilliamPage_Wiv,9,2
4,1,104,770,#WilliamPage_Wiv,#HughEvans_Wiv #MistressPage_Wiv #MistressQuickly_1H4 #WilliamPage_Wiv,4,1
4,1,104,771,#HughEvans_Wiv,#HughEvans_Wiv #MistressPage_Wiv #MistressQuickly_1H4 #WilliamPage_Wiv,25,3
4,1,104,772,#MistressPage_Wiv,#HughEvans_Wiv #MistressPage_Wiv #MistressQuickly_1H4 #WilliamPage_Wiv,10,2
4,1,104,773,#HughEvans_Wiv,#HughEvans_Wiv #MistressPage_Wiv #MistressQuickly_1H4 #WilliamPage_Wiv,9,2
4,1,104,774,#MistressPage_Wiv,#HughEvans_Wiv #MistressPage_Wiv #MistressQuickly_1H4 #WilliamPage_Wiv,13,3
4,2,105,775,#Falstaff_1H4,#Falstaff_1H4 #MistressFord_Wiv,53,6
4,2,105,776,#MistressFord_Wiv,#Falstaff_1H4 #MistressFord_Wiv,5,1
4,2,106,777,#MistressPage_Wiv,#Falstaff_1H4 #MistressFord_Wiv #MistressPage_Wiv,6,2
4,2,106,778,#MistressFord_Wiv,#Falstaff_1H4 #MistressFord_Wiv #MistressPage_Wiv,6,1
4,2,107,779,#MistressPage_Wiv,#MistressFord_Wiv #MistressPage_Wiv,8,2
4,2,107,780,#MistressFord_Wiv,#MistressFord_Wiv #MistressPage_Wiv,6,1
4,2,107,781,#MistressPage_Wiv,#MistressFord_Wiv #MistressPage_Wiv,1,1
4,2,107,782,#MistressFord_Wiv,#MistressFord_Wiv #MistressPage_Wiv,4,2
4,2,107,783,#MistressPage_Wiv,#MistressFord_Wiv #MistressPage_Wiv,9,2
4,2,107,784,#MistressFord_Wiv,#MistressFord_Wiv #MistressPage_Wiv,1,1
4,2,107,785,#MistressPage_Wiv,#MistressFord_Wiv #MistressPage_Wiv,75,9
4,2,107,786,#MistressFord_Wiv,#MistressFord_Wiv #MistressPage_Wiv,6,1
4,2,107,787,#MistressPage_Wiv,#MistressFord_Wiv #MistressPage_Wiv,64,7
4,2,107,788,#MistressFord_Wiv,#MistressFord_Wiv #MistressPage_Wiv,6,1
4,2,107,789,#MistressPage_Wiv,#MistressFord_Wiv #MistressPage_Wiv,10,2
4,2,107,790,#MistressFord_Wiv,#MistressFord_Wiv #MistressPage_Wiv,7,1
4,2,107,791,#MistressPage_Wiv,#MistressFord_Wiv #MistressPage_Wiv,27,4
4,2,107,792,#MistressFord_Wiv,#MistressFord_Wiv #MistressPage_Wiv,18,3
4,2,108,793,#Falstaff_1H4,#Falstaff_1H4 #MistressFord_Wiv #MistressPage_Wiv,16,2
4,2,108,794,#MistressPage_Wiv,#Falstaff_1H4 #MistressFord_Wiv #MistressPage_Wiv,29,4
4,2,108,795,#Falstaff_1H4,#Falstaff_1H4 #MistressFord_Wiv #MistressPage_Wiv,10,2
4,2,108,796,#MistressFord_Wiv,#Falstaff_1H4 #MistressFord_Wiv #MistressPage_Wiv,9,2
4,2,108,797,#MistressPage_Wiv,#Falstaff_1H4 #MistressFord_Wiv #MistressPage_Wiv,4,1
4,2,108,798,#Falstaff_1H4,#Falstaff_1H4 #MistressFord_Wiv #MistressPage_Wiv,3,1
4,2,108,799,#MistressFord_Wiv,#Falstaff_1H4 #MistressFord_Wiv #MistressPage_Wiv,40,5
4,2,108,800,#Falstaff_1H4,#Falstaff_1H4 #MistressFord_Wiv #MistressPage_Wiv,4,1
4,2,108,801,#MistressPage_Wiv,#Falstaff_1H4 #MistressFord_Wiv #MistressPage_Wiv,17,2
4,2,108,802,#MistressFord_Wiv,#Falstaff_1H4 #MistressFord_Wiv #MistressPage_Wiv,5,1
4,2,108,803,#MistressPage_Wiv,#Falstaff_1H4 #MistressFord_Wiv #MistressPage_Wiv,30,4
4,2,108,804,#Falstaff_1H4,#Falstaff_1H4 #MistressFord_Wiv #MistressPage_Wiv,10,2
4,2,108,805,#MistressFord_Wiv,#Falstaff_1H4 #MistressFord_Wiv #MistressPage_Wiv,12,2
4,2,108,806,#MistressPage_Wiv,#Falstaff_1H4 #MistressFord_Wiv #MistressPage_Wiv,26,3
4,2,108,807,#MistressFord_Wiv,#Falstaff_1H4 #MistressFord_Wiv #MistressPage_Wiv,16,2
4,2,108,808,#MistressPage_Wiv,#Falstaff_1H4 #MistressFord_Wiv #MistressPage_Wiv,13,2
4,2,109,809,#MistressFord_Wiv,#MistressFord_Wiv #MistressPage_Wiv,33,4
4,2,109,810,#MistressPage_Wiv,#MistressFord_Wiv #MistressPage_Wiv,14,2
4,2,109,811,#MistressFord_Wiv,#MistressFord_Wiv #MistressPage_Wiv,5,1
4,2,109,812,#MistressPage_Wiv,#MistressFord_Wiv #MistressPage_Wiv,17,3
4,2,109,813,#MistressFord_Wiv,#MistressFord_Wiv #MistressPage_Wiv,26,3
4,2,109,814,#MistressPage_Wiv,#MistressFord_Wiv #MistressPage_Wiv,15,2
4,2,109,815,#MistressFord_Wiv,#MistressFord_Wiv #MistressPage_Wiv,20,3
4,2,110,816,#MistressPage_Wiv,#MistressPage_Wiv,46,6
4,2,111,817,#MistressFord_Wiv,#John_Wiv #MistressFord_Wiv #Robert_Wiv,26,3
4,2,112,818,#Robert_Wiv,#John_Wiv #Robert_Wiv,5,1
4,2,112,819,#John_Wiv,#John_Wiv #Robert_Wiv,9,1
4,2,112,820,#Robert_Wiv,#John_Wiv #Robert_Wiv,11,1
4,2,113,821,#MasterFord_Wiv,#DoctorCaius_Wiv #HughEvans_Wiv #John_Wiv #MasterFord_Wiv #MasterPage_Wiv #Robert_Wiv #Shallow_2H4,67,9
4,2,113,822,#MasterPage_Wiv,#DoctorCaius_Wiv #HughEvans_Wiv #John_Wiv #MasterFord_Wiv #MasterPage_Wiv #Robert_Wiv #Shallow_2H4,17,2
4,2,113,823,#HughEvans_Wiv,#DoctorCaius_Wiv #HughEvans_Wiv #John_Wiv #MasterFord_Wiv #MasterPage_Wiv #Robert_Wiv #Shallow_2H4,11,2
4,2,113,824,#Shallow_2H4,#DoctorCaius_Wiv #HughEvans_Wiv #John_Wiv #MasterFord_Wiv #MasterPage_Wiv #Robert_Wiv #Shallow_2H4,8,1
4,2,113,825,#MasterFord_Wiv,#DoctorCaius_Wiv #HughEvans_Wiv #John_Wiv #MasterFord_Wiv #MasterPage_Wiv #Robert_Wiv #Shallow_2H4,5,1
4,2,114,826,#MasterFord_Wiv,#DoctorCaius_Wiv #HughEvans_Wiv #John_Wiv #MasterFord_Wiv #MasterPage_Wiv #MistressFord_Wiv #Robert_Wiv #Shallow_2H4,30,4
4,2,114,827,#MistressFord_Wiv,#DoctorCaius_Wiv #HughEvans_Wiv #John_Wiv #MasterFord_Wiv #MasterPage_Wiv #MistressFord_Wiv #Robert_Wiv #Shallow_2H4,13,2
4,2,114,828,#MasterFord_Wiv,#DoctorCaius_Wiv #HughEvans_Wiv #John_Wiv #MasterFord_Wiv #MasterPage_Wiv #MistressFord_Wiv #Robert_Wiv #Shallow_2H4,9,2
4,2,114,829,#MasterPage_Wiv,#DoctorCaius_Wiv #HughEvans_Wiv #John_Wiv #MasterFord_Wiv #MasterPage_Wiv #MistressFord_Wiv #Robert_Wiv #Shallow_2H4,2,1
4,2,114,830,#MistressFord_Wiv,#DoctorCaius_Wiv #HughEvans_Wiv #John_Wiv #MasterFord_Wiv #MasterPage_Wiv #MistressFord_Wiv #Robert_Wiv #Shallow_2H4,8,2
4,2,114,831,#MasterFord_Wiv,#DoctorCaius_Wiv #HughEvans_Wiv #John_Wiv #MasterFord_Wiv #MasterPage_Wiv #MistressFord_Wiv #Robert_Wiv #Shallow_2H4,5,1
4,2,114,832,#HughEvans_Wiv,#DoctorCaius_Wiv #HughEvans_Wiv #John_Wiv #MasterFord_Wiv #MasterPage_Wiv #MistressFord_Wiv #Robert_Wiv #Shallow_2H4,11,2
4,2,114,833,#MasterFord_Wiv,#DoctorCaius_Wiv #HughEvans_Wiv #John_Wiv #MasterFord_Wiv #MasterPage_Wiv #MistressFord_Wiv #Robert_Wiv #Shallow_2H4,5,1
4,2,114,834,#MistressFord_Wiv,#DoctorCaius_Wiv #HughEvans_Wiv #John_Wiv #MasterFord_Wiv #MasterPage_Wiv #MistressFord_Wiv #Robert_Wiv #Shallow_2H4,3,1
4,2,114,835,#MasterFord_Wiv,#DoctorCaius_Wiv #HughEvans_Wiv #John_Wiv #MasterFord_Wiv #MasterPage_Wiv #MistressFord_Wiv #Robert_Wiv #Shallow_2H4,48,5
4,2,114,836,#MistressFord_Wiv,#DoctorCaius_Wiv #HughEvans_Wiv #John_Wiv #MasterFord_Wiv #MasterPage_Wiv #MistressFord_Wiv #Robert_Wiv #Shallow_2H4,12,2
4,2,114,837,#MasterPage_Wiv,#DoctorCaius_Wiv #HughEvans_Wiv #John_Wiv #MasterFord_Wiv #MasterPage_Wiv #MistressFord_Wiv #Robert_Wiv #Shallow_2H4,3,1
4,2,114,838,#Shallow_2H4,#DoctorCaius_Wiv #HughEvans_Wiv #John_Wiv #MasterFord_Wiv #MasterPage_Wiv #MistressFord_Wiv #Robert_Wiv #Shallow_2H4,12,2
4,2,114,839,#HughEvans_Wiv,#DoctorCaius_Wiv #HughEvans_Wiv #John_Wiv #MasterFord_Wiv #MasterPage_Wiv #MistressFord_Wiv #Robert_Wiv #Shallow_2H4,17,3
4,2,114,840,#MasterFord_Wiv,#DoctorCaius_Wiv #HughEvans_Wiv #John_Wiv #MasterFord_Wiv #MasterPage_Wiv #MistressFord_Wiv #Robert_Wiv #Shallow_2H4,7,1
4,2,114,841,#MasterPage_Wiv,#DoctorCaius_Wiv #HughEvans_Wiv #John_Wiv #MasterFord_Wiv #MasterPage_Wiv #MistressFord_Wiv #Robert_Wiv #Shallow_2H4,8,1
4,2,114,842,#MasterFord_Wiv,#DoctorCaius_Wiv #HughEvans_Wiv #John_Wiv #MasterFord_Wiv #MasterPage_Wiv #MistressFord_Wiv #Robert_Wiv #Shallow_2H4,54,6
4,2,115,843,#MistressFord_Wiv,#DoctorCaius_Wiv #HughEvans_Wiv #MasterFord_Wiv #MasterPage_Wiv #MistressFord_Wiv #Shallow_2H4,18,3
4,2,115,844,#MasterFord_Wiv,#DoctorCaius_Wiv #HughEvans_Wiv #MasterFord_Wiv #MasterPage_Wiv #MistressFord_Wiv #Shallow_2H4,6,1
4,2,115,845,#MistressFord_Wiv,#DoctorCaius_Wiv #HughEvans_Wiv #MasterFord_Wiv #MasterPage_Wiv #MistressFord_Wiv #Shallow_2H4,8,1
4,2,115,846,#MasterFord_Wiv,#DoctorCaius_Wiv #HughEvans_Wiv #MasterFord_Wiv #MasterPage_Wiv #MistressFord_Wiv #Shallow_2H4,70,8
4,2,115,847,#MistressFord_Wiv,#DoctorCaius_Wiv #HughEvans_Wiv #MasterFord_Wiv #MasterPage_Wiv #MistressFord_Wiv #Shallow_2H4,13,2
4,2,116,848,#MistressPage_Wiv,#DoctorCaius_Wiv #Falstaff_1H4 #HughEvans_Wiv #MasterFord_Wiv #MasterPage_Wiv #MistressFord_Wiv #MistressPage_Wiv #Shallow_2H4,8,2
4,2,116,849,#MasterFord_Wiv,#DoctorCaius_Wiv #Falstaff_1H4 #HughEvans_Wiv #MasterFord_Wiv #MasterPage_Wiv #MistressFord_Wiv #MistressPage_Wiv #Shallow_2H4,25,4
4,2,117,850,#MistressPage_Wiv,#DoctorCaius_Wiv #HughEvans_Wiv #MasterFord_Wiv #MasterPage_Wiv #MistressFord_Wiv #MistressPage_Wiv #Shallow_2H4,12,2
4,2,117,851,#MistressFord_Wiv,#DoctorCaius_Wiv #HughEvans_Wiv #MasterFord_Wiv #MasterPage_Wiv #MistressFord_Wiv #MistressPage_Wiv #Shallow_2H4,11,2
4,2,117,852,#MasterFord_Wiv,#DoctorCaius_Wiv #HughEvans_Wiv #MasterFord_Wiv #MasterPage_Wiv #MistressFord_Wiv #MistressPage_Wiv #Shallow_2H4,3,1
4,2,117,853,#HughEvans_Wiv,#DoctorCaius_Wiv #HughEvans_Wiv #MasterFord_Wiv #MasterPage_Wiv #MistressFord_Wiv #MistressPage_Wiv #Shallow_2H4,30,3
4,2,117,854,#MasterFord_Wiv,#DoctorCaius_Wiv #HughEvans_Wiv #MasterFord_Wiv #MasterPage_Wiv #MistressFord_Wiv #MistressPage_Wiv #Shallow_2H4,30,4
4,2,117,855,#MasterPage_Wiv,#DoctorCaius_Wiv #HughEvans_Wiv #MasterFord_Wiv #MasterPage_Wiv #MistressFord_Wiv #MistressPage_Wiv #Shallow_2H4,9,2
4,2,118,856,#MistressPage_Wiv,#MistressFord_Wiv #MistressPage_Wiv,7,1
4,2,118,857,#MistressFord_Wiv,#MistressFord_Wiv #MistressPage_Wiv,14,2
4,2,118,858,#MistressPage_Wiv,#MistressFord_Wiv #MistressPage_Wiv,15,2
4,2,118,859,#MistressFord_Wiv,#MistressFord_Wiv #MistressPage_Wiv,23,3
4,2,118,860,#MistressPage_Wiv,#MistressFord_Wiv #MistressPage_Wiv,36,4
4,2,118,861,#MistressFord_Wiv,#MistressFord_Wiv #MistressPage_Wiv,10,2
4,2,118,862,#MistressPage_Wiv,#MistressFord_Wiv #MistressPage_Wiv,41,5
4,2,118,863,#MistressFord_Wiv,#MistressFord_Wiv #MistressPage_Wiv,23,3
4,2,118,864,#MistressPage_Wiv,#MistressFord_Wiv #MistressPage_Wiv,15,2
4,3,119,865,#Bardolph_1H4,#Bardolph_1H4 #Host_Wiv,25,3
4,3,119,866,#Host_Wiv,#Bardolph_1H4 #Host_Wiv,25,3
4,3,119,867,#Bardolph_1H4,#Bardolph_1H4 #Host_Wiv,7,1
4,3,119,868,#Host_Wiv,#Bardolph_1H4 #Host_Wiv,37,4
4,4,120,869,#HughEvans_Wiv,#HughEvans_Wiv #MasterFord_Wiv #MasterPage_Wiv #MistressFord_Wiv #MistressPage_Wiv,15,2
4,4,120,870,#MasterPage_Wiv,#HughEvans_Wiv #MasterFord_Wiv #MasterPage_Wiv #MistressFord_Wiv #MistressPage_Wiv,11,2
4,4,120,871,#MistressPage_Wiv,#HughEvans_Wiv #MasterFord_Wiv #MasterPage_Wiv #MistressFord_Wiv #MistressPage_Wiv,6,1
4,4,120,872,#MasterFord_Wiv,#HughEvans_Wiv #MasterFord_Wiv #MasterPage_Wiv #MistressFord_Wiv #MistressPage_Wiv,37,6
4,4,120,873,#MasterPage_Wiv,#HughEvans_Wiv #MasterFord_Wiv #MasterPage_Wiv #MistressFord_Wiv #MistressPage_Wiv,50,6
4,4,120,874,#MasterFord_Wiv,#HughEvans_Wiv #MasterFord_Wiv #MasterPage_Wiv #MistressFord_Wiv #MistressPage_Wiv,10,1
4,4,120,875,#MasterPage_Wiv,#HughEvans_Wiv #MasterFord_Wiv #MasterPage_Wiv #MistressFord_Wiv #MistressPage_Wiv,18,2
4,4,120,876,#HughEvans_Wiv,#HughEvans_Wiv #MasterFord_Wiv #MasterPage_Wiv #MistressFord_Wiv #MistressPage_Wiv,40,5
4,4,120,877,#MasterPage_Wiv,#HughEvans_Wiv #MasterFord_Wiv #MasterPage_Wiv #MistressFord_Wiv #MistressPage_Wiv,4,1
4,4,120,878,#MistressFord_Wiv,#HughEvans_Wiv #MasterFord_Wiv #MasterPage_Wiv #MistressFord_Wiv #MistressPage_Wiv,18,2
4,4,120,879,#MistressPage_Wiv,#HughEvans_Wiv #MasterFord_Wiv #MasterPage_Wiv #MistressFord_Wiv #MistressPage_Wiv,90,12
4,4,120,880,#MasterPage_Wiv,#HughEvans_Wiv #MasterFord_Wiv #MasterPage_Wiv #MistressFord_Wiv #MistressPage_Wiv,23,3
4,4,120,881,#MistressFord_Wiv,#HughEvans_Wiv #MasterFord_Wiv #MasterPage_Wiv #MistressFord_Wiv #MistressPage_Wiv,14,2
4,4,120,882,#MasterPage_Wiv,#HughEvans_Wiv #MasterFord_Wiv #MasterPage_Wiv #MistressFord_Wiv #MistressPage_Wiv,29,4
4,4,120,883,#MistressPage_Wiv,#HughEvans_Wiv #MasterFord_Wiv #MasterPage_Wiv #MistressFord_Wiv #MistressPage_Wiv,116,15
4,4,120,884,#MasterFord_Wiv,#HughEvans_Wiv #MasterFord_Wiv #MasterPage_Wiv #MistressFord_Wiv #MistressPage_Wiv,19,3
4,4,120,885,#MistressPage_Wiv,#HughEvans_Wiv #MasterFord_Wiv #MasterPage_Wiv #MistressFord_Wiv #MistressPage_Wiv,17,3
4,4,120,886,#MasterFord_Wiv,#HughEvans_Wiv #MasterFord_Wiv #MasterPage_Wiv #MistressFord_Wiv #MistressPage_Wiv,13,2
4,4,120,887,#HughEvans_Wiv,#HughEvans_Wiv #MasterFord_Wiv #MasterPage_Wiv #MistressFord_Wiv #MistressPage_Wiv,22,3
4,4,120,888,#MasterFord_Wiv,#HughEvans_Wiv #MasterFord_Wiv #MasterPage_Wiv #MistressFord_Wiv #MistressPage_Wiv,9,1
4,4,120,889,#MistressPage_Wiv,#HughEvans_Wiv #MasterFord_Wiv #MasterPage_Wiv #MistressFord_Wiv #MistressPage_Wiv,17,2
4,4,120,890,#MasterPage_Wiv,#HughEvans_Wiv #MasterFord_Wiv #MasterPage_Wiv #MistressFord_Wiv #MistressPage_Wiv,27,4
4,4,120,891,#MasterFord_Wiv,#HughEvans_Wiv #MasterFord_Wiv #MasterPage_Wiv #MistressFord_Wiv #MistressPage_Wiv,18,2
4,4,120,892,#MistressPage_Wiv,#HughEvans_Wiv #MasterFord_Wiv #MasterPage_Wiv #MistressFord_Wiv #MistressPage_Wiv,13,2
4,4,120,893,#HughEvans_Wiv,#HughEvans_Wiv #MasterFord_Wiv #MasterPage_Wiv #MistressFord_Wiv #MistressPage_Wiv,12,2
4,4,121,894,#MistressPage_Wiv,#MistressFord_Wiv #MistressPage_Wiv,12,2
4,4,122,895,#MistressPage_Wiv,#MistressPage_Wiv,58,7
4,5,123,896,#Host_Wiv,#Host_Wiv #Simple_Wiv,14,3
4,5,123,897,#Simple_Wiv,#Host_Wiv #Simple_Wiv,13,2
4,5,123,898,#Host_Wiv,#Host_Wiv #Simple_Wiv,37,5
4,5,123,899,#Simple_Wiv,#Host_Wiv #Simple_Wiv,30,3
4,5,123,900,#Host_Wiv,#Host_Wiv #Simple_Wiv,31,4
4,5,124,901,#Falstaff_1H4,#Falstaff_1H4 #Host_Wiv #Simple_Wiv,4,1
4,5,124,902,#Host_Wiv,#Falstaff_1H4 #Host_Wiv #Simple_Wiv,26,4
4,5,124,903,#Falstaff_1H4,#Falstaff_1H4 #Host_Wiv #Simple_Wiv,15,2
4,5,124,904,#Simple_Wiv,#Falstaff_1H4 #Host_Wiv #Simple_Wiv,11,2
4,5,124,905,#Falstaff_1H4,#Falstaff_1H4 #Host_Wiv #Simple_Wiv,10,2
4,5,124,906,#Simple_Wiv,#Falstaff_1H4 #Host_Wiv #Simple_Wiv,33,4
4,5,124,907,#Falstaff_1H4,#Falstaff_1H4 #Host_Wiv #Simple_Wiv,8,1
4,5,124,908,#Simple_Wiv,#Falstaff_1H4 #Host_Wiv #Simple_Wiv,7,1
4,5,124,909,#Falstaff_1H4,#Falstaff_1H4 #Host_Wiv #Simple_Wiv,19,3
4,5,124,910,#Simple_Wiv,#Falstaff_1H4 #Host_Wiv #Simple_Wiv,22,3
4,5,124,911,#Falstaff_1H4,#Falstaff_1H4 #Host_Wiv #Simple_Wiv,6,1
4,5,124,912,#Host_Wiv,#Falstaff_1H4 #Host_Wiv #Simple_Wiv,3,1
4,5,124,913,#Simple_Wiv,#Falstaff_1H4 #Host_Wiv #Simple_Wiv,6,1
4,5,124,914,#Host_Wiv,#Falstaff_1H4 #Host_Wiv #Simple_Wiv,5,1
4,5,124,915,#Simple_Wiv,#Falstaff_1H4 #Host_Wiv #Simple_Wiv,23,3
4,5,124,916,#Falstaff_1H4,#Falstaff_1H4 #Host_Wiv #Simple_Wiv,4,1
4,5,124,917,#Simple_Wiv,#Falstaff_1H4 #Host_Wiv #Simple_Wiv,2,1
4,5,124,918,#Falstaff_1H4,#Falstaff_1H4 #Host_Wiv #Simple_Wiv,12,2
4,5,124,919,#Simple_Wiv,#Falstaff_1H4 #Host_Wiv #Simple_Wiv,8,1
4,5,124,920,#Falstaff_1H4,#Falstaff_1H4 #Host_Wiv #Simple_Wiv,6,1
4,5,124,921,#Simple_Wiv,#Falstaff_1H4 #Host_Wiv #Simple_Wiv,13,2
4,5,125,922,#Host_Wiv,#Falstaff_1H4 #Host_Wiv,15,2
4,5,125,923,#Falstaff_1H4,#Falstaff_1H4 #Host_Wiv,34,4
4,5,126,924,#Bardolph_1H4,#Bardolph_1H4 #Falstaff_1H4 #Host_Wiv,6,2
4,5,126,925,#Host_Wiv,#Bardolph_1H4 #Falstaff_1H4 #Host_Wiv,9,2
4,5,126,926,#Bardolph_1H4,#Bardolph_1H4 #Falstaff_1H4 #Host_Wiv,39,5
4,5,126,927,#Host_Wiv,#Bardolph_1H4 #Falstaff_1H4 #Host_Wiv,19,2
4,5,127,928,#HughEvans_Wiv,#Bardolph_1H4 #Falstaff_1H4 #Host_Wiv #HughEvans_Wiv,4,1
4,5,127,929,#Host_Wiv,#Bardolph_1H4 #Falstaff_1H4 #Host_Wiv #HughEvans_Wiv,5,1
4,5,127,930,#HughEvans_Wiv,#Bardolph_1H4 #Falstaff_1H4 #Host_Wiv #HughEvans_Wiv,65,8
4,5,128,931,#DoctorCaius_Wiv,#Bardolph_1H4 #DoctorCaius_Wiv #Falstaff_1H4 #Host_Wiv,6,1
4,5,128,932,#Host_Wiv,#Bardolph_1H4 #DoctorCaius_Wiv #Falstaff_1H4 #Host_Wiv,8,2
4,5,128,933,#DoctorCaius_Wiv,#Bardolph_1H4 #DoctorCaius_Wiv #Falstaff_1H4 #Host_Wiv,42,4
4,5,129,934,#Host_Wiv,#Bardolph_1H4 #Falstaff_1H4 #Host_Wiv,20,3
4,5,130,935,#Falstaff_1H4,#Falstaff_1H4,96,11
4,5,131,936,#Falstaff_1H4,#Falstaff_1H4 #MistressQuickly_1H4,4,1
4,5,131,937,#MistressQuickly_1H4,#Falstaff_1H4 #MistressQuickly_1H4,5,1
4,5,131,938,#Falstaff_1H4,#Falstaff_1H4 #MistressQuickly_1H4,36,5
4,5,131,939,#MistressQuickly_1H4,#Falstaff_1H4 #MistressQuickly_1H4,30,4
4,5,131,940,#Falstaff_1H4,#Falstaff_1H4 #MistressQuickly_1H4,64,7
4,5,131,941,#MistressQuickly_1H4,#Falstaff_1H4 #MistressQuickly_1H4,52,7
4,5,131,942,#Falstaff_1H4,#Falstaff_1H4 #MistressQuickly_1H4,5,1
4,6,132,943,#Host_Wiv,#Fenton_Wiv #Host_Wiv,15,2
4,6,132,944,#Fenton_Wiv,#Fenton_Wiv #Host_Wiv,27,3
4,6,132,945,#Host_Wiv,#Fenton_Wiv #Host_Wiv,15,2
4,6,132,946,#Fenton_Wiv,#Fenton_Wiv #Host_Wiv,302,38
4,6,132,947,#Host_Wiv,#Fenton_Wiv #Host_Wiv,8,1
4,6,132,948,#Fenton_Wiv,#Fenton_Wiv #Host_Wiv,41,5
4,6,132,949,#Host_Wiv,#Fenton_Wiv #Host_Wiv,18,2
4,6,132,950,#Fenton_Wiv,#Fenton_Wiv #Host_Wiv,14,2
5,1,133,951,#Falstaff_1H4,#Falstaff_1H4 #MistressQuickly_1H4,37,5
5,1,133,952,#MistressQuickly_1H4,#Falstaff_1H4 #MistressQuickly_1H4,18,2
5,1,133,953,#Falstaff_1H4,#Falstaff_1H4 #MistressQuickly_1H4,11,2
5,1,134,954,#Falstaff_1H4,#Falstaff_1H4 #MasterFord_Wiv,29,4
5,1,134,955,#MasterFord_Wiv,#Falstaff_1H4 #MasterFord_Wiv,14,2
5,1,134,956,#Falstaff_1H4,#Falstaff_1H4 #MasterFord_Wiv,153,17
5,2,135,957,#MasterPage_Wiv,#MasterPage_Wiv #Shallow_2H4 #Slender_Wiv,20,3
5,2,135,958,#Slender_Wiv,#MasterPage_Wiv #Shallow_2H4 #Slender_Wiv,36,4
5,2,135,959,#Shallow_2H4,#MasterPage_Wiv #Shallow_2H4 #Slender_Wiv,24,3
5,2,135,960,#MasterPage_Wiv,#MasterPage_Wiv #Shallow_2H4 #Slender_Wiv,34,4
5,3,136,961,#MistressPage_Wiv,#DoctorCaius_Wiv #MistressFord_Wiv #MistressPage_Wiv,37,5
5,3,136,962,#DoctorCaius_Wiv,#DoctorCaius_Wiv #MistressFord_Wiv #MistressPage_Wiv,8,1
5,3,136,963,#MistressPage_Wiv,#DoctorCaius_Wiv #MistressFord_Wiv #MistressPage_Wiv,4,1
5,3,137,964,#MistressPage_Wiv,#MistressFord_Wiv #MistressPage_Wiv,36,4
5,3,137,965,#MistressFord_Wiv,#MistressFord_Wiv #MistressPage_Wiv,14,2
5,3,137,966,#MistressPage_Wiv,#MistressFord_Wiv #MistressPage_Wiv,32,4
5,3,137,967,#MistressFord_Wiv,#MistressFord_Wiv #MistressPage_Wiv,6,1
5,3,137,968,#MistressPage_Wiv,#MistressFord_Wiv #MistressPage_Wiv,19,3
5,3,137,969,#MistressFord_Wiv,#MistressFord_Wiv #MistressPage_Wiv,4,1
5,3,137,970,#MistressPage_Wiv,#MistressFord_Wiv #MistressPage_Wiv,13,2
5,3,137,971,#MistressFord_Wiv,#MistressFord_Wiv #MistressPage_Wiv,10,2
5,4,138,972,#HughEvans_Wiv,#BOYS_Wiv #HughEvans_Wiv,33,4
5,5,139,973,#Falstaff_1H4,#Falstaff_1H4,147,15
5,5,140,974,#Falstaff_1H4,#Falstaff_1H4 #MistressFord_Wiv #MistressPage_Wiv,5,1
5,5,140,975,#MistressFord_Wiv,#Falstaff_1H4 #MistressFord_Wiv #MistressPage_Wiv,10,2
5,5,140,976,#Falstaff_1H4,#Falstaff_1H4 #MistressFord_Wiv #MistressPage_Wiv,36,5
5,5,140,977,#MistressFord_Wiv,#Falstaff_1H4 #MistressFord_Wiv #MistressPage_Wiv,7,2
5,5,140,978,#Falstaff_1H4,#Falstaff_1H4 #MistressFord_Wiv #MistressPage_Wiv,60,7
5,5,140,979,#MistressPage_Wiv,#Falstaff_1H4 #MistressFord_Wiv #MistressPage_Wiv,3,1
5,5,140,980,#MistressFord_Wiv,#Falstaff_1H4 #MistressFord_Wiv #MistressPage_Wiv,4,1
5,5,140,981,#Falstaff_1H4,#Falstaff_1H4 #MistressFord_Wiv #MistressPage_Wiv,4,1
5,5,140,982,#MistressFord_Wiv #MistressPage_Wiv,#Falstaff_1H4 #MistressFord_Wiv #MistressPage_Wiv,2,1
5,5,141,983,#Falstaff_1H4,#Falstaff_1H4,27,3
5,5,142,984,#MistressQuickly_1H4,#AnnePage_Wiv #BOYS_Wiv #Falstaff_1H4 #HughEvans_Wiv #MistressQuickly_1H4 #Pistol_2H4,31,5
5,5,142,985,#Pistol_2H4,#AnnePage_Wiv #BOYS_Wiv #Falstaff_1H4 #HughEvans_Wiv #MistressQuickly_1H4 #Pistol_2H4,38,6
5,5,142,986,#Falstaff_1H4,#AnnePage_Wiv #BOYS_Wiv #Falstaff_1H4 #HughEvans_Wiv #MistressQuickly_1H4 #Pistol_2H4,20,2
5,5,142,987,#HughEvans_Wiv,#AnnePage_Wiv #BOYS_Wiv #Falstaff_1H4 #HughEvans_Wiv #MistressQuickly_1H4 #Pistol_2H4,52,7
5,5,142,988,#MistressQuickly_1H4,#AnnePage_Wiv #BOYS_Wiv #Falstaff_1H4 #HughEvans_Wiv #MistressQuickly_1H4 #Pistol_2H4,159,22
5,5,142,989,#HughEvans_Wiv,#AnnePage_Wiv #BOYS_Wiv #Falstaff_1H4 #HughEvans_Wiv #MistressQuickly_1H4 #Pistol_2H4,34,4
5,5,142,990,#Falstaff_1H4,#AnnePage_Wiv #BOYS_Wiv #Falstaff_1H4 #HughEvans_Wiv #MistressQuickly_1H4 #Pistol_2H4,16,2
5,5,142,991,#Pistol_2H4,#AnnePage_Wiv #BOYS_Wiv #Falstaff_1H4 #HughEvans_Wiv #MistressQuickly_1H4 #Pistol_2H4,9,1
5,5,142,992,#MistressQuickly_1H4,#AnnePage_Wiv #BOYS_Wiv #Falstaff_1H4 #HughEvans_Wiv #MistressQuickly_1H4 #Pistol_2H4,33,4
5,5,142,993,#Pistol_2H4,#AnnePage_Wiv #BOYS_Wiv #Falstaff_1H4 #HughEvans_Wiv #MistressQuickly_1H4 #Pistol_2H4,3,1
5,5,142,994,#HughEvans_Wiv,#AnnePage_Wiv #BOYS_Wiv #Falstaff_1H4 #HughEvans_Wiv #MistressQuickly_1H4 #Pistol_2H4,6,1
5,5,142,995,#Falstaff_1H4,#AnnePage_Wiv #BOYS_Wiv #Falstaff_1H4 #HughEvans_Wiv #MistressQuickly_1H4 #Pistol_2H4,3,1
5,5,142,996,#MistressQuickly_1H4,#AnnePage_Wiv #BOYS_Wiv #Falstaff_1H4 #HughEvans_Wiv #MistressQuickly_1H4 #Pistol_2H4,23,3
5,5,143,997,#BOYS_Wiv #HughEvans_Wiv #MistressQuickly_1H4 #Pistol_2H4,#BOYS_Wiv #Falstaff_1H4 #HughEvans_Wiv #MistressQuickly_1H4 #Pistol_2H4,59,10
5,5,144,998,#MasterPage_Wiv,#BOYS_Wiv #Falstaff_1H4 #HughEvans_Wiv #MasterFord_Wiv #MasterPage_Wiv #MistressFord_Wiv #MistressPage_Wiv #MistressQuickly_1H4 #Pistol_2H4,20,2
5,5,144,999,#MistressPage_Wiv,#BOYS_Wiv #Falstaff_1H4 #HughEvans_Wiv #MasterFord_Wiv #MasterPage_Wiv #MistressFord_Wiv #MistressPage_Wiv #MistressQuickly_1H4 #Pistol_2H4,35,4
5,5,144,1000,#MasterFord_Wiv,#BOYS_Wiv #Falstaff_1H4 #HughEvans_Wiv #MasterFord_Wiv #MasterPage_Wiv #MistressFord_Wiv #MistressPage_Wiv #MistressQuickly_1H4 #Pistol_2H4,54,8
5,5,144,1001,#MistressFord_Wiv,#BOYS_Wiv #Falstaff_1H4 #HughEvans_Wiv #MasterFord_Wiv #MasterPage_Wiv #MistressFord_Wiv #MistressPage_Wiv #MistressQuickly_1H4 #Pistol_2H4,28,3
5,5,144,1002,#Falstaff_1H4,#BOYS_Wiv #Falstaff_1H4 #HughEvans_Wiv #MasterFord_Wiv #MasterPage_Wiv #MistressFord_Wiv #MistressPage_Wiv #MistressQuickly_1H4 #Pistol_2H4,11,1
5,5,144,1003,#MasterFord_Wiv,#BOYS_Wiv #Falstaff_1H4 #HughEvans_Wiv #MasterFord_Wiv #MasterPage_Wiv #MistressFord_Wiv #MistressPage_Wiv #MistressQuickly_1H4 #Pistol_2H4,10,1
5,5,144,1004,#Falstaff_1H4,#BOYS_Wiv #Falstaff_1H4 #HughEvans_Wiv #MasterFord_Wiv #MasterPage_Wiv #MistressFord_Wiv #MistressPage_Wiv #MistressQuickly_1H4 #Pistol_2H4,69,8
5,5,144,1005,#HughEvans_Wiv,#BOYS_Wiv #Falstaff_1H4 #HughEvans_Wiv #MasterFord_Wiv #MasterPage_Wiv #MistressFord_Wiv #MistressPage_Wiv #MistressQuickly_1H4 #Pistol_2H4,15,2
5,5,144,1006,#MasterFord_Wiv,#BOYS_Wiv #Falstaff_1H4 #HughEvans_Wiv #MasterFord_Wiv #MasterPage_Wiv #MistressFord_Wiv #MistressPage_Wiv #MistressQuickly_1H4 #Pistol_2H4,4,1
5,5,144,1007,#HughEvans_Wiv,#BOYS_Wiv #Falstaff_1H4 #HughEvans_Wiv #MasterFord_Wiv #MasterPage_Wiv #MistressFord_Wiv #MistressPage_Wiv #MistressQuickly_1H4 #Pistol_2H4,9,2
5,5,144,1008,#MasterFord_Wiv,#BOYS_Wiv #Falstaff_1H4 #HughEvans_Wiv #MasterFord_Wiv #MasterPage_Wiv #MistressFord_Wiv #MistressPage_Wiv #MistressQuickly_1H4 #Pistol_2H4,17,2
5,5,144,1009,#Falstaff_1H4,#BOYS_Wiv #Falstaff_1H4 #HughEvans_Wiv #MasterFord_Wiv #MasterPage_Wiv #MistressFord_Wiv #MistressPage_Wiv #MistressQuickly_1H4 #Pistol_2H4,48,5
5,5,144,1010,#HughEvans_Wiv,#BOYS_Wiv #Falstaff_1H4 #HughEvans_Wiv #MasterFord_Wiv #MasterPage_Wiv #MistressFord_Wiv #MistressPage_Wiv #MistressQuickly_1H4 #Pistol_2H4,12,2
5,5,144,1011,#Falstaff_1H4,#BOYS_Wiv #Falstaff_1H4 #HughEvans_Wiv #MasterFord_Wiv #MasterPage_Wiv #MistressFord_Wiv #MistressPage_Wiv #MistressQuickly_1H4 #Pistol_2H4,33,4
5,5,144,1012,#MistressPage_Wiv,#BOYS_Wiv #Falstaff_1H4 #HughEvans_Wiv #MasterFord_Wiv #MasterPage_Wiv #MistressFord_Wiv #MistressPage_Wiv #MistressQuickly_1H4 #Pistol_2H4,39,5
5,5,144,1013,#MasterFord_Wiv,#BOYS_Wiv #Falstaff_1H4 #HughEvans_Wiv #MasterFord_Wiv #MasterPage_Wiv #MistressFord_Wiv #MistressPage_Wiv #MistressQuickly_1H4 #Pistol_2H4,7,1
5,5,144,1014,#MistressPage_Wiv,#BOYS_Wiv #Falstaff_1H4 #HughEvans_Wiv #MasterFord_Wiv #MasterPage_Wiv #MistressFord_Wiv #MistressPage_Wiv #MistressQuickly_1H4 #Pistol_2H4,3,1
5,5,144,1015,#MasterPage_Wiv,#BOYS_Wiv #Falstaff_1H4 #HughEvans_Wiv #MasterFord_Wiv #MasterPage_Wiv #MistressFord_Wiv #MistressPage_Wiv #MistressQuickly_1H4 #Pistol_2H4,7,1
5,5,144,1016,#MasterFord_Wiv,#BOYS_Wiv #Falstaff_1H4 #HughEvans_Wiv #MasterFord_Wiv #MasterPage_Wiv #MistressFord_Wiv #MistressPage_Wiv #MistressQuickly_1H4 #Pistol_2H4,8,1
5,5,144,1017,#MasterPage_Wiv,#BOYS_Wiv #Falstaff_1H4 #HughEvans_Wiv #MasterFord_Wiv #MasterPage_Wiv #MistressFord_Wiv #MistressPage_Wiv #MistressQuickly_1H4 #Pistol_2H4,5,1
5,5,144,1018,#MasterFord_Wiv,#BOYS_Wiv #Falstaff_1H4 #HughEvans_Wiv #MasterFord_Wiv #MasterPage_Wiv #MistressFord_Wiv #MistressPage_Wiv #MistressQuickly_1H4 #Pistol_2H4,6,1
5,5,144,1019,#HughEvans_Wiv,#BOYS_Wiv #Falstaff_1H4 #HughEvans_Wiv #MasterFord_Wiv #MasterPage_Wiv #MistressFord_Wiv #MistressPage_Wiv #MistressQuickly_1H4 #Pistol_2H4,23,4
5,5,144,1020,#Falstaff_1H4,#BOYS_Wiv #Falstaff_1H4 #HughEvans_Wiv #MasterFord_Wiv #MasterPage_Wiv #MistressFord_Wiv #MistressPage_Wiv #MistressQuickly_1H4 #Pistol_2H4,35,4
5,5,144,1021,#MasterFord_Wiv,#BOYS_Wiv #Falstaff_1H4 #HughEvans_Wiv #MasterFord_Wiv #MasterPage_Wiv #MistressFord_Wiv #MistressPage_Wiv #MistressQuickly_1H4 #Pistol_2H4,43,5
5,5,144,1022,#MasterPage_Wiv,#BOYS_Wiv #Falstaff_1H4 #HughEvans_Wiv #MasterFord_Wiv #MasterPage_Wiv #MistressFord_Wiv #MistressPage_Wiv #MistressQuickly_1H4 #Pistol_2H4,36,4
5,5,144,1023,#MistressPage_Wiv,#BOYS_Wiv #Falstaff_1H4 #HughEvans_Wiv #MasterFord_Wiv #MasterPage_Wiv #MistressFord_Wiv #MistressPage_Wiv #MistressQuickly_1H4 #Pistol_2H4,16,3
5,5,145,1024,#Slender_Wiv,#BOYS_Wiv #Falstaff_1H4 #HughEvans_Wiv #MasterFord_Wiv #MasterPage_Wiv #MistressFord_Wiv #MistressPage_Wiv #MistressQuickly_1H4 #Pistol_2H4 #Slender_Wiv,5,1
5,5,145,1025,#MasterPage_Wiv,#BOYS_Wiv #Falstaff_1H4 #HughEvans_Wiv #MasterFord_Wiv #MasterPage_Wiv #MistressFord_Wiv #MistressPage_Wiv #MistressQuickly_1H4 #Pistol_2H4 #Slender_Wiv,9,2
5,5,145,1026,#Slender_Wiv,#BOYS_Wiv #Falstaff_1H4 #HughEvans_Wiv #MasterFord_Wiv #MasterPage_Wiv #MistressFord_Wiv #MistressPage_Wiv #MistressQuickly_1H4 #Pistol_2H4 #Slender_Wiv,16,2
5,5,145,1027,#MasterPage_Wiv,#BOYS_Wiv #Falstaff_1H4 #HughEvans_Wiv #MasterFord_Wiv #MasterPage_Wiv #MistressFord_Wiv #MistressPage_Wiv #MistressQuickly_1H4 #Pistol_2H4 #Slender_Wiv,3,1
5,5,145,1028,#Slender_Wiv,#BOYS_Wiv #Falstaff_1H4 #HughEvans_Wiv #MasterFord_Wiv #MasterPage_Wiv #MistressFord_Wiv #MistressPage_Wiv #MistressQuickly_1H4 #Pistol_2H4 #Slender_Wiv,55,6
5,5,145,1029,#MasterPage_Wiv,#BOYS_Wiv #Falstaff_1H4 #HughEvans_Wiv #MasterFord_Wiv #MasterPage_Wiv #MistressFord_Wiv #MistressPage_Wiv #MistressQuickly_1H4 #Pistol_2H4 #Slender_Wiv,8,1
5,5,145,1030,#Slender_Wiv,#BOYS_Wiv #Falstaff_1H4 #HughEvans_Wiv #MasterFord_Wiv #MasterPage_Wiv #MistressFord_Wiv #MistressPage_Wiv #MistressQuickly_1H4 #Pistol_2H4 #Slender_Wiv,37,4
5,5,145,1031,#MasterPage_Wiv,#BOYS_Wiv #Falstaff_1H4 #HughEvans_Wiv #MasterFord_Wiv #MasterPage_Wiv #MistressFord_Wiv #MistressPage_Wiv #MistressQuickly_1H4 #Pistol_2H4 #Slender_Wiv,20,3
5,5,145,1032,#Slender_Wiv,#BOYS_Wiv #Falstaff_1H4 #HughEvans_Wiv #MasterFord_Wiv #MasterPage_Wiv #MistressFord_Wiv #MistressPage_Wiv #MistressQuickly_1H4 #Pistol_2H4 #Slender_Wiv,29,4
5,5,145,1033,#MistressPage_Wiv,#BOYS_Wiv #Falstaff_1H4 #HughEvans_Wiv #MasterFord_Wiv #MasterPage_Wiv #MistressFord_Wiv #MistressPage_Wiv #MistressQuickly_1H4 #Pistol_2H4 #Slender_Wiv,29,4
5,5,146,1034,#DoctorCaius_Wiv,#BOYS_Wiv #DoctorCaius_Wiv #Falstaff_1H4 #HughEvans_Wiv #MasterFord_Wiv #MasterPage_Wiv #MistressFord_Wiv #MistressPage_Wiv #MistressQuickly_1H4 #Pistol_2H4 #Slender_Wiv,32,4
5,5,146,1035,#MistressPage_Wiv,#BOYS_Wiv #DoctorCaius_Wiv #Falstaff_1H4 #HughEvans_Wiv #MasterFord_Wiv #MasterPage_Wiv #MistressFord_Wiv #MistressPage_Wiv #MistressQuickly_1H4 #Pistol_2H4 #Slender_Wiv,7,1
5,5,146,1036,#DoctorCaius_Wiv,#BOYS_Wiv #DoctorCaius_Wiv #Falstaff_1H4 #HughEvans_Wiv #MasterFord_Wiv #MasterPage_Wiv #MistressFord_Wiv #MistressPage_Wiv #MistressQuickly_1H4 #Pistol_2H4 #Slender_Wiv,13,2
5,5,146,1037,#MasterFord_Wiv,#BOYS_Wiv #DoctorCaius_Wiv #Falstaff_1H4 #HughEvans_Wiv #MasterFord_Wiv #MasterPage_Wiv #MistressFord_Wiv #MistressPage_Wiv #MistressQuickly_1H4 #Pistol_2H4 #Slender_Wiv,9,1
5,5,147,1038,#MasterPage_Wiv,#AnnePage_Wiv #BOYS_Wiv #DoctorCaius_Wiv #Falstaff_1H4 #Fenton_Wiv #HughEvans_Wiv #MasterFord_Wiv #MasterPage_Wiv #MistressFord_Wiv #MistressPage_Wiv #MistressQuickly_1H4 #Pistol_2H4 #Slender_Wiv,12,2
5,5,147,1039,#AnnePage_Wiv,#AnnePage_Wiv #BOYS_Wiv #DoctorCaius_Wiv #Falstaff_1H4 #Fenton_Wiv #HughEvans_Wiv #MasterFord_Wiv #MasterPage_Wiv #MistressFord_Wiv #MistressPage_Wiv #MistressQuickly_1H4 #Pistol_2H4 #Slender_Wiv,7,1
5,5,147,1040,#MasterPage_Wiv,#AnnePage_Wiv #BOYS_Wiv #DoctorCaius_Wiv #Falstaff_1H4 #Fenton_Wiv #HughEvans_Wiv #MasterFord_Wiv #MasterPage_Wiv #MistressFord_Wiv #MistressPage_Wiv #MistressQuickly_1H4 #Pistol_2H4 #Slender_Wiv,10,2
5,5,147,1041,#MistressPage_Wiv,#AnnePage_Wiv #BOYS_Wiv #DoctorCaius_Wiv #Falstaff_1H4 #Fenton_Wiv #HughEvans_Wiv #MasterFord_Wiv #MasterPage_Wiv #MistressFord_Wiv #MistressPage_Wiv #MistressQuickly_1H4 #Pistol_2H4 #Slender_Wiv,8,1
5,5,147,1042,#Fenton_Wiv,#AnnePage_Wiv #BOYS_Wiv #DoctorCaius_Wiv #Falstaff_1H4 #Fenton_Wiv #HughEvans_Wiv #MasterFord_Wiv #MasterPage_Wiv #MistressFord_Wiv #MistressPage_Wiv #MistressQuickly_1H4 #Pistol_2H4 #Slender_Wiv,83,11
5,5,147,1043,#MasterFord_Wiv,#AnnePage_Wiv #BOYS_Wiv #DoctorCaius_Wiv #Falstaff_1H4 #Fenton_Wiv #HughEvans_Wiv #MasterFord_Wiv #MasterPage_Wiv #MistressFord_Wiv #MistressPage_Wiv #MistressQuickly_1H4 #Pistol_2H4 #Slender_Wiv,25,3
5,5,147,1044,#Falstaff_1H4,#AnnePage_Wiv #BOYS_Wiv #DoctorCaius_Wiv #Falstaff_1H4 #Fenton_Wiv #HughEvans_Wiv #MasterFord_Wiv #MasterPage_Wiv #MistressFord_Wiv #MistressPage_Wiv #MistressQuickly_1H4 #Pistol_2H4 #Slender_Wiv,19,3
5,5,147,1045,#MasterPage_Wiv,#AnnePage_Wiv #BOYS_Wiv #DoctorCaius_Wiv #Falstaff_1H4 #Fenton_Wiv #HughEvans_Wiv #MasterFord_Wiv #MasterPage_Wiv #MistressFord_Wiv #MistressPage_Wiv #MistressQuickly_1H4 #Pistol_2H4 #Slender_Wiv,15,2
5,5,147,1046,#Falstaff_1H4,#AnnePage_Wiv #BOYS_Wiv #DoctorCaius_Wiv #Falstaff_1H4 #Fenton_Wiv #HughEvans_Wiv #MasterFord_Wiv #MasterPage_Wiv #MistressFord_Wiv #MistressPage_Wiv #MistressQuickly_1H4 #Pistol_2H4 #Slender_Wiv,9,1
5,5,147,1047,#MistressPage_Wiv,#AnnePage_Wiv #BOYS_Wiv #DoctorCaius_Wiv #Falstaff_1H4 #Fenton_Wiv #HughEvans_Wiv #MasterFord_Wiv #MasterPage_Wiv #MistressFord_Wiv #MistressPage_Wiv #MistressQuickly_1H4 #Pistol_2H4 #Slender_Wiv,36,5
5,5,147,1048,#MasterFord_Wiv,#AnnePage_Wiv #BOYS_Wiv #DoctorCaius_Wiv #Falstaff_1H4 #Fenton_Wiv #HughEvans_Wiv #MasterFord_Wiv #MasterPage_Wiv #MistressFord_Wiv #MistressPage_Wiv #MistressQuickly_1H4 #Pistol_2H4 #Slender_Wiv,23,3
