node1,node2,key,act,scene,stagegroup,n_tokens,n_lines,edge_index
#Hostess_Shr,#Sly_Shr,0,0,1,1,73,12,1
#HUNTSMEN_Shr,#Lord_Shr,0,0,1,3,48,6,3
#HUNTSMEN_Shr,#SERVANTS.LORD_Shr,0,0,1,3,48,6,3
#Lord_Shr,#SERVANTS.LORD_Shr,0,0,1,3,48,6,3
#Sly_Shr,#HUNTSMEN_Shr,0,0,1,3,48,6,3
#Sly_Shr,#Lord_Shr,0,0,1,3,48,6,3
#Sly_Shr,#SERVANTS.LORD_Shr,0,0,1,3,48,6,3
#HUNTSMEN_Shr,#HUNTSMEN.0.1_Shr,0,0,1,4,70,9,4
#HUNTSMEN_Shr,#Lord_Shr,1,0,1,4,70,9,4
#HUNTSMEN_Shr,#SERVANTS.LORD_Shr,1,0,1,4,70,9,4
#Lord_Shr,#HUNTSMEN.0.1_Shr,0,0,1,4,70,9,4
#Lord_Shr,#SERVANTS.LORD_Shr,1,0,1,4,70,9,4
#SERVANTS.LORD_Shr,#HUNTSMEN.0.1_Shr,0,0,1,4,70,9,4
#Sly_Shr,#HUNTSMEN.0.1_Shr,0,0,1,4,70,9,4
#Sly_Shr,#HUNTSMEN_Shr,1,0,1,4,70,9,4
#Sly_Shr,#Lord_Shr,1,0,1,4,70,9,4
#Sly_Shr,#SERVANTS.LORD_Shr,1,0,1,4,70,9,4
#HUNTSMEN_Shr,#Lord_Shr,2,0,1,5,10,2,5
#HUNTSMEN_Shr,#SERVANTS.LORD_Shr,2,0,1,5,10,2,5
#Lord_Shr,#SERVANTS.LORD_Shr,2,0,1,5,10,2,5
#Sly_Shr,#HUNTSMEN_Shr,2,0,1,5,10,2,5
#Sly_Shr,#Lord_Shr,2,0,1,5,10,2,5
#Sly_Shr,#SERVANTS.LORD_Shr,2,0,1,5,10,2,5
#HUNTSMEN_Shr,#HUNTSMEN.0.2_Shr,0,0,1,6,86,11,6
#HUNTSMEN_Shr,#Lord_Shr,3,0,1,6,86,11,6
#HUNTSMEN_Shr,#SERVANTS.LORD_Shr,3,0,1,6,86,11,6
#Lord_Shr,#HUNTSMEN.0.2_Shr,0,0,1,6,86,11,6
#Lord_Shr,#SERVANTS.LORD_Shr,3,0,1,6,86,11,6
#SERVANTS.LORD_Shr,#HUNTSMEN.0.2_Shr,0,0,1,6,86,11,6
#Sly_Shr,#HUNTSMEN.0.2_Shr,0,0,1,6,86,11,6
#Sly_Shr,#HUNTSMEN_Shr,3,0,1,6,86,11,6
#Sly_Shr,#Lord_Shr,3,0,1,6,86,11,6
#Sly_Shr,#SERVANTS.LORD_Shr,3,0,1,6,86,11,6
#HUNTSMEN.0.2_Shr,#HUNTSMEN.0.3_Shr,0,0,1,7,260,33,7
#HUNTSMEN_Shr,#HUNTSMEN.0.2_Shr,1,0,1,7,260,33,7
#HUNTSMEN_Shr,#HUNTSMEN.0.3_Shr,0,0,1,7,260,33,7
#HUNTSMEN_Shr,#Lord_Shr,4,0,1,7,260,33,7
#HUNTSMEN_Shr,#SERVANTS.LORD_Shr,4,0,1,7,260,33,7
#Lord_Shr,#HUNTSMEN.0.2_Shr,1,0,1,7,260,33,7
#Lord_Shr,#HUNTSMEN.0.3_Shr,0,0,1,7,260,33,7
#Lord_Shr,#SERVANTS.LORD_Shr,4,0,1,7,260,33,7
#SERVANTS.LORD_Shr,#HUNTSMEN.0.2_Shr,1,0,1,7,260,33,7
#SERVANTS.LORD_Shr,#HUNTSMEN.0.3_Shr,0,0,1,7,260,33,7
#Sly_Shr,#HUNTSMEN.0.2_Shr,1,0,1,7,260,33,7
#Sly_Shr,#HUNTSMEN.0.3_Shr,0,0,1,7,260,33,7
#Sly_Shr,#HUNTSMEN_Shr,4,0,1,7,260,33,7
#Sly_Shr,#Lord_Shr,4,0,1,7,260,33,7
#Sly_Shr,#SERVANTS.LORD_Shr,4,0,1,7,260,33,7
#HUNTSMEN.0.2_Shr,#HUNTSMEN.0.3_Shr,1,0,1,8,21,3,8
#Lord_Shr,#HUNTSMEN.0.2_Shr,2,0,1,8,21,3,8
#Lord_Shr,#HUNTSMEN.0.3_Shr,1,0,1,8,21,3,8
#Lord_Shr,#SERVANTS.LORD_Shr,5,0,1,8,21,3,8
#SERVANTS.LORD_Shr,#HUNTSMEN.0.2_Shr,2,0,1,8,21,3,8
#SERVANTS.LORD_Shr,#HUNTSMEN.0.3_Shr,1,0,1,8,21,3,8
#HUNTSMEN.0.2_Shr,#HUNTSMEN.0.3_Shr,2,0,1,9,21,4,9
#HUNTSMEN.0.2_Shr,#SERVANTS.LORD.0.1_Shr,0,0,1,9,21,4,9
#HUNTSMEN.0.3_Shr,#SERVANTS.LORD.0.1_Shr,0,0,1,9,21,4,9
#Lord_Shr,#HUNTSMEN.0.2_Shr,3,0,1,9,21,4,9
#Lord_Shr,#HUNTSMEN.0.3_Shr,2,0,1,9,21,4,9
#Lord_Shr,#SERVANTS.LORD.0.1_Shr,0,0,1,9,21,4,9
#Lord_Shr,#SERVANTS.LORD_Shr,6,0,1,9,21,4,9
#SERVANTS.LORD_Shr,#HUNTSMEN.0.2_Shr,3,0,1,9,21,4,9
#SERVANTS.LORD_Shr,#HUNTSMEN.0.3_Shr,2,0,1,9,21,4,9
#SERVANTS.LORD_Shr,#SERVANTS.LORD.0.1_Shr,0,0,1,9,21,4,9
#HUNTSMEN.0.2_Shr,#HUNTSMEN.0.3_Shr,3,0,1,10,17,3,10
#HUNTSMEN.0.2_Shr,#PLAYERS_Shr,0,0,1,10,17,3,10
#HUNTSMEN.0.2_Shr,#SERVANTS.LORD.0.1_Shr,1,0,1,10,17,3,10
#HUNTSMEN.0.3_Shr,#PLAYERS_Shr,0,0,1,10,17,3,10
#HUNTSMEN.0.3_Shr,#SERVANTS.LORD.0.1_Shr,1,0,1,10,17,3,10
#Lord_Shr,#HUNTSMEN.0.2_Shr,4,0,1,10,17,3,10
#Lord_Shr,#HUNTSMEN.0.3_Shr,3,0,1,10,17,3,10
#Lord_Shr,#PLAYERS_Shr,0,0,1,10,17,3,10
#Lord_Shr,#SERVANTS.LORD.0.1_Shr,1,0,1,10,17,3,10
#Lord_Shr,#SERVANTS.LORD_Shr,7,0,1,10,17,3,10
#SERVANTS.LORD.0.1_Shr,#PLAYERS_Shr,0,0,1,10,17,3,10
#SERVANTS.LORD_Shr,#HUNTSMEN.0.2_Shr,4,0,1,10,17,3,10
#SERVANTS.LORD_Shr,#HUNTSMEN.0.3_Shr,3,0,1,10,17,3,10
#SERVANTS.LORD_Shr,#PLAYERS_Shr,0,0,1,10,17,3,10
#SERVANTS.LORD_Shr,#SERVANTS.LORD.0.1_Shr,1,0,1,10,17,3,10
#HUNTSMEN.0.2_Shr,#HUNTSMEN.0.3_Shr,4,0,1,11,47,6,11
#HUNTSMEN.0.2_Shr,#PLAYERS.0.1_Shr,0,0,1,11,47,6,11
#HUNTSMEN.0.2_Shr,#PLAYERS_Shr,1,0,1,11,47,6,11
#HUNTSMEN.0.2_Shr,#SERVANTS.LORD.0.1_Shr,2,0,1,11,47,6,11
#HUNTSMEN.0.3_Shr,#PLAYERS.0.1_Shr,0,0,1,11,47,6,11
#HUNTSMEN.0.3_Shr,#PLAYERS_Shr,1,0,1,11,47,6,11
#HUNTSMEN.0.3_Shr,#SERVANTS.LORD.0.1_Shr,2,0,1,11,47,6,11
#Lord_Shr,#HUNTSMEN.0.2_Shr,5,0,1,11,47,6,11
#Lord_Shr,#HUNTSMEN.0.3_Shr,4,0,1,11,47,6,11
#Lord_Shr,#PLAYERS.0.1_Shr,0,0,1,11,47,6,11
#Lord_Shr,#PLAYERS_Shr,1,0,1,11,47,6,11
#Lord_Shr,#SERVANTS.LORD.0.1_Shr,2,0,1,11,47,6,11
#Lord_Shr,#SERVANTS.LORD_Shr,8,0,1,11,47,6,11
#PLAYERS_Shr,#PLAYERS.0.1_Shr,0,0,1,11,47,6,11
#SERVANTS.LORD.0.1_Shr,#PLAYERS.0.1_Shr,0,0,1,11,47,6,11
#SERVANTS.LORD.0.1_Shr,#PLAYERS_Shr,1,0,1,11,47,6,11
#SERVANTS.LORD_Shr,#HUNTSMEN.0.2_Shr,5,0,1,11,47,6,11
#SERVANTS.LORD_Shr,#HUNTSMEN.0.3_Shr,4,0,1,11,47,6,11
#SERVANTS.LORD_Shr,#PLAYERS.0.1_Shr,0,0,1,11,47,6,11
#SERVANTS.LORD_Shr,#PLAYERS_Shr,1,0,1,11,47,6,11
#SERVANTS.LORD_Shr,#SERVANTS.LORD.0.1_Shr,2,0,1,11,47,6,11
#HUNTSMEN.0.2_Shr,#HUNTSMEN.0.3_Shr,5,0,1,12,130,17,12
#HUNTSMEN.0.2_Shr,#PLAYERS.0.1_Shr,1,0,1,12,130,17,12
#HUNTSMEN.0.2_Shr,#PLAYERS.0.2_Shr,0,0,1,12,130,17,12
#HUNTSMEN.0.2_Shr,#PLAYERS_Shr,2,0,1,12,130,17,12
#HUNTSMEN.0.2_Shr,#SERVANTS.LORD.0.1_Shr,3,0,1,12,130,17,12
#HUNTSMEN.0.3_Shr,#PLAYERS.0.1_Shr,1,0,1,12,130,17,12
#HUNTSMEN.0.3_Shr,#PLAYERS.0.2_Shr,0,0,1,12,130,17,12
#HUNTSMEN.0.3_Shr,#PLAYERS_Shr,2,0,1,12,130,17,12
#HUNTSMEN.0.3_Shr,#SERVANTS.LORD.0.1_Shr,3,0,1,12,130,17,12
#Lord_Shr,#HUNTSMEN.0.2_Shr,6,0,1,12,130,17,12
#Lord_Shr,#HUNTSMEN.0.3_Shr,5,0,1,12,130,17,12
#Lord_Shr,#PLAYERS.0.1_Shr,1,0,1,12,130,17,12
#Lord_Shr,#PLAYERS.0.2_Shr,0,0,1,12,130,17,12
#Lord_Shr,#PLAYERS_Shr,2,0,1,12,130,17,12
#Lord_Shr,#SERVANTS.LORD.0.1_Shr,3,0,1,12,130,17,12
#Lord_Shr,#SERVANTS.LORD_Shr,9,0,1,12,130,17,12
#PLAYERS.0.1_Shr,#PLAYERS.0.2_Shr,0,0,1,12,130,17,12
#PLAYERS_Shr,#PLAYERS.0.1_Shr,1,0,1,12,130,17,12
#PLAYERS_Shr,#PLAYERS.0.2_Shr,0,0,1,12,130,17,12
#SERVANTS.LORD.0.1_Shr,#PLAYERS.0.1_Shr,1,0,1,12,130,17,12
#SERVANTS.LORD.0.1_Shr,#PLAYERS.0.2_Shr,0,0,1,12,130,17,12
#SERVANTS.LORD.0.1_Shr,#PLAYERS_Shr,2,0,1,12,130,17,12
#SERVANTS.LORD_Shr,#HUNTSMEN.0.2_Shr,6,0,1,12,130,17,12
#SERVANTS.LORD_Shr,#HUNTSMEN.0.3_Shr,5,0,1,12,130,17,12
#SERVANTS.LORD_Shr,#PLAYERS.0.1_Shr,1,0,1,12,130,17,12
#SERVANTS.LORD_Shr,#PLAYERS.0.2_Shr,0,0,1,12,130,17,12
#SERVANTS.LORD_Shr,#PLAYERS_Shr,2,0,1,12,130,17,12
#SERVANTS.LORD_Shr,#SERVANTS.LORD.0.1_Shr,3,0,1,12,130,17,12
#HUNTSMEN.0.2_Shr,#HUNTSMEN.0.3_Shr,6,0,1,13,263,35,13
#HUNTSMEN.0.2_Shr,#PLAYERS.0.1_Shr,2,0,1,13,263,35,13
#HUNTSMEN.0.2_Shr,#PLAYERS.0.2_Shr,1,0,1,13,263,35,13
#HUNTSMEN.0.3_Shr,#PLAYERS.0.1_Shr,2,0,1,13,263,35,13
#HUNTSMEN.0.3_Shr,#PLAYERS.0.2_Shr,1,0,1,13,263,35,13
#Lord_Shr,#HUNTSMEN.0.2_Shr,7,0,1,13,263,35,13
#Lord_Shr,#HUNTSMEN.0.3_Shr,6,0,1,13,263,35,13
#Lord_Shr,#PLAYERS.0.1_Shr,2,0,1,13,263,35,13
#Lord_Shr,#PLAYERS.0.2_Shr,1,0,1,13,263,35,13
#Lord_Shr,#SERVANTS.LORD_Shr,10,0,1,13,263,35,13
#PLAYERS.0.1_Shr,#PLAYERS.0.2_Shr,1,0,1,13,263,35,13
#SERVANTS.LORD_Shr,#HUNTSMEN.0.2_Shr,7,0,1,13,263,35,13
#SERVANTS.LORD_Shr,#HUNTSMEN.0.3_Shr,6,0,1,13,263,35,13
#SERVANTS.LORD_Shr,#PLAYERS.0.1_Shr,2,0,1,13,263,35,13
#SERVANTS.LORD_Shr,#PLAYERS.0.2_Shr,1,0,1,13,263,35,13
#Lord_Shr,#SERVANTS.LORD_Shr,11,0,2,14,8,1,14
#Sly_Shr,#Lord_Shr,5,0,2,14,8,1,14
#Sly_Shr,#SERVANTS.LORD_Shr,5,0,2,14,8,1,14
#Lord_Shr,#SERVANTS.LORD.0.1_Shr,4,0,2,15,10,1,15
#Lord_Shr,#SERVANTS.LORD_Shr,12,0,2,15,10,1,15
#SERVANTS.LORD_Shr,#SERVANTS.LORD.0.1_Shr,4,0,2,15,10,1,15
#Sly_Shr,#Lord_Shr,6,0,2,15,10,1,15
#Sly_Shr,#SERVANTS.LORD.0.1_Shr,0,0,2,15,10,1,15
#Sly_Shr,#SERVANTS.LORD_Shr,6,0,2,15,10,1,15
#Lord_Shr,#SERVANTS.LORD.0.1_Shr,5,0,2,16,9,1,16
#Lord_Shr,#SERVANTS.LORD.0.2_Shr,0,0,2,16,9,1,16
#Lord_Shr,#SERVANTS.LORD_Shr,13,0,2,16,9,1,16
#SERVANTS.LORD.0.1_Shr,#SERVANTS.LORD.0.2_Shr,0,0,2,16,9,1,16
#SERVANTS.LORD_Shr,#SERVANTS.LORD.0.1_Shr,5,0,2,16,9,1,16
#SERVANTS.LORD_Shr,#SERVANTS.LORD.0.2_Shr,0,0,2,16,9,1,16
#Sly_Shr,#Lord_Shr,7,0,2,16,9,1,16
#Sly_Shr,#SERVANTS.LORD.0.1_Shr,1,0,2,16,9,1,16
#Sly_Shr,#SERVANTS.LORD.0.2_Shr,0,0,2,16,9,1,16
#Sly_Shr,#SERVANTS.LORD_Shr,7,0,2,16,9,1,16
#Lord_Shr,#SERVANTS.LORD.0.1_Shr,6,0,2,17,793,97,17
#Lord_Shr,#SERVANTS.LORD.0.2_Shr,1,0,2,17,793,97,17
#Lord_Shr,#SERVANTS.LORD.0.3_Shr,0,0,2,17,793,97,17
#Lord_Shr,#SERVANTS.LORD_Shr,14,0,2,17,793,97,17
#SERVANTS.LORD.0.1_Shr,#SERVANTS.LORD.0.2_Shr,1,0,2,17,793,97,17
#SERVANTS.LORD.0.1_Shr,#SERVANTS.LORD.0.3_Shr,0,0,2,17,793,97,17
#SERVANTS.LORD.0.2_Shr,#SERVANTS.LORD.0.3_Shr,0,0,2,17,793,97,17
#SERVANTS.LORD_Shr,#SERVANTS.LORD.0.1_Shr,6,0,2,17,793,97,17
#SERVANTS.LORD_Shr,#SERVANTS.LORD.0.2_Shr,1,0,2,17,793,97,17
#SERVANTS.LORD_Shr,#SERVANTS.LORD.0.3_Shr,0,0,2,17,793,97,17
#Sly_Shr,#Lord_Shr,8,0,2,17,793,97,17
#Sly_Shr,#SERVANTS.LORD.0.1_Shr,2,0,2,17,793,97,17
#Sly_Shr,#SERVANTS.LORD.0.2_Shr,1,0,2,17,793,97,17
#Sly_Shr,#SERVANTS.LORD.0.3_Shr,0,0,2,17,793,97,17
#Sly_Shr,#SERVANTS.LORD_Shr,8,0,2,17,793,97,17
#Lord_Shr,#Page_Shr,0,0,2,18,224,29,18
#Lord_Shr,#SERVANTS.LORD.0.1_Shr,7,0,2,18,224,29,18
#Lord_Shr,#SERVANTS.LORD.0.2_Shr,2,0,2,18,224,29,18
#Lord_Shr,#SERVANTS.LORD.0.3_Shr,1,0,2,18,224,29,18
#Lord_Shr,#SERVANTS.LORD.0_Shr,0,0,2,18,224,29,18
#Lord_Shr,#SERVANTS.LORD_Shr,15,0,2,18,224,29,18
#Page_Shr,#SERVANTS.LORD.0_Shr,0,0,2,18,224,29,18
#SERVANTS.LORD.0.1_Shr,#Page_Shr,0,0,2,18,224,29,18
#SERVANTS.LORD.0.1_Shr,#SERVANTS.LORD.0.2_Shr,2,0,2,18,224,29,18
#SERVANTS.LORD.0.1_Shr,#SERVANTS.LORD.0.3_Shr,1,0,2,18,224,29,18
#SERVANTS.LORD.0.1_Shr,#SERVANTS.LORD.0_Shr,0,0,2,18,224,29,18
#SERVANTS.LORD.0.2_Shr,#Page_Shr,0,0,2,18,224,29,18
#SERVANTS.LORD.0.2_Shr,#SERVANTS.LORD.0.3_Shr,1,0,2,18,224,29,18
#SERVANTS.LORD.0.2_Shr,#SERVANTS.LORD.0_Shr,0,0,2,18,224,29,18
#SERVANTS.LORD.0.3_Shr,#Page_Shr,0,0,2,18,224,29,18
#SERVANTS.LORD.0.3_Shr,#SERVANTS.LORD.0_Shr,0,0,2,18,224,29,18
#SERVANTS.LORD_Shr,#Page_Shr,0,0,2,18,224,29,18
#SERVANTS.LORD_Shr,#SERVANTS.LORD.0.1_Shr,7,0,2,18,224,29,18
#SERVANTS.LORD_Shr,#SERVANTS.LORD.0.2_Shr,2,0,2,18,224,29,18
#SERVANTS.LORD_Shr,#SERVANTS.LORD.0.3_Shr,1,0,2,18,224,29,18
#SERVANTS.LORD_Shr,#SERVANTS.LORD.0_Shr,0,0,2,18,224,29,18
#Sly_Shr,#Lord_Shr,9,0,2,18,224,29,18
#Sly_Shr,#Page_Shr,0,0,2,18,224,29,18
#Sly_Shr,#SERVANTS.LORD.0.1_Shr,3,0,2,18,224,29,18
#Sly_Shr,#SERVANTS.LORD.0.2_Shr,2,0,2,18,224,29,18
#Sly_Shr,#SERVANTS.LORD.0.3_Shr,1,0,2,18,224,29,18
#Sly_Shr,#SERVANTS.LORD.0_Shr,0,0,2,18,224,29,18
#Sly_Shr,#SERVANTS.LORD_Shr,9,0,2,18,224,29,18
#Lord_Shr,#Messenger_Shr,0,0,2,19,68,10,19
#Lord_Shr,#Page_Shr,1,0,2,19,68,10,19
#Lord_Shr,#SERVANTS.LORD.0.1_Shr,8,0,2,19,68,10,19
#Lord_Shr,#SERVANTS.LORD.0.2_Shr,3,0,2,19,68,10,19
#Lord_Shr,#SERVANTS.LORD.0.3_Shr,2,0,2,19,68,10,19
#Lord_Shr,#SERVANTS.LORD.0_Shr,1,0,2,19,68,10,19
#Lord_Shr,#SERVANTS.LORD_Shr,16,0,2,19,68,10,19
#Page_Shr,#Messenger_Shr,0,0,2,19,68,10,19
#Page_Shr,#SERVANTS.LORD.0_Shr,1,0,2,19,68,10,19
#SERVANTS.LORD.0.1_Shr,#Messenger_Shr,0,0,2,19,68,10,19
#SERVANTS.LORD.0.1_Shr,#Page_Shr,1,0,2,19,68,10,19
#SERVANTS.LORD.0.1_Shr,#SERVANTS.LORD.0.2_Shr,3,0,2,19,68,10,19
#SERVANTS.LORD.0.1_Shr,#SERVANTS.LORD.0.3_Shr,2,0,2,19,68,10,19
#SERVANTS.LORD.0.1_Shr,#SERVANTS.LORD.0_Shr,1,0,2,19,68,10,19
#SERVANTS.LORD.0.2_Shr,#Messenger_Shr,0,0,2,19,68,10,19
#SERVANTS.LORD.0.2_Shr,#Page_Shr,1,0,2,19,68,10,19
#SERVANTS.LORD.0.2_Shr,#SERVANTS.LORD.0.3_Shr,2,0,2,19,68,10,19
#SERVANTS.LORD.0.2_Shr,#SERVANTS.LORD.0_Shr,1,0,2,19,68,10,19
#SERVANTS.LORD.0.3_Shr,#Messenger_Shr,0,0,2,19,68,10,19
#SERVANTS.LORD.0.3_Shr,#Page_Shr,1,0,2,19,68,10,19
#SERVANTS.LORD.0.3_Shr,#SERVANTS.LORD.0_Shr,1,0,2,19,68,10,19
#SERVANTS.LORD.0_Shr,#Messenger_Shr,0,0,2,19,68,10,19
#SERVANTS.LORD_Shr,#Messenger_Shr,0,0,2,19,68,10,19
#SERVANTS.LORD_Shr,#Page_Shr,1,0,2,19,68,10,19
#SERVANTS.LORD_Shr,#SERVANTS.LORD.0.1_Shr,8,0,2,19,68,10,19
#SERVANTS.LORD_Shr,#SERVANTS.LORD.0.2_Shr,3,0,2,19,68,10,19
#SERVANTS.LORD_Shr,#SERVANTS.LORD.0.3_Shr,2,0,2,19,68,10,19
#SERVANTS.LORD_Shr,#SERVANTS.LORD.0_Shr,1,0,2,19,68,10,19
#Sly_Shr,#Lord_Shr,10,0,2,19,68,10,19
#Sly_Shr,#Messenger_Shr,0,0,2,19,68,10,19
#Sly_Shr,#Page_Shr,1,0,2,19,68,10,19
#Sly_Shr,#SERVANTS.LORD.0.1_Shr,4,0,2,19,68,10,19
#Sly_Shr,#SERVANTS.LORD.0.2_Shr,3,0,2,19,68,10,19
#Sly_Shr,#SERVANTS.LORD.0.3_Shr,2,0,2,19,68,10,19
#Sly_Shr,#SERVANTS.LORD.0_Shr,1,0,2,19,68,10,19
#Sly_Shr,#SERVANTS.LORD_Shr,10,0,2,19,68,10,19
#Lord_Shr,#Page_Shr,2,0,2,20,50,8,20
#Lord_Shr,#SERVANTS.LORD.0.1_Shr,9,0,2,20,50,8,20
#Lord_Shr,#SERVANTS.LORD.0.2_Shr,4,0,2,20,50,8,20
#Lord_Shr,#SERVANTS.LORD.0.3_Shr,3,0,2,20,50,8,20
#Lord_Shr,#SERVANTS.LORD.0_Shr,2,0,2,20,50,8,20
#Lord_Shr,#SERVANTS.LORD_Shr,17,0,2,20,50,8,20
#Page_Shr,#SERVANTS.LORD.0_Shr,2,0,2,20,50,8,20
#SERVANTS.LORD.0.1_Shr,#Page_Shr,2,0,2,20,50,8,20
#SERVANTS.LORD.0.1_Shr,#SERVANTS.LORD.0.2_Shr,4,0,2,20,50,8,20
#SERVANTS.LORD.0.1_Shr,#SERVANTS.LORD.0.3_Shr,3,0,2,20,50,8,20
#SERVANTS.LORD.0.1_Shr,#SERVANTS.LORD.0_Shr,2,0,2,20,50,8,20
#SERVANTS.LORD.0.2_Shr,#Page_Shr,2,0,2,20,50,8,20
#SERVANTS.LORD.0.2_Shr,#SERVANTS.LORD.0.3_Shr,3,0,2,20,50,8,20
#SERVANTS.LORD.0.2_Shr,#SERVANTS.LORD.0_Shr,2,0,2,20,50,8,20
#SERVANTS.LORD.0.3_Shr,#Page_Shr,2,0,2,20,50,8,20
#SERVANTS.LORD.0.3_Shr,#SERVANTS.LORD.0_Shr,2,0,2,20,50,8,20
#SERVANTS.LORD_Shr,#Page_Shr,2,0,2,20,50,8,20
#SERVANTS.LORD_Shr,#SERVANTS.LORD.0.1_Shr,9,0,2,20,50,8,20
#SERVANTS.LORD_Shr,#SERVANTS.LORD.0.2_Shr,4,0,2,20,50,8,20
#SERVANTS.LORD_Shr,#SERVANTS.LORD.0.3_Shr,3,0,2,20,50,8,20
#SERVANTS.LORD_Shr,#SERVANTS.LORD.0_Shr,2,0,2,20,50,8,20
#Sly_Shr,#Lord_Shr,11,0,2,20,50,8,20
#Sly_Shr,#Page_Shr,2,0,2,20,50,8,20
#Sly_Shr,#SERVANTS.LORD.0.1_Shr,5,0,2,20,50,8,20
#Sly_Shr,#SERVANTS.LORD.0.2_Shr,4,0,2,20,50,8,20
#Sly_Shr,#SERVANTS.LORD.0.3_Shr,3,0,2,20,50,8,20
#Sly_Shr,#SERVANTS.LORD.0_Shr,2,0,2,20,50,8,20
#Sly_Shr,#SERVANTS.LORD_Shr,11,0,2,20,50,8,20
#Lucentio_Shr,#Tranio_Shr,0,1,1,21,322,45,21
#Baptista_Shr,#Bianca_Shr,0,1,1,22,347,48,22
#Baptista_Shr,#Gremio_Shr,0,1,1,22,347,48,22
#Baptista_Shr,#Hortensio_Shr,0,1,1,22,347,48,22
#Baptista_Shr,#Katherine_Shr,0,1,1,22,347,48,22
#Bianca_Shr,#Gremio_Shr,0,1,1,22,347,48,22
#Bianca_Shr,#Hortensio_Shr,0,1,1,22,347,48,22
#Bianca_Shr,#Katherine_Shr,0,1,1,22,347,48,22
#Gremio_Shr,#Hortensio_Shr,0,1,1,22,347,48,22
#Gremio_Shr,#Katherine_Shr,0,1,1,22,347,48,22
#Hortensio_Shr,#Katherine_Shr,0,1,1,22,347,48,22
#Lucentio_Shr,#Baptista_Shr,0,1,1,22,347,48,22
#Lucentio_Shr,#Bianca_Shr,0,1,1,22,347,48,22
#Lucentio_Shr,#Gremio_Shr,0,1,1,22,347,48,22
#Lucentio_Shr,#Hortensio_Shr,0,1,1,22,347,48,22
#Lucentio_Shr,#Katherine_Shr,0,1,1,22,347,48,22
#Lucentio_Shr,#Tranio_Shr,1,1,1,22,347,48,22
#Tranio_Shr,#Baptista_Shr,0,1,1,22,347,48,22
#Tranio_Shr,#Bianca_Shr,0,1,1,22,347,48,22
#Tranio_Shr,#Gremio_Shr,0,1,1,22,347,48,22
#Tranio_Shr,#Hortensio_Shr,0,1,1,22,347,48,22
#Tranio_Shr,#Katherine_Shr,0,1,1,22,347,48,22
#Baptista_Shr,#Gremio_Shr,1,1,1,23,72,10,23
#Baptista_Shr,#Hortensio_Shr,1,1,1,23,72,10,23
#Baptista_Shr,#Katherine_Shr,1,1,1,23,72,10,23
#Gremio_Shr,#Hortensio_Shr,1,1,1,23,72,10,23
#Gremio_Shr,#Katherine_Shr,1,1,1,23,72,10,23
#Hortensio_Shr,#Katherine_Shr,1,1,1,23,72,10,23
#Lucentio_Shr,#Baptista_Shr,1,1,1,23,72,10,23
#Lucentio_Shr,#Gremio_Shr,1,1,1,23,72,10,23
#Lucentio_Shr,#Hortensio_Shr,1,1,1,23,72,10,23
#Lucentio_Shr,#Katherine_Shr,1,1,1,23,72,10,23
#Lucentio_Shr,#Tranio_Shr,2,1,1,23,72,10,23
#Tranio_Shr,#Baptista_Shr,1,1,1,23,72,10,23
#Tranio_Shr,#Gremio_Shr,1,1,1,23,72,10,23
#Tranio_Shr,#Hortensio_Shr,1,1,1,23,72,10,23
#Tranio_Shr,#Katherine_Shr,1,1,1,23,72,10,23
#Gremio_Shr,#Hortensio_Shr,2,1,1,24,31,3,24
#Gremio_Shr,#Katherine_Shr,2,1,1,24,31,3,24
#Hortensio_Shr,#Katherine_Shr,2,1,1,24,31,3,24
#Lucentio_Shr,#Gremio_Shr,2,1,1,24,31,3,24
#Lucentio_Shr,#Hortensio_Shr,2,1,1,24,31,3,24
#Lucentio_Shr,#Katherine_Shr,2,1,1,24,31,3,24
#Lucentio_Shr,#Tranio_Shr,3,1,1,24,31,3,24
#Tranio_Shr,#Gremio_Shr,2,1,1,24,31,3,24
#Tranio_Shr,#Hortensio_Shr,2,1,1,24,31,3,24
#Tranio_Shr,#Katherine_Shr,2,1,1,24,31,3,24
#Gremio_Shr,#Hortensio_Shr,3,1,1,25,344,41,25
#Lucentio_Shr,#Gremio_Shr,3,1,1,25,344,41,25
#Lucentio_Shr,#Hortensio_Shr,3,1,1,25,344,41,25
#Lucentio_Shr,#Tranio_Shr,4,1,1,25,344,41,25
#Tranio_Shr,#Gremio_Shr,3,1,1,25,344,41,25
#Tranio_Shr,#Hortensio_Shr,3,1,1,25,344,41,25
#Lucentio_Shr,#Tranio_Shr,5,1,1,26,604,79,26
#Lucentio_Shr,#Biondello_Shr,0,1,1,27,229,32,27
#Lucentio_Shr,#Tranio_Shr,6,1,1,27,229,32,27
#Tranio_Shr,#Biondello_Shr,0,1,1,27,229,32,27
#Sly_Shr,#SERVANTS.LORD.0.1_Shr,6,1,1,29,16,2,29
#SERVANTS.LORD.0.1_Shr,#Page_Shr,3,1,1,30,17,3,30
#Sly_Shr,#Page_Shr,3,1,1,30,17,3,30
#Sly_Shr,#SERVANTS.LORD.0.1_Shr,7,1,1,30,17,3,30
#Grumio_Shr,#Petruchio_Shr,0,1,2,31,151,21,31
#Grumio_Shr,#Petruchio_Shr,1,1,2,32,953,119,32
#Hortensio_Shr,#Grumio_Shr,0,1,2,32,953,119,32
#Hortensio_Shr,#Petruchio_Shr,0,1,2,32,953,119,32
#Gremio_Shr,#Grumio_Shr,0,1,2,33,614,81,33
#Gremio_Shr,#Hortensio_Shr,4,1,2,33,614,81,33
#Gremio_Shr,#Petruchio_Shr,0,1,2,33,614,81,33
#Grumio_Shr,#Petruchio_Shr,2,1,2,33,614,81,33
#Hortensio_Shr,#Grumio_Shr,1,1,2,33,614,81,33
#Hortensio_Shr,#Petruchio_Shr,1,1,2,33,614,81,33
#Lucentio_Shr,#Gremio_Shr,4,1,2,33,614,81,33
#Lucentio_Shr,#Grumio_Shr,0,1,2,33,614,81,33
#Lucentio_Shr,#Hortensio_Shr,4,1,2,33,614,81,33
#Lucentio_Shr,#Petruchio_Shr,0,1,2,33,614,81,33
#Biondello_Shr,#Grumio_Shr,0,1,2,34,525,67,34
#Biondello_Shr,#Petruchio_Shr,0,1,2,34,525,67,34
#Gremio_Shr,#Biondello_Shr,0,1,2,34,525,67,34
#Gremio_Shr,#Grumio_Shr,1,1,2,34,525,67,34
#Gremio_Shr,#Hortensio_Shr,5,1,2,34,525,67,34
#Gremio_Shr,#Petruchio_Shr,1,1,2,34,525,67,34
#Grumio_Shr,#Petruchio_Shr,3,1,2,34,525,67,34
#Hortensio_Shr,#Biondello_Shr,0,1,2,34,525,67,34
#Hortensio_Shr,#Grumio_Shr,2,1,2,34,525,67,34
#Hortensio_Shr,#Petruchio_Shr,2,1,2,34,525,67,34
#Lucentio_Shr,#Biondello_Shr,1,1,2,34,525,67,34
#Lucentio_Shr,#Gremio_Shr,5,1,2,34,525,67,34
#Lucentio_Shr,#Grumio_Shr,1,1,2,34,525,67,34
#Lucentio_Shr,#Hortensio_Shr,5,1,2,34,525,67,34
#Lucentio_Shr,#Petruchio_Shr,1,1,2,34,525,67,34
#Lucentio_Shr,#Tranio_Shr,7,1,2,34,525,67,34
#Tranio_Shr,#Biondello_Shr,1,1,2,34,525,67,34
#Tranio_Shr,#Gremio_Shr,4,1,2,34,525,67,34
#Tranio_Shr,#Grumio_Shr,0,1,2,34,525,67,34
#Tranio_Shr,#Hortensio_Shr,4,1,2,34,525,67,34
#Tranio_Shr,#Petruchio_Shr,0,1,2,34,525,67,34
#Bianca_Shr,#Katherine_Shr,1,2,1,35,182,22,35
#Baptista_Shr,#Bianca_Shr,1,2,1,36,66,11,36
#Baptista_Shr,#Katherine_Shr,2,2,1,36,66,11,36
#Bianca_Shr,#Katherine_Shr,2,2,1,36,66,11,36
#Baptista_Shr,#Katherine_Shr,3,2,1,37,54,6,37
#Baptista_Shr,#Biondello_Shr,0,2,1,39,529,73,39
#Baptista_Shr,#Gremio_Shr,2,2,1,39,529,73,39
#Baptista_Shr,#Hortensio_Shr,2,2,1,39,529,73,39
#Baptista_Shr,#Petruchio_Shr,0,2,1,39,529,73,39
#Biondello_Shr,#Petruchio_Shr,1,2,1,39,529,73,39
#Gremio_Shr,#Biondello_Shr,1,2,1,39,529,73,39
#Gremio_Shr,#Hortensio_Shr,6,2,1,39,529,73,39
#Gremio_Shr,#Petruchio_Shr,2,2,1,39,529,73,39
#Hortensio_Shr,#Biondello_Shr,1,2,1,39,529,73,39
#Hortensio_Shr,#Petruchio_Shr,3,2,1,39,529,73,39
#Lucentio_Shr,#Baptista_Shr,2,2,1,39,529,73,39
#Lucentio_Shr,#Biondello_Shr,2,2,1,39,529,73,39
#Lucentio_Shr,#Gremio_Shr,6,2,1,39,529,73,39
#Lucentio_Shr,#Hortensio_Shr,6,2,1,39,529,73,39
#Lucentio_Shr,#Petruchio_Shr,2,2,1,39,529,73,39
#Lucentio_Shr,#Tranio_Shr,8,2,1,39,529,73,39
#Tranio_Shr,#Baptista_Shr,2,2,1,39,529,73,39
#Tranio_Shr,#Biondello_Shr,2,2,1,39,529,73,39
#Tranio_Shr,#Gremio_Shr,5,2,1,39,529,73,39
#Tranio_Shr,#Hortensio_Shr,5,2,1,39,529,73,39
#Tranio_Shr,#Petruchio_Shr,1,2,1,39,529,73,39
#Baptista_Shr,#Biondello_Shr,1,2,1,40,20,3,40
#Baptista_Shr,#Gremio_Shr,3,2,1,40,20,3,40
#Baptista_Shr,#Hortensio_Shr,3,2,1,40,20,3,40
#Baptista_Shr,#Petruchio_Shr,1,2,1,40,20,3,40
#Baptista_Shr,#SERVANTS.BAPTISTA.1_Shr,0,2,1,40,20,3,40
#Biondello_Shr,#Petruchio_Shr,2,2,1,40,20,3,40
#Biondello_Shr,#SERVANTS.BAPTISTA.1_Shr,0,2,1,40,20,3,40
#Gremio_Shr,#Biondello_Shr,2,2,1,40,20,3,40
#Gremio_Shr,#Hortensio_Shr,7,2,1,40,20,3,40
#Gremio_Shr,#Petruchio_Shr,3,2,1,40,20,3,40
#Gremio_Shr,#SERVANTS.BAPTISTA.1_Shr,0,2,1,40,20,3,40
#Hortensio_Shr,#Biondello_Shr,2,2,1,40,20,3,40
#Hortensio_Shr,#Petruchio_Shr,4,2,1,40,20,3,40
#Hortensio_Shr,#SERVANTS.BAPTISTA.1_Shr,0,2,1,40,20,3,40
#Lucentio_Shr,#Baptista_Shr,3,2,1,40,20,3,40
#Lucentio_Shr,#Biondello_Shr,3,2,1,40,20,3,40
#Lucentio_Shr,#Gremio_Shr,7,2,1,40,20,3,40
#Lucentio_Shr,#Hortensio_Shr,7,2,1,40,20,3,40
#Lucentio_Shr,#Petruchio_Shr,3,2,1,40,20,3,40
#Lucentio_Shr,#SERVANTS.BAPTISTA.1_Shr,0,2,1,40,20,3,40
#Lucentio_Shr,#Tranio_Shr,9,2,1,40,20,3,40
#Petruchio_Shr,#SERVANTS.BAPTISTA.1_Shr,0,2,1,40,20,3,40
#Tranio_Shr,#Baptista_Shr,3,2,1,40,20,3,40
#Tranio_Shr,#Biondello_Shr,3,2,1,40,20,3,40
#Tranio_Shr,#Gremio_Shr,6,2,1,40,20,3,40
#Tranio_Shr,#Hortensio_Shr,6,2,1,40,20,3,40
#Tranio_Shr,#Petruchio_Shr,2,2,1,40,20,3,40
#Tranio_Shr,#SERVANTS.BAPTISTA.1_Shr,0,2,1,40,20,3,40
#Baptista_Shr,#Biondello_Shr,2,2,1,41,256,31,41
#Baptista_Shr,#Gremio_Shr,4,2,1,41,256,31,41
#Baptista_Shr,#Petruchio_Shr,2,2,1,41,256,31,41
#Biondello_Shr,#Petruchio_Shr,3,2,1,41,256,31,41
#Gremio_Shr,#Biondello_Shr,3,2,1,41,256,31,41
#Gremio_Shr,#Petruchio_Shr,4,2,1,41,256,31,41
#Tranio_Shr,#Baptista_Shr,4,2,1,41,256,31,41
#Tranio_Shr,#Biondello_Shr,4,2,1,41,256,31,41
#Tranio_Shr,#Gremio_Shr,7,2,1,41,256,31,41
#Tranio_Shr,#Petruchio_Shr,3,2,1,41,256,31,41
#Baptista_Shr,#Biondello_Shr,3,2,1,42,231,28,42
#Baptista_Shr,#Gremio_Shr,5,2,1,42,231,28,42
#Baptista_Shr,#Hortensio_Shr,4,2,1,42,231,28,42
#Baptista_Shr,#Petruchio_Shr,3,2,1,42,231,28,42
#Biondello_Shr,#Petruchio_Shr,4,2,1,42,231,28,42
#Gremio_Shr,#Biondello_Shr,4,2,1,42,231,28,42
#Gremio_Shr,#Hortensio_Shr,8,2,1,42,231,28,42
#Gremio_Shr,#Petruchio_Shr,5,2,1,42,231,28,42
#Hortensio_Shr,#Biondello_Shr,3,2,1,42,231,28,42
#Hortensio_Shr,#Petruchio_Shr,5,2,1,42,231,28,42
#Tranio_Shr,#Baptista_Shr,5,2,1,42,231,28,42
#Tranio_Shr,#Biondello_Shr,5,2,1,42,231,28,42
#Tranio_Shr,#Gremio_Shr,8,2,1,42,231,28,42
#Tranio_Shr,#Hortensio_Shr,7,2,1,42,231,28,42
#Tranio_Shr,#Petruchio_Shr,4,2,1,42,231,28,42
#Katherine_Shr,#Petruchio_Shr,0,2,1,44,774,104,44
#Baptista_Shr,#Gremio_Shr,6,2,1,45,376,50,45
#Baptista_Shr,#Katherine_Shr,4,2,1,45,376,50,45
#Baptista_Shr,#Petruchio_Shr,4,2,1,45,376,50,45
#Gremio_Shr,#Katherine_Shr,3,2,1,45,376,50,45
#Gremio_Shr,#Petruchio_Shr,6,2,1,45,376,50,45
#Katherine_Shr,#Petruchio_Shr,1,2,1,45,376,50,45
#Tranio_Shr,#Baptista_Shr,6,2,1,45,376,50,45
#Tranio_Shr,#Gremio_Shr,9,2,1,45,376,50,45
#Tranio_Shr,#Katherine_Shr,3,2,1,45,376,50,45
#Tranio_Shr,#Petruchio_Shr,5,2,1,45,376,50,45
#Baptista_Shr,#Gremio_Shr,7,2,1,46,586,79,46
#Tranio_Shr,#Baptista_Shr,7,2,1,46,586,79,46
#Tranio_Shr,#Gremio_Shr,10,2,1,46,586,79,46
#Tranio_Shr,#Gremio_Shr,11,2,1,47,40,5,47
#Bianca_Shr,#Hortensio_Shr,1,3,1,49,606,84,49
#Lucentio_Shr,#Bianca_Shr,1,3,1,49,606,84,49
#Lucentio_Shr,#Hortensio_Shr,8,3,1,49,606,84,49
#Bianca_Shr,#Hortensio_Shr,2,3,1,50,40,5,50
#Bianca_Shr,#SERVANTS.BAPTISTA.1_Shr,0,3,1,50,40,5,50
#Hortensio_Shr,#SERVANTS.BAPTISTA.1_Shr,1,3,1,50,40,5,50
#Lucentio_Shr,#Bianca_Shr,2,3,1,50,40,5,50
#Lucentio_Shr,#Hortensio_Shr,9,3,1,50,40,5,50
#Lucentio_Shr,#SERVANTS.BAPTISTA.1_Shr,1,3,1,50,40,5,50
#Baptista_Shr,#Bianca_Shr,2,3,2,52,206,26,52
#Baptista_Shr,#Gremio_Shr,8,3,2,52,206,26,52
#Baptista_Shr,#Katherine_Shr,5,3,2,52,206,26,52
#Baptista_Shr,#SERVANTS.BAPTISTA_Shr,0,3,2,52,206,26,52
#Bianca_Shr,#Gremio_Shr,1,3,2,52,206,26,52
#Bianca_Shr,#Katherine_Shr,3,3,2,52,206,26,52
#Bianca_Shr,#SERVANTS.BAPTISTA_Shr,0,3,2,52,206,26,52
#Gremio_Shr,#Katherine_Shr,4,3,2,52,206,26,52
#Gremio_Shr,#SERVANTS.BAPTISTA_Shr,0,3,2,52,206,26,52
#Katherine_Shr,#SERVANTS.BAPTISTA_Shr,0,3,2,52,206,26,52
#Lucentio_Shr,#Baptista_Shr,4,3,2,52,206,26,52
#Lucentio_Shr,#Bianca_Shr,3,3,2,52,206,26,52
#Lucentio_Shr,#Gremio_Shr,8,3,2,52,206,26,52
#Lucentio_Shr,#Katherine_Shr,3,3,2,52,206,26,52
#Lucentio_Shr,#SERVANTS.BAPTISTA_Shr,0,3,2,52,206,26,52
#Lucentio_Shr,#Tranio_Shr,10,3,2,52,206,26,52
#Tranio_Shr,#Baptista_Shr,8,3,2,52,206,26,52
#Tranio_Shr,#Bianca_Shr,1,3,2,52,206,26,52
#Tranio_Shr,#Gremio_Shr,12,3,2,52,206,26,52
#Tranio_Shr,#Katherine_Shr,4,3,2,52,206,26,52
#Tranio_Shr,#SERVANTS.BAPTISTA_Shr,0,3,2,52,206,26,52
#Baptista_Shr,#Bianca_Shr,3,3,2,53,26,3,53
#Baptista_Shr,#Gremio_Shr,9,3,2,53,26,3,53
#Baptista_Shr,#SERVANTS.BAPTISTA_Shr,1,3,2,53,26,3,53
#Bianca_Shr,#Gremio_Shr,2,3,2,53,26,3,53
#Bianca_Shr,#SERVANTS.BAPTISTA_Shr,1,3,2,53,26,3,53
#Gremio_Shr,#SERVANTS.BAPTISTA_Shr,1,3,2,53,26,3,53
#Lucentio_Shr,#Baptista_Shr,5,3,2,53,26,3,53
#Lucentio_Shr,#Bianca_Shr,4,3,2,53,26,3,53
#Lucentio_Shr,#Gremio_Shr,9,3,2,53,26,3,53
#Lucentio_Shr,#SERVANTS.BAPTISTA_Shr,1,3,2,53,26,3,53
#Lucentio_Shr,#Tranio_Shr,11,3,2,53,26,3,53
#Tranio_Shr,#Baptista_Shr,9,3,2,53,26,3,53
#Tranio_Shr,#Bianca_Shr,2,3,2,53,26,3,53
#Tranio_Shr,#Gremio_Shr,13,3,2,53,26,3,53
#Tranio_Shr,#SERVANTS.BAPTISTA_Shr,1,3,2,53,26,3,53
#Baptista_Shr,#Bianca_Shr,4,3,2,54,388,56,54
#Baptista_Shr,#Biondello_Shr,4,3,2,54,388,56,54
#Baptista_Shr,#Gremio_Shr,10,3,2,54,388,56,54
#Baptista_Shr,#SERVANTS.BAPTISTA_Shr,2,3,2,54,388,56,54
#Bianca_Shr,#Biondello_Shr,0,3,2,54,388,56,54
#Bianca_Shr,#Gremio_Shr,3,3,2,54,388,56,54
#Bianca_Shr,#SERVANTS.BAPTISTA_Shr,2,3,2,54,388,56,54
#Biondello_Shr,#SERVANTS.BAPTISTA_Shr,0,3,2,54,388,56,54
#Gremio_Shr,#Biondello_Shr,5,3,2,54,388,56,54
#Gremio_Shr,#SERVANTS.BAPTISTA_Shr,2,3,2,54,388,56,54
#Lucentio_Shr,#Baptista_Shr,6,3,2,54,388,56,54
#Lucentio_Shr,#Bianca_Shr,5,3,2,54,388,56,54
#Lucentio_Shr,#Biondello_Shr,4,3,2,54,388,56,54
#Lucentio_Shr,#Gremio_Shr,10,3,2,54,388,56,54
#Lucentio_Shr,#SERVANTS.BAPTISTA_Shr,2,3,2,54,388,56,54
#Lucentio_Shr,#Tranio_Shr,12,3,2,54,388,56,54
#Tranio_Shr,#Baptista_Shr,10,3,2,54,388,56,54
#Tranio_Shr,#Bianca_Shr,3,3,2,54,388,56,54
#Tranio_Shr,#Biondello_Shr,6,3,2,54,388,56,54
#Tranio_Shr,#Gremio_Shr,14,3,2,54,388,56,54
#Tranio_Shr,#SERVANTS.BAPTISTA_Shr,2,3,2,54,388,56,54
#Baptista_Shr,#Bianca_Shr,5,3,2,55,298,40,55
#Baptista_Shr,#Biondello_Shr,5,3,2,55,298,40,55
#Baptista_Shr,#Gremio_Shr,11,3,2,55,298,40,55
#Baptista_Shr,#Grumio_Shr,0,3,2,55,298,40,55
#Baptista_Shr,#Petruchio_Shr,5,3,2,55,298,40,55
#Baptista_Shr,#SERVANTS.BAPTISTA_Shr,3,3,2,55,298,40,55
#Bianca_Shr,#Biondello_Shr,1,3,2,55,298,40,55
#Bianca_Shr,#Gremio_Shr,4,3,2,55,298,40,55
#Bianca_Shr,#Grumio_Shr,0,3,2,55,298,40,55
#Bianca_Shr,#Petruchio_Shr,0,3,2,55,298,40,55
#Bianca_Shr,#SERVANTS.BAPTISTA_Shr,3,3,2,55,298,40,55
#Biondello_Shr,#Grumio_Shr,1,3,2,55,298,40,55
#Biondello_Shr,#Petruchio_Shr,5,3,2,55,298,40,55
#Biondello_Shr,#SERVANTS.BAPTISTA_Shr,1,3,2,55,298,40,55
#Gremio_Shr,#Biondello_Shr,6,3,2,55,298,40,55
#Gremio_Shr,#Grumio_Shr,2,3,2,55,298,40,55
#Gremio_Shr,#Petruchio_Shr,7,3,2,55,298,40,55
#Gremio_Shr,#SERVANTS.BAPTISTA_Shr,3,3,2,55,298,40,55
#Grumio_Shr,#Petruchio_Shr,4,3,2,55,298,40,55
#Grumio_Shr,#SERVANTS.BAPTISTA_Shr,0,3,2,55,298,40,55
#Lucentio_Shr,#Baptista_Shr,7,3,2,55,298,40,55
#Lucentio_Shr,#Bianca_Shr,6,3,2,55,298,40,55
#Lucentio_Shr,#Biondello_Shr,5,3,2,55,298,40,55
#Lucentio_Shr,#Gremio_Shr,11,3,2,55,298,40,55
#Lucentio_Shr,#Grumio_Shr,2,3,2,55,298,40,55
#Lucentio_Shr,#Petruchio_Shr,4,3,2,55,298,40,55
#Lucentio_Shr,#SERVANTS.BAPTISTA_Shr,3,3,2,55,298,40,55
#Lucentio_Shr,#Tranio_Shr,13,3,2,55,298,40,55
#Petruchio_Shr,#SERVANTS.BAPTISTA_Shr,0,3,2,55,298,40,55
#Tranio_Shr,#Baptista_Shr,11,3,2,55,298,40,55
#Tranio_Shr,#Bianca_Shr,4,3,2,55,298,40,55
#Tranio_Shr,#Biondello_Shr,7,3,2,55,298,40,55
#Tranio_Shr,#Gremio_Shr,15,3,2,55,298,40,55
#Tranio_Shr,#Grumio_Shr,1,3,2,55,298,40,55
#Tranio_Shr,#Petruchio_Shr,6,3,2,55,298,40,55
#Tranio_Shr,#SERVANTS.BAPTISTA_Shr,3,3,2,55,298,40,55
#Baptista_Shr,#Bianca_Shr,6,3,2,56,33,4,56
#Baptista_Shr,#Biondello_Shr,6,3,2,56,33,4,56
#Baptista_Shr,#Gremio_Shr,12,3,2,56,33,4,56
#Baptista_Shr,#SERVANTS.BAPTISTA_Shr,4,3,2,56,33,4,56
#Bianca_Shr,#Biondello_Shr,2,3,2,56,33,4,56
#Bianca_Shr,#Gremio_Shr,5,3,2,56,33,4,56
#Bianca_Shr,#SERVANTS.BAPTISTA_Shr,4,3,2,56,33,4,56
#Biondello_Shr,#SERVANTS.BAPTISTA_Shr,2,3,2,56,33,4,56
#Gremio_Shr,#Biondello_Shr,7,3,2,56,33,4,56
#Gremio_Shr,#SERVANTS.BAPTISTA_Shr,4,3,2,56,33,4,56
#Lucentio_Shr,#Baptista_Shr,8,3,2,56,33,4,56
#Lucentio_Shr,#Bianca_Shr,7,3,2,56,33,4,56
#Lucentio_Shr,#Biondello_Shr,6,3,2,56,33,4,56
#Lucentio_Shr,#Gremio_Shr,12,3,2,56,33,4,56
#Lucentio_Shr,#SERVANTS.BAPTISTA_Shr,4,3,2,56,33,4,56
#Lucentio_Shr,#Tranio_Shr,14,3,2,56,33,4,56
#Tranio_Shr,#Baptista_Shr,12,3,2,56,33,4,56
#Tranio_Shr,#Bianca_Shr,5,3,2,56,33,4,56
#Tranio_Shr,#Biondello_Shr,8,3,2,56,33,4,56
#Tranio_Shr,#Gremio_Shr,16,3,2,56,33,4,56
#Tranio_Shr,#SERVANTS.BAPTISTA_Shr,4,3,2,56,33,4,56
#Lucentio_Shr,#Tranio_Shr,15,3,2,57,149,21,57
#Lucentio_Shr,#Gremio_Shr,13,3,2,58,290,35,58
#Lucentio_Shr,#Tranio_Shr,16,3,2,58,290,35,58
#Tranio_Shr,#Gremio_Shr,17,3,2,58,290,35,58
#Baptista_Shr,#Bianca_Shr,7,3,2,59,451,61,59
#Baptista_Shr,#Gremio_Shr,13,3,2,59,451,61,59
#Baptista_Shr,#Grumio_Shr,1,3,2,59,451,61,59
#Baptista_Shr,#Hortensio_Shr,5,3,2,59,451,61,59
#Baptista_Shr,#Katherine_Shr,6,3,2,59,451,61,59
#Baptista_Shr,#Petruchio_Shr,6,3,2,59,451,61,59
#Baptista_Shr,#SERVANTS.BAPTISTA_Shr,5,3,2,59,451,61,59
#Bianca_Shr,#Gremio_Shr,6,3,2,59,451,61,59
#Bianca_Shr,#Grumio_Shr,1,3,2,59,451,61,59
#Bianca_Shr,#Hortensio_Shr,3,3,2,59,451,61,59
#Bianca_Shr,#Katherine_Shr,4,3,2,59,451,61,59
#Bianca_Shr,#Petruchio_Shr,1,3,2,59,451,61,59
#Bianca_Shr,#SERVANTS.BAPTISTA_Shr,5,3,2,59,451,61,59
#Gremio_Shr,#Grumio_Shr,3,3,2,59,451,61,59
#Gremio_Shr,#Hortensio_Shr,9,3,2,59,451,61,59
#Gremio_Shr,#Katherine_Shr,5,3,2,59,451,61,59
#Gremio_Shr,#Petruchio_Shr,8,3,2,59,451,61,59
#Gremio_Shr,#SERVANTS.BAPTISTA_Shr,5,3,2,59,451,61,59
#Grumio_Shr,#Petruchio_Shr,5,3,2,59,451,61,59
#Grumio_Shr,#SERVANTS.BAPTISTA_Shr,1,3,2,59,451,61,59
#Hortensio_Shr,#Grumio_Shr,3,3,2,59,451,61,59
#Hortensio_Shr,#Katherine_Shr,3,3,2,59,451,61,59
#Hortensio_Shr,#Petruchio_Shr,6,3,2,59,451,61,59
#Hortensio_Shr,#SERVANTS.BAPTISTA_Shr,0,3,2,59,451,61,59
#Katherine_Shr,#Grumio_Shr,0,3,2,59,451,61,59
#Katherine_Shr,#Petruchio_Shr,2,3,2,59,451,61,59
#Katherine_Shr,#SERVANTS.BAPTISTA_Shr,1,3,2,59,451,61,59
#Lucentio_Shr,#Baptista_Shr,9,3,2,59,451,61,59
#Lucentio_Shr,#Bianca_Shr,8,3,2,59,451,61,59
#Lucentio_Shr,#Gremio_Shr,14,3,2,59,451,61,59
#Lucentio_Shr,#Grumio_Shr,3,3,2,59,451,61,59
#Lucentio_Shr,#Hortensio_Shr,10,3,2,59,451,61,59
#Lucentio_Shr,#Katherine_Shr,4,3,2,59,451,61,59
#Lucentio_Shr,#Petruchio_Shr,5,3,2,59,451,61,59
#Lucentio_Shr,#SERVANTS.BAPTISTA_Shr,5,3,2,59,451,61,59
#Lucentio_Shr,#Tranio_Shr,17,3,2,59,451,61,59
#Petruchio_Shr,#SERVANTS.BAPTISTA_Shr,1,3,2,59,451,61,59
#Tranio_Shr,#Baptista_Shr,13,3,2,59,451,61,59
#Tranio_Shr,#Bianca_Shr,6,3,2,59,451,61,59
#Tranio_Shr,#Gremio_Shr,18,3,2,59,451,61,59
#Tranio_Shr,#Grumio_Shr,2,3,2,59,451,61,59
#Tranio_Shr,#Hortensio_Shr,8,3,2,59,451,61,59
#Tranio_Shr,#Katherine_Shr,5,3,2,59,451,61,59
#Tranio_Shr,#Petruchio_Shr,7,3,2,59,451,61,59
#Tranio_Shr,#SERVANTS.BAPTISTA_Shr,5,3,2,59,451,61,59
#Baptista_Shr,#Bianca_Shr,8,3,2,60,100,15,60
#Baptista_Shr,#Gremio_Shr,14,3,2,60,100,15,60
#Baptista_Shr,#Hortensio_Shr,6,3,2,60,100,15,60
#Baptista_Shr,#SERVANTS.BAPTISTA_Shr,6,3,2,60,100,15,60
#Bianca_Shr,#Gremio_Shr,7,3,2,60,100,15,60
#Bianca_Shr,#Hortensio_Shr,4,3,2,60,100,15,60
#Bianca_Shr,#SERVANTS.BAPTISTA_Shr,6,3,2,60,100,15,60
#Gremio_Shr,#Hortensio_Shr,10,3,2,60,100,15,60
#Gremio_Shr,#SERVANTS.BAPTISTA_Shr,6,3,2,60,100,15,60
#Hortensio_Shr,#SERVANTS.BAPTISTA_Shr,1,3,2,60,100,15,60
#Lucentio_Shr,#Baptista_Shr,10,3,2,60,100,15,60
#Lucentio_Shr,#Bianca_Shr,9,3,2,60,100,15,60
#Lucentio_Shr,#Gremio_Shr,15,3,2,60,100,15,60
#Lucentio_Shr,#Hortensio_Shr,11,3,2,60,100,15,60
#Lucentio_Shr,#SERVANTS.BAPTISTA_Shr,6,3,2,60,100,15,60
#Lucentio_Shr,#Tranio_Shr,18,3,2,60,100,15,60
#Tranio_Shr,#Baptista_Shr,14,3,2,60,100,15,60
#Tranio_Shr,#Bianca_Shr,7,3,2,60,100,15,60
#Tranio_Shr,#Gremio_Shr,19,3,2,60,100,15,60
#Tranio_Shr,#Hortensio_Shr,9,3,2,60,100,15,60
#Tranio_Shr,#SERVANTS.BAPTISTA_Shr,6,3,2,60,100,15,60
#Grumio_Shr,#Curtis_Shr,0,4,1,62,636,87,62
#Curtis_Shr,#SERVANTS.PETRUCHIO.Joseph_Shr,0,4,1,63,65,13,63
#Curtis_Shr,#SERVANTS.PETRUCHIO.Nathaniel_Shr,0,4,1,63,65,13,63
#Curtis_Shr,#SERVANTS.PETRUCHIO.Nicholas_Shr,0,4,1,63,65,13,63
#Curtis_Shr,#SERVANTS.PETRUCHIO.Peter_Shr,0,4,1,63,65,13,63
#Curtis_Shr,#SERVANTS.PETRUCHIO.Phillip_Shr,0,4,1,63,65,13,63
#Grumio_Shr,#Curtis_Shr,1,4,1,63,65,13,63
#Grumio_Shr,#SERVANTS.PETRUCHIO.Joseph_Shr,0,4,1,63,65,13,63
#Grumio_Shr,#SERVANTS.PETRUCHIO.Nathaniel_Shr,0,4,1,63,65,13,63
#Grumio_Shr,#SERVANTS.PETRUCHIO.Nicholas_Shr,0,4,1,63,65,13,63
#Grumio_Shr,#SERVANTS.PETRUCHIO.Peter_Shr,0,4,1,63,65,13,63
#Grumio_Shr,#SERVANTS.PETRUCHIO.Phillip_Shr,0,4,1,63,65,13,63
#SERVANTS.PETRUCHIO.Joseph_Shr,#SERVANTS.PETRUCHIO.Nathaniel_Shr,0,4,1,63,65,13,63
#SERVANTS.PETRUCHIO.Joseph_Shr,#SERVANTS.PETRUCHIO.Nicholas_Shr,0,4,1,63,65,13,63
#SERVANTS.PETRUCHIO.Joseph_Shr,#SERVANTS.PETRUCHIO.Peter_Shr,0,4,1,63,65,13,63
#SERVANTS.PETRUCHIO.Joseph_Shr,#SERVANTS.PETRUCHIO.Phillip_Shr,0,4,1,63,65,13,63
#SERVANTS.PETRUCHIO.Nathaniel_Shr,#SERVANTS.PETRUCHIO.Nicholas_Shr,0,4,1,63,65,13,63
#SERVANTS.PETRUCHIO.Nathaniel_Shr,#SERVANTS.PETRUCHIO.Peter_Shr,0,4,1,63,65,13,63
#SERVANTS.PETRUCHIO.Nathaniel_Shr,#SERVANTS.PETRUCHIO.Phillip_Shr,0,4,1,63,65,13,63
#SERVANTS.PETRUCHIO.Nicholas_Shr,#SERVANTS.PETRUCHIO.Peter_Shr,0,4,1,63,65,13,63
#SERVANTS.PETRUCHIO.Nicholas_Shr,#SERVANTS.PETRUCHIO.Phillip_Shr,0,4,1,63,65,13,63
#SERVANTS.PETRUCHIO.Peter_Shr,#SERVANTS.PETRUCHIO.Phillip_Shr,0,4,1,63,65,13,63
#Curtis_Shr,#SERVANTS.PETRUCHIO.Joseph_Shr,1,4,1,64,156,21,64
#Curtis_Shr,#SERVANTS.PETRUCHIO.Nathaniel_Shr,1,4,1,64,156,21,64
#Curtis_Shr,#SERVANTS.PETRUCHIO.Nicholas_Shr,1,4,1,64,156,21,64
#Curtis_Shr,#SERVANTS.PETRUCHIO.Peter_Shr,1,4,1,64,156,21,64
#Curtis_Shr,#SERVANTS.PETRUCHIO.Phillip_Shr,1,4,1,64,156,21,64
#Grumio_Shr,#Curtis_Shr,2,4,1,64,156,21,64
#Grumio_Shr,#Petruchio_Shr,6,4,1,64,156,21,64
#Grumio_Shr,#SERVANTS.PETRUCHIO.Joseph_Shr,1,4,1,64,156,21,64
#Grumio_Shr,#SERVANTS.PETRUCHIO.Nathaniel_Shr,1,4,1,64,156,21,64
#Grumio_Shr,#SERVANTS.PETRUCHIO.Nicholas_Shr,1,4,1,64,156,21,64
#Grumio_Shr,#SERVANTS.PETRUCHIO.Peter_Shr,1,4,1,64,156,21,64
#Grumio_Shr,#SERVANTS.PETRUCHIO.Phillip_Shr,1,4,1,64,156,21,64
#Katherine_Shr,#Curtis_Shr,0,4,1,64,156,21,64
#Katherine_Shr,#Grumio_Shr,1,4,1,64,156,21,64
#Katherine_Shr,#Petruchio_Shr,3,4,1,64,156,21,64
#Katherine_Shr,#SERVANTS.PETRUCHIO.Joseph_Shr,0,4,1,64,156,21,64
#Katherine_Shr,#SERVANTS.PETRUCHIO.Nathaniel_Shr,0,4,1,64,156,21,64
#Katherine_Shr,#SERVANTS.PETRUCHIO.Nicholas_Shr,0,4,1,64,156,21,64
#Katherine_Shr,#SERVANTS.PETRUCHIO.Peter_Shr,0,4,1,64,156,21,64
#Katherine_Shr,#SERVANTS.PETRUCHIO.Phillip_Shr,0,4,1,64,156,21,64
#Petruchio_Shr,#Curtis_Shr,0,4,1,64,156,21,64
#Petruchio_Shr,#SERVANTS.PETRUCHIO.Joseph_Shr,0,4,1,64,156,21,64
#Petruchio_Shr,#SERVANTS.PETRUCHIO.Nathaniel_Shr,0,4,1,64,156,21,64
#Petruchio_Shr,#SERVANTS.PETRUCHIO.Nicholas_Shr,0,4,1,64,156,21,64
#Petruchio_Shr,#SERVANTS.PETRUCHIO.Peter_Shr,0,4,1,64,156,21,64
#Petruchio_Shr,#SERVANTS.PETRUCHIO.Phillip_Shr,0,4,1,64,156,21,64
#SERVANTS.PETRUCHIO.Joseph_Shr,#SERVANTS.PETRUCHIO.Nathaniel_Shr,1,4,1,64,156,21,64
#SERVANTS.PETRUCHIO.Joseph_Shr,#SERVANTS.PETRUCHIO.Nicholas_Shr,1,4,1,64,156,21,64
#SERVANTS.PETRUCHIO.Joseph_Shr,#SERVANTS.PETRUCHIO.Peter_Shr,1,4,1,64,156,21,64
#SERVANTS.PETRUCHIO.Joseph_Shr,#SERVANTS.PETRUCHIO.Phillip_Shr,1,4,1,64,156,21,64
#SERVANTS.PETRUCHIO.Nathaniel_Shr,#SERVANTS.PETRUCHIO.Nicholas_Shr,1,4,1,64,156,21,64
#SERVANTS.PETRUCHIO.Nathaniel_Shr,#SERVANTS.PETRUCHIO.Peter_Shr,1,4,1,64,156,21,64
#SERVANTS.PETRUCHIO.Nathaniel_Shr,#SERVANTS.PETRUCHIO.Phillip_Shr,1,4,1,64,156,21,64
#SERVANTS.PETRUCHIO.Nicholas_Shr,#SERVANTS.PETRUCHIO.Peter_Shr,1,4,1,64,156,21,64
#SERVANTS.PETRUCHIO.Nicholas_Shr,#SERVANTS.PETRUCHIO.Phillip_Shr,1,4,1,64,156,21,64
#SERVANTS.PETRUCHIO.Peter_Shr,#SERVANTS.PETRUCHIO.Phillip_Shr,1,4,1,64,156,21,64
#Katherine_Shr,#Petruchio_Shr,4,4,1,65,20,4,65
#Katherine_Shr,#Petruchio_Shr,5,4,1,66,58,9,66
#Katherine_Shr,#SERVANTS.PETRUCHIO.Peter_Shr,1,4,1,66,58,9,66
#Katherine_Shr,#SERVANTS.PETRUCHIO_Shr,0,4,1,66,58,9,66
#Petruchio_Shr,#SERVANTS.PETRUCHIO.Peter_Shr,1,4,1,66,58,9,66
#Petruchio_Shr,#SERVANTS.PETRUCHIO_Shr,0,4,1,66,58,9,66
#SERVANTS.PETRUCHIO.Peter_Shr,#SERVANTS.PETRUCHIO_Shr,0,4,1,66,58,9,66
#Katherine_Shr,#Petruchio_Shr,6,4,1,67,85,12,67
#Katherine_Shr,#SERVANTS.PETRUCHIO.0.2_Shr,0,4,1,67,85,12,67
#Katherine_Shr,#SERVANTS.PETRUCHIO.Peter_Shr,2,4,1,67,85,12,67
#Katherine_Shr,#SERVANTS.PETRUCHIO_Shr,1,4,1,67,85,12,67
#Petruchio_Shr,#SERVANTS.PETRUCHIO.0.2_Shr,0,4,1,67,85,12,67
#Petruchio_Shr,#SERVANTS.PETRUCHIO.Peter_Shr,2,4,1,67,85,12,67
#Petruchio_Shr,#SERVANTS.PETRUCHIO_Shr,1,4,1,67,85,12,67
#SERVANTS.PETRUCHIO.Peter_Shr,#SERVANTS.PETRUCHIO.0.2_Shr,0,4,1,67,85,12,67
#SERVANTS.PETRUCHIO.Peter_Shr,#SERVANTS.PETRUCHIO_Shr,1,4,1,67,85,12,67
#SERVANTS.PETRUCHIO_Shr,#SERVANTS.PETRUCHIO.0.2_Shr,0,4,1,67,85,12,67
#Katherine_Shr,#Petruchio_Shr,7,4,1,68,65,10,68
#Katherine_Shr,#SERVANTS.PETRUCHIO.0.2_Shr,1,4,1,68,65,10,68
#Katherine_Shr,#SERVANTS.PETRUCHIO.0.4_Shr,0,4,1,68,65,10,68
#Katherine_Shr,#SERVANTS.PETRUCHIO.Peter_Shr,3,4,1,68,65,10,68
#Katherine_Shr,#SERVANTS.PETRUCHIO_Shr,2,4,1,68,65,10,68
#Petruchio_Shr,#SERVANTS.PETRUCHIO.0.2_Shr,1,4,1,68,65,10,68
#Petruchio_Shr,#SERVANTS.PETRUCHIO.0.4_Shr,0,4,1,68,65,10,68
#Petruchio_Shr,#SERVANTS.PETRUCHIO.Peter_Shr,3,4,1,68,65,10,68
#Petruchio_Shr,#SERVANTS.PETRUCHIO_Shr,2,4,1,68,65,10,68
#SERVANTS.PETRUCHIO.0.2_Shr,#SERVANTS.PETRUCHIO.0.4_Shr,0,4,1,68,65,10,68
#SERVANTS.PETRUCHIO.Peter_Shr,#SERVANTS.PETRUCHIO.0.2_Shr,1,4,1,68,65,10,68
#SERVANTS.PETRUCHIO.Peter_Shr,#SERVANTS.PETRUCHIO.0.4_Shr,0,4,1,68,65,10,68
#SERVANTS.PETRUCHIO.Peter_Shr,#SERVANTS.PETRUCHIO_Shr,2,4,1,68,65,10,68
#SERVANTS.PETRUCHIO_Shr,#SERVANTS.PETRUCHIO.0.2_Shr,1,4,1,68,65,10,68
#SERVANTS.PETRUCHIO_Shr,#SERVANTS.PETRUCHIO.0.4_Shr,0,4,1,68,65,10,68
#Katherine_Shr,#Petruchio_Shr,8,4,1,69,86,11,69
#Katherine_Shr,#SERVANTS.PETRUCHIO.0.2_Shr,2,4,1,69,86,11,69
#Katherine_Shr,#SERVANTS.PETRUCHIO.0.4_Shr,1,4,1,69,86,11,69
#Petruchio_Shr,#SERVANTS.PETRUCHIO.0.2_Shr,2,4,1,69,86,11,69
#Petruchio_Shr,#SERVANTS.PETRUCHIO.0.4_Shr,1,4,1,69,86,11,69
#SERVANTS.PETRUCHIO.0.2_Shr,#SERVANTS.PETRUCHIO.0.4_Shr,1,4,1,69,86,11,69
#Grumio_Shr,#SERVANTS.PETRUCHIO.0.2_Shr,0,4,1,70,13,2,70
#Grumio_Shr,#SERVANTS.PETRUCHIO.0.4_Shr,0,4,1,70,13,2,70
#Grumio_Shr,#SERVANTS.PETRUCHIO.Nathaniel_Shr,2,4,1,70,13,2,70
#Grumio_Shr,#SERVANTS.PETRUCHIO.Peter_Shr,2,4,1,70,13,2,70
#SERVANTS.PETRUCHIO.0.2_Shr,#SERVANTS.PETRUCHIO.0.4_Shr,2,4,1,70,13,2,70
#SERVANTS.PETRUCHIO.Nathaniel_Shr,#SERVANTS.PETRUCHIO.0.2_Shr,0,4,1,70,13,2,70
#SERVANTS.PETRUCHIO.Nathaniel_Shr,#SERVANTS.PETRUCHIO.0.4_Shr,0,4,1,70,13,2,70
#SERVANTS.PETRUCHIO.Nathaniel_Shr,#SERVANTS.PETRUCHIO.Peter_Shr,2,4,1,70,13,2,70
#SERVANTS.PETRUCHIO.Peter_Shr,#SERVANTS.PETRUCHIO.0.2_Shr,2,4,1,70,13,2,70
#SERVANTS.PETRUCHIO.Peter_Shr,#SERVANTS.PETRUCHIO.0.4_Shr,1,4,1,70,13,2,70
#Curtis_Shr,#SERVANTS.PETRUCHIO.0.2_Shr,0,4,1,71,48,7,71
#Curtis_Shr,#SERVANTS.PETRUCHIO.0.4_Shr,0,4,1,71,48,7,71
#Curtis_Shr,#SERVANTS.PETRUCHIO.Nathaniel_Shr,2,4,1,71,48,7,71
#Curtis_Shr,#SERVANTS.PETRUCHIO.Peter_Shr,2,4,1,71,48,7,71
#Grumio_Shr,#Curtis_Shr,3,4,1,71,48,7,71
#Grumio_Shr,#SERVANTS.PETRUCHIO.0.2_Shr,1,4,1,71,48,7,71
#Grumio_Shr,#SERVANTS.PETRUCHIO.0.4_Shr,1,4,1,71,48,7,71
#Grumio_Shr,#SERVANTS.PETRUCHIO.Nathaniel_Shr,3,4,1,71,48,7,71
#Grumio_Shr,#SERVANTS.PETRUCHIO.Peter_Shr,3,4,1,71,48,7,71
#SERVANTS.PETRUCHIO.0.2_Shr,#SERVANTS.PETRUCHIO.0.4_Shr,3,4,1,71,48,7,71
#SERVANTS.PETRUCHIO.Nathaniel_Shr,#SERVANTS.PETRUCHIO.0.2_Shr,1,4,1,71,48,7,71
#SERVANTS.PETRUCHIO.Nathaniel_Shr,#SERVANTS.PETRUCHIO.0.4_Shr,1,4,1,71,48,7,71
#SERVANTS.PETRUCHIO.Nathaniel_Shr,#SERVANTS.PETRUCHIO.Peter_Shr,3,4,1,71,48,7,71
#SERVANTS.PETRUCHIO.Peter_Shr,#SERVANTS.PETRUCHIO.0.2_Shr,3,4,1,71,48,7,71
#SERVANTS.PETRUCHIO.Peter_Shr,#SERVANTS.PETRUCHIO.0.4_Shr,2,4,1,71,48,7,71
#Petruchio_Shr,#SERVANTS.PETRUCHIO.0.2_Shr,3,4,1,72,204,24,72
#Petruchio_Shr,#SERVANTS.PETRUCHIO.0.4_Shr,2,4,1,72,204,24,72
#SERVANTS.PETRUCHIO.0.2_Shr,#SERVANTS.PETRUCHIO.0.4_Shr,4,4,1,72,204,24,72
#Tranio_Shr,#Hortensio_Shr,10,4,2,73,42,5,73
#Bianca_Shr,#Hortensio_Shr,5,4,2,74,302,38,74
#Lucentio_Shr,#Bianca_Shr,10,4,2,74,302,38,74
#Lucentio_Shr,#Hortensio_Shr,12,4,2,74,302,38,74
#Lucentio_Shr,#Tranio_Shr,19,4,2,74,302,38,74
#Tranio_Shr,#Bianca_Shr,8,4,2,74,302,38,74
#Tranio_Shr,#Hortensio_Shr,11,4,2,74,302,38,74
#Lucentio_Shr,#Bianca_Shr,11,4,2,75,116,17,75
#Lucentio_Shr,#Tranio_Shr,20,4,2,75,116,17,75
#Tranio_Shr,#Bianca_Shr,9,4,2,75,116,17,75
#Bianca_Shr,#Biondello_Shr,3,4,2,76,96,14,76
#Lucentio_Shr,#Bianca_Shr,12,4,2,76,96,14,76
#Lucentio_Shr,#Biondello_Shr,7,4,2,76,96,14,76
#Lucentio_Shr,#Tranio_Shr,21,4,2,76,96,14,76
#Tranio_Shr,#Bianca_Shr,10,4,2,76,96,14,76
#Tranio_Shr,#Biondello_Shr,9,4,2,76,96,14,76
#Biondello_Shr,#Merchant_Shr,0,4,2,77,396,52,77
#Tranio_Shr,#Biondello_Shr,10,4,2,77,396,52,77
#Tranio_Shr,#Merchant_Shr,0,4,2,77,396,52,77
#Katherine_Shr,#Grumio_Shr,2,4,3,78,288,35,78
#Grumio_Shr,#Petruchio_Shr,7,4,3,79,205,28,79
#Hortensio_Shr,#Grumio_Shr,4,4,3,79,205,28,79
#Hortensio_Shr,#Katherine_Shr,4,4,3,79,205,28,79
#Hortensio_Shr,#Petruchio_Shr,7,4,3,79,205,28,79
#Katherine_Shr,#Grumio_Shr,3,4,3,79,205,28,79
#Katherine_Shr,#Petruchio_Shr,9,4,3,79,205,28,79
#Grumio_Shr,#Petruchio_Shr,8,4,3,80,11,2,80
#Grumio_Shr,#Tailor_Shr,0,4,3,80,11,2,80
#Hortensio_Shr,#Grumio_Shr,5,4,3,80,11,2,80
#Hortensio_Shr,#Katherine_Shr,5,4,3,80,11,2,80
#Hortensio_Shr,#Petruchio_Shr,8,4,3,80,11,2,80
#Hortensio_Shr,#Tailor_Shr,0,4,3,80,11,2,80
#Katherine_Shr,#Grumio_Shr,4,4,3,80,11,2,80
#Katherine_Shr,#Petruchio_Shr,10,4,3,80,11,2,80
#Katherine_Shr,#Tailor_Shr,0,4,3,80,11,2,80
#Petruchio_Shr,#Tailor_Shr,0,4,3,80,11,2,80
#Grumio_Shr,#Haberdasher_Shr,0,4,3,81,208,25,81
#Grumio_Shr,#Petruchio_Shr,9,4,3,81,208,25,81
#Grumio_Shr,#Tailor_Shr,1,4,3,81,208,25,81
#Hortensio_Shr,#Grumio_Shr,6,4,3,81,208,25,81
#Hortensio_Shr,#Haberdasher_Shr,0,4,3,81,208,25,81
#Hortensio_Shr,#Katherine_Shr,6,4,3,81,208,25,81
#Hortensio_Shr,#Petruchio_Shr,9,4,3,81,208,25,81
#Hortensio_Shr,#Tailor_Shr,1,4,3,81,208,25,81
#Katherine_Shr,#Grumio_Shr,5,4,3,81,208,25,81
#Katherine_Shr,#Haberdasher_Shr,0,4,3,81,208,25,81
#Katherine_Shr,#Petruchio_Shr,11,4,3,81,208,25,81
#Katherine_Shr,#Tailor_Shr,1,4,3,81,208,25,81
#Petruchio_Shr,#Haberdasher_Shr,0,4,3,81,208,25,81
#Petruchio_Shr,#Tailor_Shr,1,4,3,81,208,25,81
#Tailor_Shr,#Haberdasher_Shr,0,4,3,81,208,25,81
#Grumio_Shr,#Petruchio_Shr,10,4,3,82,618,84,82
#Grumio_Shr,#Tailor_Shr,2,4,3,82,618,84,82
#Hortensio_Shr,#Grumio_Shr,7,4,3,82,618,84,82
#Hortensio_Shr,#Katherine_Shr,7,4,3,82,618,84,82
#Hortensio_Shr,#Petruchio_Shr,10,4,3,82,618,84,82
#Hortensio_Shr,#Tailor_Shr,2,4,3,82,618,84,82
#Katherine_Shr,#Grumio_Shr,6,4,3,82,618,84,82
#Katherine_Shr,#Petruchio_Shr,12,4,3,82,618,84,82
#Katherine_Shr,#Tailor_Shr,2,4,3,82,618,84,82
#Petruchio_Shr,#Tailor_Shr,2,4,3,82,618,84,82
#Grumio_Shr,#Petruchio_Shr,11,4,3,83,234,29,83
#Hortensio_Shr,#Grumio_Shr,8,4,3,83,234,29,83
#Hortensio_Shr,#Katherine_Shr,8,4,3,83,234,29,83
#Hortensio_Shr,#Petruchio_Shr,11,4,3,83,234,29,83
#Katherine_Shr,#Grumio_Shr,7,4,3,83,234,29,83
#Katherine_Shr,#Petruchio_Shr,13,4,3,83,234,29,83
#Tranio_Shr,#Merchant_Shr,1,4,4,84,57,8,84
#Biondello_Shr,#Merchant_Shr,1,4,4,85,71,10,85
#Tranio_Shr,#Biondello_Shr,11,4,4,85,71,10,85
#Tranio_Shr,#Merchant_Shr,2,4,4,85,71,10,85
#Baptista_Shr,#Biondello_Shr,7,4,4,86,379,49,86
#Baptista_Shr,#Merchant_Shr,0,4,4,86,379,49,86
#Biondello_Shr,#Merchant_Shr,2,4,4,86,379,49,86
#Lucentio_Shr,#Baptista_Shr,11,4,4,86,379,49,86
#Lucentio_Shr,#Biondello_Shr,8,4,4,86,379,49,86
#Lucentio_Shr,#Merchant_Shr,0,4,4,86,379,49,86
#Lucentio_Shr,#Tranio_Shr,22,4,4,86,379,49,86
#Tranio_Shr,#Baptista_Shr,15,4,4,86,379,49,86
#Tranio_Shr,#Biondello_Shr,12,4,4,86,379,49,86
#Tranio_Shr,#Merchant_Shr,3,4,4,86,379,49,86
#Baptista_Shr,#Biondello_Shr,8,4,4,87,46,6,87
#Baptista_Shr,#Merchant_Shr,1,4,4,87,46,6,87
#Biondello_Shr,#Merchant_Shr,3,4,4,87,46,6,87
#Tranio_Shr,#Baptista_Shr,16,4,4,87,46,6,87
#Tranio_Shr,#Biondello_Shr,13,4,4,87,46,6,87
#Tranio_Shr,#Merchant_Shr,4,4,4,87,46,6,87
#Lucentio_Shr,#Biondello_Shr,9,4,4,88,206,33,88
#Hortensio_Shr,#Katherine_Shr,9,4,5,90,231,29,90
#Hortensio_Shr,#Petruchio_Shr,12,4,5,90,231,29,90
#Hortensio_Shr,#SERVANTS.PETRUCHIO_Shr,0,4,5,90,231,29,90
#Katherine_Shr,#Petruchio_Shr,14,4,5,90,231,29,90
#Katherine_Shr,#SERVANTS.PETRUCHIO_Shr,3,4,5,90,231,29,90
#Petruchio_Shr,#SERVANTS.PETRUCHIO_Shr,3,4,5,90,231,29,90
#Hortensio_Shr,#Katherine_Shr,10,4,5,91,380,52,91
#Hortensio_Shr,#Petruchio_Shr,13,4,5,91,380,52,91
#Hortensio_Shr,#SERVANTS.PETRUCHIO_Shr,1,4,5,91,380,52,91
#Hortensio_Shr,#Vincentio_Shr,0,4,5,91,380,52,91
#Katherine_Shr,#Petruchio_Shr,15,4,5,91,380,52,91
#Katherine_Shr,#SERVANTS.PETRUCHIO_Shr,4,4,5,91,380,52,91
#Katherine_Shr,#Vincentio_Shr,0,4,5,91,380,52,91
#Petruchio_Shr,#SERVANTS.PETRUCHIO_Shr,4,4,5,91,380,52,91
#Petruchio_Shr,#Vincentio_Shr,0,4,5,91,380,52,91
#SERVANTS.PETRUCHIO_Shr,#Vincentio_Shr,0,4,5,91,380,52,91
#Bianca_Shr,#Biondello_Shr,4,5,1,93,24,4,93
#Bianca_Shr,#Gremio_Shr,8,5,1,93,24,4,93
#Gremio_Shr,#Biondello_Shr,8,5,1,93,24,4,93
#Lucentio_Shr,#Bianca_Shr,13,5,1,93,24,4,93
#Lucentio_Shr,#Biondello_Shr,10,5,1,93,24,4,93
#Lucentio_Shr,#Gremio_Shr,16,5,1,93,24,4,93
#Gremio_Shr,#Biondello_Shr,9,5,1,94,21,3,94
#Gremio_Shr,#Grumio_Shr,4,5,1,96,57,7,96
#Gremio_Shr,#Katherine_Shr,6,5,1,96,57,7,96
#Gremio_Shr,#Petruchio_Shr,9,5,1,96,57,7,96
#Gremio_Shr,#SERVANTS.PETRUCHIO_Shr,0,5,1,96,57,7,96
#Gremio_Shr,#Vincentio_Shr,0,5,1,96,57,7,96
#Grumio_Shr,#Petruchio_Shr,12,5,1,96,57,7,96
#Grumio_Shr,#SERVANTS.PETRUCHIO_Shr,0,5,1,96,57,7,96
#Grumio_Shr,#Vincentio_Shr,0,5,1,96,57,7,96
#Katherine_Shr,#Grumio_Shr,8,5,1,96,57,7,96
#Katherine_Shr,#Petruchio_Shr,16,5,1,96,57,7,96
#Katherine_Shr,#SERVANTS.PETRUCHIO_Shr,5,5,1,96,57,7,96
#Katherine_Shr,#Vincentio_Shr,1,5,1,96,57,7,96
#Petruchio_Shr,#SERVANTS.PETRUCHIO_Shr,5,5,1,96,57,7,96
#Petruchio_Shr,#Vincentio_Shr,1,5,1,96,57,7,96
#SERVANTS.PETRUCHIO_Shr,#Vincentio_Shr,1,5,1,96,57,7,96
#Gremio_Shr,#Grumio_Shr,5,5,1,97,161,27,97
#Gremio_Shr,#Katherine_Shr,7,5,1,97,161,27,97
#Gremio_Shr,#Merchant_Shr,0,5,1,97,161,27,97
#Gremio_Shr,#Petruchio_Shr,10,5,1,97,161,27,97
#Gremio_Shr,#SERVANTS.PETRUCHIO_Shr,1,5,1,97,161,27,97
#Gremio_Shr,#Vincentio_Shr,1,5,1,97,161,27,97
#Grumio_Shr,#Merchant_Shr,0,5,1,97,161,27,97
#Grumio_Shr,#Petruchio_Shr,13,5,1,97,161,27,97
#Grumio_Shr,#SERVANTS.PETRUCHIO_Shr,1,5,1,97,161,27,97
#Grumio_Shr,#Vincentio_Shr,1,5,1,97,161,27,97
#Katherine_Shr,#Grumio_Shr,9,5,1,97,161,27,97
#Katherine_Shr,#Merchant_Shr,0,5,1,97,161,27,97
#Katherine_Shr,#Petruchio_Shr,17,5,1,97,161,27,97
#Katherine_Shr,#SERVANTS.PETRUCHIO_Shr,6,5,1,97,161,27,97
#Katherine_Shr,#Vincentio_Shr,2,5,1,97,161,27,97
#Merchant_Shr,#Vincentio_Shr,0,5,1,97,161,27,97
#Petruchio_Shr,#Merchant_Shr,0,5,1,97,161,27,97
#Petruchio_Shr,#SERVANTS.PETRUCHIO_Shr,6,5,1,97,161,27,97
#Petruchio_Shr,#Vincentio_Shr,2,5,1,97,161,27,97
#SERVANTS.PETRUCHIO_Shr,#Merchant_Shr,0,5,1,97,161,27,97
#SERVANTS.PETRUCHIO_Shr,#Vincentio_Shr,2,5,1,97,161,27,97
#Biondello_Shr,#Grumio_Shr,2,5,1,98,108,17,98
#Biondello_Shr,#Merchant_Shr,4,5,1,98,108,17,98
#Biondello_Shr,#Petruchio_Shr,6,5,1,98,108,17,98
#Biondello_Shr,#SERVANTS.PETRUCHIO_Shr,0,5,1,98,108,17,98
#Biondello_Shr,#Vincentio_Shr,0,5,1,98,108,17,98
#Gremio_Shr,#Biondello_Shr,10,5,1,98,108,17,98
#Gremio_Shr,#Grumio_Shr,6,5,1,98,108,17,98
#Gremio_Shr,#Katherine_Shr,8,5,1,98,108,17,98
#Gremio_Shr,#Merchant_Shr,1,5,1,98,108,17,98
#Gremio_Shr,#Petruchio_Shr,11,5,1,98,108,17,98
#Gremio_Shr,#SERVANTS.PETRUCHIO_Shr,2,5,1,98,108,17,98
#Gremio_Shr,#Vincentio_Shr,2,5,1,98,108,17,98
#Grumio_Shr,#Merchant_Shr,1,5,1,98,108,17,98
#Grumio_Shr,#Petruchio_Shr,14,5,1,98,108,17,98
#Grumio_Shr,#SERVANTS.PETRUCHIO_Shr,2,5,1,98,108,17,98
#Grumio_Shr,#Vincentio_Shr,2,5,1,98,108,17,98
#Katherine_Shr,#Biondello_Shr,0,5,1,98,108,17,98
#Katherine_Shr,#Grumio_Shr,10,5,1,98,108,17,98
#Katherine_Shr,#Merchant_Shr,1,5,1,98,108,17,98
#Katherine_Shr,#Petruchio_Shr,18,5,1,98,108,17,98
#Katherine_Shr,#SERVANTS.PETRUCHIO_Shr,7,5,1,98,108,17,98
#Katherine_Shr,#Vincentio_Shr,3,5,1,98,108,17,98
#Merchant_Shr,#Vincentio_Shr,1,5,1,98,108,17,98
#Petruchio_Shr,#Merchant_Shr,1,5,1,98,108,17,98
#Petruchio_Shr,#SERVANTS.PETRUCHIO_Shr,7,5,1,98,108,17,98
#Petruchio_Shr,#Vincentio_Shr,3,5,1,98,108,17,98
#SERVANTS.PETRUCHIO_Shr,#Merchant_Shr,1,5,1,98,108,17,98
#SERVANTS.PETRUCHIO_Shr,#Vincentio_Shr,3,5,1,98,108,17,98
#Gremio_Shr,#Grumio_Shr,7,5,1,99,5,2,99
#Gremio_Shr,#Katherine_Shr,9,5,1,99,5,2,99
#Gremio_Shr,#Merchant_Shr,2,5,1,99,5,2,99
#Gremio_Shr,#Petruchio_Shr,12,5,1,99,5,2,99
#Gremio_Shr,#SERVANTS.PETRUCHIO_Shr,3,5,1,99,5,2,99
#Gremio_Shr,#Vincentio_Shr,3,5,1,99,5,2,99
#Grumio_Shr,#Merchant_Shr,2,5,1,99,5,2,99
#Grumio_Shr,#Petruchio_Shr,15,5,1,99,5,2,99
#Grumio_Shr,#SERVANTS.PETRUCHIO_Shr,3,5,1,99,5,2,99
#Grumio_Shr,#Vincentio_Shr,3,5,1,99,5,2,99
#Katherine_Shr,#Grumio_Shr,11,5,1,99,5,2,99
#Katherine_Shr,#Merchant_Shr,2,5,1,99,5,2,99
#Katherine_Shr,#Petruchio_Shr,19,5,1,99,5,2,99
#Katherine_Shr,#SERVANTS.PETRUCHIO_Shr,8,5,1,99,5,2,99
#Katherine_Shr,#Vincentio_Shr,4,5,1,99,5,2,99
#Merchant_Shr,#Vincentio_Shr,2,5,1,99,5,2,99
#Petruchio_Shr,#Merchant_Shr,2,5,1,99,5,2,99
#Petruchio_Shr,#SERVANTS.PETRUCHIO_Shr,8,5,1,99,5,2,99
#Petruchio_Shr,#Vincentio_Shr,4,5,1,99,5,2,99
#SERVANTS.PETRUCHIO_Shr,#Merchant_Shr,2,5,1,99,5,2,99
#SERVANTS.PETRUCHIO_Shr,#Vincentio_Shr,4,5,1,99,5,2,99
#Gremio_Shr,#Grumio_Shr,8,5,1,100,12,2,100
#Gremio_Shr,#Katherine_Shr,10,5,1,100,12,2,100
#Gremio_Shr,#Petruchio_Shr,13,5,1,100,12,2,100
#Gremio_Shr,#SERVANTS.PETRUCHIO_Shr,4,5,1,100,12,2,100
#Gremio_Shr,#Vincentio_Shr,4,5,1,100,12,2,100
#Grumio_Shr,#Petruchio_Shr,16,5,1,100,12,2,100
#Grumio_Shr,#SERVANTS.PETRUCHIO_Shr,4,5,1,100,12,2,100
#Grumio_Shr,#Vincentio_Shr,4,5,1,100,12,2,100
#Katherine_Shr,#Grumio_Shr,12,5,1,100,12,2,100
#Katherine_Shr,#Petruchio_Shr,20,5,1,100,12,2,100
#Katherine_Shr,#SERVANTS.PETRUCHIO_Shr,9,5,1,100,12,2,100
#Katherine_Shr,#Vincentio_Shr,5,5,1,100,12,2,100
#Petruchio_Shr,#SERVANTS.PETRUCHIO_Shr,9,5,1,100,12,2,100
#Petruchio_Shr,#Vincentio_Shr,5,5,1,100,12,2,100
#SERVANTS.PETRUCHIO_Shr,#Vincentio_Shr,5,5,1,100,12,2,100
#Baptista_Shr,#Gremio_Shr,15,5,1,101,222,30,101
#Baptista_Shr,#Grumio_Shr,2,5,1,101,222,30,101
#Baptista_Shr,#Katherine_Shr,7,5,1,101,222,30,101
#Baptista_Shr,#Merchant_Shr,2,5,1,101,222,30,101
#Baptista_Shr,#Petruchio_Shr,7,5,1,101,222,30,101
#Baptista_Shr,#SERVANTS.BAPTISTA_Shr,7,5,1,101,222,30,101
#Baptista_Shr,#SERVANTS.PETRUCHIO_Shr,0,5,1,101,222,30,101
#Baptista_Shr,#Vincentio_Shr,0,5,1,101,222,30,101
#Gremio_Shr,#Grumio_Shr,9,5,1,101,222,30,101
#Gremio_Shr,#Katherine_Shr,11,5,1,101,222,30,101
#Gremio_Shr,#Merchant_Shr,3,5,1,101,222,30,101
#Gremio_Shr,#Petruchio_Shr,14,5,1,101,222,30,101
#Gremio_Shr,#SERVANTS.BAPTISTA_Shr,7,5,1,101,222,30,101
#Gremio_Shr,#SERVANTS.PETRUCHIO_Shr,5,5,1,101,222,30,101
#Gremio_Shr,#Vincentio_Shr,5,5,1,101,222,30,101
#Grumio_Shr,#Merchant_Shr,3,5,1,101,222,30,101
#Grumio_Shr,#Petruchio_Shr,17,5,1,101,222,30,101
#Grumio_Shr,#SERVANTS.BAPTISTA_Shr,2,5,1,101,222,30,101
#Grumio_Shr,#SERVANTS.PETRUCHIO_Shr,5,5,1,101,222,30,101
#Grumio_Shr,#Vincentio_Shr,5,5,1,101,222,30,101
#Katherine_Shr,#Grumio_Shr,13,5,1,101,222,30,101
#Katherine_Shr,#Merchant_Shr,3,5,1,101,222,30,101
#Katherine_Shr,#Petruchio_Shr,21,5,1,101,222,30,101
#Katherine_Shr,#SERVANTS.BAPTISTA_Shr,2,5,1,101,222,30,101
#Katherine_Shr,#SERVANTS.PETRUCHIO_Shr,10,5,1,101,222,30,101
#Katherine_Shr,#Vincentio_Shr,6,5,1,101,222,30,101
#Merchant_Shr,#Vincentio_Shr,3,5,1,101,222,30,101
#Petruchio_Shr,#Merchant_Shr,3,5,1,101,222,30,101
#Petruchio_Shr,#SERVANTS.BAPTISTA_Shr,2,5,1,101,222,30,101
#Petruchio_Shr,#SERVANTS.PETRUCHIO_Shr,10,5,1,101,222,30,101
#Petruchio_Shr,#Vincentio_Shr,6,5,1,101,222,30,101
#SERVANTS.BAPTISTA_Shr,#Merchant_Shr,0,5,1,101,222,30,101
#SERVANTS.BAPTISTA_Shr,#SERVANTS.PETRUCHIO_Shr,0,5,1,101,222,30,101
#SERVANTS.BAPTISTA_Shr,#Vincentio_Shr,0,5,1,101,222,30,101
#SERVANTS.PETRUCHIO_Shr,#Merchant_Shr,3,5,1,101,222,30,101
#SERVANTS.PETRUCHIO_Shr,#Vincentio_Shr,6,5,1,101,222,30,101
#Tranio_Shr,#Baptista_Shr,17,5,1,101,222,30,101
#Tranio_Shr,#Gremio_Shr,20,5,1,101,222,30,101
#Tranio_Shr,#Grumio_Shr,3,5,1,101,222,30,101
#Tranio_Shr,#Katherine_Shr,6,5,1,101,222,30,101
#Tranio_Shr,#Merchant_Shr,5,5,1,101,222,30,101
#Tranio_Shr,#Petruchio_Shr,8,5,1,101,222,30,101
#Tranio_Shr,#SERVANTS.BAPTISTA_Shr,7,5,1,101,222,30,101
#Tranio_Shr,#SERVANTS.PETRUCHIO_Shr,0,5,1,101,222,30,101
#Tranio_Shr,#Vincentio_Shr,0,5,1,101,222,30,101
#Baptista_Shr,#Gremio_Shr,16,5,1,102,107,17,102
#Baptista_Shr,#Grumio_Shr,3,5,1,102,107,17,102
#Baptista_Shr,#Katherine_Shr,8,5,1,102,107,17,102
#Baptista_Shr,#Merchant_Shr,3,5,1,102,107,17,102
#Baptista_Shr,#Officer_Shr,0,5,1,102,107,17,102
#Baptista_Shr,#Petruchio_Shr,8,5,1,102,107,17,102
#Baptista_Shr,#SERVANTS.BAPTISTA_Shr,8,5,1,102,107,17,102
#Baptista_Shr,#SERVANTS.PETRUCHIO_Shr,1,5,1,102,107,17,102
#Baptista_Shr,#Vincentio_Shr,1,5,1,102,107,17,102
#Gremio_Shr,#Grumio_Shr,10,5,1,102,107,17,102
#Gremio_Shr,#Katherine_Shr,12,5,1,102,107,17,102
#Gremio_Shr,#Merchant_Shr,4,5,1,102,107,17,102
#Gremio_Shr,#Officer_Shr,0,5,1,102,107,17,102
#Gremio_Shr,#Petruchio_Shr,15,5,1,102,107,17,102
#Gremio_Shr,#SERVANTS.BAPTISTA_Shr,8,5,1,102,107,17,102
#Gremio_Shr,#SERVANTS.PETRUCHIO_Shr,6,5,1,102,107,17,102
#Gremio_Shr,#Vincentio_Shr,6,5,1,102,107,17,102
#Grumio_Shr,#Merchant_Shr,4,5,1,102,107,17,102
#Grumio_Shr,#Officer_Shr,0,5,1,102,107,17,102
#Grumio_Shr,#Petruchio_Shr,18,5,1,102,107,17,102
#Grumio_Shr,#SERVANTS.BAPTISTA_Shr,3,5,1,102,107,17,102
#Grumio_Shr,#SERVANTS.PETRUCHIO_Shr,6,5,1,102,107,17,102
#Grumio_Shr,#Vincentio_Shr,6,5,1,102,107,17,102
#Katherine_Shr,#Grumio_Shr,14,5,1,102,107,17,102
#Katherine_Shr,#Merchant_Shr,4,5,1,102,107,17,102
#Katherine_Shr,#Officer_Shr,0,5,1,102,107,17,102
#Katherine_Shr,#Petruchio_Shr,22,5,1,102,107,17,102
#Katherine_Shr,#SERVANTS.BAPTISTA_Shr,3,5,1,102,107,17,102
#Katherine_Shr,#SERVANTS.PETRUCHIO_Shr,11,5,1,102,107,17,102
#Katherine_Shr,#Vincentio_Shr,7,5,1,102,107,17,102
#Merchant_Shr,#Officer_Shr,0,5,1,102,107,17,102
#Merchant_Shr,#Vincentio_Shr,4,5,1,102,107,17,102
#Petruchio_Shr,#Merchant_Shr,4,5,1,102,107,17,102
#Petruchio_Shr,#Officer_Shr,0,5,1,102,107,17,102
#Petruchio_Shr,#SERVANTS.BAPTISTA_Shr,3,5,1,102,107,17,102
#Petruchio_Shr,#SERVANTS.PETRUCHIO_Shr,11,5,1,102,107,17,102
#Petruchio_Shr,#Vincentio_Shr,7,5,1,102,107,17,102
#SERVANTS.BAPTISTA_Shr,#Merchant_Shr,1,5,1,102,107,17,102
#SERVANTS.BAPTISTA_Shr,#Officer_Shr,0,5,1,102,107,17,102
#SERVANTS.BAPTISTA_Shr,#SERVANTS.PETRUCHIO_Shr,1,5,1,102,107,17,102
#SERVANTS.BAPTISTA_Shr,#Vincentio_Shr,1,5,1,102,107,17,102
#SERVANTS.PETRUCHIO_Shr,#Merchant_Shr,4,5,1,102,107,17,102
#SERVANTS.PETRUCHIO_Shr,#Officer_Shr,0,5,1,102,107,17,102
#SERVANTS.PETRUCHIO_Shr,#Vincentio_Shr,7,5,1,102,107,17,102
#Tranio_Shr,#Baptista_Shr,18,5,1,102,107,17,102
#Tranio_Shr,#Gremio_Shr,21,5,1,102,107,17,102
#Tranio_Shr,#Grumio_Shr,4,5,1,102,107,17,102
#Tranio_Shr,#Katherine_Shr,7,5,1,102,107,17,102
#Tranio_Shr,#Merchant_Shr,6,5,1,102,107,17,102
#Tranio_Shr,#Officer_Shr,0,5,1,102,107,17,102
#Tranio_Shr,#Petruchio_Shr,9,5,1,102,107,17,102
#Tranio_Shr,#SERVANTS.BAPTISTA_Shr,8,5,1,102,107,17,102
#Tranio_Shr,#SERVANTS.PETRUCHIO_Shr,1,5,1,102,107,17,102
#Tranio_Shr,#Vincentio_Shr,1,5,1,102,107,17,102
#Vincentio_Shr,#Officer_Shr,0,5,1,102,107,17,102
#Baptista_Shr,#Bianca_Shr,9,5,1,103,18,2,103
#Baptista_Shr,#Biondello_Shr,9,5,1,103,18,2,103
#Baptista_Shr,#Gremio_Shr,17,5,1,103,18,2,103
#Baptista_Shr,#Grumio_Shr,4,5,1,103,18,2,103
#Baptista_Shr,#Katherine_Shr,9,5,1,103,18,2,103
#Baptista_Shr,#Merchant_Shr,4,5,1,103,18,2,103
#Baptista_Shr,#Officer_Shr,1,5,1,103,18,2,103
#Baptista_Shr,#Petruchio_Shr,9,5,1,103,18,2,103
#Baptista_Shr,#SERVANTS.BAPTISTA_Shr,9,5,1,103,18,2,103
#Baptista_Shr,#SERVANTS.PETRUCHIO_Shr,2,5,1,103,18,2,103
#Baptista_Shr,#Vincentio_Shr,2,5,1,103,18,2,103
#Bianca_Shr,#Biondello_Shr,5,5,1,103,18,2,103
#Bianca_Shr,#Gremio_Shr,9,5,1,103,18,2,103
#Bianca_Shr,#Grumio_Shr,2,5,1,103,18,2,103
#Bianca_Shr,#Katherine_Shr,5,5,1,103,18,2,103
#Bianca_Shr,#Merchant_Shr,0,5,1,103,18,2,103
#Bianca_Shr,#Officer_Shr,0,5,1,103,18,2,103
#Bianca_Shr,#Petruchio_Shr,2,5,1,103,18,2,103
#Bianca_Shr,#SERVANTS.BAPTISTA_Shr,7,5,1,103,18,2,103
#Bianca_Shr,#SERVANTS.PETRUCHIO_Shr,0,5,1,103,18,2,103
#Bianca_Shr,#Vincentio_Shr,0,5,1,103,18,2,103
#Biondello_Shr,#Grumio_Shr,3,5,1,103,18,2,103
#Biondello_Shr,#Merchant_Shr,5,5,1,103,18,2,103
#Biondello_Shr,#Officer_Shr,0,5,1,103,18,2,103
#Biondello_Shr,#Petruchio_Shr,7,5,1,103,18,2,103
#Biondello_Shr,#SERVANTS.BAPTISTA_Shr,3,5,1,103,18,2,103
#Biondello_Shr,#SERVANTS.PETRUCHIO_Shr,1,5,1,103,18,2,103
#Biondello_Shr,#Vincentio_Shr,1,5,1,103,18,2,103
#Gremio_Shr,#Biondello_Shr,11,5,1,103,18,2,103
#Gremio_Shr,#Grumio_Shr,11,5,1,103,18,2,103
#Gremio_Shr,#Katherine_Shr,13,5,1,103,18,2,103
#Gremio_Shr,#Merchant_Shr,5,5,1,103,18,2,103
#Gremio_Shr,#Officer_Shr,1,5,1,103,18,2,103
#Gremio_Shr,#Petruchio_Shr,16,5,1,103,18,2,103
#Gremio_Shr,#SERVANTS.BAPTISTA_Shr,9,5,1,103,18,2,103
#Gremio_Shr,#SERVANTS.PETRUCHIO_Shr,7,5,1,103,18,2,103
#Gremio_Shr,#Vincentio_Shr,7,5,1,103,18,2,103
#Grumio_Shr,#Merchant_Shr,5,5,1,103,18,2,103
#Grumio_Shr,#Officer_Shr,1,5,1,103,18,2,103
#Grumio_Shr,#Petruchio_Shr,19,5,1,103,18,2,103
#Grumio_Shr,#SERVANTS.BAPTISTA_Shr,4,5,1,103,18,2,103
#Grumio_Shr,#SERVANTS.PETRUCHIO_Shr,7,5,1,103,18,2,103
#Grumio_Shr,#Vincentio_Shr,7,5,1,103,18,2,103
#Katherine_Shr,#Biondello_Shr,1,5,1,103,18,2,103
#Katherine_Shr,#Grumio_Shr,15,5,1,103,18,2,103
#Katherine_Shr,#Merchant_Shr,5,5,1,103,18,2,103
#Katherine_Shr,#Officer_Shr,1,5,1,103,18,2,103
#Katherine_Shr,#Petruchio_Shr,23,5,1,103,18,2,103
#Katherine_Shr,#SERVANTS.BAPTISTA_Shr,4,5,1,103,18,2,103
#Katherine_Shr,#SERVANTS.PETRUCHIO_Shr,12,5,1,103,18,2,103
#Katherine_Shr,#Vincentio_Shr,8,5,1,103,18,2,103
#Lucentio_Shr,#Baptista_Shr,12,5,1,103,18,2,103
#Lucentio_Shr,#Bianca_Shr,14,5,1,103,18,2,103
#Lucentio_Shr,#Biondello_Shr,11,5,1,103,18,2,103
#Lucentio_Shr,#Gremio_Shr,17,5,1,103,18,2,103
#Lucentio_Shr,#Grumio_Shr,4,5,1,103,18,2,103
#Lucentio_Shr,#Katherine_Shr,5,5,1,103,18,2,103
#Lucentio_Shr,#Merchant_Shr,1,5,1,103,18,2,103
#Lucentio_Shr,#Officer_Shr,0,5,1,103,18,2,103
#Lucentio_Shr,#Petruchio_Shr,6,5,1,103,18,2,103
#Lucentio_Shr,#SERVANTS.BAPTISTA_Shr,7,5,1,103,18,2,103
#Lucentio_Shr,#SERVANTS.PETRUCHIO_Shr,0,5,1,103,18,2,103
#Lucentio_Shr,#Tranio_Shr,23,5,1,103,18,2,103
#Lucentio_Shr,#Vincentio_Shr,0,5,1,103,18,2,103
#Merchant_Shr,#Officer_Shr,1,5,1,103,18,2,103
#Merchant_Shr,#Vincentio_Shr,5,5,1,103,18,2,103
#Petruchio_Shr,#Merchant_Shr,5,5,1,103,18,2,103
#Petruchio_Shr,#Officer_Shr,1,5,1,103,18,2,103
#Petruchio_Shr,#SERVANTS.BAPTISTA_Shr,4,5,1,103,18,2,103
#Petruchio_Shr,#SERVANTS.PETRUCHIO_Shr,12,5,1,103,18,2,103
#Petruchio_Shr,#Vincentio_Shr,8,5,1,103,18,2,103
#SERVANTS.BAPTISTA_Shr,#Merchant_Shr,2,5,1,103,18,2,103
#SERVANTS.BAPTISTA_Shr,#Officer_Shr,1,5,1,103,18,2,103
#SERVANTS.BAPTISTA_Shr,#SERVANTS.PETRUCHIO_Shr,2,5,1,103,18,2,103
#SERVANTS.BAPTISTA_Shr,#Vincentio_Shr,2,5,1,103,18,2,103
#SERVANTS.PETRUCHIO_Shr,#Merchant_Shr,5,5,1,103,18,2,103
#SERVANTS.PETRUCHIO_Shr,#Officer_Shr,1,5,1,103,18,2,103
#SERVANTS.PETRUCHIO_Shr,#Vincentio_Shr,8,5,1,103,18,2,103
#Tranio_Shr,#Baptista_Shr,19,5,1,103,18,2,103
#Tranio_Shr,#Bianca_Shr,11,5,1,103,18,2,103
#Tranio_Shr,#Biondello_Shr,14,5,1,103,18,2,103
#Tranio_Shr,#Gremio_Shr,22,5,1,103,18,2,103
#Tranio_Shr,#Grumio_Shr,5,5,1,103,18,2,103
#Tranio_Shr,#Katherine_Shr,8,5,1,103,18,2,103
#Tranio_Shr,#Merchant_Shr,7,5,1,103,18,2,103
#Tranio_Shr,#Officer_Shr,1,5,1,103,18,2,103
#Tranio_Shr,#Petruchio_Shr,10,5,1,103,18,2,103
#Tranio_Shr,#SERVANTS.BAPTISTA_Shr,9,5,1,103,18,2,103
#Tranio_Shr,#SERVANTS.PETRUCHIO_Shr,2,5,1,103,18,2,103
#Tranio_Shr,#Vincentio_Shr,2,5,1,103,18,2,103
#Vincentio_Shr,#Officer_Shr,1,5,1,103,18,2,103
#Baptista_Shr,#Bianca_Shr,10,5,1,104,174,27,104
#Baptista_Shr,#Gremio_Shr,18,5,1,104,174,27,104
#Baptista_Shr,#Grumio_Shr,5,5,1,104,174,27,104
#Baptista_Shr,#Katherine_Shr,10,5,1,104,174,27,104
#Baptista_Shr,#Officer_Shr,2,5,1,104,174,27,104
#Baptista_Shr,#Petruchio_Shr,10,5,1,104,174,27,104
#Baptista_Shr,#SERVANTS.BAPTISTA_Shr,10,5,1,104,174,27,104
#Baptista_Shr,#SERVANTS.PETRUCHIO_Shr,3,5,1,104,174,27,104
#Baptista_Shr,#Vincentio_Shr,3,5,1,104,174,27,104
#Bianca_Shr,#Gremio_Shr,10,5,1,104,174,27,104
#Bianca_Shr,#Grumio_Shr,3,5,1,104,174,27,104
#Bianca_Shr,#Katherine_Shr,6,5,1,104,174,27,104
#Bianca_Shr,#Officer_Shr,1,5,1,104,174,27,104
#Bianca_Shr,#Petruchio_Shr,3,5,1,104,174,27,104
#Bianca_Shr,#SERVANTS.BAPTISTA_Shr,8,5,1,104,174,27,104
#Bianca_Shr,#SERVANTS.PETRUCHIO_Shr,1,5,1,104,174,27,104
#Bianca_Shr,#Vincentio_Shr,1,5,1,104,174,27,104
#Gremio_Shr,#Grumio_Shr,12,5,1,104,174,27,104
#Gremio_Shr,#Katherine_Shr,14,5,1,104,174,27,104
#Gremio_Shr,#Officer_Shr,2,5,1,104,174,27,104
#Gremio_Shr,#Petruchio_Shr,17,5,1,104,174,27,104
#Gremio_Shr,#SERVANTS.BAPTISTA_Shr,10,5,1,104,174,27,104
#Gremio_Shr,#SERVANTS.PETRUCHIO_Shr,8,5,1,104,174,27,104
#Gremio_Shr,#Vincentio_Shr,8,5,1,104,174,27,104
#Grumio_Shr,#Officer_Shr,2,5,1,104,174,27,104
#Grumio_Shr,#Petruchio_Shr,20,5,1,104,174,27,104
#Grumio_Shr,#SERVANTS.BAPTISTA_Shr,5,5,1,104,174,27,104
#Grumio_Shr,#SERVANTS.PETRUCHIO_Shr,8,5,1,104,174,27,104
#Grumio_Shr,#Vincentio_Shr,8,5,1,104,174,27,104
#Katherine_Shr,#Grumio_Shr,16,5,1,104,174,27,104
#Katherine_Shr,#Officer_Shr,2,5,1,104,174,27,104
#Katherine_Shr,#Petruchio_Shr,24,5,1,104,174,27,104
#Katherine_Shr,#SERVANTS.BAPTISTA_Shr,5,5,1,104,174,27,104
#Katherine_Shr,#SERVANTS.PETRUCHIO_Shr,13,5,1,104,174,27,104
#Katherine_Shr,#Vincentio_Shr,9,5,1,104,174,27,104
#Lucentio_Shr,#Baptista_Shr,13,5,1,104,174,27,104
#Lucentio_Shr,#Bianca_Shr,15,5,1,104,174,27,104
#Lucentio_Shr,#Gremio_Shr,18,5,1,104,174,27,104
#Lucentio_Shr,#Grumio_Shr,5,5,1,104,174,27,104
#Lucentio_Shr,#Katherine_Shr,6,5,1,104,174,27,104
#Lucentio_Shr,#Officer_Shr,1,5,1,104,174,27,104
#Lucentio_Shr,#Petruchio_Shr,7,5,1,104,174,27,104
#Lucentio_Shr,#SERVANTS.BAPTISTA_Shr,8,5,1,104,174,27,104
#Lucentio_Shr,#SERVANTS.PETRUCHIO_Shr,1,5,1,104,174,27,104
#Lucentio_Shr,#Vincentio_Shr,1,5,1,104,174,27,104
#Petruchio_Shr,#Officer_Shr,2,5,1,104,174,27,104
#Petruchio_Shr,#SERVANTS.BAPTISTA_Shr,5,5,1,104,174,27,104
#Petruchio_Shr,#SERVANTS.PETRUCHIO_Shr,13,5,1,104,174,27,104
#Petruchio_Shr,#Vincentio_Shr,9,5,1,104,174,27,104
#SERVANTS.BAPTISTA_Shr,#Officer_Shr,2,5,1,104,174,27,104
#SERVANTS.BAPTISTA_Shr,#SERVANTS.PETRUCHIO_Shr,3,5,1,104,174,27,104
#SERVANTS.BAPTISTA_Shr,#Vincentio_Shr,3,5,1,104,174,27,104
#SERVANTS.PETRUCHIO_Shr,#Officer_Shr,2,5,1,104,174,27,104
#SERVANTS.PETRUCHIO_Shr,#Vincentio_Shr,9,5,1,104,174,27,104
#Vincentio_Shr,#Officer_Shr,2,5,1,104,174,27,104
#Baptista_Shr,#Bianca_Shr,11,5,1,105,9,1,105
#Baptista_Shr,#Gremio_Shr,19,5,1,105,9,1,105
#Baptista_Shr,#Grumio_Shr,6,5,1,105,9,1,105
#Baptista_Shr,#Katherine_Shr,11,5,1,105,9,1,105
#Baptista_Shr,#Officer_Shr,3,5,1,105,9,1,105
#Baptista_Shr,#Petruchio_Shr,11,5,1,105,9,1,105
#Baptista_Shr,#SERVANTS.BAPTISTA_Shr,11,5,1,105,9,1,105
#Baptista_Shr,#SERVANTS.PETRUCHIO_Shr,4,5,1,105,9,1,105
#Bianca_Shr,#Gremio_Shr,11,5,1,105,9,1,105
#Bianca_Shr,#Grumio_Shr,4,5,1,105,9,1,105
#Bianca_Shr,#Katherine_Shr,7,5,1,105,9,1,105
#Bianca_Shr,#Officer_Shr,2,5,1,105,9,1,105
#Bianca_Shr,#Petruchio_Shr,4,5,1,105,9,1,105
#Bianca_Shr,#SERVANTS.BAPTISTA_Shr,9,5,1,105,9,1,105
#Bianca_Shr,#SERVANTS.PETRUCHIO_Shr,2,5,1,105,9,1,105
#Gremio_Shr,#Grumio_Shr,13,5,1,105,9,1,105
#Gremio_Shr,#Katherine_Shr,15,5,1,105,9,1,105
#Gremio_Shr,#Officer_Shr,3,5,1,105,9,1,105
#Gremio_Shr,#Petruchio_Shr,18,5,1,105,9,1,105
#Gremio_Shr,#SERVANTS.BAPTISTA_Shr,11,5,1,105,9,1,105
#Gremio_Shr,#SERVANTS.PETRUCHIO_Shr,9,5,1,105,9,1,105
#Grumio_Shr,#Officer_Shr,3,5,1,105,9,1,105
#Grumio_Shr,#Petruchio_Shr,21,5,1,105,9,1,105
#Grumio_Shr,#SERVANTS.BAPTISTA_Shr,6,5,1,105,9,1,105
#Grumio_Shr,#SERVANTS.PETRUCHIO_Shr,9,5,1,105,9,1,105
#Katherine_Shr,#Grumio_Shr,17,5,1,105,9,1,105
#Katherine_Shr,#Officer_Shr,3,5,1,105,9,1,105
#Katherine_Shr,#Petruchio_Shr,25,5,1,105,9,1,105
#Katherine_Shr,#SERVANTS.BAPTISTA_Shr,6,5,1,105,9,1,105
#Katherine_Shr,#SERVANTS.PETRUCHIO_Shr,14,5,1,105,9,1,105
#Lucentio_Shr,#Baptista_Shr,14,5,1,105,9,1,105
#Lucentio_Shr,#Bianca_Shr,16,5,1,105,9,1,105
#Lucentio_Shr,#Gremio_Shr,19,5,1,105,9,1,105
#Lucentio_Shr,#Grumio_Shr,6,5,1,105,9,1,105
#Lucentio_Shr,#Katherine_Shr,7,5,1,105,9,1,105
#Lucentio_Shr,#Officer_Shr,2,5,1,105,9,1,105
#Lucentio_Shr,#Petruchio_Shr,8,5,1,105,9,1,105
#Lucentio_Shr,#SERVANTS.BAPTISTA_Shr,9,5,1,105,9,1,105
#Lucentio_Shr,#SERVANTS.PETRUCHIO_Shr,2,5,1,105,9,1,105
#Petruchio_Shr,#Officer_Shr,3,5,1,105,9,1,105
#Petruchio_Shr,#SERVANTS.BAPTISTA_Shr,6,5,1,105,9,1,105
#Petruchio_Shr,#SERVANTS.PETRUCHIO_Shr,14,5,1,105,9,1,105
#SERVANTS.BAPTISTA_Shr,#Officer_Shr,3,5,1,105,9,1,105
#SERVANTS.BAPTISTA_Shr,#SERVANTS.PETRUCHIO_Shr,4,5,1,105,9,1,105
#SERVANTS.PETRUCHIO_Shr,#Officer_Shr,3,5,1,105,9,1,105
#Bianca_Shr,#Gremio_Shr,12,5,1,106,9,2,106
#Bianca_Shr,#Grumio_Shr,5,5,1,106,9,2,106
#Bianca_Shr,#Katherine_Shr,8,5,1,106,9,2,106
#Bianca_Shr,#Officer_Shr,3,5,1,106,9,2,106
#Bianca_Shr,#Petruchio_Shr,5,5,1,106,9,2,106
#Bianca_Shr,#SERVANTS.PETRUCHIO_Shr,3,5,1,106,9,2,106
#Gremio_Shr,#Grumio_Shr,14,5,1,106,9,2,106
#Gremio_Shr,#Katherine_Shr,16,5,1,106,9,2,106
#Gremio_Shr,#Officer_Shr,4,5,1,106,9,2,106
#Gremio_Shr,#Petruchio_Shr,19,5,1,106,9,2,106
#Gremio_Shr,#SERVANTS.PETRUCHIO_Shr,10,5,1,106,9,2,106
#Grumio_Shr,#Officer_Shr,4,5,1,106,9,2,106
#Grumio_Shr,#Petruchio_Shr,22,5,1,106,9,2,106
#Grumio_Shr,#SERVANTS.PETRUCHIO_Shr,10,5,1,106,9,2,106
#Katherine_Shr,#Grumio_Shr,18,5,1,106,9,2,106
#Katherine_Shr,#Officer_Shr,4,5,1,106,9,2,106
#Katherine_Shr,#Petruchio_Shr,26,5,1,106,9,2,106
#Katherine_Shr,#SERVANTS.PETRUCHIO_Shr,15,5,1,106,9,2,106
#Lucentio_Shr,#Bianca_Shr,17,5,1,106,9,2,106
#Lucentio_Shr,#Gremio_Shr,20,5,1,106,9,2,106
#Lucentio_Shr,#Grumio_Shr,7,5,1,106,9,2,106
#Lucentio_Shr,#Katherine_Shr,8,5,1,106,9,2,106
#Lucentio_Shr,#Officer_Shr,3,5,1,106,9,2,106
#Lucentio_Shr,#Petruchio_Shr,9,5,1,106,9,2,106
#Lucentio_Shr,#SERVANTS.PETRUCHIO_Shr,3,5,1,106,9,2,106
#Petruchio_Shr,#Officer_Shr,4,5,1,106,9,2,106
#Petruchio_Shr,#SERVANTS.PETRUCHIO_Shr,15,5,1,106,9,2,106
#SERVANTS.PETRUCHIO_Shr,#Officer_Shr,4,5,1,106,9,2,106
#Gremio_Shr,#Grumio_Shr,15,5,1,107,21,2,107
#Gremio_Shr,#Katherine_Shr,17,5,1,107,21,2,107
#Gremio_Shr,#Officer_Shr,5,5,1,107,21,2,107
#Gremio_Shr,#Petruchio_Shr,20,5,1,107,21,2,107
#Gremio_Shr,#SERVANTS.PETRUCHIO_Shr,11,5,1,107,21,2,107
#Grumio_Shr,#Officer_Shr,5,5,1,107,21,2,107
#Grumio_Shr,#Petruchio_Shr,23,5,1,107,21,2,107
#Grumio_Shr,#SERVANTS.PETRUCHIO_Shr,11,5,1,107,21,2,107
#Katherine_Shr,#Grumio_Shr,19,5,1,107,21,2,107
#Katherine_Shr,#Officer_Shr,5,5,1,107,21,2,107
#Katherine_Shr,#Petruchio_Shr,27,5,1,107,21,2,107
#Katherine_Shr,#SERVANTS.PETRUCHIO_Shr,16,5,1,107,21,2,107
#Petruchio_Shr,#Officer_Shr,5,5,1,107,21,2,107
#Petruchio_Shr,#SERVANTS.PETRUCHIO_Shr,16,5,1,107,21,2,107
#SERVANTS.PETRUCHIO_Shr,#Officer_Shr,5,5,1,107,21,2,107
#Grumio_Shr,#Officer_Shr,6,5,1,108,75,12,108
#Grumio_Shr,#Petruchio_Shr,24,5,1,108,75,12,108
#Grumio_Shr,#SERVANTS.PETRUCHIO_Shr,12,5,1,108,75,12,108
#Katherine_Shr,#Grumio_Shr,20,5,1,108,75,12,108
#Katherine_Shr,#Officer_Shr,6,5,1,108,75,12,108
#Katherine_Shr,#Petruchio_Shr,28,5,1,108,75,12,108
#Katherine_Shr,#SERVANTS.PETRUCHIO_Shr,17,5,1,108,75,12,108
#Petruchio_Shr,#Officer_Shr,6,5,1,108,75,12,108
#Petruchio_Shr,#SERVANTS.PETRUCHIO_Shr,17,5,1,108,75,12,108
#SERVANTS.PETRUCHIO_Shr,#Officer_Shr,6,5,1,108,75,12,108
#Baptista_Shr,#Bianca_Shr,12,5,2,109,361,50,109
#Baptista_Shr,#Biondello_Shr,10,5,2,109,361,50,109
#Baptista_Shr,#Gremio_Shr,20,5,2,109,361,50,109
#Baptista_Shr,#Grumio_Shr,7,5,2,109,361,50,109
#Baptista_Shr,#Hortensio_Shr,7,5,2,109,361,50,109
#Baptista_Shr,#Katherine_Shr,12,5,2,109,361,50,109
#Baptista_Shr,#Merchant_Shr,5,5,2,109,361,50,109
#Baptista_Shr,#Petruchio_Shr,12,5,2,109,361,50,109
#Baptista_Shr,#SERVANTS_Shr,0,5,2,109,361,50,109
#Baptista_Shr,#Vincentio_Shr,4,5,2,109,361,50,109
#Baptista_Shr,#Widow_Shr,0,5,2,109,361,50,109
#Bianca_Shr,#Biondello_Shr,6,5,2,109,361,50,109
#Bianca_Shr,#Gremio_Shr,13,5,2,109,361,50,109
#Bianca_Shr,#Grumio_Shr,6,5,2,109,361,50,109
#Bianca_Shr,#Hortensio_Shr,6,5,2,109,361,50,109
#Bianca_Shr,#Katherine_Shr,9,5,2,109,361,50,109
#Bianca_Shr,#Merchant_Shr,1,5,2,109,361,50,109
#Bianca_Shr,#Petruchio_Shr,6,5,2,109,361,50,109
#Bianca_Shr,#SERVANTS_Shr,0,5,2,109,361,50,109
#Bianca_Shr,#Vincentio_Shr,2,5,2,109,361,50,109
#Bianca_Shr,#Widow_Shr,0,5,2,109,361,50,109
#Biondello_Shr,#Grumio_Shr,4,5,2,109,361,50,109
#Biondello_Shr,#Merchant_Shr,6,5,2,109,361,50,109
#Biondello_Shr,#Petruchio_Shr,8,5,2,109,361,50,109
#Biondello_Shr,#SERVANTS_Shr,0,5,2,109,361,50,109
#Biondello_Shr,#Vincentio_Shr,2,5,2,109,361,50,109
#Biondello_Shr,#Widow_Shr,0,5,2,109,361,50,109
#Gremio_Shr,#Biondello_Shr,12,5,2,109,361,50,109
#Gremio_Shr,#Grumio_Shr,16,5,2,109,361,50,109
#Gremio_Shr,#Hortensio_Shr,11,5,2,109,361,50,109
#Gremio_Shr,#Katherine_Shr,18,5,2,109,361,50,109
#Gremio_Shr,#Merchant_Shr,6,5,2,109,361,50,109
#Gremio_Shr,#Petruchio_Shr,21,5,2,109,361,50,109
#Gremio_Shr,#SERVANTS_Shr,0,5,2,109,361,50,109
#Gremio_Shr,#Vincentio_Shr,9,5,2,109,361,50,109
#Gremio_Shr,#Widow_Shr,0,5,2,109,361,50,109
#Grumio_Shr,#Merchant_Shr,6,5,2,109,361,50,109
#Grumio_Shr,#Petruchio_Shr,25,5,2,109,361,50,109
#Grumio_Shr,#SERVANTS_Shr,0,5,2,109,361,50,109
#Grumio_Shr,#Vincentio_Shr,9,5,2,109,361,50,109
#Grumio_Shr,#Widow_Shr,0,5,2,109,361,50,109
#Hortensio_Shr,#Biondello_Shr,4,5,2,109,361,50,109
#Hortensio_Shr,#Grumio_Shr,9,5,2,109,361,50,109
#Hortensio_Shr,#Katherine_Shr,11,5,2,109,361,50,109
#Hortensio_Shr,#Merchant_Shr,0,5,2,109,361,50,109
#Hortensio_Shr,#Petruchio_Shr,14,5,2,109,361,50,109
#Hortensio_Shr,#SERVANTS_Shr,0,5,2,109,361,50,109
#Hortensio_Shr,#Vincentio_Shr,1,5,2,109,361,50,109
#Hortensio_Shr,#Widow_Shr,0,5,2,109,361,50,109
#Katherine_Shr,#Biondello_Shr,2,5,2,109,361,50,109
#Katherine_Shr,#Grumio_Shr,21,5,2,109,361,50,109
#Katherine_Shr,#Merchant_Shr,6,5,2,109,361,50,109
#Katherine_Shr,#Petruchio_Shr,29,5,2,109,361,50,109
#Katherine_Shr,#SERVANTS_Shr,0,5,2,109,361,50,109
#Katherine_Shr,#Vincentio_Shr,10,5,2,109,361,50,109
#Katherine_Shr,#Widow_Shr,0,5,2,109,361,50,109
#Lucentio_Shr,#Baptista_Shr,15,5,2,109,361,50,109
#Lucentio_Shr,#Bianca_Shr,18,5,2,109,361,50,109
#Lucentio_Shr,#Biondello_Shr,12,5,2,109,361,50,109
#Lucentio_Shr,#Gremio_Shr,21,5,2,109,361,50,109
#Lucentio_Shr,#Grumio_Shr,8,5,2,109,361,50,109
#Lucentio_Shr,#Hortensio_Shr,13,5,2,109,361,50,109
#Lucentio_Shr,#Katherine_Shr,9,5,2,109,361,50,109
#Lucentio_Shr,#Merchant_Shr,2,5,2,109,361,50,109
#Lucentio_Shr,#Petruchio_Shr,10,5,2,109,361,50,109
#Lucentio_Shr,#SERVANTS_Shr,0,5,2,109,361,50,109
#Lucentio_Shr,#Tranio_Shr,24,5,2,109,361,50,109
#Lucentio_Shr,#Vincentio_Shr,2,5,2,109,361,50,109
#Lucentio_Shr,#Widow_Shr,0,5,2,109,361,50,109
#Merchant_Shr,#SERVANTS_Shr,0,5,2,109,361,50,109
#Merchant_Shr,#Vincentio_Shr,6,5,2,109,361,50,109
#Merchant_Shr,#Widow_Shr,0,5,2,109,361,50,109
#Petruchio_Shr,#Merchant_Shr,6,5,2,109,361,50,109
#Petruchio_Shr,#SERVANTS_Shr,0,5,2,109,361,50,109
#Petruchio_Shr,#Vincentio_Shr,10,5,2,109,361,50,109
#Petruchio_Shr,#Widow_Shr,0,5,2,109,361,50,109
#SERVANTS_Shr,#Widow_Shr,0,5,2,109,361,50,109
#Tranio_Shr,#Baptista_Shr,20,5,2,109,361,50,109
#Tranio_Shr,#Bianca_Shr,12,5,2,109,361,50,109
#Tranio_Shr,#Biondello_Shr,15,5,2,109,361,50,109
#Tranio_Shr,#Gremio_Shr,23,5,2,109,361,50,109
#Tranio_Shr,#Grumio_Shr,6,5,2,109,361,50,109
#Tranio_Shr,#Hortensio_Shr,12,5,2,109,361,50,109
#Tranio_Shr,#Katherine_Shr,9,5,2,109,361,50,109
#Tranio_Shr,#Merchant_Shr,8,5,2,109,361,50,109
#Tranio_Shr,#Petruchio_Shr,11,5,2,109,361,50,109
#Tranio_Shr,#SERVANTS_Shr,0,5,2,109,361,50,109
#Tranio_Shr,#Vincentio_Shr,3,5,2,109,361,50,109
#Tranio_Shr,#Widow_Shr,0,5,2,109,361,50,109
#Vincentio_Shr,#SERVANTS_Shr,0,5,2,109,361,50,109
#Vincentio_Shr,#Widow_Shr,0,5,2,109,361,50,109
#Baptista_Shr,#Biondello_Shr,11,5,2,110,220,33,110
#Baptista_Shr,#Gremio_Shr,21,5,2,110,220,33,110
#Baptista_Shr,#Grumio_Shr,8,5,2,110,220,33,110
#Baptista_Shr,#Hortensio_Shr,8,5,2,110,220,33,110
#Baptista_Shr,#Merchant_Shr,6,5,2,110,220,33,110
#Baptista_Shr,#Petruchio_Shr,13,5,2,110,220,33,110
#Baptista_Shr,#SERVANTS_Shr,1,5,2,110,220,33,110
#Baptista_Shr,#Vincentio_Shr,5,5,2,110,220,33,110
#Biondello_Shr,#Grumio_Shr,5,5,2,110,220,33,110
#Biondello_Shr,#Merchant_Shr,7,5,2,110,220,33,110
#Biondello_Shr,#Petruchio_Shr,9,5,2,110,220,33,110
#Biondello_Shr,#SERVANTS_Shr,1,5,2,110,220,33,110
#Biondello_Shr,#Vincentio_Shr,3,5,2,110,220,33,110
#Gremio_Shr,#Biondello_Shr,13,5,2,110,220,33,110
#Gremio_Shr,#Grumio_Shr,17,5,2,110,220,33,110
#Gremio_Shr,#Hortensio_Shr,12,5,2,110,220,33,110
#Gremio_Shr,#Merchant_Shr,7,5,2,110,220,33,110
#Gremio_Shr,#Petruchio_Shr,22,5,2,110,220,33,110
#Gremio_Shr,#SERVANTS_Shr,1,5,2,110,220,33,110
#Gremio_Shr,#Vincentio_Shr,10,5,2,110,220,33,110
#Grumio_Shr,#Merchant_Shr,7,5,2,110,220,33,110
#Grumio_Shr,#Petruchio_Shr,26,5,2,110,220,33,110
#Grumio_Shr,#SERVANTS_Shr,1,5,2,110,220,33,110
#Grumio_Shr,#Vincentio_Shr,10,5,2,110,220,33,110
#Hortensio_Shr,#Biondello_Shr,5,5,2,110,220,33,110
#Hortensio_Shr,#Grumio_Shr,10,5,2,110,220,33,110
#Hortensio_Shr,#Merchant_Shr,1,5,2,110,220,33,110
#Hortensio_Shr,#Petruchio_Shr,15,5,2,110,220,33,110
#Hortensio_Shr,#SERVANTS_Shr,1,5,2,110,220,33,110
#Hortensio_Shr,#Vincentio_Shr,2,5,2,110,220,33,110
#Lucentio_Shr,#Baptista_Shr,16,5,2,110,220,33,110
#Lucentio_Shr,#Biondello_Shr,13,5,2,110,220,33,110
#Lucentio_Shr,#Gremio_Shr,22,5,2,110,220,33,110
#Lucentio_Shr,#Grumio_Shr,9,5,2,110,220,33,110
#Lucentio_Shr,#Hortensio_Shr,14,5,2,110,220,33,110
#Lucentio_Shr,#Merchant_Shr,3,5,2,110,220,33,110
#Lucentio_Shr,#Petruchio_Shr,11,5,2,110,220,33,110
#Lucentio_Shr,#SERVANTS_Shr,1,5,2,110,220,33,110
#Lucentio_Shr,#Tranio_Shr,25,5,2,110,220,33,110
#Lucentio_Shr,#Vincentio_Shr,3,5,2,110,220,33,110
#Merchant_Shr,#SERVANTS_Shr,1,5,2,110,220,33,110
#Merchant_Shr,#Vincentio_Shr,7,5,2,110,220,33,110
#Petruchio_Shr,#Merchant_Shr,7,5,2,110,220,33,110
#Petruchio_Shr,#SERVANTS_Shr,1,5,2,110,220,33,110
#Petruchio_Shr,#Vincentio_Shr,11,5,2,110,220,33,110
#Tranio_Shr,#Baptista_Shr,21,5,2,110,220,33,110
#Tranio_Shr,#Biondello_Shr,16,5,2,110,220,33,110
#Tranio_Shr,#Gremio_Shr,24,5,2,110,220,33,110
#Tranio_Shr,#Grumio_Shr,7,5,2,110,220,33,110
#Tranio_Shr,#Hortensio_Shr,13,5,2,110,220,33,110
#Tranio_Shr,#Merchant_Shr,9,5,2,110,220,33,110
#Tranio_Shr,#Petruchio_Shr,12,5,2,110,220,33,110
#Tranio_Shr,#SERVANTS_Shr,1,5,2,110,220,33,110
#Tranio_Shr,#Vincentio_Shr,4,5,2,110,220,33,110
#Vincentio_Shr,#SERVANTS_Shr,1,5,2,110,220,33,110
#Baptista_Shr,#Gremio_Shr,22,5,2,111,16,2,111
#Baptista_Shr,#Grumio_Shr,9,5,2,111,16,2,111
#Baptista_Shr,#Hortensio_Shr,9,5,2,111,16,2,111
#Baptista_Shr,#Merchant_Shr,7,5,2,111,16,2,111
#Baptista_Shr,#Petruchio_Shr,14,5,2,111,16,2,111
#Baptista_Shr,#SERVANTS_Shr,2,5,2,111,16,2,111
#Baptista_Shr,#Vincentio_Shr,6,5,2,111,16,2,111
#Gremio_Shr,#Grumio_Shr,18,5,2,111,16,2,111
#Gremio_Shr,#Hortensio_Shr,13,5,2,111,16,2,111
#Gremio_Shr,#Merchant_Shr,8,5,2,111,16,2,111
#Gremio_Shr,#Petruchio_Shr,23,5,2,111,16,2,111
#Gremio_Shr,#SERVANTS_Shr,2,5,2,111,16,2,111
#Gremio_Shr,#Vincentio_Shr,11,5,2,111,16,2,111
#Grumio_Shr,#Merchant_Shr,8,5,2,111,16,2,111
#Grumio_Shr,#Petruchio_Shr,27,5,2,111,16,2,111
#Grumio_Shr,#SERVANTS_Shr,2,5,2,111,16,2,111
#Grumio_Shr,#Vincentio_Shr,11,5,2,111,16,2,111
#Hortensio_Shr,#Grumio_Shr,11,5,2,111,16,2,111
#Hortensio_Shr,#Merchant_Shr,2,5,2,111,16,2,111
#Hortensio_Shr,#Petruchio_Shr,16,5,2,111,16,2,111
#Hortensio_Shr,#SERVANTS_Shr,2,5,2,111,16,2,111
#Hortensio_Shr,#Vincentio_Shr,3,5,2,111,16,2,111
#Lucentio_Shr,#Baptista_Shr,17,5,2,111,16,2,111
#Lucentio_Shr,#Gremio_Shr,23,5,2,111,16,2,111
#Lucentio_Shr,#Grumio_Shr,10,5,2,111,16,2,111
#Lucentio_Shr,#Hortensio_Shr,15,5,2,111,16,2,111
#Lucentio_Shr,#Merchant_Shr,4,5,2,111,16,2,111
#Lucentio_Shr,#Petruchio_Shr,12,5,2,111,16,2,111
#Lucentio_Shr,#SERVANTS_Shr,2,5,2,111,16,2,111
#Lucentio_Shr,#Tranio_Shr,26,5,2,111,16,2,111
#Lucentio_Shr,#Vincentio_Shr,4,5,2,111,16,2,111
#Merchant_Shr,#SERVANTS_Shr,2,5,2,111,16,2,111
#Merchant_Shr,#Vincentio_Shr,8,5,2,111,16,2,111
#Petruchio_Shr,#Merchant_Shr,8,5,2,111,16,2,111
#Petruchio_Shr,#SERVANTS_Shr,2,5,2,111,16,2,111
#Petruchio_Shr,#Vincentio_Shr,12,5,2,111,16,2,111
#Tranio_Shr,#Baptista_Shr,22,5,2,111,16,2,111
#Tranio_Shr,#Gremio_Shr,25,5,2,111,16,2,111
#Tranio_Shr,#Grumio_Shr,8,5,2,111,16,2,111
#Tranio_Shr,#Hortensio_Shr,14,5,2,111,16,2,111
#Tranio_Shr,#Merchant_Shr,10,5,2,111,16,2,111
#Tranio_Shr,#Petruchio_Shr,13,5,2,111,16,2,111
#Tranio_Shr,#SERVANTS_Shr,2,5,2,111,16,2,111
#Tranio_Shr,#Vincentio_Shr,5,5,2,111,16,2,111
#Vincentio_Shr,#SERVANTS_Shr,2,5,2,111,16,2,111
#Baptista_Shr,#Biondello_Shr,12,5,2,112,60,11,112
#Baptista_Shr,#Gremio_Shr,23,5,2,112,60,11,112
#Baptista_Shr,#Grumio_Shr,10,5,2,112,60,11,112
#Baptista_Shr,#Hortensio_Shr,10,5,2,112,60,11,112
#Baptista_Shr,#Merchant_Shr,8,5,2,112,60,11,112
#Baptista_Shr,#Petruchio_Shr,15,5,2,112,60,11,112
#Baptista_Shr,#SERVANTS_Shr,3,5,2,112,60,11,112
#Baptista_Shr,#Vincentio_Shr,7,5,2,112,60,11,112
#Biondello_Shr,#Grumio_Shr,6,5,2,112,60,11,112
#Biondello_Shr,#Merchant_Shr,8,5,2,112,60,11,112
#Biondello_Shr,#Petruchio_Shr,10,5,2,112,60,11,112
#Biondello_Shr,#SERVANTS_Shr,2,5,2,112,60,11,112
#Biondello_Shr,#Vincentio_Shr,4,5,2,112,60,11,112
#Gremio_Shr,#Biondello_Shr,14,5,2,112,60,11,112
#Gremio_Shr,#Grumio_Shr,19,5,2,112,60,11,112
#Gremio_Shr,#Hortensio_Shr,14,5,2,112,60,11,112
#Gremio_Shr,#Merchant_Shr,9,5,2,112,60,11,112
#Gremio_Shr,#Petruchio_Shr,24,5,2,112,60,11,112
#Gremio_Shr,#SERVANTS_Shr,3,5,2,112,60,11,112
#Gremio_Shr,#Vincentio_Shr,12,5,2,112,60,11,112
#Grumio_Shr,#Merchant_Shr,9,5,2,112,60,11,112
#Grumio_Shr,#Petruchio_Shr,28,5,2,112,60,11,112
#Grumio_Shr,#SERVANTS_Shr,3,5,2,112,60,11,112
#Grumio_Shr,#Vincentio_Shr,12,5,2,112,60,11,112
#Hortensio_Shr,#Biondello_Shr,6,5,2,112,60,11,112
#Hortensio_Shr,#Grumio_Shr,12,5,2,112,60,11,112
#Hortensio_Shr,#Merchant_Shr,3,5,2,112,60,11,112
#Hortensio_Shr,#Petruchio_Shr,17,5,2,112,60,11,112
#Hortensio_Shr,#SERVANTS_Shr,3,5,2,112,60,11,112
#Hortensio_Shr,#Vincentio_Shr,4,5,2,112,60,11,112
#Lucentio_Shr,#Baptista_Shr,18,5,2,112,60,11,112
#Lucentio_Shr,#Biondello_Shr,14,5,2,112,60,11,112
#Lucentio_Shr,#Gremio_Shr,24,5,2,112,60,11,112
#Lucentio_Shr,#Grumio_Shr,11,5,2,112,60,11,112
#Lucentio_Shr,#Hortensio_Shr,16,5,2,112,60,11,112
#Lucentio_Shr,#Merchant_Shr,5,5,2,112,60,11,112
#Lucentio_Shr,#Petruchio_Shr,13,5,2,112,60,11,112
#Lucentio_Shr,#SERVANTS_Shr,3,5,2,112,60,11,112
#Lucentio_Shr,#Tranio_Shr,27,5,2,112,60,11,112
#Lucentio_Shr,#Vincentio_Shr,5,5,2,112,60,11,112
#Merchant_Shr,#SERVANTS_Shr,3,5,2,112,60,11,112
#Merchant_Shr,#Vincentio_Shr,9,5,2,112,60,11,112
#Petruchio_Shr,#Merchant_Shr,9,5,2,112,60,11,112
#Petruchio_Shr,#SERVANTS_Shr,3,5,2,112,60,11,112
#Petruchio_Shr,#Vincentio_Shr,13,5,2,112,60,11,112
#Tranio_Shr,#Baptista_Shr,23,5,2,112,60,11,112
#Tranio_Shr,#Biondello_Shr,17,5,2,112,60,11,112
#Tranio_Shr,#Gremio_Shr,26,5,2,112,60,11,112
#Tranio_Shr,#Grumio_Shr,9,5,2,112,60,11,112
#Tranio_Shr,#Hortensio_Shr,15,5,2,112,60,11,112
#Tranio_Shr,#Merchant_Shr,11,5,2,112,60,11,112
#Tranio_Shr,#Petruchio_Shr,14,5,2,112,60,11,112
#Tranio_Shr,#SERVANTS_Shr,3,5,2,112,60,11,112
#Tranio_Shr,#Vincentio_Shr,6,5,2,112,60,11,112
#Vincentio_Shr,#SERVANTS_Shr,3,5,2,112,60,11,112
#Baptista_Shr,#Gremio_Shr,24,5,2,113,23,4,113
#Baptista_Shr,#Grumio_Shr,11,5,2,113,23,4,113
#Baptista_Shr,#Hortensio_Shr,11,5,2,113,23,4,113
#Baptista_Shr,#Merchant_Shr,9,5,2,113,23,4,113
#Baptista_Shr,#Petruchio_Shr,16,5,2,113,23,4,113
#Baptista_Shr,#SERVANTS_Shr,4,5,2,113,23,4,113
#Baptista_Shr,#Vincentio_Shr,8,5,2,113,23,4,113
#Gremio_Shr,#Grumio_Shr,20,5,2,113,23,4,113
#Gremio_Shr,#Hortensio_Shr,15,5,2,113,23,4,113
#Gremio_Shr,#Merchant_Shr,10,5,2,113,23,4,113
#Gremio_Shr,#Petruchio_Shr,25,5,2,113,23,4,113
#Gremio_Shr,#SERVANTS_Shr,4,5,2,113,23,4,113
#Gremio_Shr,#Vincentio_Shr,13,5,2,113,23,4,113
#Grumio_Shr,#Merchant_Shr,10,5,2,113,23,4,113
#Grumio_Shr,#Petruchio_Shr,29,5,2,113,23,4,113
#Grumio_Shr,#SERVANTS_Shr,4,5,2,113,23,4,113
#Grumio_Shr,#Vincentio_Shr,13,5,2,113,23,4,113
#Hortensio_Shr,#Grumio_Shr,13,5,2,113,23,4,113
#Hortensio_Shr,#Merchant_Shr,4,5,2,113,23,4,113
#Hortensio_Shr,#Petruchio_Shr,18,5,2,113,23,4,113
#Hortensio_Shr,#SERVANTS_Shr,4,5,2,113,23,4,113
#Hortensio_Shr,#Vincentio_Shr,5,5,2,113,23,4,113
#Lucentio_Shr,#Baptista_Shr,19,5,2,113,23,4,113
#Lucentio_Shr,#Gremio_Shr,25,5,2,113,23,4,113
#Lucentio_Shr,#Grumio_Shr,12,5,2,113,23,4,113
#Lucentio_Shr,#Hortensio_Shr,17,5,2,113,23,4,113
#Lucentio_Shr,#Merchant_Shr,6,5,2,113,23,4,113
#Lucentio_Shr,#Petruchio_Shr,14,5,2,113,23,4,113
#Lucentio_Shr,#SERVANTS_Shr,4,5,2,113,23,4,113
#Lucentio_Shr,#Tranio_Shr,28,5,2,113,23,4,113
#Lucentio_Shr,#Vincentio_Shr,6,5,2,113,23,4,113
#Merchant_Shr,#SERVANTS_Shr,4,5,2,113,23,4,113
#Merchant_Shr,#Vincentio_Shr,10,5,2,113,23,4,113
#Petruchio_Shr,#Merchant_Shr,10,5,2,113,23,4,113
#Petruchio_Shr,#SERVANTS_Shr,4,5,2,113,23,4,113
#Petruchio_Shr,#Vincentio_Shr,14,5,2,113,23,4,113
#Tranio_Shr,#Baptista_Shr,24,5,2,113,23,4,113
#Tranio_Shr,#Gremio_Shr,27,5,2,113,23,4,113
#Tranio_Shr,#Grumio_Shr,10,5,2,113,23,4,113
#Tranio_Shr,#Hortensio_Shr,16,5,2,113,23,4,113
#Tranio_Shr,#Merchant_Shr,12,5,2,113,23,4,113
#Tranio_Shr,#Petruchio_Shr,15,5,2,113,23,4,113
#Tranio_Shr,#SERVANTS_Shr,4,5,2,113,23,4,113
#Tranio_Shr,#Vincentio_Shr,7,5,2,113,23,4,113
#Vincentio_Shr,#SERVANTS_Shr,4,5,2,113,23,4,113
#Baptista_Shr,#Biondello_Shr,13,5,2,114,50,7,114
#Baptista_Shr,#Gremio_Shr,25,5,2,114,50,7,114
#Baptista_Shr,#Grumio_Shr,12,5,2,114,50,7,114
#Baptista_Shr,#Hortensio_Shr,12,5,2,114,50,7,114
#Baptista_Shr,#Merchant_Shr,10,5,2,114,50,7,114
#Baptista_Shr,#Petruchio_Shr,17,5,2,114,50,7,114
#Baptista_Shr,#SERVANTS_Shr,5,5,2,114,50,7,114
#Baptista_Shr,#Vincentio_Shr,9,5,2,114,50,7,114
#Biondello_Shr,#Grumio_Shr,7,5,2,114,50,7,114
#Biondello_Shr,#Merchant_Shr,9,5,2,114,50,7,114
#Biondello_Shr,#Petruchio_Shr,11,5,2,114,50,7,114
#Biondello_Shr,#SERVANTS_Shr,3,5,2,114,50,7,114
#Biondello_Shr,#Vincentio_Shr,5,5,2,114,50,7,114
#Gremio_Shr,#Biondello_Shr,15,5,2,114,50,7,114
#Gremio_Shr,#Grumio_Shr,21,5,2,114,50,7,114
#Gremio_Shr,#Hortensio_Shr,16,5,2,114,50,7,114
#Gremio_Shr,#Merchant_Shr,11,5,2,114,50,7,114
#Gremio_Shr,#Petruchio_Shr,26,5,2,114,50,7,114
#Gremio_Shr,#SERVANTS_Shr,5,5,2,114,50,7,114
#Gremio_Shr,#Vincentio_Shr,14,5,2,114,50,7,114
#Grumio_Shr,#Merchant_Shr,11,5,2,114,50,7,114
#Grumio_Shr,#Petruchio_Shr,30,5,2,114,50,7,114
#Grumio_Shr,#SERVANTS_Shr,5,5,2,114,50,7,114
#Grumio_Shr,#Vincentio_Shr,14,5,2,114,50,7,114
#Hortensio_Shr,#Biondello_Shr,7,5,2,114,50,7,114
#Hortensio_Shr,#Grumio_Shr,14,5,2,114,50,7,114
#Hortensio_Shr,#Merchant_Shr,5,5,2,114,50,7,114
#Hortensio_Shr,#Petruchio_Shr,19,5,2,114,50,7,114
#Hortensio_Shr,#SERVANTS_Shr,5,5,2,114,50,7,114
#Hortensio_Shr,#Vincentio_Shr,6,5,2,114,50,7,114
#Lucentio_Shr,#Baptista_Shr,20,5,2,114,50,7,114
#Lucentio_Shr,#Biondello_Shr,15,5,2,114,50,7,114
#Lucentio_Shr,#Gremio_Shr,26,5,2,114,50,7,114
#Lucentio_Shr,#Grumio_Shr,13,5,2,114,50,7,114
#Lucentio_Shr,#Hortensio_Shr,18,5,2,114,50,7,114
#Lucentio_Shr,#Merchant_Shr,7,5,2,114,50,7,114
#Lucentio_Shr,#Petruchio_Shr,15,5,2,114,50,7,114
#Lucentio_Shr,#SERVANTS_Shr,5,5,2,114,50,7,114
#Lucentio_Shr,#Tranio_Shr,29,5,2,114,50,7,114
#Lucentio_Shr,#Vincentio_Shr,7,5,2,114,50,7,114
#Merchant_Shr,#SERVANTS_Shr,5,5,2,114,50,7,114
#Merchant_Shr,#Vincentio_Shr,11,5,2,114,50,7,114
#Petruchio_Shr,#Merchant_Shr,11,5,2,114,50,7,114
#Petruchio_Shr,#SERVANTS_Shr,5,5,2,114,50,7,114
#Petruchio_Shr,#Vincentio_Shr,15,5,2,114,50,7,114
#Tranio_Shr,#Baptista_Shr,25,5,2,114,50,7,114
#Tranio_Shr,#Biondello_Shr,18,5,2,114,50,7,114
#Tranio_Shr,#Gremio_Shr,28,5,2,114,50,7,114
#Tranio_Shr,#Grumio_Shr,11,5,2,114,50,7,114
#Tranio_Shr,#Hortensio_Shr,17,5,2,114,50,7,114
#Tranio_Shr,#Merchant_Shr,13,5,2,114,50,7,114
#Tranio_Shr,#Petruchio_Shr,16,5,2,114,50,7,114
#Tranio_Shr,#SERVANTS_Shr,5,5,2,114,50,7,114
#Tranio_Shr,#Vincentio_Shr,8,5,2,114,50,7,114
#Vincentio_Shr,#SERVANTS_Shr,5,5,2,114,50,7,114
#Baptista_Shr,#Biondello_Shr,14,5,2,115,16,4,115
#Baptista_Shr,#Gremio_Shr,26,5,2,115,16,4,115
#Baptista_Shr,#Hortensio_Shr,13,5,2,115,16,4,115
#Baptista_Shr,#Merchant_Shr,11,5,2,115,16,4,115
#Baptista_Shr,#Petruchio_Shr,18,5,2,115,16,4,115
#Baptista_Shr,#SERVANTS_Shr,6,5,2,115,16,4,115
#Baptista_Shr,#Vincentio_Shr,10,5,2,115,16,4,115
#Biondello_Shr,#Merchant_Shr,10,5,2,115,16,4,115
#Biondello_Shr,#Petruchio_Shr,12,5,2,115,16,4,115
#Biondello_Shr,#SERVANTS_Shr,4,5,2,115,16,4,115
#Biondello_Shr,#Vincentio_Shr,6,5,2,115,16,4,115
#Gremio_Shr,#Biondello_Shr,16,5,2,115,16,4,115
#Gremio_Shr,#Hortensio_Shr,17,5,2,115,16,4,115
#Gremio_Shr,#Merchant_Shr,12,5,2,115,16,4,115
#Gremio_Shr,#Petruchio_Shr,27,5,2,115,16,4,115
#Gremio_Shr,#SERVANTS_Shr,6,5,2,115,16,4,115
#Gremio_Shr,#Vincentio_Shr,15,5,2,115,16,4,115
#Hortensio_Shr,#Biondello_Shr,8,5,2,115,16,4,115
#Hortensio_Shr,#Merchant_Shr,6,5,2,115,16,4,115
#Hortensio_Shr,#Petruchio_Shr,20,5,2,115,16,4,115
#Hortensio_Shr,#SERVANTS_Shr,6,5,2,115,16,4,115
#Hortensio_Shr,#Vincentio_Shr,7,5,2,115,16,4,115
#Lucentio_Shr,#Baptista_Shr,21,5,2,115,16,4,115
#Lucentio_Shr,#Biondello_Shr,16,5,2,115,16,4,115
#Lucentio_Shr,#Gremio_Shr,27,5,2,115,16,4,115
#Lucentio_Shr,#Hortensio_Shr,19,5,2,115,16,4,115
#Lucentio_Shr,#Merchant_Shr,8,5,2,115,16,4,115
#Lucentio_Shr,#Petruchio_Shr,16,5,2,115,16,4,115
#Lucentio_Shr,#SERVANTS_Shr,6,5,2,115,16,4,115
#Lucentio_Shr,#Tranio_Shr,30,5,2,115,16,4,115
#Lucentio_Shr,#Vincentio_Shr,8,5,2,115,16,4,115
#Merchant_Shr,#SERVANTS_Shr,6,5,2,115,16,4,115
#Merchant_Shr,#Vincentio_Shr,12,5,2,115,16,4,115
#Petruchio_Shr,#Merchant_Shr,12,5,2,115,16,4,115
#Petruchio_Shr,#SERVANTS_Shr,6,5,2,115,16,4,115
#Petruchio_Shr,#Vincentio_Shr,16,5,2,115,16,4,115
#Tranio_Shr,#Baptista_Shr,26,5,2,115,16,4,115
#Tranio_Shr,#Biondello_Shr,19,5,2,115,16,4,115
#Tranio_Shr,#Gremio_Shr,29,5,2,115,16,4,115
#Tranio_Shr,#Hortensio_Shr,18,5,2,115,16,4,115
#Tranio_Shr,#Merchant_Shr,14,5,2,115,16,4,115
#Tranio_Shr,#Petruchio_Shr,17,5,2,115,16,4,115
#Tranio_Shr,#SERVANTS_Shr,6,5,2,115,16,4,115
#Tranio_Shr,#Vincentio_Shr,9,5,2,115,16,4,115
#Vincentio_Shr,#SERVANTS_Shr,6,5,2,115,16,4,115
#Baptista_Shr,#Biondello_Shr,15,5,2,116,56,7,116
#Baptista_Shr,#Gremio_Shr,27,5,2,116,56,7,116
#Baptista_Shr,#Hortensio_Shr,14,5,2,116,56,7,116
#Baptista_Shr,#Katherine_Shr,13,5,2,116,56,7,116
#Baptista_Shr,#Merchant_Shr,12,5,2,116,56,7,116
#Baptista_Shr,#Petruchio_Shr,19,5,2,116,56,7,116
#Baptista_Shr,#SERVANTS_Shr,7,5,2,116,56,7,116
#Baptista_Shr,#Vincentio_Shr,11,5,2,116,56,7,116
#Biondello_Shr,#Merchant_Shr,11,5,2,116,56,7,116
#Biondello_Shr,#Petruchio_Shr,13,5,2,116,56,7,116
#Biondello_Shr,#SERVANTS_Shr,5,5,2,116,56,7,116
#Biondello_Shr,#Vincentio_Shr,7,5,2,116,56,7,116
#Gremio_Shr,#Biondello_Shr,17,5,2,116,56,7,116
#Gremio_Shr,#Hortensio_Shr,18,5,2,116,56,7,116
#Gremio_Shr,#Katherine_Shr,19,5,2,116,56,7,116
#Gremio_Shr,#Merchant_Shr,13,5,2,116,56,7,116
#Gremio_Shr,#Petruchio_Shr,28,5,2,116,56,7,116
#Gremio_Shr,#SERVANTS_Shr,7,5,2,116,56,7,116
#Gremio_Shr,#Vincentio_Shr,16,5,2,116,56,7,116
#Hortensio_Shr,#Biondello_Shr,9,5,2,116,56,7,116
#Hortensio_Shr,#Katherine_Shr,12,5,2,116,56,7,116
#Hortensio_Shr,#Merchant_Shr,7,5,2,116,56,7,116
#Hortensio_Shr,#Petruchio_Shr,21,5,2,116,56,7,116
#Hortensio_Shr,#SERVANTS_Shr,7,5,2,116,56,7,116
#Hortensio_Shr,#Vincentio_Shr,8,5,2,116,56,7,116
#Katherine_Shr,#Biondello_Shr,3,5,2,116,56,7,116
#Katherine_Shr,#Merchant_Shr,7,5,2,116,56,7,116
#Katherine_Shr,#Petruchio_Shr,30,5,2,116,56,7,116
#Katherine_Shr,#SERVANTS_Shr,1,5,2,116,56,7,116
#Katherine_Shr,#Vincentio_Shr,11,5,2,116,56,7,116
#Lucentio_Shr,#Baptista_Shr,22,5,2,116,56,7,116
#Lucentio_Shr,#Biondello_Shr,17,5,2,116,56,7,116
#Lucentio_Shr,#Gremio_Shr,28,5,2,116,56,7,116
#Lucentio_Shr,#Hortensio_Shr,20,5,2,116,56,7,116
#Lucentio_Shr,#Katherine_Shr,10,5,2,116,56,7,116
#Lucentio_Shr,#Merchant_Shr,9,5,2,116,56,7,116
#Lucentio_Shr,#Petruchio_Shr,17,5,2,116,56,7,116
#Lucentio_Shr,#SERVANTS_Shr,7,5,2,116,56,7,116
#Lucentio_Shr,#Tranio_Shr,31,5,2,116,56,7,116
#Lucentio_Shr,#Vincentio_Shr,9,5,2,116,56,7,116
#Merchant_Shr,#SERVANTS_Shr,7,5,2,116,56,7,116
#Merchant_Shr,#Vincentio_Shr,13,5,2,116,56,7,116
#Petruchio_Shr,#Merchant_Shr,13,5,2,116,56,7,116
#Petruchio_Shr,#SERVANTS_Shr,7,5,2,116,56,7,116
#Petruchio_Shr,#Vincentio_Shr,17,5,2,116,56,7,116
#Tranio_Shr,#Baptista_Shr,27,5,2,116,56,7,116
#Tranio_Shr,#Biondello_Shr,20,5,2,116,56,7,116
#Tranio_Shr,#Gremio_Shr,30,5,2,116,56,7,116
#Tranio_Shr,#Hortensio_Shr,19,5,2,116,56,7,116
#Tranio_Shr,#Katherine_Shr,10,5,2,116,56,7,116
#Tranio_Shr,#Merchant_Shr,15,5,2,116,56,7,116
#Tranio_Shr,#Petruchio_Shr,18,5,2,116,56,7,116
#Tranio_Shr,#SERVANTS_Shr,7,5,2,116,56,7,116
#Tranio_Shr,#Vincentio_Shr,10,5,2,116,56,7,116
#Vincentio_Shr,#SERVANTS_Shr,7,5,2,116,56,7,116
#Baptista_Shr,#Biondello_Shr,16,5,2,117,99,13,117
#Baptista_Shr,#Gremio_Shr,28,5,2,117,99,13,117
#Baptista_Shr,#Hortensio_Shr,15,5,2,117,99,13,117
#Baptista_Shr,#Merchant_Shr,13,5,2,117,99,13,117
#Baptista_Shr,#Petruchio_Shr,20,5,2,117,99,13,117
#Baptista_Shr,#SERVANTS_Shr,8,5,2,117,99,13,117
#Baptista_Shr,#Vincentio_Shr,12,5,2,117,99,13,117
#Biondello_Shr,#Merchant_Shr,12,5,2,117,99,13,117
#Biondello_Shr,#Petruchio_Shr,14,5,2,117,99,13,117
#Biondello_Shr,#SERVANTS_Shr,6,5,2,117,99,13,117
#Biondello_Shr,#Vincentio_Shr,8,5,2,117,99,13,117
#Gremio_Shr,#Biondello_Shr,18,5,2,117,99,13,117
#Gremio_Shr,#Hortensio_Shr,19,5,2,117,99,13,117
#Gremio_Shr,#Merchant_Shr,14,5,2,117,99,13,117
#Gremio_Shr,#Petruchio_Shr,29,5,2,117,99,13,117
#Gremio_Shr,#SERVANTS_Shr,8,5,2,117,99,13,117
#Gremio_Shr,#Vincentio_Shr,17,5,2,117,99,13,117
#Hortensio_Shr,#Biondello_Shr,10,5,2,117,99,13,117
#Hortensio_Shr,#Merchant_Shr,8,5,2,117,99,13,117
#Hortensio_Shr,#Petruchio_Shr,22,5,2,117,99,13,117
#Hortensio_Shr,#SERVANTS_Shr,8,5,2,117,99,13,117
#Hortensio_Shr,#Vincentio_Shr,9,5,2,117,99,13,117
#Lucentio_Shr,#Baptista_Shr,23,5,2,117,99,13,117
#Lucentio_Shr,#Biondello_Shr,18,5,2,117,99,13,117
#Lucentio_Shr,#Gremio_Shr,29,5,2,117,99,13,117
#Lucentio_Shr,#Hortensio_Shr,21,5,2,117,99,13,117
#Lucentio_Shr,#Merchant_Shr,10,5,2,117,99,13,117
#Lucentio_Shr,#Petruchio_Shr,18,5,2,117,99,13,117
#Lucentio_Shr,#SERVANTS_Shr,8,5,2,117,99,13,117
#Lucentio_Shr,#Tranio_Shr,32,5,2,117,99,13,117
#Lucentio_Shr,#Vincentio_Shr,10,5,2,117,99,13,117
#Merchant_Shr,#SERVANTS_Shr,8,5,2,117,99,13,117
#Merchant_Shr,#Vincentio_Shr,14,5,2,117,99,13,117
#Petruchio_Shr,#Merchant_Shr,14,5,2,117,99,13,117
#Petruchio_Shr,#SERVANTS_Shr,8,5,2,117,99,13,117
#Petruchio_Shr,#Vincentio_Shr,18,5,2,117,99,13,117
#Tranio_Shr,#Baptista_Shr,28,5,2,117,99,13,117
#Tranio_Shr,#Biondello_Shr,21,5,2,117,99,13,117
#Tranio_Shr,#Gremio_Shr,31,5,2,117,99,13,117
#Tranio_Shr,#Hortensio_Shr,20,5,2,117,99,13,117
#Tranio_Shr,#Merchant_Shr,16,5,2,117,99,13,117
#Tranio_Shr,#Petruchio_Shr,19,5,2,117,99,13,117
#Tranio_Shr,#SERVANTS_Shr,8,5,2,117,99,13,117
#Tranio_Shr,#Vincentio_Shr,11,5,2,117,99,13,117
#Vincentio_Shr,#SERVANTS_Shr,8,5,2,117,99,13,117
#Baptista_Shr,#Bianca_Shr,13,5,2,118,569,73,118
#Baptista_Shr,#Biondello_Shr,17,5,2,118,569,73,118
#Baptista_Shr,#Gremio_Shr,29,5,2,118,569,73,118
#Baptista_Shr,#Hortensio_Shr,16,5,2,118,569,73,118
#Baptista_Shr,#Katherine_Shr,14,5,2,118,569,73,118
#Baptista_Shr,#Merchant_Shr,14,5,2,118,569,73,118
#Baptista_Shr,#Petruchio_Shr,21,5,2,118,569,73,118
#Baptista_Shr,#SERVANTS_Shr,9,5,2,118,569,73,118
#Baptista_Shr,#Vincentio_Shr,13,5,2,118,569,73,118
#Baptista_Shr,#Widow_Shr,1,5,2,118,569,73,118
#Bianca_Shr,#Biondello_Shr,7,5,2,118,569,73,118
#Bianca_Shr,#Gremio_Shr,14,5,2,118,569,73,118
#Bianca_Shr,#Hortensio_Shr,7,5,2,118,569,73,118
#Bianca_Shr,#Katherine_Shr,10,5,2,118,569,73,118
#Bianca_Shr,#Merchant_Shr,2,5,2,118,569,73,118
#Bianca_Shr,#Petruchio_Shr,7,5,2,118,569,73,118
#Bianca_Shr,#SERVANTS_Shr,1,5,2,118,569,73,118
#Bianca_Shr,#Vincentio_Shr,3,5,2,118,569,73,118
#Bianca_Shr,#Widow_Shr,1,5,2,118,569,73,118
#Biondello_Shr,#Merchant_Shr,13,5,2,118,569,73,118
#Biondello_Shr,#Petruchio_Shr,15,5,2,118,569,73,118
#Biondello_Shr,#SERVANTS_Shr,7,5,2,118,569,73,118
#Biondello_Shr,#Vincentio_Shr,9,5,2,118,569,73,118
#Biondello_Shr,#Widow_Shr,1,5,2,118,569,73,118
#Gremio_Shr,#Biondello_Shr,19,5,2,118,569,73,118
#Gremio_Shr,#Hortensio_Shr,20,5,2,118,569,73,118
#Gremio_Shr,#Katherine_Shr,20,5,2,118,569,73,118
#Gremio_Shr,#Merchant_Shr,15,5,2,118,569,73,118
#Gremio_Shr,#Petruchio_Shr,30,5,2,118,569,73,118
#Gremio_Shr,#SERVANTS_Shr,9,5,2,118,569,73,118
#Gremio_Shr,#Vincentio_Shr,18,5,2,118,569,73,118
#Gremio_Shr,#Widow_Shr,1,5,2,118,569,73,118
#Hortensio_Shr,#Biondello_Shr,11,5,2,118,569,73,118
#Hortensio_Shr,#Katherine_Shr,13,5,2,118,569,73,118
#Hortensio_Shr,#Merchant_Shr,9,5,2,118,569,73,118
#Hortensio_Shr,#Petruchio_Shr,23,5,2,118,569,73,118
#Hortensio_Shr,#SERVANTS_Shr,9,5,2,118,569,73,118
#Hortensio_Shr,#Vincentio_Shr,10,5,2,118,569,73,118
#Hortensio_Shr,#Widow_Shr,1,5,2,118,569,73,118
#Katherine_Shr,#Biondello_Shr,4,5,2,118,569,73,118
#Katherine_Shr,#Merchant_Shr,8,5,2,118,569,73,118
#Katherine_Shr,#Petruchio_Shr,31,5,2,118,569,73,118
#Katherine_Shr,#SERVANTS_Shr,2,5,2,118,569,73,118
#Katherine_Shr,#Vincentio_Shr,12,5,2,118,569,73,118
#Katherine_Shr,#Widow_Shr,1,5,2,118,569,73,118
#Lucentio_Shr,#Baptista_Shr,24,5,2,118,569,73,118
#Lucentio_Shr,#Bianca_Shr,19,5,2,118,569,73,118
#Lucentio_Shr,#Biondello_Shr,19,5,2,118,569,73,118
#Lucentio_Shr,#Gremio_Shr,30,5,2,118,569,73,118
#Lucentio_Shr,#Hortensio_Shr,22,5,2,118,569,73,118
#Lucentio_Shr,#Katherine_Shr,11,5,2,118,569,73,118
#Lucentio_Shr,#Merchant_Shr,11,5,2,118,569,73,118
#Lucentio_Shr,#Petruchio_Shr,19,5,2,118,569,73,118
#Lucentio_Shr,#SERVANTS_Shr,9,5,2,118,569,73,118
#Lucentio_Shr,#Tranio_Shr,33,5,2,118,569,73,118
#Lucentio_Shr,#Vincentio_Shr,11,5,2,118,569,73,118
#Lucentio_Shr,#Widow_Shr,1,5,2,118,569,73,118
#Merchant_Shr,#SERVANTS_Shr,9,5,2,118,569,73,118
#Merchant_Shr,#Vincentio_Shr,15,5,2,118,569,73,118
#Merchant_Shr,#Widow_Shr,1,5,2,118,569,73,118
#Petruchio_Shr,#Merchant_Shr,15,5,2,118,569,73,118
#Petruchio_Shr,#SERVANTS_Shr,9,5,2,118,569,73,118
#Petruchio_Shr,#Vincentio_Shr,19,5,2,118,569,73,118
#Petruchio_Shr,#Widow_Shr,1,5,2,118,569,73,118
#SERVANTS_Shr,#Widow_Shr,1,5,2,118,569,73,118
#Tranio_Shr,#Baptista_Shr,29,5,2,118,569,73,118
#Tranio_Shr,#Bianca_Shr,13,5,2,118,569,73,118
#Tranio_Shr,#Biondello_Shr,22,5,2,118,569,73,118
#Tranio_Shr,#Gremio_Shr,32,5,2,118,569,73,118
#Tranio_Shr,#Hortensio_Shr,21,5,2,118,569,73,118
#Tranio_Shr,#Katherine_Shr,11,5,2,118,569,73,118
#Tranio_Shr,#Merchant_Shr,17,5,2,118,569,73,118
#Tranio_Shr,#Petruchio_Shr,20,5,2,118,569,73,118
#Tranio_Shr,#SERVANTS_Shr,9,5,2,118,569,73,118
#Tranio_Shr,#Vincentio_Shr,12,5,2,118,569,73,118
#Tranio_Shr,#Widow_Shr,1,5,2,118,569,73,118
#Vincentio_Shr,#SERVANTS_Shr,9,5,2,118,569,73,118
#Vincentio_Shr,#Widow_Shr,1,5,2,118,569,73,118
#Baptista_Shr,#Bianca_Shr,14,5,2,119,21,2,119
#Baptista_Shr,#Biondello_Shr,18,5,2,119,21,2,119
#Baptista_Shr,#Gremio_Shr,30,5,2,119,21,2,119
#Baptista_Shr,#Hortensio_Shr,17,5,2,119,21,2,119
#Baptista_Shr,#Merchant_Shr,15,5,2,119,21,2,119
#Baptista_Shr,#SERVANTS_Shr,10,5,2,119,21,2,119
#Baptista_Shr,#Vincentio_Shr,14,5,2,119,21,2,119
#Baptista_Shr,#Widow_Shr,2,5,2,119,21,2,119
#Bianca_Shr,#Biondello_Shr,8,5,2,119,21,2,119
#Bianca_Shr,#Gremio_Shr,15,5,2,119,21,2,119
#Bianca_Shr,#Hortensio_Shr,8,5,2,119,21,2,119
#Bianca_Shr,#Merchant_Shr,3,5,2,119,21,2,119
#Bianca_Shr,#SERVANTS_Shr,2,5,2,119,21,2,119
#Bianca_Shr,#Vincentio_Shr,4,5,2,119,21,2,119
#Bianca_Shr,#Widow_Shr,2,5,2,119,21,2,119
#Biondello_Shr,#Merchant_Shr,14,5,2,119,21,2,119
#Biondello_Shr,#SERVANTS_Shr,8,5,2,119,21,2,119
#Biondello_Shr,#Vincentio_Shr,10,5,2,119,21,2,119
#Biondello_Shr,#Widow_Shr,2,5,2,119,21,2,119
#Gremio_Shr,#Biondello_Shr,20,5,2,119,21,2,119
#Gremio_Shr,#Hortensio_Shr,21,5,2,119,21,2,119
#Gremio_Shr,#Merchant_Shr,16,5,2,119,21,2,119
#Gremio_Shr,#SERVANTS_Shr,10,5,2,119,21,2,119
#Gremio_Shr,#Vincentio_Shr,19,5,2,119,21,2,119
#Gremio_Shr,#Widow_Shr,2,5,2,119,21,2,119
#Hortensio_Shr,#Biondello_Shr,12,5,2,119,21,2,119
#Hortensio_Shr,#Merchant_Shr,10,5,2,119,21,2,119
#Hortensio_Shr,#SERVANTS_Shr,10,5,2,119,21,2,119
#Hortensio_Shr,#Vincentio_Shr,11,5,2,119,21,2,119
#Hortensio_Shr,#Widow_Shr,2,5,2,119,21,2,119
#Lucentio_Shr,#Baptista_Shr,25,5,2,119,21,2,119
#Lucentio_Shr,#Bianca_Shr,20,5,2,119,21,2,119
#Lucentio_Shr,#Biondello_Shr,20,5,2,119,21,2,119
#Lucentio_Shr,#Gremio_Shr,31,5,2,119,21,2,119
#Lucentio_Shr,#Hortensio_Shr,23,5,2,119,21,2,119
#Lucentio_Shr,#Merchant_Shr,12,5,2,119,21,2,119
#Lucentio_Shr,#SERVANTS_Shr,10,5,2,119,21,2,119
#Lucentio_Shr,#Tranio_Shr,34,5,2,119,21,2,119
#Lucentio_Shr,#Vincentio_Shr,12,5,2,119,21,2,119
#Lucentio_Shr,#Widow_Shr,2,5,2,119,21,2,119
#Merchant_Shr,#SERVANTS_Shr,10,5,2,119,21,2,119
#Merchant_Shr,#Vincentio_Shr,16,5,2,119,21,2,119
#Merchant_Shr,#Widow_Shr,2,5,2,119,21,2,119
#SERVANTS_Shr,#Widow_Shr,2,5,2,119,21,2,119
#Tranio_Shr,#Baptista_Shr,30,5,2,119,21,2,119
#Tranio_Shr,#Bianca_Shr,14,5,2,119,21,2,119
#Tranio_Shr,#Biondello_Shr,23,5,2,119,21,2,119
#Tranio_Shr,#Gremio_Shr,33,5,2,119,21,2,119
#Tranio_Shr,#Hortensio_Shr,22,5,2,119,21,2,119
#Tranio_Shr,#Merchant_Shr,18,5,2,119,21,2,119
#Tranio_Shr,#SERVANTS_Shr,10,5,2,119,21,2,119
#Tranio_Shr,#Vincentio_Shr,13,5,2,119,21,2,119
#Tranio_Shr,#Widow_Shr,2,5,2,119,21,2,119
#Vincentio_Shr,#SERVANTS_Shr,10,5,2,119,21,2,119
#Vincentio_Shr,#Widow_Shr,2,5,2,119,21,2,119
