source,target,n_lines,n_tokens,edge_type
#Antonio_TGV,1.03.0010,18,131,active
#Antonio_TGV,1.03.0011,17,131,active
#Duke_TGV,2.04.0023,18,130,active
#Duke_TGV,3.01.0033,2,15,active
#Duke_TGV,3.01.0034,19,146,active
#Duke_TGV,3.01.0035,84,658,active
#Duke_TGV,3.02.0041,7,56,active
#Duke_TGV,3.02.0042,34,249,active
#Duke_TGV,5.02.0062,17,126,active
#Duke_TGV,5.04.0070,20,149,active
#Eglamour_TGV,4.03.0051,4,25,active
#Eglamour_TGV,4.03.0052,15,94,active
#Eglamour_TGV,5.01.0059,6,48,active
#Eglamour_TGV,5.01.0060,3,25,active
#Host_TGV,4.02.0047,22,140,active
#Host_TGV,4.02.0050,3,18,active
#Julia_TGV,1.02.0005,26,192,active
#Julia_TGV,1.02.0006,17,135,active
#Julia_TGV,1.02.0007,18,126,active
#Julia_TGV,1.02.0008,26,203,active
#Julia_TGV,1.02.0009,4,29,active
#Julia_TGV,2.02.0017,4,30,active
#Julia_TGV,2.07.0032,72,557,active
#Julia_TGV,4.02.0047,20,104,active
#Julia_TGV,4.02.0048,5,37,active
#Julia_TGV,4.02.0050,4,27,active
#Julia_TGV,4.04.0054,1,9,active
#Julia_TGV,4.04.0055,10,70,active
#Julia_TGV,4.04.0056,19,145,active
#Julia_TGV,4.04.0057,46,330,active
#Julia_TGV,4.04.0058,27,215,active
#Julia_TGV,5.02.0061,8,62,active
#Julia_TGV,5.02.0065,2,18,active
#Julia_TGV,5.04.0069,20,141,active
#Lance_TGV,2.03.0020,34,341,active
#Lance_TGV,2.03.0021,12,92,active
#Lance_TGV,2.05.0030,32,236,active
#Lance_TGV,3.01.0037,8,43,active
#Lance_TGV,3.01.0038,17,172,active
#Lance_TGV,3.01.0039,59,456,active
#Lance_TGV,3.01.0040,3,26,active
#Lance_TGV,4.04.0053,40,404,active
#Lance_TGV,4.04.0054,11,82,active
#Lucetta_TGV,1.02.0005,26,194,active
#Lucetta_TGV,1.02.0007,23,161,active
#Lucetta_TGV,1.02.0009,6,52,active
#Lucetta_TGV,2.07.0032,18,149,active
#OUTLAWS.1_TGV,4.01.0043,1,7,active
#OUTLAWS.1_TGV,4.01.0044,14,104,active
#OUTLAWS.1_TGV,5.03.0066,3,19,active
#OUTLAWS.1_TGV,5.03.0067,3,23,active
#OUTLAWS.1_TGV,5.04.0070,1,6,active
#OUTLAWS.2_TGV,4.01.0043,1,10,active
#OUTLAWS.2_TGV,4.01.0044,13,85,active
#OUTLAWS.2_TGV,5.03.0066,1,4,active
#OUTLAWS.2_TGV,5.04.0070,1,6,active
#OUTLAWS.3_TGV,4.01.0044,20,165,active
#OUTLAWS.3_TGV,5.03.0066,5,39,active
#OUTLAWS.3_TGV,5.04.0070,1,6,active
#Pantino_TGV,1.03.0010,26,185,active
#Pantino_TGV,1.03.0013,2,16,active
#Pantino_TGV,2.02.0019,1,6,active
#Pantino_TGV,2.03.0021,16,104,active
#Proteus_TGV,1.01.0001,20,147,active
#Proteus_TGV,1.01.0002,7,56,active
#Proteus_TGV,1.01.0003,34,216,active
#Proteus_TGV,1.01.0004,3,23,active
#Proteus_TGV,1.03.0011,17,125,active
#Proteus_TGV,1.03.0012,10,83,active
#Proteus_TGV,1.03.0013,2,16,active
#Proteus_TGV,2.02.0017,12,86,active
#Proteus_TGV,2.02.0018,3,24,active
#Proteus_TGV,2.02.0019,2,12,active
#Proteus_TGV,2.04.0025,5,39,active
#Proteus_TGV,2.04.0027,1,6,active
#Proteus_TGV,2.04.0028,21,133,active
#Proteus_TGV,2.04.0029,23,188,active
#Proteus_TGV,2.06.0031,43,326,active
#Proteus_TGV,3.01.0034,29,228,active
#Proteus_TGV,3.01.0037,47,317,active
#Proteus_TGV,3.02.0042,43,308,active
#Proteus_TGV,4.02.0045,18,136,active
#Proteus_TGV,4.02.0046,4,31,active
#Proteus_TGV,4.02.0047,18,106,active
#Proteus_TGV,4.02.0048,16,125,active
#Proteus_TGV,4.02.0049,2,11,active
#Proteus_TGV,4.04.0054,11,79,active
#Proteus_TGV,4.04.0055,21,145,active
#Proteus_TGV,5.02.0061,11,77,active
#Proteus_TGV,5.02.0062,2,3,active
#Proteus_TGV,5.02.0064,2,16,active
#Proteus_TGV,5.04.0069,42,288,active
#SERVANTS.1_TGV,2.04.0026,1,9,active
#Speed_TGV,1.01.0003,47,357,active
#Speed_TGV,2.01.0014,56,441,active
#Speed_TGV,2.01.0015,7,40,active
#Speed_TGV,2.01.0016,34,239,active
#Speed_TGV,2.04.0022,3,14,active
#Speed_TGV,2.05.0030,21,140,active
#Speed_TGV,3.01.0039,37,198,active
#Speed_TGV,4.01.0044,4,27,active
#Sylvia_TGV,2.01.0015,19,141,active
#Sylvia_TGV,2.04.0022,8,36,active
#Sylvia_TGV,2.04.0024,5,40,active
#Sylvia_TGV,2.04.0025,6,48,active
#Sylvia_TGV,2.04.0026,1,5,active
#Sylvia_TGV,2.04.0027,5,29,active
#Sylvia_TGV,4.02.0048,29,215,active
#Sylvia_TGV,4.03.0052,32,225,active
#Sylvia_TGV,4.04.0057,30,200,active
#Sylvia_TGV,5.01.0060,3,22,active
#Sylvia_TGV,5.03.0066,2,15,active
#Sylvia_TGV,5.03.0067,1,7,active
#Sylvia_TGV,5.04.0069,21,155,active
#Thurio_TGV,2.04.0022,12,70,active
#Thurio_TGV,2.04.0024,1,10,active
#Thurio_TGV,3.02.0041,3,22,active
#Thurio_TGV,3.02.0042,11,85,active
#Thurio_TGV,4.02.0046,5,36,active
#Thurio_TGV,4.02.0047,2,4,active
#Thurio_TGV,5.02.0061,11,70,active
#Thurio_TGV,5.02.0062,1,2,active
#Thurio_TGV,5.02.0063,4,32,active
#Thurio_TGV,5.04.0070,5,41,active
#Valentine_TGV,1.01.0001,44,337,active
#Valentine_TGV,2.01.0014,37,221,active
#Valentine_TGV,2.01.0015,16,105,active
#Valentine_TGV,2.01.0016,11,51,active
#Valentine_TGV,2.04.0022,24,129,active
#Valentine_TGV,2.04.0023,21,163,active
#Valentine_TGV,2.04.0024,7,57,active
#Valentine_TGV,2.04.0025,6,40,active
#Valentine_TGV,2.04.0028,57,413,active
#Valentine_TGV,3.01.0035,39,325,active
#Valentine_TGV,3.01.0036,18,144,active
#Valentine_TGV,3.01.0037,21,128,active
#Valentine_TGV,4.01.0044,23,144,active
#Valentine_TGV,5.04.0068,18,131,active
#Valentine_TGV,5.04.0069,30,212,active
#Valentine_TGV,5.04.0070,29,221,active
1.01.0001,#Proteus_TGV,44,337,passive
1.01.0001,#Valentine_TGV,20,147,passive
1.01.0003,#Proteus_TGV,47,357,passive
1.01.0003,#Speed_TGV,34,216,passive
1.02.0005,#Julia_TGV,26,194,passive
1.02.0005,#Lucetta_TGV,26,192,passive
1.02.0007,#Julia_TGV,23,161,passive
1.02.0007,#Lucetta_TGV,18,126,passive
1.02.0009,#Julia_TGV,6,52,passive
1.02.0009,#Lucetta_TGV,4,29,passive
1.03.0010,#Antonio_TGV,26,185,passive
1.03.0010,#Pantino_TGV,18,131,passive
1.03.0011,#Antonio_TGV,17,125,passive
1.03.0011,#Pantino_TGV,34,256,passive
1.03.0011,#Proteus_TGV,17,131,passive
1.03.0013,#Pantino_TGV,2,16,passive
1.03.0013,#Proteus_TGV,2,16,passive
2.01.0014,#Speed_TGV,37,221,passive
2.01.0014,#Valentine_TGV,56,441,passive
2.01.0015,#Speed_TGV,35,246,passive
2.01.0015,#Sylvia_TGV,23,145,passive
2.01.0015,#Valentine_TGV,26,181,passive
2.01.0016,#Speed_TGV,11,51,passive
2.01.0016,#Valentine_TGV,34,239,passive
2.02.0017,#Julia_TGV,12,86,passive
2.02.0017,#Proteus_TGV,4,30,passive
2.02.0019,#Pantino_TGV,2,12,passive
2.02.0019,#Proteus_TGV,1,6,passive
2.03.0020,#Crab_TGV,34,341,passive
2.03.0021,#Crab_TGV,28,196,passive
2.03.0021,#Lance_TGV,16,104,passive
2.03.0021,#Pantino_TGV,12,92,passive
2.04.0022,#Speed_TGV,44,235,passive
2.04.0022,#Sylvia_TGV,39,213,passive
2.04.0022,#Thurio_TGV,35,179,passive
2.04.0022,#Valentine_TGV,23,120,passive
2.04.0023,#Duke_TGV,21,163,passive
2.04.0023,#Speed_TGV,39,293,passive
2.04.0023,#Sylvia_TGV,39,293,passive
2.04.0023,#Thurio_TGV,39,293,passive
2.04.0023,#Valentine_TGV,18,130,passive
2.04.0024,#Speed_TGV,13,107,passive
2.04.0024,#Sylvia_TGV,8,67,passive
2.04.0024,#Thurio_TGV,12,97,passive
2.04.0024,#Valentine_TGV,6,50,passive
2.04.0025,#Proteus_TGV,12,88,passive
2.04.0025,#Speed_TGV,17,127,passive
2.04.0025,#Sylvia_TGV,11,79,passive
2.04.0025,#Thurio_TGV,17,127,passive
2.04.0025,#Valentine_TGV,11,87,passive
2.04.0026,#Proteus_TGV,2,14,passive
2.04.0026,#SERVANTS.1_TGV,1,5,passive
2.04.0026,#Speed_TGV,2,14,passive
2.04.0026,#Sylvia_TGV,1,9,passive
2.04.0026,#Thurio_TGV,2,14,passive
2.04.0026,#Valentine_TGV,2,14,passive
2.04.0027,#Proteus_TGV,5,29,passive
2.04.0027,#Speed_TGV,6,35,passive
2.04.0027,#Sylvia_TGV,1,6,passive
2.04.0027,#Thurio_TGV,6,35,passive
2.04.0027,#Valentine_TGV,6,35,passive
2.04.0028,#Proteus_TGV,57,413,passive
2.04.0028,#Speed_TGV,78,546,passive
2.04.0028,#Valentine_TGV,21,133,passive
2.05.0030,#Crab_TGV,53,376,passive
2.05.0030,#Lance_TGV,21,140,passive
2.05.0030,#Speed_TGV,32,236,passive
2.07.0032,#Julia_TGV,18,149,passive
2.07.0032,#Lucetta_TGV,72,557,passive
3.01.0033,#Proteus_TGV,2,15,passive
3.01.0033,#Thurio_TGV,2,15,passive
3.01.0034,#Duke_TGV,29,228,passive
3.01.0034,#Proteus_TGV,19,146,passive
3.01.0035,#Duke_TGV,39,325,passive
3.01.0035,#Valentine_TGV,84,658,passive
3.01.0037,#Lance_TGV,68,445,passive
3.01.0037,#Proteus_TGV,29,171,passive
3.01.0037,#Valentine_TGV,55,360,passive
3.01.0039,#Lance_TGV,37,198,passive
3.01.0039,#Speed_TGV,59,456,passive
3.02.0041,#Duke_TGV,3,22,passive
3.02.0041,#Thurio_TGV,7,56,passive
3.02.0042,#Duke_TGV,54,393,passive
3.02.0042,#Proteus_TGV,45,334,passive
3.02.0042,#Thurio_TGV,77,557,passive
4.01.0043,#OUTLAWS.1_TGV,1,10,passive
4.01.0043,#OUTLAWS.2_TGV,1,7,passive
4.01.0043,#OUTLAWS.3_TGV,2,17,passive
4.01.0044,#OUTLAWS.1_TGV,60,421,passive
4.01.0044,#OUTLAWS.2_TGV,61,440,passive
4.01.0044,#OUTLAWS.3_TGV,54,360,passive
4.01.0044,#Speed_TGV,70,498,passive
4.01.0044,#Valentine_TGV,51,381,passive
4.02.0046,#MUSICIANS_TGV,9,67,passive
4.02.0046,#Proteus_TGV,5,36,passive
4.02.0046,#Thurio_TGV,4,31,passive
4.02.0047,#Host_TGV,40,214,passive
4.02.0047,#Julia_TGV,42,250,passive
4.02.0047,#MUSICIANS_TGV,62,354,passive
4.02.0047,#Proteus_TGV,44,248,passive
4.02.0047,#Thurio_TGV,60,350,passive
4.02.0048,#Host_TGV,50,377,passive
4.02.0048,#Julia_TGV,45,340,passive
4.02.0048,#Proteus_TGV,34,252,passive
4.02.0048,#Sylvia_TGV,21,162,passive
4.02.0049,#Host_TGV,2,11,passive
4.02.0049,#Julia_TGV,2,11,passive
4.02.0050,#Host_TGV,4,27,passive
4.02.0050,#Julia_TGV,3,18,passive
4.03.0052,#Eglamour_TGV,32,225,passive
4.03.0052,#Sylvia_TGV,15,94,passive
4.04.0053,#Crab_TGV,40,404,passive
4.04.0054,#Crab_TGV,23,170,passive
4.04.0054,#Julia_TGV,22,161,passive
4.04.0054,#Lance_TGV,12,88,passive
4.04.0054,#Proteus_TGV,12,91,passive
4.04.0055,#Julia_TGV,21,145,passive
4.04.0055,#Proteus_TGV,10,70,passive
4.04.0057,#Julia_TGV,30,200,passive
4.04.0057,#Sylvia_TGV,46,330,passive
5.01.0060,#Eglamour_TGV,3,22,passive
5.01.0060,#Sylvia_TGV,3,25,passive
5.02.0061,#Julia_TGV,22,147,passive
5.02.0061,#Proteus_TGV,19,132,passive
5.02.0061,#Thurio_TGV,19,139,passive
5.02.0062,#Duke_TGV,3,5,passive
5.02.0062,#Julia_TGV,20,131,passive
5.02.0062,#Proteus_TGV,18,128,passive
5.02.0062,#Thurio_TGV,19,129,passive
5.02.0063,#Julia_TGV,4,32,passive
5.02.0063,#Proteus_TGV,4,32,passive
5.02.0064,#Julia_TGV,2,16,passive
5.03.0066,#OUTLAWS.1_TGV,8,58,passive
5.03.0066,#OUTLAWS.2_TGV,10,73,passive
5.03.0066,#OUTLAWS.3_TGV,6,38,passive
5.03.0066,#Sylvia_TGV,9,62,passive
5.03.0067,#OUTLAWS.1_TGV,1,7,passive
5.03.0067,#Sylvia_TGV,3,23,passive
5.04.0069,#Julia_TGV,93,655,passive
5.04.0069,#Proteus_TGV,71,508,passive
5.04.0069,#Sylvia_TGV,92,641,passive
5.04.0069,#Valentine_TGV,83,584,passive
5.04.0070,#Duke_TGV,35,268,passive
5.04.0070,#Julia_TGV,55,417,passive
5.04.0070,#OUTLAWS.1_TGV,54,411,passive
5.04.0070,#OUTLAWS.2_TGV,54,411,passive
5.04.0070,#OUTLAWS.3_TGV,54,411,passive
5.04.0070,#Proteus_TGV,55,417,passive
5.04.0070,#Sylvia_TGV,55,417,passive
5.04.0070,#Thurio_TGV,50,376,passive
5.04.0070,#Valentine_TGV,26,196,passive
