act,scene,stagegroup,setting,speaker,onstage,n_tokens,n_lines
1,1,1,1,#Poet_Tim,#Jeweler_Tim #Merchant_Tim #Painter_Tim #Poet_Tim,3,1
1,1,1,2,#Painter_Tim,#Jeweler_Tim #Merchant_Tim #Painter_Tim #Poet_Tim,5,1
1,1,1,3,#Poet_Tim,#Jeweler_Tim #Merchant_Tim #Painter_Tim #Poet_Tim,10,1
1,1,1,4,#Painter_Tim,#Jeweler_Tim #Merchant_Tim #Painter_Tim #Poet_Tim,6,1
1,1,1,5,#Poet_Tim,#Jeweler_Tim #Merchant_Tim #Painter_Tim #Poet_Tim,32,5
1,1,1,6,#Painter_Tim,#Jeweler_Tim #Merchant_Tim #Painter_Tim #Poet_Tim,8,1
1,1,1,7,#Merchant_Tim,#Jeweler_Tim #Merchant_Tim #Painter_Tim #Poet_Tim,5,1
1,1,1,8,#Jeweler_Tim,#Jeweler_Tim #Merchant_Tim #Painter_Tim #Poet_Tim,4,1
1,1,1,9,#Merchant_Tim,#Jeweler_Tim #Merchant_Tim #Painter_Tim #Poet_Tim,16,3
1,1,1,10,#Jeweler_Tim,#Jeweler_Tim #Merchant_Tim #Painter_Tim #Poet_Tim,5,1
1,1,1,11,#Merchant_Tim,#Jeweler_Tim #Merchant_Tim #Painter_Tim #Poet_Tim,10,1
1,1,1,12,#Jeweler_Tim,#Jeweler_Tim #Merchant_Tim #Painter_Tim #Poet_Tim,9,1
1,1,1,13,#Poet_Tim,#Jeweler_Tim #Merchant_Tim #Painter_Tim #Poet_Tim,21,3
1,1,1,14,#Merchant_Tim,#Jeweler_Tim #Merchant_Tim #Painter_Tim #Poet_Tim,4,1
1,1,1,15,#Jeweler_Tim,#Jeweler_Tim #Merchant_Tim #Painter_Tim #Poet_Tim,8,1
1,1,1,16,#Painter_Tim,#Jeweler_Tim #Merchant_Tim #Painter_Tim #Poet_Tim,13,2
1,1,1,17,#Poet_Tim,#Jeweler_Tim #Merchant_Tim #Painter_Tim #Poet_Tim,47,6
1,1,1,18,#Painter_Tim,#Jeweler_Tim #Merchant_Tim #Painter_Tim #Poet_Tim,8,1
1,1,1,19,#Poet_Tim,#Jeweler_Tim #Merchant_Tim #Painter_Tim #Poet_Tim,11,2
1,1,1,20,#Painter_Tim,#Jeweler_Tim #Merchant_Tim #Painter_Tim #Poet_Tim,4,1
1,1,1,21,#Poet_Tim,#Jeweler_Tim #Merchant_Tim #Painter_Tim #Poet_Tim,8,1
1,1,1,22,#Painter_Tim,#Jeweler_Tim #Merchant_Tim #Painter_Tim #Poet_Tim,1,1
1,1,1,23,#Poet_Tim,#Jeweler_Tim #Merchant_Tim #Painter_Tim #Poet_Tim,32,5
1,1,1,24,#Painter_Tim,#Jeweler_Tim #Merchant_Tim #Painter_Tim #Poet_Tim,15,2
1,1,1,25,#Poet_Tim,#Jeweler_Tim #Merchant_Tim #Painter_Tim #Poet_Tim,17,3
1,1,2,26,#Painter_Tim,#Jeweler_Tim #Merchant_Tim #Painter_Tim #Poet_Tim #SENATORS_Tim,5,1
1,1,2,27,#Poet_Tim,#Jeweler_Tim #Merchant_Tim #Painter_Tim #Poet_Tim #SENATORS_Tim,6,1
1,1,2,28,#Painter_Tim,#Jeweler_Tim #Merchant_Tim #Painter_Tim #Poet_Tim #SENATORS_Tim,2,1
1,1,2,29,#Poet_Tim,#Jeweler_Tim #Merchant_Tim #Painter_Tim #Poet_Tim #SENATORS_Tim,69,10
1,1,2,30,#Painter_Tim,#Jeweler_Tim #Merchant_Tim #Painter_Tim #Poet_Tim #SENATORS_Tim,5,1
1,1,2,31,#Poet_Tim,#Jeweler_Tim #Merchant_Tim #Painter_Tim #Poet_Tim #SENATORS_Tim,88,12
1,1,2,32,#Painter_Tim,#Jeweler_Tim #Merchant_Tim #Painter_Tim #Poet_Tim #SENATORS_Tim,5,1
1,1,2,33,#Poet_Tim,#Jeweler_Tim #Merchant_Tim #Painter_Tim #Poet_Tim #SENATORS_Tim,79,10
1,1,2,34,#Painter_Tim,#Jeweler_Tim #Merchant_Tim #Painter_Tim #Poet_Tim #SENATORS_Tim,38,6
1,1,2,35,#Poet_Tim,#Jeweler_Tim #Merchant_Tim #Painter_Tim #Poet_Tim #SENATORS_Tim,49,7
1,1,2,36,#Painter_Tim,#Jeweler_Tim #Merchant_Tim #Painter_Tim #Poet_Tim #SENATORS_Tim,5,1
1,1,2,37,#Poet_Tim,#Jeweler_Tim #Merchant_Tim #Painter_Tim #Poet_Tim #SENATORS_Tim,41,5
1,1,2,38,#Painter_Tim,#Jeweler_Tim #Merchant_Tim #Painter_Tim #Poet_Tim #SENATORS_Tim,39,7
1,1,3,39,#Timon_Tim,#Jeweler_Tim #MESSENGERS.X.1_Tim #Merchant_Tim #Painter_Tim #Poet_Tim #SENATORS_Tim #SERVANTS.TIMON.Lucilius_Tim #SERVANTS.TIMON_Tim #Timon_Tim,5,1
1,1,3,40,#MESSENGERS.X.1_Tim,#Jeweler_Tim #MESSENGERS.X.1_Tim #Merchant_Tim #Painter_Tim #Poet_Tim #SENATORS_Tim #SERVANTS.TIMON.Lucilius_Tim #SERVANTS.TIMON_Tim #Timon_Tim,33,5
1,1,3,41,#Timon_Tim,#Jeweler_Tim #MESSENGERS.X.1_Tim #Merchant_Tim #Painter_Tim #Poet_Tim #SENATORS_Tim #SERVANTS.TIMON.Lucilius_Tim #SERVANTS.TIMON_Tim #Timon_Tim,41,5
1,1,3,42,#MESSENGERS.X.1_Tim,#Jeweler_Tim #MESSENGERS.X.1_Tim #Merchant_Tim #Painter_Tim #Poet_Tim #SENATORS_Tim #SERVANTS.TIMON.Lucilius_Tim #SERVANTS.TIMON_Tim #Timon_Tim,5,1
1,1,3,43,#Timon_Tim,#Jeweler_Tim #MESSENGERS.X.1_Tim #Merchant_Tim #Painter_Tim #Poet_Tim #SENATORS_Tim #SERVANTS.TIMON.Lucilius_Tim #SERVANTS.TIMON_Tim #Timon_Tim,33,4
1,1,3,44,#MESSENGERS.X.1_Tim,#Jeweler_Tim #MESSENGERS.X.1_Tim #Merchant_Tim #Painter_Tim #Poet_Tim #SENATORS_Tim #SERVANTS.TIMON.Lucilius_Tim #SERVANTS.TIMON_Tim #Timon_Tim,5,1
1,1,4,45,#OldMan_Tim,#Jeweler_Tim #Merchant_Tim #OldMan_Tim #Painter_Tim #Poet_Tim #SENATORS_Tim #SERVANTS.TIMON.Lucilius_Tim #SERVANTS.TIMON_Tim #Timon_Tim,5,1
1,1,4,46,#Timon_Tim,#Jeweler_Tim #Merchant_Tim #OldMan_Tim #Painter_Tim #Poet_Tim #SENATORS_Tim #SERVANTS.TIMON.Lucilius_Tim #SERVANTS.TIMON_Tim #Timon_Tim,3,1
1,1,4,47,#OldMan_Tim,#Jeweler_Tim #Merchant_Tim #OldMan_Tim #Painter_Tim #Poet_Tim #SENATORS_Tim #SERVANTS.TIMON.Lucilius_Tim #SERVANTS.TIMON_Tim #Timon_Tim,6,1
1,1,4,48,#Timon_Tim,#Jeweler_Tim #Merchant_Tim #OldMan_Tim #Painter_Tim #Poet_Tim #SENATORS_Tim #SERVANTS.TIMON.Lucilius_Tim #SERVANTS.TIMON_Tim #Timon_Tim,6,1
1,1,4,49,#OldMan_Tim,#Jeweler_Tim #Merchant_Tim #OldMan_Tim #Painter_Tim #Poet_Tim #SENATORS_Tim #SERVANTS.TIMON.Lucilius_Tim #SERVANTS.TIMON_Tim #Timon_Tim,8,1
1,1,4,50,#Timon_Tim,#Jeweler_Tim #Merchant_Tim #OldMan_Tim #Painter_Tim #Poet_Tim #SENATORS_Tim #SERVANTS.TIMON.Lucilius_Tim #SERVANTS.TIMON_Tim #Timon_Tim,6,1
1,1,4,51,#SERVANTS.TIMON.Lucilius_Tim,#Jeweler_Tim #Merchant_Tim #OldMan_Tim #Painter_Tim #Poet_Tim #SENATORS_Tim #SERVANTS.TIMON.Lucilius_Tim #SERVANTS.TIMON_Tim #Timon_Tim,5,1
1,1,4,52,#OldMan_Tim,#Jeweler_Tim #Merchant_Tim #OldMan_Tim #Painter_Tim #Poet_Tim #SENATORS_Tim #SERVANTS.TIMON.Lucilius_Tim #SERVANTS.TIMON_Tim #Timon_Tim,40,5
1,1,4,53,#Timon_Tim,#Jeweler_Tim #Merchant_Tim #OldMan_Tim #Painter_Tim #Poet_Tim #SENATORS_Tim #SERVANTS.TIMON.Lucilius_Tim #SERVANTS.TIMON_Tim #Timon_Tim,3,1
1,1,4,54,#OldMan_Tim,#Jeweler_Tim #Merchant_Tim #OldMan_Tim #Painter_Tim #Poet_Tim #SENATORS_Tim #SERVANTS.TIMON.Lucilius_Tim #SERVANTS.TIMON_Tim #Timon_Tim,65,8
1,1,4,55,#Timon_Tim,#Jeweler_Tim #Merchant_Tim #OldMan_Tim #Painter_Tim #Poet_Tim #SENATORS_Tim #SERVANTS.TIMON.Lucilius_Tim #SERVANTS.TIMON_Tim #Timon_Tim,4,1
1,1,4,56,#OldMan_Tim,#Jeweler_Tim #Merchant_Tim #OldMan_Tim #Painter_Tim #Poet_Tim #SENATORS_Tim #SERVANTS.TIMON.Lucilius_Tim #SERVANTS.TIMON_Tim #Timon_Tim,17,3
1,1,4,57,#Timon_Tim,#Jeweler_Tim #Merchant_Tim #OldMan_Tim #Painter_Tim #Poet_Tim #SENATORS_Tim #SERVANTS.TIMON.Lucilius_Tim #SERVANTS.TIMON_Tim #Timon_Tim,4,1
1,1,4,58,#OldMan_Tim,#Jeweler_Tim #Merchant_Tim #OldMan_Tim #Painter_Tim #Poet_Tim #SENATORS_Tim #SERVANTS.TIMON.Lucilius_Tim #SERVANTS.TIMON_Tim #Timon_Tim,16,3
1,1,4,59,#Timon_Tim,#Jeweler_Tim #Merchant_Tim #OldMan_Tim #Painter_Tim #Poet_Tim #SENATORS_Tim #SERVANTS.TIMON.Lucilius_Tim #SERVANTS.TIMON_Tim #Timon_Tim,4,1
1,1,4,60,#SERVANTS.TIMON.Lucilius_Tim,#Jeweler_Tim #Merchant_Tim #OldMan_Tim #Painter_Tim #Poet_Tim #SENATORS_Tim #SERVANTS.TIMON.Lucilius_Tim #SERVANTS.TIMON_Tim #Timon_Tim,9,1
1,1,4,61,#OldMan_Tim,#Jeweler_Tim #Merchant_Tim #OldMan_Tim #Painter_Tim #Poet_Tim #SENATORS_Tim #SERVANTS.TIMON.Lucilius_Tim #SERVANTS.TIMON_Tim #Timon_Tim,30,4
1,1,4,62,#Timon_Tim,#Jeweler_Tim #Merchant_Tim #OldMan_Tim #Painter_Tim #Poet_Tim #SENATORS_Tim #SERVANTS.TIMON.Lucilius_Tim #SERVANTS.TIMON_Tim #Timon_Tim,13,2
1,1,4,63,#OldMan_Tim,#Jeweler_Tim #Merchant_Tim #OldMan_Tim #Painter_Tim #Poet_Tim #SENATORS_Tim #SERVANTS.TIMON.Lucilius_Tim #SERVANTS.TIMON_Tim #Timon_Tim,8,1
1,1,4,64,#Timon_Tim,#Jeweler_Tim #Merchant_Tim #OldMan_Tim #Painter_Tim #Poet_Tim #SENATORS_Tim #SERVANTS.TIMON.Lucilius_Tim #SERVANTS.TIMON_Tim #Timon_Tim,40,5
1,1,4,65,#OldMan_Tim,#Jeweler_Tim #Merchant_Tim #OldMan_Tim #Painter_Tim #Poet_Tim #SENATORS_Tim #SERVANTS.TIMON.Lucilius_Tim #SERVANTS.TIMON_Tim #Timon_Tim,12,2
1,1,4,66,#Timon_Tim,#Jeweler_Tim #Merchant_Tim #OldMan_Tim #Painter_Tim #Poet_Tim #SENATORS_Tim #SERVANTS.TIMON.Lucilius_Tim #SERVANTS.TIMON_Tim #Timon_Tim,9,1
1,1,4,67,#SERVANTS.TIMON.Lucilius_Tim,#Jeweler_Tim #Merchant_Tim #OldMan_Tim #Painter_Tim #Poet_Tim #SENATORS_Tim #SERVANTS.TIMON.Lucilius_Tim #SERVANTS.TIMON_Tim #Timon_Tim,21,3
1,1,5,68,#Poet_Tim,#Jeweler_Tim #Merchant_Tim #Painter_Tim #Poet_Tim #SENATORS_Tim #SERVANTS.TIMON_Tim #Timon_Tim,8,1
1,1,5,69,#Timon_Tim,#Jeweler_Tim #Merchant_Tim #Painter_Tim #Poet_Tim #SENATORS_Tim #SERVANTS.TIMON_Tim #Timon_Tim,18,2
1,1,5,70,#Painter_Tim,#Jeweler_Tim #Merchant_Tim #Painter_Tim #Poet_Tim #SENATORS_Tim #SERVANTS.TIMON_Tim #Timon_Tim,12,2
1,1,5,71,#Timon_Tim,#Jeweler_Tim #Merchant_Tim #Painter_Tim #Poet_Tim #SENATORS_Tim #SERVANTS.TIMON_Tim #Timon_Tim,50,7
1,1,5,72,#Painter_Tim,#Jeweler_Tim #Merchant_Tim #Painter_Tim #Poet_Tim #SENATORS_Tim #SERVANTS.TIMON_Tim #Timon_Tim,4,1
1,1,5,73,#Timon_Tim,#Jeweler_Tim #Merchant_Tim #Painter_Tim #Poet_Tim #SENATORS_Tim #SERVANTS.TIMON_Tim #Timon_Tim,20,3
1,1,5,74,#Jeweler_Tim,#Jeweler_Tim #Merchant_Tim #Painter_Tim #Poet_Tim #SENATORS_Tim #SERVANTS.TIMON_Tim #Timon_Tim,4,1
1,1,5,75,#Timon_Tim,#Jeweler_Tim #Merchant_Tim #Painter_Tim #Poet_Tim #SENATORS_Tim #SERVANTS.TIMON_Tim #Timon_Tim,20,3
1,1,5,76,#Jeweler_Tim,#Jeweler_Tim #Merchant_Tim #Painter_Tim #Poet_Tim #SENATORS_Tim #SERVANTS.TIMON_Tim #Timon_Tim,39,5
1,1,5,77,#Timon_Tim,#Jeweler_Tim #Merchant_Tim #Painter_Tim #Poet_Tim #SENATORS_Tim #SERVANTS.TIMON_Tim #Timon_Tim,2,1
1,1,5,78,#Merchant_Tim,#Jeweler_Tim #Merchant_Tim #Painter_Tim #Poet_Tim #SENATORS_Tim #SERVANTS.TIMON_Tim #Timon_Tim,15,2
1,1,6,79,#Timon_Tim,#Apemantus_Tim #Jeweler_Tim #Merchant_Tim #Painter_Tim #Poet_Tim #SENATORS_Tim #SERVANTS.TIMON_Tim #Timon_Tim,8,1
1,1,6,80,#Jeweler_Tim,#Apemantus_Tim #Jeweler_Tim #Merchant_Tim #Painter_Tim #Poet_Tim #SENATORS_Tim #SERVANTS.TIMON_Tim #Timon_Tim,5,1
1,1,6,81,#Merchant_Tim,#Apemantus_Tim #Jeweler_Tim #Merchant_Tim #Painter_Tim #Poet_Tim #SENATORS_Tim #SERVANTS.TIMON_Tim #Timon_Tim,3,1
1,1,6,82,#Timon_Tim,#Apemantus_Tim #Jeweler_Tim #Merchant_Tim #Painter_Tim #Poet_Tim #SENATORS_Tim #SERVANTS.TIMON_Tim #Timon_Tim,6,1
1,1,6,83,#Apemantus_Tim,#Apemantus_Tim #Jeweler_Tim #Merchant_Tim #Painter_Tim #Poet_Tim #SENATORS_Tim #SERVANTS.TIMON_Tim #Timon_Tim,19,2
1,1,6,84,#Timon_Tim,#Apemantus_Tim #Jeweler_Tim #Merchant_Tim #Painter_Tim #Poet_Tim #SENATORS_Tim #SERVANTS.TIMON_Tim #Timon_Tim,10,2
1,1,6,85,#Apemantus_Tim,#Apemantus_Tim #Jeweler_Tim #Merchant_Tim #Painter_Tim #Poet_Tim #SENATORS_Tim #SERVANTS.TIMON_Tim #Timon_Tim,4,1
1,1,6,86,#Timon_Tim,#Apemantus_Tim #Jeweler_Tim #Merchant_Tim #Painter_Tim #Poet_Tim #SENATORS_Tim #SERVANTS.TIMON_Tim #Timon_Tim,1,1
1,1,6,87,#Apemantus_Tim,#Apemantus_Tim #Jeweler_Tim #Merchant_Tim #Painter_Tim #Poet_Tim #SENATORS_Tim #SERVANTS.TIMON_Tim #Timon_Tim,4,1
1,1,6,88,#Jeweler_Tim,#Apemantus_Tim #Jeweler_Tim #Merchant_Tim #Painter_Tim #Poet_Tim #SENATORS_Tim #SERVANTS.TIMON_Tim #Timon_Tim,4,1
1,1,6,89,#Apemantus_Tim,#Apemantus_Tim #Jeweler_Tim #Merchant_Tim #Painter_Tim #Poet_Tim #SENATORS_Tim #SERVANTS.TIMON_Tim #Timon_Tim,10,2
1,1,6,90,#Timon_Tim,#Apemantus_Tim #Jeweler_Tim #Merchant_Tim #Painter_Tim #Poet_Tim #SENATORS_Tim #SERVANTS.TIMON_Tim #Timon_Tim,4,1
1,1,6,91,#Apemantus_Tim,#Apemantus_Tim #Jeweler_Tim #Merchant_Tim #Painter_Tim #Poet_Tim #SENATORS_Tim #SERVANTS.TIMON_Tim #Timon_Tim,11,2
1,1,6,92,#Timon_Tim,#Apemantus_Tim #Jeweler_Tim #Merchant_Tim #Painter_Tim #Poet_Tim #SENATORS_Tim #SERVANTS.TIMON_Tim #Timon_Tim,3,1
1,1,6,93,#Apemantus_Tim,#Apemantus_Tim #Jeweler_Tim #Merchant_Tim #Painter_Tim #Poet_Tim #SENATORS_Tim #SERVANTS.TIMON_Tim #Timon_Tim,7,1
1,1,6,94,#Timon_Tim,#Apemantus_Tim #Jeweler_Tim #Merchant_Tim #Painter_Tim #Poet_Tim #SENATORS_Tim #SERVANTS.TIMON_Tim #Timon_Tim,7,1
1,1,6,95,#Apemantus_Tim,#Apemantus_Tim #Jeweler_Tim #Merchant_Tim #Painter_Tim #Poet_Tim #SENATORS_Tim #SERVANTS.TIMON_Tim #Timon_Tim,9,1
1,1,6,96,#Timon_Tim,#Apemantus_Tim #Jeweler_Tim #Merchant_Tim #Painter_Tim #Poet_Tim #SENATORS_Tim #SERVANTS.TIMON_Tim #Timon_Tim,6,1
1,1,6,97,#Apemantus_Tim,#Apemantus_Tim #Jeweler_Tim #Merchant_Tim #Painter_Tim #Poet_Tim #SENATORS_Tim #SERVANTS.TIMON_Tim #Timon_Tim,5,1
1,1,6,98,#Timon_Tim,#Apemantus_Tim #Jeweler_Tim #Merchant_Tim #Painter_Tim #Poet_Tim #SENATORS_Tim #SERVANTS.TIMON_Tim #Timon_Tim,7,1
1,1,6,99,#Apemantus_Tim,#Apemantus_Tim #Jeweler_Tim #Merchant_Tim #Painter_Tim #Poet_Tim #SENATORS_Tim #SERVANTS.TIMON_Tim #Timon_Tim,16,2
1,1,6,100,#Painter_Tim,#Apemantus_Tim #Jeweler_Tim #Merchant_Tim #Painter_Tim #Poet_Tim #SENATORS_Tim #SERVANTS.TIMON_Tim #Timon_Tim,3,1
1,1,6,101,#Apemantus_Tim,#Apemantus_Tim #Jeweler_Tim #Merchant_Tim #Painter_Tim #Poet_Tim #SENATORS_Tim #SERVANTS.TIMON_Tim #Timon_Tim,12,2
1,1,6,102,#Timon_Tim,#Apemantus_Tim #Jeweler_Tim #Merchant_Tim #Painter_Tim #Poet_Tim #SENATORS_Tim #SERVANTS.TIMON_Tim #Timon_Tim,5,1
1,1,6,103,#Apemantus_Tim,#Apemantus_Tim #Jeweler_Tim #Merchant_Tim #Painter_Tim #Poet_Tim #SENATORS_Tim #SERVANTS.TIMON_Tim #Timon_Tim,5,1
1,1,6,104,#Timon_Tim,#Apemantus_Tim #Jeweler_Tim #Merchant_Tim #Painter_Tim #Poet_Tim #SENATORS_Tim #SERVANTS.TIMON_Tim #Timon_Tim,7,1
1,1,6,105,#Apemantus_Tim,#Apemantus_Tim #Jeweler_Tim #Merchant_Tim #Painter_Tim #Poet_Tim #SENATORS_Tim #SERVANTS.TIMON_Tim #Timon_Tim,10,2
1,1,6,106,#Timon_Tim,#Apemantus_Tim #Jeweler_Tim #Merchant_Tim #Painter_Tim #Poet_Tim #SENATORS_Tim #SERVANTS.TIMON_Tim #Timon_Tim,4,1
1,1,6,107,#Apemantus_Tim,#Apemantus_Tim #Jeweler_Tim #Merchant_Tim #Painter_Tim #Poet_Tim #SENATORS_Tim #SERVANTS.TIMON_Tim #Timon_Tim,9,2
1,1,6,108,#Timon_Tim,#Apemantus_Tim #Jeweler_Tim #Merchant_Tim #Painter_Tim #Poet_Tim #SENATORS_Tim #SERVANTS.TIMON_Tim #Timon_Tim,7,1
1,1,6,109,#Apemantus_Tim,#Apemantus_Tim #Jeweler_Tim #Merchant_Tim #Painter_Tim #Poet_Tim #SENATORS_Tim #SERVANTS.TIMON_Tim #Timon_Tim,13,2
1,1,6,110,#Timon_Tim,#Apemantus_Tim #Jeweler_Tim #Merchant_Tim #Painter_Tim #Poet_Tim #SENATORS_Tim #SERVANTS.TIMON_Tim #Timon_Tim,6,1
1,1,6,111,#Apemantus_Tim,#Apemantus_Tim #Jeweler_Tim #Merchant_Tim #Painter_Tim #Poet_Tim #SENATORS_Tim #SERVANTS.TIMON_Tim #Timon_Tim,7,1
1,1,6,112,#Poet_Tim,#Apemantus_Tim #Jeweler_Tim #Merchant_Tim #Painter_Tim #Poet_Tim #SENATORS_Tim #SERVANTS.TIMON_Tim #Timon_Tim,3,1
1,1,6,113,#Apemantus_Tim,#Apemantus_Tim #Jeweler_Tim #Merchant_Tim #Painter_Tim #Poet_Tim #SENATORS_Tim #SERVANTS.TIMON_Tim #Timon_Tim,2,1
1,1,6,114,#Poet_Tim,#Apemantus_Tim #Jeweler_Tim #Merchant_Tim #Painter_Tim #Poet_Tim #SENATORS_Tim #SERVANTS.TIMON_Tim #Timon_Tim,3,1
1,1,6,115,#Apemantus_Tim,#Apemantus_Tim #Jeweler_Tim #Merchant_Tim #Painter_Tim #Poet_Tim #SENATORS_Tim #SERVANTS.TIMON_Tim #Timon_Tim,1,1
1,1,6,116,#Poet_Tim,#Apemantus_Tim #Jeweler_Tim #Merchant_Tim #Painter_Tim #Poet_Tim #SENATORS_Tim #SERVANTS.TIMON_Tim #Timon_Tim,4,1
1,1,6,117,#Apemantus_Tim,#Apemantus_Tim #Jeweler_Tim #Merchant_Tim #Painter_Tim #Poet_Tim #SENATORS_Tim #SERVANTS.TIMON_Tim #Timon_Tim,4,1
1,1,6,118,#Poet_Tim,#Apemantus_Tim #Jeweler_Tim #Merchant_Tim #Painter_Tim #Poet_Tim #SENATORS_Tim #SERVANTS.TIMON_Tim #Timon_Tim,1,1
1,1,6,119,#Apemantus_Tim,#Apemantus_Tim #Jeweler_Tim #Merchant_Tim #Painter_Tim #Poet_Tim #SENATORS_Tim #SERVANTS.TIMON_Tim #Timon_Tim,16,2
1,1,6,120,#Poet_Tim,#Apemantus_Tim #Jeweler_Tim #Merchant_Tim #Painter_Tim #Poet_Tim #SENATORS_Tim #SERVANTS.TIMON_Tim #Timon_Tim,6,1
1,1,6,121,#Apemantus_Tim,#Apemantus_Tim #Jeweler_Tim #Merchant_Tim #Painter_Tim #Poet_Tim #SENATORS_Tim #SERVANTS.TIMON_Tim #Timon_Tim,30,3
1,1,6,122,#Timon_Tim,#Apemantus_Tim #Jeweler_Tim #Merchant_Tim #Painter_Tim #Poet_Tim #SENATORS_Tim #SERVANTS.TIMON_Tim #Timon_Tim,5,1
1,1,6,123,#Apemantus_Tim,#Apemantus_Tim #Jeweler_Tim #Merchant_Tim #Painter_Tim #Poet_Tim #SENATORS_Tim #SERVANTS.TIMON_Tim #Timon_Tim,11,2
1,1,6,124,#Timon_Tim,#Apemantus_Tim #Jeweler_Tim #Merchant_Tim #Painter_Tim #Poet_Tim #SENATORS_Tim #SERVANTS.TIMON_Tim #Timon_Tim,2,1
1,1,6,125,#Apemantus_Tim,#Apemantus_Tim #Jeweler_Tim #Merchant_Tim #Painter_Tim #Poet_Tim #SENATORS_Tim #SERVANTS.TIMON_Tim #Timon_Tim,1,1
1,1,6,126,#Timon_Tim,#Apemantus_Tim #Jeweler_Tim #Merchant_Tim #Painter_Tim #Poet_Tim #SENATORS_Tim #SERVANTS.TIMON_Tim #Timon_Tim,1,1
1,1,6,127,#Apemantus_Tim,#Apemantus_Tim #Jeweler_Tim #Merchant_Tim #Painter_Tim #Poet_Tim #SENATORS_Tim #SERVANTS.TIMON_Tim #Timon_Tim,15,2
1,1,6,128,#Merchant_Tim,#Apemantus_Tim #Jeweler_Tim #Merchant_Tim #Painter_Tim #Poet_Tim #SENATORS_Tim #SERVANTS.TIMON_Tim #Timon_Tim,2,1
1,1,6,129,#Apemantus_Tim,#Apemantus_Tim #Jeweler_Tim #Merchant_Tim #Painter_Tim #Poet_Tim #SENATORS_Tim #SERVANTS.TIMON_Tim #Timon_Tim,8,1
1,1,6,130,#Merchant_Tim,#Apemantus_Tim #Jeweler_Tim #Merchant_Tim #Painter_Tim #Poet_Tim #SENATORS_Tim #SERVANTS.TIMON_Tim #Timon_Tim,8,1
1,1,6,131,#Apemantus_Tim,#Apemantus_Tim #Jeweler_Tim #Merchant_Tim #Painter_Tim #Poet_Tim #SENATORS_Tim #SERVANTS.TIMON_Tim #Timon_Tim,8,2
1,1,7,132,#Timon_Tim,#Apemantus_Tim #Jeweler_Tim #MESSENGERS.X.2_Tim #Merchant_Tim #Painter_Tim #Poet_Tim #SENATORS_Tim #SERVANTS.TIMON_Tim #Timon_Tim,3,1
1,1,7,133,#MESSENGERS.X.2_Tim,#Apemantus_Tim #Jeweler_Tim #MESSENGERS.X.2_Tim #Merchant_Tim #Painter_Tim #Poet_Tim #SENATORS_Tim #SERVANTS.TIMON_Tim #Timon_Tim,9,2
1,1,7,134,#Timon_Tim,#Apemantus_Tim #Jeweler_Tim #MESSENGERS.X.2_Tim #Merchant_Tim #Painter_Tim #Poet_Tim #SENATORS_Tim #SERVANTS.TIMON_Tim #Timon_Tim,8,1
1,1,8,135,#Timon_Tim,#Apemantus_Tim #Jeweler_Tim #Merchant_Tim #Painter_Tim #Poet_Tim #SENATORS_Tim #SERVANTS.TIMON_Tim #Timon_Tim,28,3
1,1,9,136,#Timon_Tim,#ATTENDANTS.ALCIBIADES_Tim #Alcibiades_Tim #Apemantus_Tim #Jeweler_Tim #Merchant_Tim #Painter_Tim #Poet_Tim #SENATORS_Tim #SERVANTS.TIMON_Tim #Timon_Tim,3,1
1,1,9,137,#Apemantus_Tim,#ATTENDANTS.ALCIBIADES_Tim #Alcibiades_Tim #Apemantus_Tim #Jeweler_Tim #Merchant_Tim #Painter_Tim #Poet_Tim #SENATORS_Tim #SERVANTS.TIMON_Tim #Timon_Tim,34,6
1,1,9,138,#Alcibiades_Tim,#ATTENDANTS.ALCIBIADES_Tim #Alcibiades_Tim #Apemantus_Tim #Jeweler_Tim #Merchant_Tim #Painter_Tim #Poet_Tim #SENATORS_Tim #SERVANTS.TIMON_Tim #Timon_Tim,14,2
1,1,9,139,#Timon_Tim,#ATTENDANTS.ALCIBIADES_Tim #Alcibiades_Tim #Apemantus_Tim #Jeweler_Tim #Merchant_Tim #Painter_Tim #Poet_Tim #SENATORS_Tim #SERVANTS.TIMON_Tim #Timon_Tim,19,3
1,1,10,140,#LORDS.0.1_Tim,#Apemantus_Tim #LORDS.0.1_Tim #LORDS_Tim,7,1
1,1,10,141,#Apemantus_Tim,#Apemantus_Tim #LORDS.0.1_Tim #LORDS_Tim,4,1
1,1,10,142,#LORDS.0.1_Tim,#Apemantus_Tim #LORDS.0.1_Tim #LORDS_Tim,4,1
1,1,10,143,#Apemantus_Tim,#Apemantus_Tim #LORDS.0.1_Tim #LORDS_Tim,8,1
1,1,11,144,#LORDS.0.2_Tim,#Apemantus_Tim #LORDS.0.1_Tim #LORDS.0.2_Tim #LORDS_Tim,7,1
1,1,11,145,#Apemantus_Tim,#Apemantus_Tim #LORDS.0.1_Tim #LORDS.0.2_Tim #LORDS_Tim,10,1
1,1,11,146,#LORDS.0.2_Tim,#Apemantus_Tim #LORDS.0.1_Tim #LORDS.0.2_Tim #LORDS_Tim,6,1
1,1,11,147,#Apemantus_Tim,#Apemantus_Tim #LORDS.0.1_Tim #LORDS.0.2_Tim #LORDS_Tim,9,1
1,1,11,148,#LORDS.0.2_Tim,#Apemantus_Tim #LORDS.0.1_Tim #LORDS.0.2_Tim #LORDS_Tim,2,1
1,1,11,149,#Apemantus_Tim,#Apemantus_Tim #LORDS.0.1_Tim #LORDS.0.2_Tim #LORDS_Tim,13,2
1,1,11,150,#LORDS.0.1_Tim,#Apemantus_Tim #LORDS.0.1_Tim #LORDS.0.2_Tim #LORDS_Tim,2,1
1,1,11,151,#Apemantus_Tim,#Apemantus_Tim #LORDS.0.1_Tim #LORDS.0.2_Tim #LORDS_Tim,14,2
1,1,11,152,#LORDS.0.2_Tim,#Apemantus_Tim #LORDS.0.1_Tim #LORDS.0.2_Tim #LORDS_Tim,8,1
1,1,11,153,#Apemantus_Tim,#Apemantus_Tim #LORDS.0.1_Tim #LORDS.0.2_Tim #LORDS_Tim,11,1
1,1,12,154,#LORDS.0.1_Tim,#LORDS.0.1_Tim #LORDS.0.2_Tim #LORDS_Tim,20,3
1,1,12,155,#LORDS.0.2_Tim,#LORDS.0.1_Tim #LORDS.0.2_Tim #LORDS_Tim,36,5
1,1,12,156,#LORDS.0.1_Tim,#LORDS.0.1_Tim #LORDS.0.2_Tim #LORDS_Tim,9,2
1,1,12,157,#LORDS.0.2_Tim,#LORDS.0.1_Tim #LORDS.0.2_Tim #LORDS_Tim,13,2
1,2,13,158,#FRIENDS.Ventidius_Tim,#ATTENDANTS.TIMON_Tim #Alcibiades_Tim #Apemantus_Tim #FRIENDS.Lucius_Tim #FRIENDS.Ventidius_Tim #Flavius_Tim #LORDS_Tim #SENATORS_Tim #Timon_Tim,56,8
1,2,13,159,#Timon_Tim,#ATTENDANTS.TIMON_Tim #Alcibiades_Tim #Apemantus_Tim #FRIENDS.Lucius_Tim #FRIENDS.Ventidius_Tim #Flavius_Tim #LORDS_Tim #SENATORS_Tim #Timon_Tim,46,6
1,2,13,160,#FRIENDS.Ventidius_Tim,#ATTENDANTS.TIMON_Tim #Alcibiades_Tim #Apemantus_Tim #FRIENDS.Lucius_Tim #FRIENDS.Ventidius_Tim #Flavius_Tim #LORDS_Tim #SENATORS_Tim #Timon_Tim,3,1
1,2,13,161,#Timon_Tim,#ATTENDANTS.TIMON_Tim #Alcibiades_Tim #Apemantus_Tim #FRIENDS.Lucius_Tim #FRIENDS.Ventidius_Tim #Flavius_Tim #LORDS_Tim #SENATORS_Tim #Timon_Tim,47,6
1,2,14,162,#LORDS.0.1_Tim,#ATTENDANTS.TIMON_Tim #Alcibiades_Tim #Apemantus_Tim #FRIENDS.Lucius_Tim #FRIENDS.Ventidius_Tim #Flavius_Tim #LORDS.0.1_Tim #LORDS_Tim #SENATORS_Tim #Timon_Tim,7,1
1,2,14,163,#Apemantus_Tim,#ATTENDANTS.TIMON_Tim #Alcibiades_Tim #Apemantus_Tim #FRIENDS.Lucius_Tim #FRIENDS.Ventidius_Tim #Flavius_Tim #LORDS.0.1_Tim #LORDS_Tim #SENATORS_Tim #Timon_Tim,9,1
1,2,14,164,#Timon_Tim,#ATTENDANTS.TIMON_Tim #Alcibiades_Tim #Apemantus_Tim #FRIENDS.Lucius_Tim #FRIENDS.Ventidius_Tim #Flavius_Tim #LORDS.0.1_Tim #LORDS_Tim #SENATORS_Tim #Timon_Tim,5,1
1,2,14,165,#Apemantus_Tim,#ATTENDANTS.TIMON_Tim #Alcibiades_Tim #Apemantus_Tim #FRIENDS.Lucius_Tim #FRIENDS.Ventidius_Tim #Flavius_Tim #LORDS.0.1_Tim #LORDS_Tim #SENATORS_Tim #Timon_Tim,17,2
1,2,14,166,#Timon_Tim,#ATTENDANTS.TIMON_Tim #Alcibiades_Tim #Apemantus_Tim #FRIENDS.Lucius_Tim #FRIENDS.Ventidius_Tim #Flavius_Tim #LORDS.0.1_Tim #LORDS_Tim #SENATORS_Tim #Timon_Tim,54,6
1,2,14,167,#Apemantus_Tim,#ATTENDANTS.TIMON_Tim #Alcibiades_Tim #Apemantus_Tim #FRIENDS.Lucius_Tim #FRIENDS.Ventidius_Tim #Flavius_Tim #LORDS.0.1_Tim #LORDS_Tim #SENATORS_Tim #Timon_Tim,17,2
1,2,14,168,#Timon_Tim,#ATTENDANTS.TIMON_Tim #Alcibiades_Tim #Apemantus_Tim #FRIENDS.Lucius_Tim #FRIENDS.Ventidius_Tim #Flavius_Tim #LORDS.0.1_Tim #LORDS_Tim #SENATORS_Tim #Timon_Tim,25,3
1,2,14,169,#Apemantus_Tim,#ATTENDANTS.TIMON_Tim #Alcibiades_Tim #Apemantus_Tim #FRIENDS.Lucius_Tim #FRIENDS.Ventidius_Tim #Flavius_Tim #LORDS.0.1_Tim #LORDS_Tim #SENATORS_Tim #Timon_Tim,142,18
1,2,14,170,#Timon_Tim,#ATTENDANTS.TIMON_Tim #Alcibiades_Tim #Apemantus_Tim #FRIENDS.Lucius_Tim #FRIENDS.Ventidius_Tim #Flavius_Tim #LORDS.0.1_Tim #LORDS_Tim #SENATORS_Tim #Timon_Tim,10,1
1,2,15,171,#LORDS.0.2_Tim,#ATTENDANTS.TIMON_Tim #Alcibiades_Tim #Apemantus_Tim #FRIENDS.Lucius_Tim #FRIENDS.Ventidius_Tim #Flavius_Tim #LORDS.0.1_Tim #LORDS.0.2_Tim #LORDS_Tim #SENATORS_Tim #Timon_Tim,8,1
1,2,15,172,#Apemantus_Tim,#ATTENDANTS.TIMON_Tim #Alcibiades_Tim #Apemantus_Tim #FRIENDS.Lucius_Tim #FRIENDS.Ventidius_Tim #Flavius_Tim #LORDS.0.1_Tim #LORDS.0.2_Tim #LORDS_Tim #SENATORS_Tim #Timon_Tim,133,18
1,2,15,173,#Timon_Tim,#ATTENDANTS.TIMON_Tim #Alcibiades_Tim #Apemantus_Tim #FRIENDS.Lucius_Tim #FRIENDS.Ventidius_Tim #Flavius_Tim #LORDS.0.1_Tim #LORDS.0.2_Tim #LORDS_Tim #SENATORS_Tim #Timon_Tim,8,1
1,2,15,174,#Alcibiades_Tim,#ATTENDANTS.TIMON_Tim #Alcibiades_Tim #Apemantus_Tim #FRIENDS.Lucius_Tim #FRIENDS.Ventidius_Tim #Flavius_Tim #LORDS.0.1_Tim #LORDS.0.2_Tim #LORDS_Tim #SENATORS_Tim #Timon_Tim,9,1
1,2,15,175,#Timon_Tim,#ATTENDANTS.TIMON_Tim #Alcibiades_Tim #Apemantus_Tim #FRIENDS.Lucius_Tim #FRIENDS.Ventidius_Tim #Flavius_Tim #LORDS.0.1_Tim #LORDS.0.2_Tim #LORDS_Tim #SENATORS_Tim #Timon_Tim,14,2
1,2,15,176,#Alcibiades_Tim,#ATTENDANTS.TIMON_Tim #Alcibiades_Tim #Apemantus_Tim #FRIENDS.Lucius_Tim #FRIENDS.Ventidius_Tim #Flavius_Tim #LORDS.0.1_Tim #LORDS.0.2_Tim #LORDS_Tim #SENATORS_Tim #Timon_Tim,22,3
1,2,15,177,#Apemantus_Tim,#ATTENDANTS.TIMON_Tim #Alcibiades_Tim #Apemantus_Tim #FRIENDS.Lucius_Tim #FRIENDS.Ventidius_Tim #Flavius_Tim #LORDS.0.1_Tim #LORDS.0.2_Tim #LORDS_Tim #SENATORS_Tim #Timon_Tim,19,3
1,2,15,178,#LORDS.0.1_Tim,#ATTENDANTS.TIMON_Tim #Alcibiades_Tim #Apemantus_Tim #FRIENDS.Lucius_Tim #FRIENDS.Ventidius_Tim #Flavius_Tim #LORDS.0.1_Tim #LORDS.0.2_Tim #LORDS_Tim #SENATORS_Tim #Timon_Tim,30,4
1,2,15,179,#Timon_Tim,#ATTENDANTS.TIMON_Tim #Alcibiades_Tim #Apemantus_Tim #FRIENDS.Lucius_Tim #FRIENDS.Ventidius_Tim #Flavius_Tim #LORDS.0.1_Tim #LORDS.0.2_Tim #LORDS_Tim #SENATORS_Tim #Timon_Tim,193,21
1,2,15,180,#Apemantus_Tim,#ATTENDANTS.TIMON_Tim #Alcibiades_Tim #Apemantus_Tim #FRIENDS.Lucius_Tim #FRIENDS.Ventidius_Tim #Flavius_Tim #LORDS.0.1_Tim #LORDS.0.2_Tim #LORDS_Tim #SENATORS_Tim #Timon_Tim,7,2
1,2,15,181,#LORDS.0.2_Tim,#ATTENDANTS.TIMON_Tim #Alcibiades_Tim #Apemantus_Tim #FRIENDS.Lucius_Tim #FRIENDS.Ventidius_Tim #Flavius_Tim #LORDS.0.1_Tim #LORDS.0.2_Tim #LORDS_Tim #SENATORS_Tim #Timon_Tim,17,2
1,2,15,182,#Apemantus_Tim,#ATTENDANTS.TIMON_Tim #Alcibiades_Tim #Apemantus_Tim #FRIENDS.Lucius_Tim #FRIENDS.Ventidius_Tim #Flavius_Tim #LORDS.0.1_Tim #LORDS.0.2_Tim #LORDS_Tim #SENATORS_Tim #Timon_Tim,10,1
1,2,16,183,#LORDS.0.3_Tim,#ATTENDANTS.TIMON_Tim #Alcibiades_Tim #Apemantus_Tim #FRIENDS.Lucius_Tim #FRIENDS.Ventidius_Tim #Flavius_Tim #LORDS.0.1_Tim #LORDS.0.2_Tim #LORDS.0.3_Tim #LORDS_Tim #SENATORS_Tim #Timon_Tim,9,1
1,2,16,184,#Apemantus_Tim,#ATTENDANTS.TIMON_Tim #Alcibiades_Tim #Apemantus_Tim #FRIENDS.Lucius_Tim #FRIENDS.Ventidius_Tim #Flavius_Tim #LORDS.0.1_Tim #LORDS.0.2_Tim #LORDS.0.3_Tim #LORDS_Tim #SENATORS_Tim #Timon_Tim,1,1
1,2,16,185,#Timon_Tim,#ATTENDANTS.TIMON_Tim #Alcibiades_Tim #Apemantus_Tim #FRIENDS.Lucius_Tim #FRIENDS.Ventidius_Tim #Flavius_Tim #LORDS.0.1_Tim #LORDS.0.2_Tim #LORDS.0.3_Tim #LORDS_Tim #SENATORS_Tim #Timon_Tim,4,1
1,2,17,186,#Timon_Tim,#ATTENDANTS.TIMON_Tim #Alcibiades_Tim #Apemantus_Tim #FRIENDS.Lucius_Tim #FRIENDS.Ventidius_Tim #Flavius_Tim #LORDS.0.1_Tim #LORDS.0.2_Tim #LORDS.0.3_Tim #LORDS_Tim #SENATORS_Tim #SERVANTS.TIMON.X.1_Tim #Timon_Tim,2,1
1,2,17,187,#SERVANTS.TIMON.X.1_Tim,#ATTENDANTS.TIMON_Tim #Alcibiades_Tim #Apemantus_Tim #FRIENDS.Lucius_Tim #FRIENDS.Ventidius_Tim #Flavius_Tim #LORDS.0.1_Tim #LORDS.0.2_Tim #LORDS.0.3_Tim #LORDS_Tim #SENATORS_Tim #SERVANTS.TIMON.X.1_Tim #Timon_Tim,12,2
1,2,17,188,#Timon_Tim,#ATTENDANTS.TIMON_Tim #Alcibiades_Tim #Apemantus_Tim #FRIENDS.Lucius_Tim #FRIENDS.Ventidius_Tim #Flavius_Tim #LORDS.0.1_Tim #LORDS.0.2_Tim #LORDS.0.3_Tim #LORDS_Tim #SENATORS_Tim #SERVANTS.TIMON.X.1_Tim #Timon_Tim,5,1
1,2,17,189,#SERVANTS.TIMON.X.1_Tim,#ATTENDANTS.TIMON_Tim #Alcibiades_Tim #Apemantus_Tim #FRIENDS.Lucius_Tim #FRIENDS.Ventidius_Tim #Flavius_Tim #LORDS.0.1_Tim #LORDS.0.2_Tim #LORDS.0.3_Tim #LORDS_Tim #SENATORS_Tim #SERVANTS.TIMON.X.1_Tim #Timon_Tim,16,2
1,2,17,190,#Timon_Tim,#ATTENDANTS.TIMON_Tim #Alcibiades_Tim #Apemantus_Tim #FRIENDS.Lucius_Tim #FRIENDS.Ventidius_Tim #Flavius_Tim #LORDS.0.1_Tim #LORDS.0.2_Tim #LORDS.0.3_Tim #LORDS_Tim #SENATORS_Tim #SERVANTS.TIMON.X.1_Tim #Timon_Tim,6,1
1,2,18,191,#Cupid_Tim,#ATTENDANTS.TIMON_Tim #Alcibiades_Tim #Apemantus_Tim #Cupid_Tim #FRIENDS.Lucius_Tim #FRIENDS.Ventidius_Tim #Flavius_Tim #LORDS.0.1_Tim #LORDS.0.2_Tim #LORDS.0.3_Tim #LORDS_Tim #SENATORS_Tim #Timon_Tim,47,6
1,2,18,192,#Timon_Tim,#ATTENDANTS.TIMON_Tim #Alcibiades_Tim #Apemantus_Tim #Cupid_Tim #FRIENDS.Lucius_Tim #FRIENDS.Ventidius_Tim #Flavius_Tim #LORDS.0.1_Tim #LORDS.0.2_Tim #LORDS.0.3_Tim #LORDS_Tim #SENATORS_Tim #Timon_Tim,12,2
1,2,18,193,#FRIENDS.Lucius_Tim,#ATTENDANTS.TIMON_Tim #Alcibiades_Tim #Apemantus_Tim #Cupid_Tim #FRIENDS.Lucius_Tim #FRIENDS.Ventidius_Tim #Flavius_Tim #LORDS.0.1_Tim #LORDS.0.2_Tim #LORDS.0.3_Tim #LORDS_Tim #SENATORS_Tim #Timon_Tim,8,1
1,2,19,194,#Apemantus_Tim,#ATTENDANTS.TIMON_Tim #Alcibiades_Tim #Apemantus_Tim #Cupid_Tim #FRIENDS.Lucius_Tim #FRIENDS.Ventidius_Tim #Flavius_Tim #LADIES_Tim #LORDS.0.1_Tim #LORDS.0.2_Tim #LORDS.0.3_Tim #LORDS_Tim #SENATORS_Tim #Timon_Tim,108,15
1,2,19,195,#Timon_Tim,#ATTENDANTS.TIMON_Tim #Alcibiades_Tim #Apemantus_Tim #Cupid_Tim #FRIENDS.Lucius_Tim #FRIENDS.Ventidius_Tim #Flavius_Tim #LADIES_Tim #LORDS.0.1_Tim #LORDS.0.2_Tim #LORDS.0.3_Tim #LORDS_Tim #SENATORS_Tim #Timon_Tim,46,6
1,2,20,196,#LADIES.0.1_Tim,#ATTENDANTS.TIMON_Tim #Alcibiades_Tim #Apemantus_Tim #Cupid_Tim #FRIENDS.Lucius_Tim #FRIENDS.Ventidius_Tim #Flavius_Tim #LADIES.0.1_Tim #LADIES_Tim #LORDS.0.1_Tim #LORDS.0.2_Tim #LORDS.0.3_Tim #LORDS_Tim #SENATORS_Tim #Timon_Tim,9,1
1,2,20,197,#Apemantus_Tim,#ATTENDANTS.TIMON_Tim #Alcibiades_Tim #Apemantus_Tim #Cupid_Tim #FRIENDS.Lucius_Tim #FRIENDS.Ventidius_Tim #Flavius_Tim #LADIES.0.1_Tim #LADIES_Tim #LORDS.0.1_Tim #LORDS.0.2_Tim #LORDS.0.3_Tim #LORDS_Tim #SENATORS_Tim #Timon_Tim,14,2
1,2,20,198,#Timon_Tim,#ATTENDANTS.TIMON_Tim #Alcibiades_Tim #Apemantus_Tim #Cupid_Tim #FRIENDS.Lucius_Tim #FRIENDS.Ventidius_Tim #Flavius_Tim #LADIES.0.1_Tim #LADIES_Tim #LORDS.0.1_Tim #LORDS.0.2_Tim #LORDS.0.3_Tim #LORDS_Tim #SENATORS_Tim #Timon_Tim,13,2
1,2,20,199,#LADIES_Tim,#ATTENDANTS.TIMON_Tim #Alcibiades_Tim #Apemantus_Tim #Cupid_Tim #FRIENDS.Lucius_Tim #FRIENDS.Ventidius_Tim #Flavius_Tim #LADIES.0.1_Tim #LADIES_Tim #LORDS.0.1_Tim #LORDS.0.2_Tim #LORDS.0.3_Tim #LORDS_Tim #SENATORS_Tim #Timon_Tim,4,1
1,2,21,200,#Timon_Tim,#ATTENDANTS.TIMON_Tim #Alcibiades_Tim #Apemantus_Tim #FRIENDS.Lucius_Tim #FRIENDS.Ventidius_Tim #Flavius_Tim #LADIES.0.1_Tim #LORDS.0.1_Tim #LORDS.0.2_Tim #LORDS.0.3_Tim #LORDS_Tim #SENATORS_Tim #Timon_Tim,1,1
1,2,21,201,#Flavius_Tim,#ATTENDANTS.TIMON_Tim #Alcibiades_Tim #Apemantus_Tim #FRIENDS.Lucius_Tim #FRIENDS.Ventidius_Tim #Flavius_Tim #LADIES.0.1_Tim #LORDS.0.1_Tim #LORDS.0.2_Tim #LORDS.0.3_Tim #LORDS_Tim #SENATORS_Tim #Timon_Tim,2,1
1,2,21,202,#Timon_Tim,#ATTENDANTS.TIMON_Tim #Alcibiades_Tim #Apemantus_Tim #FRIENDS.Lucius_Tim #FRIENDS.Ventidius_Tim #Flavius_Tim #LADIES.0.1_Tim #LORDS.0.1_Tim #LORDS.0.2_Tim #LORDS.0.3_Tim #LORDS_Tim #SENATORS_Tim #Timon_Tim,6,1
1,2,21,203,#Flavius_Tim,#ATTENDANTS.TIMON_Tim #Alcibiades_Tim #Apemantus_Tim #FRIENDS.Lucius_Tim #FRIENDS.Ventidius_Tim #Flavius_Tim #LADIES.0.1_Tim #LORDS.0.1_Tim #LORDS.0.2_Tim #LORDS.0.3_Tim #LORDS_Tim #SENATORS_Tim #Timon_Tim,50,6
1,2,22,204,#LORDS.0.1_Tim,#ATTENDANTS.TIMON_Tim #Alcibiades_Tim #Apemantus_Tim #FRIENDS.Lucius_Tim #FRIENDS.Ventidius_Tim #LADIES.0.1_Tim #LORDS.0.1_Tim #LORDS.0.2_Tim #LORDS.0.3_Tim #LORDS_Tim #SENATORS_Tim #Timon_Tim,4,1
1,2,23,205,#ATTENDANTS.TIMON.0.1_Tim,#ATTENDANTS.TIMON.0.1_Tim #ATTENDANTS.TIMON_Tim #Alcibiades_Tim #Apemantus_Tim #FRIENDS.Lucius_Tim #FRIENDS.Ventidius_Tim #LADIES.0.1_Tim #LORDS.0.1_Tim #LORDS.0.2_Tim #LORDS.0.3_Tim #LORDS_Tim #SENATORS_Tim #Timon_Tim,5,1
1,2,23,206,#LORDS.0.2_Tim,#ATTENDANTS.TIMON.0.1_Tim #ATTENDANTS.TIMON_Tim #Alcibiades_Tim #Apemantus_Tim #FRIENDS.Lucius_Tim #FRIENDS.Ventidius_Tim #LADIES.0.1_Tim #LORDS.0.1_Tim #LORDS.0.2_Tim #LORDS.0.3_Tim #LORDS_Tim #SENATORS_Tim #Timon_Tim,2,1
1,2,24,207,#Timon_Tim,#ATTENDANTS.TIMON.0.1_Tim #ATTENDANTS.TIMON_Tim #Alcibiades_Tim #Apemantus_Tim #FRIENDS.Lucius_Tim #FRIENDS.Ventidius_Tim #Flavius_Tim #LADIES.0.1_Tim #LORDS.0.1_Tim #LORDS.0.2_Tim #LORDS.0.3_Tim #LORDS_Tim #SENATORS_Tim #Timon_Tim,37,5
1,2,24,208,#LORDS.0.1_Tim,#ATTENDANTS.TIMON.0.1_Tim #ATTENDANTS.TIMON_Tim #Alcibiades_Tim #Apemantus_Tim #FRIENDS.Lucius_Tim #FRIENDS.Ventidius_Tim #Flavius_Tim #LADIES.0.1_Tim #LORDS.0.1_Tim #LORDS.0.2_Tim #LORDS.0.3_Tim #LORDS_Tim #SENATORS_Tim #Timon_Tim,8,1
1,2,24,209,#Alcibiades_Tim #FRIENDS.Lucius_Tim #FRIENDS.Ventidius_Tim #LORDS.0.2_Tim #LORDS.0.3_Tim,#ATTENDANTS.TIMON.0.1_Tim #ATTENDANTS.TIMON_Tim #Alcibiades_Tim #Apemantus_Tim #FRIENDS.Lucius_Tim #FRIENDS.Ventidius_Tim #Flavius_Tim #LADIES.0.1_Tim #LORDS.0.1_Tim #LORDS.0.2_Tim #LORDS.0.3_Tim #LORDS_Tim #SENATORS_Tim #Timon_Tim,4,1
1,2,25,210,#SERVANTS.TIMON.1_Tim,#ATTENDANTS.TIMON.0.1_Tim #ATTENDANTS.TIMON_Tim #Alcibiades_Tim #Apemantus_Tim #FRIENDS.Lucius_Tim #FRIENDS.Ventidius_Tim #Flavius_Tim #LADIES.0.1_Tim #LORDS.0.1_Tim #LORDS.0.2_Tim #LORDS.0.3_Tim #LORDS_Tim #SENATORS_Tim #SERVANTS.TIMON.1_Tim #Timon_Tim,16,2
1,2,25,211,#Timon_Tim,#ATTENDANTS.TIMON.0.1_Tim #ATTENDANTS.TIMON_Tim #Alcibiades_Tim #Apemantus_Tim #FRIENDS.Lucius_Tim #FRIENDS.Ventidius_Tim #Flavius_Tim #LADIES.0.1_Tim #LORDS.0.1_Tim #LORDS.0.2_Tim #LORDS.0.3_Tim #LORDS_Tim #SENATORS_Tim #SERVANTS.TIMON.1_Tim #Timon_Tim,4,1
1,2,26,212,#Flavius_Tim,#ATTENDANTS.TIMON.0.1_Tim #ATTENDANTS.TIMON_Tim #Alcibiades_Tim #Apemantus_Tim #FRIENDS.Lucius_Tim #FRIENDS.Ventidius_Tim #Flavius_Tim #LADIES.0.1_Tim #LORDS.0.1_Tim #LORDS.0.2_Tim #LORDS.0.3_Tim #LORDS_Tim #SENATORS_Tim #Timon_Tim,13,2
1,2,26,213,#Timon_Tim,#ATTENDANTS.TIMON.0.1_Tim #ATTENDANTS.TIMON_Tim #Alcibiades_Tim #Apemantus_Tim #FRIENDS.Lucius_Tim #FRIENDS.Ventidius_Tim #Flavius_Tim #LADIES.0.1_Tim #LORDS.0.1_Tim #LORDS.0.2_Tim #LORDS.0.3_Tim #LORDS_Tim #SENATORS_Tim #Timon_Tim,17,3
1,2,26,214,#Flavius_Tim,#ATTENDANTS.TIMON.0.1_Tim #ATTENDANTS.TIMON_Tim #Alcibiades_Tim #Apemantus_Tim #FRIENDS.Lucius_Tim #FRIENDS.Ventidius_Tim #Flavius_Tim #LADIES.0.1_Tim #LORDS.0.1_Tim #LORDS.0.2_Tim #LORDS.0.3_Tim #LORDS_Tim #SENATORS_Tim #Timon_Tim,4,1
1,2,27,215,#SERVANTS.TIMON.2_Tim,#ATTENDANTS.TIMON.0.1_Tim #ATTENDANTS.TIMON_Tim #Alcibiades_Tim #Apemantus_Tim #FRIENDS.Lucius_Tim #FRIENDS.Ventidius_Tim #Flavius_Tim #LADIES.0.1_Tim #LORDS.0.1_Tim #LORDS.0.2_Tim #LORDS.0.3_Tim #LORDS_Tim #SENATORS_Tim #SERVANTS.TIMON.2_Tim #Timon_Tim,22,3
1,2,27,216,#Timon_Tim,#ATTENDANTS.TIMON.0.1_Tim #ATTENDANTS.TIMON_Tim #Alcibiades_Tim #Apemantus_Tim #FRIENDS.Lucius_Tim #FRIENDS.Ventidius_Tim #Flavius_Tim #LADIES.0.1_Tim #LORDS.0.1_Tim #LORDS.0.2_Tim #LORDS.0.3_Tim #LORDS_Tim #SENATORS_Tim #SERVANTS.TIMON.2_Tim #Timon_Tim,11,2
1,2,28,217,#Timon_Tim,#ATTENDANTS.TIMON.0.1_Tim #ATTENDANTS.TIMON_Tim #Alcibiades_Tim #Apemantus_Tim #FRIENDS.Lucius_Tim #FRIENDS.Ventidius_Tim #Flavius_Tim #LADIES.0.1_Tim #LORDS.0.1_Tim #LORDS.0.2_Tim #LORDS.0.3_Tim #LORDS_Tim #SENATORS_Tim #SERVANTS.TIMON.3_Tim #Timon_Tim,4,1
1,2,28,218,#SERVANTS.TIMON.3_Tim,#ATTENDANTS.TIMON.0.1_Tim #ATTENDANTS.TIMON_Tim #Alcibiades_Tim #Apemantus_Tim #FRIENDS.Lucius_Tim #FRIENDS.Ventidius_Tim #Flavius_Tim #LADIES.0.1_Tim #LORDS.0.1_Tim #LORDS.0.2_Tim #LORDS.0.3_Tim #LORDS_Tim #SENATORS_Tim #SERVANTS.TIMON.3_Tim #Timon_Tim,26,4
1,2,28,219,#Timon_Tim,#ATTENDANTS.TIMON.0.1_Tim #ATTENDANTS.TIMON_Tim #Alcibiades_Tim #Apemantus_Tim #FRIENDS.Lucius_Tim #FRIENDS.Ventidius_Tim #Flavius_Tim #LADIES.0.1_Tim #LORDS.0.1_Tim #LORDS.0.2_Tim #LORDS.0.3_Tim #LORDS_Tim #SENATORS_Tim #SERVANTS.TIMON.3_Tim #Timon_Tim,13,2
1,2,29,220,#Flavius_Tim,#ATTENDANTS.TIMON.0.1_Tim #ATTENDANTS.TIMON_Tim #Alcibiades_Tim #Apemantus_Tim #FRIENDS.Lucius_Tim #FRIENDS.Ventidius_Tim #Flavius_Tim #LADIES.0.1_Tim #LORDS.0.1_Tim #LORDS.0.2_Tim #LORDS.0.3_Tim #LORDS_Tim #SENATORS_Tim #Timon_Tim,122,15
1,2,30,221,#Timon_Tim,#ATTENDANTS.TIMON.0.1_Tim #ATTENDANTS.TIMON_Tim #Alcibiades_Tim #Apemantus_Tim #FRIENDS.Lucius_Tim #FRIENDS.Ventidius_Tim #LADIES.0.1_Tim #LORDS.0.1_Tim #LORDS.0.2_Tim #LORDS.0.3_Tim #LORDS_Tim #SENATORS_Tim #Timon_Tim,21,3
1,2,30,222,#LORDS.0.2_Tim,#ATTENDANTS.TIMON.0.1_Tim #ATTENDANTS.TIMON_Tim #Alcibiades_Tim #Apemantus_Tim #FRIENDS.Lucius_Tim #FRIENDS.Ventidius_Tim #LADIES.0.1_Tim #LORDS.0.1_Tim #LORDS.0.2_Tim #LORDS.0.3_Tim #LORDS_Tim #SENATORS_Tim #Timon_Tim,9,1
1,2,30,223,#LORDS.0.3_Tim,#ATTENDANTS.TIMON.0.1_Tim #ATTENDANTS.TIMON_Tim #Alcibiades_Tim #Apemantus_Tim #FRIENDS.Lucius_Tim #FRIENDS.Ventidius_Tim #LADIES.0.1_Tim #LORDS.0.1_Tim #LORDS.0.2_Tim #LORDS.0.3_Tim #LORDS_Tim #SENATORS_Tim #Timon_Tim,7,1
1,2,30,224,#Timon_Tim,#ATTENDANTS.TIMON.0.1_Tim #ATTENDANTS.TIMON_Tim #Alcibiades_Tim #Apemantus_Tim #FRIENDS.Lucius_Tim #FRIENDS.Ventidius_Tim #LADIES.0.1_Tim #LORDS.0.1_Tim #LORDS.0.2_Tim #LORDS.0.3_Tim #LORDS_Tim #SENATORS_Tim #Timon_Tim,26,3
1,2,30,225,#LORDS.0.1_Tim,#ATTENDANTS.TIMON.0.1_Tim #ATTENDANTS.TIMON_Tim #Alcibiades_Tim #Apemantus_Tim #FRIENDS.Lucius_Tim #FRIENDS.Ventidius_Tim #LADIES.0.1_Tim #LORDS.0.1_Tim #LORDS.0.2_Tim #LORDS.0.3_Tim #LORDS_Tim #SENATORS_Tim #Timon_Tim,10,1
1,2,30,226,#Timon_Tim,#ATTENDANTS.TIMON.0.1_Tim #ATTENDANTS.TIMON_Tim #Alcibiades_Tim #Apemantus_Tim #FRIENDS.Lucius_Tim #FRIENDS.Ventidius_Tim #LADIES.0.1_Tim #LORDS.0.1_Tim #LORDS.0.2_Tim #LORDS.0.3_Tim #LORDS_Tim #SENATORS_Tim #Timon_Tim,35,4
1,2,30,227,#LORDS_Tim,#ATTENDANTS.TIMON.0.1_Tim #ATTENDANTS.TIMON_Tim #Alcibiades_Tim #Apemantus_Tim #FRIENDS.Lucius_Tim #FRIENDS.Ventidius_Tim #LADIES.0.1_Tim #LORDS.0.1_Tim #LORDS.0.2_Tim #LORDS.0.3_Tim #LORDS_Tim #SENATORS_Tim #Timon_Tim,4,1
1,2,30,228,#Timon_Tim,#ATTENDANTS.TIMON.0.1_Tim #ATTENDANTS.TIMON_Tim #Alcibiades_Tim #Apemantus_Tim #FRIENDS.Lucius_Tim #FRIENDS.Ventidius_Tim #LADIES.0.1_Tim #LORDS.0.1_Tim #LORDS.0.2_Tim #LORDS.0.3_Tim #LORDS_Tim #SENATORS_Tim #Timon_Tim,61,8
1,2,30,229,#Alcibiades_Tim,#ATTENDANTS.TIMON.0.1_Tim #ATTENDANTS.TIMON_Tim #Alcibiades_Tim #Apemantus_Tim #FRIENDS.Lucius_Tim #FRIENDS.Ventidius_Tim #LADIES.0.1_Tim #LORDS.0.1_Tim #LORDS.0.2_Tim #LORDS.0.3_Tim #LORDS_Tim #SENATORS_Tim #Timon_Tim,5,1
1,2,30,230,#LORDS.0.1_Tim,#ATTENDANTS.TIMON.0.1_Tim #ATTENDANTS.TIMON_Tim #Alcibiades_Tim #Apemantus_Tim #FRIENDS.Lucius_Tim #FRIENDS.Ventidius_Tim #LADIES.0.1_Tim #LORDS.0.1_Tim #LORDS.0.2_Tim #LORDS.0.3_Tim #LORDS_Tim #SENATORS_Tim #Timon_Tim,5,1
1,2,30,231,#Timon_Tim,#ATTENDANTS.TIMON.0.1_Tim #ATTENDANTS.TIMON_Tim #Alcibiades_Tim #Apemantus_Tim #FRIENDS.Lucius_Tim #FRIENDS.Ventidius_Tim #LADIES.0.1_Tim #LORDS.0.1_Tim #LORDS.0.2_Tim #LORDS.0.3_Tim #LORDS_Tim #SENATORS_Tim #Timon_Tim,6,1
1,2,30,232,#LORDS.0.2_Tim,#ATTENDANTS.TIMON.0.1_Tim #ATTENDANTS.TIMON_Tim #Alcibiades_Tim #Apemantus_Tim #FRIENDS.Lucius_Tim #FRIENDS.Ventidius_Tim #LADIES.0.1_Tim #LORDS.0.1_Tim #LORDS.0.2_Tim #LORDS.0.3_Tim #LORDS_Tim #SENATORS_Tim #Timon_Tim,3,1
1,2,30,233,#Timon_Tim,#ATTENDANTS.TIMON.0.1_Tim #ATTENDANTS.TIMON_Tim #Alcibiades_Tim #Apemantus_Tim #FRIENDS.Lucius_Tim #FRIENDS.Ventidius_Tim #LADIES.0.1_Tim #LORDS.0.1_Tim #LORDS.0.2_Tim #LORDS.0.3_Tim #LORDS_Tim #SENATORS_Tim #Timon_Tim,6,1
1,2,30,234,#LORDS.0.1_Tim,#ATTENDANTS.TIMON.0.1_Tim #ATTENDANTS.TIMON_Tim #Alcibiades_Tim #Apemantus_Tim #FRIENDS.Lucius_Tim #FRIENDS.Ventidius_Tim #LADIES.0.1_Tim #LORDS.0.1_Tim #LORDS.0.2_Tim #LORDS.0.3_Tim #LORDS_Tim #SENATORS_Tim #Timon_Tim,12,2
1,2,30,235,#Timon_Tim,#ATTENDANTS.TIMON.0.1_Tim #ATTENDANTS.TIMON_Tim #Alcibiades_Tim #Apemantus_Tim #FRIENDS.Lucius_Tim #FRIENDS.Ventidius_Tim #LADIES.0.1_Tim #LORDS.0.1_Tim #LORDS.0.2_Tim #LORDS.0.3_Tim #LORDS_Tim #SENATORS_Tim #Timon_Tim,4,1
1,2,31,236,#Apemantus_Tim,#ATTENDANTS.TIMON.0.1_Tim #Apemantus_Tim #LADIES.0.1_Tim #LORDS.0.1_Tim #LORDS.0.2_Tim #LORDS.0.3_Tim #Timon_Tim,46,6
1,2,31,237,#Timon_Tim,#ATTENDANTS.TIMON.0.1_Tim #Apemantus_Tim #LADIES.0.1_Tim #LORDS.0.1_Tim #LORDS.0.2_Tim #LORDS.0.3_Tim #Timon_Tim,13,2
1,2,31,238,#Apemantus_Tim,#ATTENDANTS.TIMON.0.1_Tim #Apemantus_Tim #LADIES.0.1_Tim #LORDS.0.1_Tim #LORDS.0.2_Tim #LORDS.0.3_Tim #Timon_Tim,49,6
1,2,31,239,#Timon_Tim,#ATTENDANTS.TIMON.0.1_Tim #Apemantus_Tim #LADIES.0.1_Tim #LORDS.0.1_Tim #LORDS.0.2_Tim #LORDS.0.3_Tim #Timon_Tim,24,3
1,2,32,240,#Apemantus_Tim,#ATTENDANTS.TIMON.0.1_Tim #Apemantus_Tim #LADIES.0.1_Tim #LORDS.0.1_Tim #LORDS.0.2_Tim #LORDS.0.3_Tim,30,4
2,1,33,241,#SENATORS.X_Tim,#SENATORS.X_Tim,115,14
2,1,34,242,#SERVANTS.Caphis_Tim,#SENATORS.X_Tim #SERVANTS.Caphis_Tim,6,1
2,1,34,243,#SENATORS.X_Tim,#SENATORS.X_Tim #SERVANTS.Caphis_Tim,150,18
2,1,34,244,#SERVANTS.Caphis_Tim,#SENATORS.X_Tim #SERVANTS.Caphis_Tim,3,1
2,1,34,245,#SENATORS.X_Tim,#SENATORS.X_Tim #SERVANTS.Caphis_Tim,15,2
2,1,34,246,#SERVANTS.Caphis_Tim,#SENATORS.X_Tim #SERVANTS.Caphis_Tim,3,1
2,1,34,247,#SENATORS.X_Tim,#SENATORS.X_Tim #SERVANTS.Caphis_Tim,1,1
2,2,35,248,#Flavius_Tim,#Flavius_Tim,76,10
2,2,36,249,#SERVANTS.Caphis_Tim,#Flavius_Tim #SERVANTS.Caphis_Tim #SERVANTS.ISIDORE.1_Tim #SERVANTS.VARRO.1_Tim,8,1
2,2,36,250,#SERVANTS.VARRO.1_Tim,#Flavius_Tim #SERVANTS.Caphis_Tim #SERVANTS.ISIDORE.1_Tim #SERVANTS.VARRO.1_Tim,6,1
2,2,36,251,#SERVANTS.Caphis_Tim,#Flavius_Tim #SERVANTS.Caphis_Tim #SERVANTS.ISIDORE.1_Tim #SERVANTS.VARRO.1_Tim,6,1
2,2,36,252,#SERVANTS.ISIDORE.1_Tim,#Flavius_Tim #SERVANTS.Caphis_Tim #SERVANTS.ISIDORE.1_Tim #SERVANTS.VARRO.1_Tim,3,1
2,2,36,253,#SERVANTS.Caphis_Tim,#Flavius_Tim #SERVANTS.Caphis_Tim #SERVANTS.ISIDORE.1_Tim #SERVANTS.VARRO.1_Tim,5,1
2,2,36,254,#SERVANTS.VARRO.1_Tim,#Flavius_Tim #SERVANTS.Caphis_Tim #SERVANTS.ISIDORE.1_Tim #SERVANTS.VARRO.1_Tim,3,1
2,2,36,255,#SERVANTS.Caphis_Tim,#Flavius_Tim #SERVANTS.Caphis_Tim #SERVANTS.ISIDORE.1_Tim #SERVANTS.VARRO.1_Tim,4,1
2,2,37,256,#Timon_Tim,#ATTENDANTS_Tim #Alcibiades_Tim #Flavius_Tim #SERVANTS.Caphis_Tim #SERVANTS.ISIDORE.1_Tim #SERVANTS.VARRO.1_Tim #Timon_Tim,16,3
2,2,37,257,#SERVANTS.Caphis_Tim,#ATTENDANTS_Tim #Alcibiades_Tim #Flavius_Tim #SERVANTS.Caphis_Tim #SERVANTS.ISIDORE.1_Tim #SERVANTS.VARRO.1_Tim #Timon_Tim,9,1
2,2,37,258,#Timon_Tim,#ATTENDANTS_Tim #Alcibiades_Tim #Flavius_Tim #SERVANTS.Caphis_Tim #SERVANTS.ISIDORE.1_Tim #SERVANTS.VARRO.1_Tim #Timon_Tim,4,1
2,2,37,259,#SERVANTS.Caphis_Tim,#ATTENDANTS_Tim #Alcibiades_Tim #Flavius_Tim #SERVANTS.Caphis_Tim #SERVANTS.ISIDORE.1_Tim #SERVANTS.VARRO.1_Tim #Timon_Tim,5,1
2,2,37,260,#Timon_Tim,#ATTENDANTS_Tim #Alcibiades_Tim #Flavius_Tim #SERVANTS.Caphis_Tim #SERVANTS.ISIDORE.1_Tim #SERVANTS.VARRO.1_Tim #Timon_Tim,4,1
2,2,37,261,#SERVANTS.Caphis_Tim,#ATTENDANTS_Tim #Alcibiades_Tim #Flavius_Tim #SERVANTS.Caphis_Tim #SERVANTS.ISIDORE.1_Tim #SERVANTS.VARRO.1_Tim #Timon_Tim,46,6
2,2,37,262,#Timon_Tim,#ATTENDANTS_Tim #Alcibiades_Tim #Flavius_Tim #SERVANTS.Caphis_Tim #SERVANTS.ISIDORE.1_Tim #SERVANTS.VARRO.1_Tim #Timon_Tim,11,2
2,2,37,263,#SERVANTS.Caphis_Tim,#ATTENDANTS_Tim #Alcibiades_Tim #Flavius_Tim #SERVANTS.Caphis_Tim #SERVANTS.ISIDORE.1_Tim #SERVANTS.VARRO.1_Tim #Timon_Tim,4,1
2,2,37,264,#Timon_Tim,#ATTENDANTS_Tim #Alcibiades_Tim #Flavius_Tim #SERVANTS.Caphis_Tim #SERVANTS.ISIDORE.1_Tim #SERVANTS.VARRO.1_Tim #Timon_Tim,4,1
2,2,37,265,#SERVANTS.VARRO.1_Tim,#ATTENDANTS_Tim #Alcibiades_Tim #Flavius_Tim #SERVANTS.Caphis_Tim #SERVANTS.ISIDORE.1_Tim #SERVANTS.VARRO.1_Tim #Timon_Tim,6,2
2,2,37,266,#SERVANTS.ISIDORE.1_Tim,#ATTENDANTS_Tim #Alcibiades_Tim #Flavius_Tim #SERVANTS.Caphis_Tim #SERVANTS.ISIDORE.1_Tim #SERVANTS.VARRO.1_Tim #Timon_Tim,8,2
2,2,37,267,#SERVANTS.Caphis_Tim,#ATTENDANTS_Tim #Alcibiades_Tim #Flavius_Tim #SERVANTS.Caphis_Tim #SERVANTS.ISIDORE.1_Tim #SERVANTS.VARRO.1_Tim #Timon_Tim,9,1
2,2,37,268,#SERVANTS.VARRO.1_Tim,#ATTENDANTS_Tim #Alcibiades_Tim #Flavius_Tim #SERVANTS.Caphis_Tim #SERVANTS.ISIDORE.1_Tim #SERVANTS.VARRO.1_Tim #Timon_Tim,10,1
2,2,37,269,#SERVANTS.ISIDORE.1_Tim,#ATTENDANTS_Tim #Alcibiades_Tim #Flavius_Tim #SERVANTS.Caphis_Tim #SERVANTS.ISIDORE.1_Tim #SERVANTS.VARRO.1_Tim #Timon_Tim,15,2
2,2,37,270,#Timon_Tim,#ATTENDANTS_Tim #Alcibiades_Tim #Flavius_Tim #SERVANTS.Caphis_Tim #SERVANTS.ISIDORE.1_Tim #SERVANTS.VARRO.1_Tim #Timon_Tim,17,3
2,2,38,271,#Timon_Tim,#Flavius_Tim #SERVANTS.Caphis_Tim #SERVANTS.ISIDORE.1_Tim #SERVANTS.VARRO.1_Tim #Timon_Tim,29,5
2,2,38,272,#Flavius_Tim,#Flavius_Tim #SERVANTS.Caphis_Tim #SERVANTS.ISIDORE.1_Tim #SERVANTS.VARRO.1_Tim #Timon_Tim,28,5
2,2,38,273,#Timon_Tim,#Flavius_Tim #SERVANTS.Caphis_Tim #SERVANTS.ISIDORE.1_Tim #SERVANTS.VARRO.1_Tim #Timon_Tim,8,2
2,2,38,274,#Flavius_Tim,#Flavius_Tim #SERVANTS.Caphis_Tim #SERVANTS.ISIDORE.1_Tim #SERVANTS.VARRO.1_Tim #Timon_Tim,3,1
2,2,39,275,#SERVANTS.Caphis_Tim,#Apemantus_Tim #Fool_Tim #SERVANTS.Caphis_Tim #SERVANTS.ISIDORE.1_Tim #SERVANTS.VARRO.1_Tim,14,2
2,2,39,276,#SERVANTS.VARRO.1_Tim,#Apemantus_Tim #Fool_Tim #SERVANTS.Caphis_Tim #SERVANTS.ISIDORE.1_Tim #SERVANTS.VARRO.1_Tim,5,1
2,2,39,277,#SERVANTS.ISIDORE.1_Tim,#Apemantus_Tim #Fool_Tim #SERVANTS.Caphis_Tim #SERVANTS.ISIDORE.1_Tim #SERVANTS.VARRO.1_Tim,5,1
2,2,39,278,#SERVANTS.VARRO.1_Tim,#Apemantus_Tim #Fool_Tim #SERVANTS.Caphis_Tim #SERVANTS.ISIDORE.1_Tim #SERVANTS.VARRO.1_Tim,3,1
2,2,39,279,#Apemantus_Tim,#Apemantus_Tim #Fool_Tim #SERVANTS.Caphis_Tim #SERVANTS.ISIDORE.1_Tim #SERVANTS.VARRO.1_Tim,5,1
2,2,39,280,#SERVANTS.VARRO.1_Tim,#Apemantus_Tim #Fool_Tim #SERVANTS.Caphis_Tim #SERVANTS.ISIDORE.1_Tim #SERVANTS.VARRO.1_Tim,5,1
2,2,39,281,#Apemantus_Tim,#Apemantus_Tim #Fool_Tim #SERVANTS.Caphis_Tim #SERVANTS.ISIDORE.1_Tim #SERVANTS.VARRO.1_Tim,6,2
2,2,39,282,#SERVANTS.ISIDORE.1_Tim,#Apemantus_Tim #Fool_Tim #SERVANTS.Caphis_Tim #SERVANTS.ISIDORE.1_Tim #SERVANTS.VARRO.1_Tim,8,2
2,2,39,283,#Apemantus_Tim,#Apemantus_Tim #Fool_Tim #SERVANTS.Caphis_Tim #SERVANTS.ISIDORE.1_Tim #SERVANTS.VARRO.1_Tim,10,2
2,2,39,284,#SERVANTS.Caphis_Tim,#Apemantus_Tim #Fool_Tim #SERVANTS.Caphis_Tim #SERVANTS.ISIDORE.1_Tim #SERVANTS.VARRO.1_Tim,4,1
2,2,39,285,#Apemantus_Tim,#Apemantus_Tim #Fool_Tim #SERVANTS.Caphis_Tim #SERVANTS.ISIDORE.1_Tim #SERVANTS.VARRO.1_Tim,15,2
2,2,39,286,#SERVANTS.Caphis_Tim #SERVANTS.ISIDORE.1_Tim #SERVANTS.VARRO.1_Tim,#Apemantus_Tim #Fool_Tim #SERVANTS.Caphis_Tim #SERVANTS.ISIDORE.1_Tim #SERVANTS.VARRO.1_Tim,4,1
2,2,39,287,#Apemantus_Tim,#Apemantus_Tim #Fool_Tim #SERVANTS.Caphis_Tim #SERVANTS.ISIDORE.1_Tim #SERVANTS.VARRO.1_Tim,1,1
2,2,39,288,#SERVANTS.Caphis_Tim #SERVANTS.ISIDORE.1_Tim #SERVANTS.VARRO.1_Tim,#Apemantus_Tim #Fool_Tim #SERVANTS.Caphis_Tim #SERVANTS.ISIDORE.1_Tim #SERVANTS.VARRO.1_Tim,1,1
2,2,39,289,#Apemantus_Tim,#Apemantus_Tim #Fool_Tim #SERVANTS.Caphis_Tim #SERVANTS.ISIDORE.1_Tim #SERVANTS.VARRO.1_Tim,16,2
2,2,39,290,#Fool_Tim,#Apemantus_Tim #Fool_Tim #SERVANTS.Caphis_Tim #SERVANTS.ISIDORE.1_Tim #SERVANTS.VARRO.1_Tim,4,1
2,2,39,291,#SERVANTS.Caphis_Tim #SERVANTS.ISIDORE.1_Tim #SERVANTS.VARRO.1_Tim,#Apemantus_Tim #Fool_Tim #SERVANTS.Caphis_Tim #SERVANTS.ISIDORE.1_Tim #SERVANTS.VARRO.1_Tim,7,2
2,2,39,292,#Fool_Tim,#Apemantus_Tim #Fool_Tim #SERVANTS.Caphis_Tim #SERVANTS.ISIDORE.1_Tim #SERVANTS.VARRO.1_Tim,19,2
2,2,39,293,#Apemantus_Tim,#Apemantus_Tim #Fool_Tim #SERVANTS.Caphis_Tim #SERVANTS.ISIDORE.1_Tim #SERVANTS.VARRO.1_Tim,2,1
2,2,40,294,#Fool_Tim,#Apemantus_Tim #Fool_Tim #SERVANTS.Caphis_Tim #SERVANTS.ISIDORE.1_Tim #SERVANTS.Page_Tim #SERVANTS.VARRO.1_Tim,7,1
2,2,40,295,#SERVANTS.Page_Tim,#Apemantus_Tim #Fool_Tim #SERVANTS.Caphis_Tim #SERVANTS.ISIDORE.1_Tim #SERVANTS.Page_Tim #SERVANTS.VARRO.1_Tim,15,2
2,2,40,296,#Apemantus_Tim,#Apemantus_Tim #Fool_Tim #SERVANTS.Caphis_Tim #SERVANTS.ISIDORE.1_Tim #SERVANTS.Page_Tim #SERVANTS.VARRO.1_Tim,14,2
2,2,40,297,#SERVANTS.Page_Tim,#Apemantus_Tim #Fool_Tim #SERVANTS.Caphis_Tim #SERVANTS.ISIDORE.1_Tim #SERVANTS.Page_Tim #SERVANTS.VARRO.1_Tim,15,2
2,2,40,298,#Apemantus_Tim,#Apemantus_Tim #Fool_Tim #SERVANTS.Caphis_Tim #SERVANTS.ISIDORE.1_Tim #SERVANTS.Page_Tim #SERVANTS.VARRO.1_Tim,3,1
2,2,40,299,#SERVANTS.Page_Tim,#Apemantus_Tim #Fool_Tim #SERVANTS.Caphis_Tim #SERVANTS.ISIDORE.1_Tim #SERVANTS.Page_Tim #SERVANTS.VARRO.1_Tim,1,1
2,2,40,300,#Apemantus_Tim,#Apemantus_Tim #Fool_Tim #SERVANTS.Caphis_Tim #SERVANTS.ISIDORE.1_Tim #SERVANTS.Page_Tim #SERVANTS.VARRO.1_Tim,31,4
2,2,40,301,#SERVANTS.Page_Tim,#Apemantus_Tim #Fool_Tim #SERVANTS.Caphis_Tim #SERVANTS.ISIDORE.1_Tim #SERVANTS.Page_Tim #SERVANTS.VARRO.1_Tim,17,2
2,2,41,302,#Apemantus_Tim,#Apemantus_Tim #Fool_Tim #SERVANTS.Caphis_Tim #SERVANTS.ISIDORE.1_Tim #SERVANTS.VARRO.1_Tim,14,2
2,2,41,303,#Fool_Tim,#Apemantus_Tim #Fool_Tim #SERVANTS.Caphis_Tim #SERVANTS.ISIDORE.1_Tim #SERVANTS.VARRO.1_Tim,5,1
2,2,41,304,#Apemantus_Tim,#Apemantus_Tim #Fool_Tim #SERVANTS.Caphis_Tim #SERVANTS.ISIDORE.1_Tim #SERVANTS.VARRO.1_Tim,10,2
2,2,41,305,#SERVANTS.Caphis_Tim #SERVANTS.ISIDORE.1_Tim #SERVANTS.VARRO.1_Tim,#Apemantus_Tim #Fool_Tim #SERVANTS.Caphis_Tim #SERVANTS.ISIDORE.1_Tim #SERVANTS.VARRO.1_Tim,5,1
2,2,41,306,#Apemantus_Tim,#Apemantus_Tim #Fool_Tim #SERVANTS.Caphis_Tim #SERVANTS.ISIDORE.1_Tim #SERVANTS.VARRO.1_Tim,12,2
2,2,41,307,#Fool_Tim,#Apemantus_Tim #Fool_Tim #SERVANTS.Caphis_Tim #SERVANTS.ISIDORE.1_Tim #SERVANTS.VARRO.1_Tim,5,1
2,2,41,308,#SERVANTS.Caphis_Tim #SERVANTS.ISIDORE.1_Tim #SERVANTS.VARRO.1_Tim,#Apemantus_Tim #Fool_Tim #SERVANTS.Caphis_Tim #SERVANTS.ISIDORE.1_Tim #SERVANTS.VARRO.1_Tim,2,1
2,2,41,309,#Fool_Tim,#Apemantus_Tim #Fool_Tim #SERVANTS.Caphis_Tim #SERVANTS.ISIDORE.1_Tim #SERVANTS.VARRO.1_Tim,50,6
2,2,41,310,#SERVANTS.VARRO.1_Tim,#Apemantus_Tim #Fool_Tim #SERVANTS.Caphis_Tim #SERVANTS.ISIDORE.1_Tim #SERVANTS.VARRO.1_Tim,4,1
2,2,41,311,#Apemantus_Tim,#Apemantus_Tim #Fool_Tim #SERVANTS.Caphis_Tim #SERVANTS.ISIDORE.1_Tim #SERVANTS.VARRO.1_Tim,21,3
2,2,41,312,#SERVANTS.VARRO.1_Tim,#Apemantus_Tim #Fool_Tim #SERVANTS.Caphis_Tim #SERVANTS.ISIDORE.1_Tim #SERVANTS.VARRO.1_Tim,5,1
2,2,41,313,#Fool_Tim,#Apemantus_Tim #Fool_Tim #SERVANTS.Caphis_Tim #SERVANTS.ISIDORE.1_Tim #SERVANTS.VARRO.1_Tim,61,7
2,2,41,314,#SERVANTS.VARRO.1_Tim,#Apemantus_Tim #Fool_Tim #SERVANTS.Caphis_Tim #SERVANTS.ISIDORE.1_Tim #SERVANTS.VARRO.1_Tim,6,1
2,2,41,315,#Fool_Tim,#Apemantus_Tim #Fool_Tim #SERVANTS.Caphis_Tim #SERVANTS.ISIDORE.1_Tim #SERVANTS.VARRO.1_Tim,17,2
2,2,41,316,#Apemantus_Tim,#Apemantus_Tim #Fool_Tim #SERVANTS.Caphis_Tim #SERVANTS.ISIDORE.1_Tim #SERVANTS.VARRO.1_Tim,6,1
2,2,41,317,#SERVANTS.Caphis_Tim #SERVANTS.ISIDORE.1_Tim #SERVANTS.VARRO.1_Tim,#Apemantus_Tim #Fool_Tim #SERVANTS.Caphis_Tim #SERVANTS.ISIDORE.1_Tim #SERVANTS.VARRO.1_Tim,6,1
2,2,42,318,#Apemantus_Tim,#Apemantus_Tim #Flavius_Tim #Fool_Tim #SERVANTS.Caphis_Tim #SERVANTS.ISIDORE.1_Tim #SERVANTS.VARRO.1_Tim #Timon_Tim,5,1
2,2,42,319,#Fool_Tim,#Apemantus_Tim #Flavius_Tim #Fool_Tim #SERVANTS.Caphis_Tim #SERVANTS.ISIDORE.1_Tim #SERVANTS.VARRO.1_Tim #Timon_Tim,13,2
2,2,43,320,#Flavius_Tim,#Flavius_Tim #SERVANTS.Caphis_Tim #SERVANTS.ISIDORE.1_Tim #SERVANTS.VARRO.1_Tim #Timon_Tim,9,1
2,2,44,321,#Timon_Tim,#Flavius_Tim #Timon_Tim,31,4
2,2,44,322,#Flavius_Tim,#Flavius_Tim #Timon_Tim,10,2
2,2,44,323,#Timon_Tim,#Flavius_Tim #Timon_Tim,24,5
2,2,44,324,#Flavius_Tim,#Flavius_Tim #Timon_Tim,114,14
2,2,44,325,#Timon_Tim,#Flavius_Tim #Timon_Tim,6,1
2,2,44,326,#Flavius_Tim,#Flavius_Tim #Timon_Tim,34,5
2,2,44,327,#Timon_Tim,#Flavius_Tim #Timon_Tim,6,1
2,2,44,328,#Flavius_Tim,#Flavius_Tim #Timon_Tim,25,3
2,2,44,329,#Timon_Tim,#Flavius_Tim #Timon_Tim,4,1
2,2,44,330,#Flavius_Tim,#Flavius_Tim #Timon_Tim,69,9
2,2,44,331,#Timon_Tim,#Flavius_Tim #Timon_Tim,3,1
2,2,44,332,#Flavius_Tim,#Flavius_Tim #Timon_Tim,70,10
2,2,44,333,#Timon_Tim,#Flavius_Tim #Timon_Tim,68,9
2,2,44,334,#Flavius_Tim,#Flavius_Tim #Timon_Tim,4,1
2,2,44,335,#Timon_Tim,#Flavius_Tim #Timon_Tim,40,5
2,2,45,336,#SERVANTS.TIMON.Flaminius_Tim #SERVANTS.TIMON.Servilius_Tim #SERVANTS.TIMON.X.2_Tim,#Flavius_Tim #SERVANTS.TIMON.Flaminius_Tim #SERVANTS.TIMON.Servilius_Tim #SERVANTS.TIMON.X.2_Tim #Timon_Tim,4,1
2,2,45,337,#Timon_Tim,#Flavius_Tim #SERVANTS.TIMON.Flaminius_Tim #SERVANTS.TIMON.Servilius_Tim #SERVANTS.TIMON.X.2_Tim #Timon_Tim,52,7
2,2,45,338,#SERVANTS.TIMON.Flaminius_Tim,#Flavius_Tim #SERVANTS.TIMON.Flaminius_Tim #SERVANTS.TIMON.Servilius_Tim #SERVANTS.TIMON.X.2_Tim #Timon_Tim,6,1
2,2,46,339,#Flavius_Tim,#Flavius_Tim #Timon_Tim,5,1
2,2,46,340,#Timon_Tim,#Flavius_Tim #Timon_Tim,30,4
2,2,46,341,#Flavius_Tim,#Flavius_Tim #Timon_Tim,36,5
2,2,46,342,#Timon_Tim,#Flavius_Tim #Timon_Tim,6,1
2,2,46,343,#Flavius_Tim,#Flavius_Tim #Timon_Tim,76,10
2,2,46,344,#Timon_Tim,#Flavius_Tim #Timon_Tim,146,19
2,2,47,345,#Flavius_Tim,#Flavius_Tim,20,3
3,1,48,346,#SERVANTS.LUCULLUS.1_Tim,#SERVANTS.LUCULLUS.1_Tim #SERVANTS.TIMON.Flaminius_Tim,13,2
3,1,48,347,#SERVANTS.TIMON.Flaminius_Tim,#SERVANTS.LUCULLUS.1_Tim #SERVANTS.TIMON.Flaminius_Tim,4,1
3,1,49,348,#SERVANTS.LUCULLUS.1_Tim,#FRIENDS.Lucullus_Tim #SERVANTS.LUCULLUS.1_Tim #SERVANTS.TIMON.Flaminius_Tim,3,1
3,1,49,349,#FRIENDS.Lucullus_Tim,#FRIENDS.Lucullus_Tim #SERVANTS.LUCULLUS.1_Tim #SERVANTS.TIMON.Flaminius_Tim,35,5
3,1,50,350,#FRIENDS.Lucullus_Tim,#FRIENDS.Lucullus_Tim #SERVANTS.TIMON.Flaminius_Tim,17,3
3,1,50,351,#SERVANTS.TIMON.Flaminius_Tim,#FRIENDS.Lucullus_Tim #SERVANTS.TIMON.Flaminius_Tim,5,1
3,1,50,352,#FRIENDS.Lucullus_Tim,#FRIENDS.Lucullus_Tim #SERVANTS.TIMON.Flaminius_Tim,20,3
3,1,50,353,#SERVANTS.TIMON.Flaminius_Tim,#FRIENDS.Lucullus_Tim #SERVANTS.TIMON.Flaminius_Tim,44,6
3,1,50,354,#FRIENDS.Lucullus_Tim,#FRIENDS.Lucullus_Tim #SERVANTS.TIMON.Flaminius_Tim,89,9
3,1,51,355,#SERVANTS.LUCULLUS.1_Tim,#FRIENDS.Lucullus_Tim #SERVANTS.LUCULLUS.1_Tim #SERVANTS.TIMON.Flaminius_Tim,7,1
3,1,51,356,#FRIENDS.Lucullus_Tim,#FRIENDS.Lucullus_Tim #SERVANTS.LUCULLUS.1_Tim #SERVANTS.TIMON.Flaminius_Tim,10,2
3,1,51,357,#SERVANTS.TIMON.Flaminius_Tim,#FRIENDS.Lucullus_Tim #SERVANTS.LUCULLUS.1_Tim #SERVANTS.TIMON.Flaminius_Tim,5,1
3,1,51,358,#FRIENDS.Lucullus_Tim,#FRIENDS.Lucullus_Tim #SERVANTS.LUCULLUS.1_Tim #SERVANTS.TIMON.Flaminius_Tim,42,5
3,1,52,359,#FRIENDS.Lucullus_Tim,#FRIENDS.Lucullus_Tim #SERVANTS.TIMON.Flaminius_Tim,56,8
3,1,52,360,#SERVANTS.TIMON.Flaminius_Tim,#FRIENDS.Lucullus_Tim #SERVANTS.TIMON.Flaminius_Tim,22,3
3,1,52,361,#FRIENDS.Lucullus_Tim,#FRIENDS.Lucullus_Tim #SERVANTS.TIMON.Flaminius_Tim,13,2
3,1,53,362,#SERVANTS.TIMON.Flaminius_Tim,#SERVANTS.TIMON.Flaminius_Tim,107,14
3,2,54,363,#FRIENDS.Lucius_Tim,#FRIENDS.Lucius_Tim #STRANGERS.1_Tim #STRANGERS.2_Tim #STRANGERS.3_Tim,14,2
3,2,54,364,#STRANGERS.1_Tim,#FRIENDS.Lucius_Tim #STRANGERS.1_Tim #STRANGERS.2_Tim #STRANGERS.3_Tim,44,5
3,2,54,365,#FRIENDS.Lucius_Tim,#FRIENDS.Lucius_Tim #STRANGERS.1_Tim #STRANGERS.2_Tim #STRANGERS.3_Tim,11,2
3,2,54,366,#STRANGERS.2_Tim,#FRIENDS.Lucius_Tim #STRANGERS.1_Tim #STRANGERS.2_Tim #STRANGERS.3_Tim,39,5
3,2,54,367,#FRIENDS.Lucius_Tim,#FRIENDS.Lucius_Tim #STRANGERS.1_Tim #STRANGERS.2_Tim #STRANGERS.3_Tim,1,1
3,2,54,368,#STRANGERS.2_Tim,#FRIENDS.Lucius_Tim #STRANGERS.1_Tim #STRANGERS.2_Tim #STRANGERS.3_Tim,6,1
3,2,54,369,#FRIENDS.Lucius_Tim,#FRIENDS.Lucius_Tim #STRANGERS.1_Tim #STRANGERS.2_Tim #STRANGERS.3_Tim,72,8
3,2,55,370,#SERVANTS.TIMON.Servilius_Tim,#FRIENDS.Lucius_Tim #SERVANTS.TIMON.Servilius_Tim #STRANGERS.1_Tim #STRANGERS.2_Tim #STRANGERS.3_Tim,17,3
3,2,55,371,#FRIENDS.Lucius_Tim,#FRIENDS.Lucius_Tim #SERVANTS.TIMON.Servilius_Tim #STRANGERS.1_Tim #STRANGERS.2_Tim #STRANGERS.3_Tim,20,3
3,2,55,372,#SERVANTS.TIMON.Servilius_Tim,#FRIENDS.Lucius_Tim #SERVANTS.TIMON.Servilius_Tim #STRANGERS.1_Tim #STRANGERS.2_Tim #STRANGERS.3_Tim,9,2
3,2,55,373,#FRIENDS.Lucius_Tim,#FRIENDS.Lucius_Tim #SERVANTS.TIMON.Servilius_Tim #STRANGERS.1_Tim #STRANGERS.2_Tim #STRANGERS.3_Tim,29,3
3,2,55,374,#SERVANTS.TIMON.Servilius_Tim,#FRIENDS.Lucius_Tim #SERVANTS.TIMON.Servilius_Tim #STRANGERS.1_Tim #STRANGERS.2_Tim #STRANGERS.3_Tim,20,3
3,2,55,375,#FRIENDS.Lucius_Tim,#FRIENDS.Lucius_Tim #SERVANTS.TIMON.Servilius_Tim #STRANGERS.1_Tim #STRANGERS.2_Tim #STRANGERS.3_Tim,15,2
3,2,55,376,#SERVANTS.TIMON.Servilius_Tim,#FRIENDS.Lucius_Tim #SERVANTS.TIMON.Servilius_Tim #STRANGERS.1_Tim #STRANGERS.2_Tim #STRANGERS.3_Tim,23,3
3,2,55,377,#FRIENDS.Lucius_Tim,#FRIENDS.Lucius_Tim #SERVANTS.TIMON.Servilius_Tim #STRANGERS.1_Tim #STRANGERS.2_Tim #STRANGERS.3_Tim,5,1
3,2,55,378,#SERVANTS.TIMON.Servilius_Tim,#FRIENDS.Lucius_Tim #SERVANTS.TIMON.Servilius_Tim #STRANGERS.1_Tim #STRANGERS.2_Tim #STRANGERS.3_Tim,6,1
3,2,55,379,#FRIENDS.Lucius_Tim,#FRIENDS.Lucius_Tim #SERVANTS.TIMON.Servilius_Tim #STRANGERS.1_Tim #STRANGERS.2_Tim #STRANGERS.3_Tim,150,17
3,2,55,380,#SERVANTS.TIMON.Servilius_Tim,#FRIENDS.Lucius_Tim #SERVANTS.TIMON.Servilius_Tim #STRANGERS.1_Tim #STRANGERS.2_Tim #STRANGERS.3_Tim,4,1
3,2,55,381,#FRIENDS.Lucius_Tim,#FRIENDS.Lucius_Tim #SERVANTS.TIMON.Servilius_Tim #STRANGERS.1_Tim #STRANGERS.2_Tim #STRANGERS.3_Tim,8,1
3,2,56,382,#FRIENDS.Lucius_Tim,#FRIENDS.Lucius_Tim #STRANGERS.1_Tim #STRANGERS.2_Tim #STRANGERS.3_Tim,16,2
3,2,57,383,#STRANGERS.1_Tim,#STRANGERS.1_Tim #STRANGERS.2_Tim #STRANGERS.3_Tim,5,1
3,2,57,384,#STRANGERS.2_Tim,#STRANGERS.1_Tim #STRANGERS.2_Tim #STRANGERS.3_Tim,3,1
3,2,57,385,#STRANGERS.1_Tim,#STRANGERS.1_Tim #STRANGERS.2_Tim #STRANGERS.3_Tim,97,13
3,2,57,386,#STRANGERS.3_Tim,#STRANGERS.1_Tim #STRANGERS.2_Tim #STRANGERS.3_Tim,4,1
3,2,57,387,#STRANGERS.1_Tim,#STRANGERS.1_Tim #STRANGERS.2_Tim #STRANGERS.3_Tim,84,12
3,3,58,388,#FRIENDS.Sempronius_Tim,#FRIENDS.Sempronius_Tim #SERVANTS.TIMON.X.2_Tim,37,5
3,3,58,389,#SERVANTS.TIMON.X.2_Tim,#FRIENDS.Sempronius_Tim #SERVANTS.TIMON.X.2_Tim,17,3
3,3,58,390,#FRIENDS.Sempronius_Tim,#FRIENDS.Sempronius_Tim #SERVANTS.TIMON.X.2_Tim,175,20
3,3,59,391,#SERVANTS.TIMON.X.2_Tim,#SERVANTS.TIMON.X.2_Tim,131,16
3,4,60,392,#SERVANTS.VARRO.1_Tim,#SERVANTS.Hortensius_Tim #SERVANTS.LUCIUS.1_Tim #SERVANTS.Titus_Tim #SERVANTS.VARRO.1_Tim #SERVANTS.VARRO.2_Tim,7,1
3,4,60,393,#SERVANTS.Titus_Tim,#SERVANTS.Hortensius_Tim #SERVANTS.LUCIUS.1_Tim #SERVANTS.Titus_Tim #SERVANTS.VARRO.1_Tim #SERVANTS.VARRO.2_Tim,6,1
3,4,60,394,#SERVANTS.Hortensius_Tim,#SERVANTS.Hortensius_Tim #SERVANTS.LUCIUS.1_Tim #SERVANTS.Titus_Tim #SERVANTS.VARRO.1_Tim #SERVANTS.VARRO.2_Tim,6,2
3,4,60,395,#SERVANTS.LUCIUS.1_Tim,#SERVANTS.Hortensius_Tim #SERVANTS.LUCIUS.1_Tim #SERVANTS.Titus_Tim #SERVANTS.VARRO.1_Tim #SERVANTS.VARRO.2_Tim,14,3
3,4,60,396,#SERVANTS.Titus_Tim,#SERVANTS.Hortensius_Tim #SERVANTS.LUCIUS.1_Tim #SERVANTS.Titus_Tim #SERVANTS.VARRO.1_Tim #SERVANTS.VARRO.2_Tim,5,1
3,4,61,397,#SERVANTS.LUCIUS.1_Tim,#SERVANTS.Hortensius_Tim #SERVANTS.LUCIUS.1_Tim #SERVANTS.Philotus_Tim #SERVANTS.Titus_Tim #SERVANTS.VARRO.1_Tim #SERVANTS.VARRO.2_Tim,4,1
3,4,61,398,#SERVANTS.Philotus_Tim,#SERVANTS.Hortensius_Tim #SERVANTS.LUCIUS.1_Tim #SERVANTS.Philotus_Tim #SERVANTS.Titus_Tim #SERVANTS.VARRO.1_Tim #SERVANTS.VARRO.2_Tim,4,1
3,4,61,399,#SERVANTS.LUCIUS.1_Tim,#SERVANTS.Hortensius_Tim #SERVANTS.LUCIUS.1_Tim #SERVANTS.Philotus_Tim #SERVANTS.Titus_Tim #SERVANTS.VARRO.1_Tim #SERVANTS.VARRO.2_Tim,9,2
3,4,61,400,#SERVANTS.Philotus_Tim,#SERVANTS.Hortensius_Tim #SERVANTS.LUCIUS.1_Tim #SERVANTS.Philotus_Tim #SERVANTS.Titus_Tim #SERVANTS.VARRO.1_Tim #SERVANTS.VARRO.2_Tim,3,1
3,4,61,401,#SERVANTS.LUCIUS.1_Tim,#SERVANTS.Hortensius_Tim #SERVANTS.LUCIUS.1_Tim #SERVANTS.Philotus_Tim #SERVANTS.Titus_Tim #SERVANTS.VARRO.1_Tim #SERVANTS.VARRO.2_Tim,2,1
3,4,61,402,#SERVANTS.Philotus_Tim,#SERVANTS.Hortensius_Tim #SERVANTS.LUCIUS.1_Tim #SERVANTS.Philotus_Tim #SERVANTS.Titus_Tim #SERVANTS.VARRO.1_Tim #SERVANTS.VARRO.2_Tim,6,1
3,4,61,403,#SERVANTS.LUCIUS.1_Tim,#SERVANTS.Hortensius_Tim #SERVANTS.LUCIUS.1_Tim #SERVANTS.Philotus_Tim #SERVANTS.Titus_Tim #SERVANTS.VARRO.1_Tim #SERVANTS.VARRO.2_Tim,2,1
3,4,61,404,#SERVANTS.Philotus_Tim,#SERVANTS.Hortensius_Tim #SERVANTS.LUCIUS.1_Tim #SERVANTS.Philotus_Tim #SERVANTS.Titus_Tim #SERVANTS.VARRO.1_Tim #SERVANTS.VARRO.2_Tim,11,1
3,4,61,405,#SERVANTS.LUCIUS.1_Tim,#SERVANTS.Hortensius_Tim #SERVANTS.LUCIUS.1_Tim #SERVANTS.Philotus_Tim #SERVANTS.Titus_Tim #SERVANTS.VARRO.1_Tim #SERVANTS.VARRO.2_Tim,45,7
3,4,61,406,#SERVANTS.Philotus_Tim,#SERVANTS.Hortensius_Tim #SERVANTS.LUCIUS.1_Tim #SERVANTS.Philotus_Tim #SERVANTS.Titus_Tim #SERVANTS.VARRO.1_Tim #SERVANTS.VARRO.2_Tim,7,1
3,4,61,407,#SERVANTS.Titus_Tim,#SERVANTS.Hortensius_Tim #SERVANTS.LUCIUS.1_Tim #SERVANTS.Philotus_Tim #SERVANTS.Titus_Tim #SERVANTS.VARRO.1_Tim #SERVANTS.VARRO.2_Tim,15,2
3,4,61,408,#SERVANTS.Hortensius_Tim,#SERVANTS.Hortensius_Tim #SERVANTS.LUCIUS.1_Tim #SERVANTS.Philotus_Tim #SERVANTS.Titus_Tim #SERVANTS.VARRO.1_Tim #SERVANTS.VARRO.2_Tim,4,1
3,4,61,409,#SERVANTS.Titus_Tim,#SERVANTS.Hortensius_Tim #SERVANTS.LUCIUS.1_Tim #SERVANTS.Philotus_Tim #SERVANTS.Titus_Tim #SERVANTS.VARRO.1_Tim #SERVANTS.VARRO.2_Tim,14,2
3,4,61,410,#SERVANTS.Hortensius_Tim,#SERVANTS.Hortensius_Tim #SERVANTS.LUCIUS.1_Tim #SERVANTS.Philotus_Tim #SERVANTS.Titus_Tim #SERVANTS.VARRO.1_Tim #SERVANTS.VARRO.2_Tim,5,1
3,4,61,411,#SERVANTS.LUCIUS.1_Tim,#SERVANTS.Hortensius_Tim #SERVANTS.LUCIUS.1_Tim #SERVANTS.Philotus_Tim #SERVANTS.Titus_Tim #SERVANTS.VARRO.1_Tim #SERVANTS.VARRO.2_Tim,30,4
3,4,61,412,#SERVANTS.Hortensius_Tim,#SERVANTS.Hortensius_Tim #SERVANTS.LUCIUS.1_Tim #SERVANTS.Philotus_Tim #SERVANTS.Titus_Tim #SERVANTS.VARRO.1_Tim #SERVANTS.VARRO.2_Tim,26,3
3,4,61,413,#SERVANTS.VARRO.1_Tim,#SERVANTS.Hortensius_Tim #SERVANTS.LUCIUS.1_Tim #SERVANTS.Philotus_Tim #SERVANTS.Titus_Tim #SERVANTS.VARRO.1_Tim #SERVANTS.VARRO.2_Tim,7,1
3,4,61,414,#SERVANTS.LUCIUS.1_Tim,#SERVANTS.Hortensius_Tim #SERVANTS.LUCIUS.1_Tim #SERVANTS.Philotus_Tim #SERVANTS.Titus_Tim #SERVANTS.VARRO.1_Tim #SERVANTS.VARRO.2_Tim,3,1
3,4,61,415,#SERVANTS.VARRO.1_Tim,#SERVANTS.Hortensius_Tim #SERVANTS.LUCIUS.1_Tim #SERVANTS.Philotus_Tim #SERVANTS.Titus_Tim #SERVANTS.VARRO.1_Tim #SERVANTS.VARRO.2_Tim,21,3
3,4,62,416,#SERVANTS.Titus_Tim,#SERVANTS.Hortensius_Tim #SERVANTS.LUCIUS.1_Tim #SERVANTS.Philotus_Tim #SERVANTS.TIMON.Flaminius_Tim #SERVANTS.Titus_Tim #SERVANTS.VARRO.1_Tim #SERVANTS.VARRO.2_Tim,5,1
3,4,62,417,#SERVANTS.LUCIUS.1_Tim,#SERVANTS.Hortensius_Tim #SERVANTS.LUCIUS.1_Tim #SERVANTS.Philotus_Tim #SERVANTS.TIMON.Flaminius_Tim #SERVANTS.Titus_Tim #SERVANTS.VARRO.1_Tim #SERVANTS.VARRO.2_Tim,12,2
3,4,62,418,#SERVANTS.TIMON.Flaminius_Tim,#SERVANTS.Hortensius_Tim #SERVANTS.LUCIUS.1_Tim #SERVANTS.Philotus_Tim #SERVANTS.TIMON.Flaminius_Tim #SERVANTS.Titus_Tim #SERVANTS.VARRO.1_Tim #SERVANTS.VARRO.2_Tim,5,1
3,4,62,419,#SERVANTS.Titus_Tim,#SERVANTS.Hortensius_Tim #SERVANTS.LUCIUS.1_Tim #SERVANTS.Philotus_Tim #SERVANTS.TIMON.Flaminius_Tim #SERVANTS.Titus_Tim #SERVANTS.VARRO.1_Tim #SERVANTS.VARRO.2_Tim,8,1
3,4,62,420,#SERVANTS.TIMON.Flaminius_Tim,#SERVANTS.Hortensius_Tim #SERVANTS.LUCIUS.1_Tim #SERVANTS.Philotus_Tim #SERVANTS.TIMON.Flaminius_Tim #SERVANTS.Titus_Tim #SERVANTS.VARRO.1_Tim #SERVANTS.VARRO.2_Tim,12,2
3,4,63,421,#SERVANTS.LUCIUS.1_Tim,#Flavius_Tim #SERVANTS.Hortensius_Tim #SERVANTS.LUCIUS.1_Tim #SERVANTS.Philotus_Tim #SERVANTS.Titus_Tim #SERVANTS.VARRO.1_Tim #SERVANTS.VARRO.2_Tim,18,2
3,4,63,422,#SERVANTS.Titus_Tim,#Flavius_Tim #SERVANTS.Hortensius_Tim #SERVANTS.LUCIUS.1_Tim #SERVANTS.Philotus_Tim #SERVANTS.Titus_Tim #SERVANTS.VARRO.1_Tim #SERVANTS.VARRO.2_Tim,4,1
3,4,63,423,#SERVANTS.VARRO.2_Tim,#Flavius_Tim #SERVANTS.Hortensius_Tim #SERVANTS.LUCIUS.1_Tim #SERVANTS.Philotus_Tim #SERVANTS.Titus_Tim #SERVANTS.VARRO.1_Tim #SERVANTS.VARRO.2_Tim,4,1
3,4,63,424,#Flavius_Tim,#Flavius_Tim #SERVANTS.Hortensius_Tim #SERVANTS.LUCIUS.1_Tim #SERVANTS.Philotus_Tim #SERVANTS.Titus_Tim #SERVANTS.VARRO.1_Tim #SERVANTS.VARRO.2_Tim,8,1
3,4,63,425,#SERVANTS.Titus_Tim,#Flavius_Tim #SERVANTS.Hortensius_Tim #SERVANTS.LUCIUS.1_Tim #SERVANTS.Philotus_Tim #SERVANTS.Titus_Tim #SERVANTS.VARRO.1_Tim #SERVANTS.VARRO.2_Tim,7,1
3,4,63,426,#Flavius_Tim,#Flavius_Tim #SERVANTS.Hortensius_Tim #SERVANTS.LUCIUS.1_Tim #SERVANTS.Philotus_Tim #SERVANTS.Titus_Tim #SERVANTS.VARRO.1_Tim #SERVANTS.VARRO.2_Tim,80,11
3,4,63,427,#SERVANTS.LUCIUS.1_Tim,#Flavius_Tim #SERVANTS.Hortensius_Tim #SERVANTS.LUCIUS.1_Tim #SERVANTS.Philotus_Tim #SERVANTS.Titus_Tim #SERVANTS.VARRO.1_Tim #SERVANTS.VARRO.2_Tim,7,1
3,4,63,428,#Flavius_Tim,#Flavius_Tim #SERVANTS.Hortensius_Tim #SERVANTS.LUCIUS.1_Tim #SERVANTS.Philotus_Tim #SERVANTS.Titus_Tim #SERVANTS.VARRO.1_Tim #SERVANTS.VARRO.2_Tim,14,2
3,4,64,429,#SERVANTS.VARRO.1_Tim,#SERVANTS.Hortensius_Tim #SERVANTS.LUCIUS.1_Tim #SERVANTS.Philotus_Tim #SERVANTS.Titus_Tim #SERVANTS.VARRO.1_Tim #SERVANTS.VARRO.2_Tim,7,2
3,4,64,430,#SERVANTS.VARRO.2_Tim,#SERVANTS.Hortensius_Tim #SERVANTS.LUCIUS.1_Tim #SERVANTS.Philotus_Tim #SERVANTS.Titus_Tim #SERVANTS.VARRO.1_Tim #SERVANTS.VARRO.2_Tim,30,4
3,4,65,431,#SERVANTS.Titus_Tim,#SERVANTS.Hortensius_Tim #SERVANTS.LUCIUS.1_Tim #SERVANTS.Philotus_Tim #SERVANTS.TIMON.Servilius_Tim #SERVANTS.Titus_Tim #SERVANTS.VARRO.1_Tim #SERVANTS.VARRO.2_Tim,9,2
3,4,65,432,#SERVANTS.TIMON.Servilius_Tim,#SERVANTS.Hortensius_Tim #SERVANTS.LUCIUS.1_Tim #SERVANTS.Philotus_Tim #SERVANTS.TIMON.Servilius_Tim #SERVANTS.Titus_Tim #SERVANTS.VARRO.1_Tim #SERVANTS.VARRO.2_Tim,44,5
3,4,65,433,#SERVANTS.LUCIUS.1_Tim,#SERVANTS.Hortensius_Tim #SERVANTS.LUCIUS.1_Tim #SERVANTS.Philotus_Tim #SERVANTS.TIMON.Servilius_Tim #SERVANTS.Titus_Tim #SERVANTS.VARRO.1_Tim #SERVANTS.VARRO.2_Tim,33,4
3,4,65,434,#SERVANTS.TIMON.Servilius_Tim,#SERVANTS.Hortensius_Tim #SERVANTS.LUCIUS.1_Tim #SERVANTS.Philotus_Tim #SERVANTS.TIMON.Servilius_Tim #SERVANTS.Titus_Tim #SERVANTS.VARRO.1_Tim #SERVANTS.VARRO.2_Tim,2,1
3,4,65,435,#SERVANTS.Titus_Tim,#SERVANTS.Hortensius_Tim #SERVANTS.LUCIUS.1_Tim #SERVANTS.Philotus_Tim #SERVANTS.TIMON.Servilius_Tim #SERVANTS.Titus_Tim #SERVANTS.VARRO.1_Tim #SERVANTS.VARRO.2_Tim,7,1
3,4,66,436,#SERVANTS.TIMON.Flaminius_Tim,#SERVANTS.Hortensius_Tim #SERVANTS.LUCIUS.1_Tim #SERVANTS.Philotus_Tim #SERVANTS.TIMON.Flaminius_Tim #SERVANTS.TIMON.Servilius_Tim #SERVANTS.Titus_Tim #SERVANTS.VARRO.1_Tim #SERVANTS.VARRO.2_Tim,6,1
3,4,67,437,#Timon_Tim,#SERVANTS.Hortensius_Tim #SERVANTS.LUCIUS.1_Tim #SERVANTS.Philotus_Tim #SERVANTS.TIMON.Flaminius_Tim #SERVANTS.TIMON.Servilius_Tim #SERVANTS.Titus_Tim #SERVANTS.VARRO.1_Tim #SERVANTS.VARRO.2_Tim #Timon_Tim,40,5
3,4,67,438,#SERVANTS.LUCIUS.1_Tim,#SERVANTS.Hortensius_Tim #SERVANTS.LUCIUS.1_Tim #SERVANTS.Philotus_Tim #SERVANTS.TIMON.Flaminius_Tim #SERVANTS.TIMON.Servilius_Tim #SERVANTS.Titus_Tim #SERVANTS.VARRO.1_Tim #SERVANTS.VARRO.2_Tim #Timon_Tim,4,1
3,4,67,439,#SERVANTS.Titus_Tim,#SERVANTS.Hortensius_Tim #SERVANTS.LUCIUS.1_Tim #SERVANTS.Philotus_Tim #SERVANTS.TIMON.Flaminius_Tim #SERVANTS.TIMON.Servilius_Tim #SERVANTS.Titus_Tim #SERVANTS.VARRO.1_Tim #SERVANTS.VARRO.2_Tim #Timon_Tim,6,1
3,4,67,440,#SERVANTS.LUCIUS.1_Tim,#SERVANTS.Hortensius_Tim #SERVANTS.LUCIUS.1_Tim #SERVANTS.Philotus_Tim #SERVANTS.TIMON.Flaminius_Tim #SERVANTS.TIMON.Servilius_Tim #SERVANTS.Titus_Tim #SERVANTS.VARRO.1_Tim #SERVANTS.VARRO.2_Tim #Timon_Tim,2,1
3,4,67,441,#SERVANTS.Hortensius_Tim,#SERVANTS.Hortensius_Tim #SERVANTS.LUCIUS.1_Tim #SERVANTS.Philotus_Tim #SERVANTS.TIMON.Flaminius_Tim #SERVANTS.TIMON.Servilius_Tim #SERVANTS.Titus_Tim #SERVANTS.VARRO.1_Tim #SERVANTS.VARRO.2_Tim #Timon_Tim,4,1
3,4,67,442,#SERVANTS.VARRO.2_Tim,#SERVANTS.Hortensius_Tim #SERVANTS.LUCIUS.1_Tim #SERVANTS.Philotus_Tim #SERVANTS.TIMON.Flaminius_Tim #SERVANTS.TIMON.Servilius_Tim #SERVANTS.Titus_Tim #SERVANTS.VARRO.1_Tim #SERVANTS.VARRO.2_Tim #Timon_Tim,4,1
3,4,67,443,#SERVANTS.Philotus_Tim,#SERVANTS.Hortensius_Tim #SERVANTS.LUCIUS.1_Tim #SERVANTS.Philotus_Tim #SERVANTS.TIMON.Flaminius_Tim #SERVANTS.TIMON.Servilius_Tim #SERVANTS.Titus_Tim #SERVANTS.VARRO.1_Tim #SERVANTS.VARRO.2_Tim #Timon_Tim,3,1
3,4,67,444,#Timon_Tim,#SERVANTS.Hortensius_Tim #SERVANTS.LUCIUS.1_Tim #SERVANTS.Philotus_Tim #SERVANTS.TIMON.Flaminius_Tim #SERVANTS.TIMON.Servilius_Tim #SERVANTS.Titus_Tim #SERVANTS.VARRO.1_Tim #SERVANTS.VARRO.2_Tim #Timon_Tim,10,1
3,4,67,445,#SERVANTS.LUCIUS.1_Tim,#SERVANTS.Hortensius_Tim #SERVANTS.LUCIUS.1_Tim #SERVANTS.Philotus_Tim #SERVANTS.TIMON.Flaminius_Tim #SERVANTS.TIMON.Servilius_Tim #SERVANTS.Titus_Tim #SERVANTS.VARRO.1_Tim #SERVANTS.VARRO.2_Tim #Timon_Tim,3,1
3,4,67,446,#Timon_Tim,#SERVANTS.Hortensius_Tim #SERVANTS.LUCIUS.1_Tim #SERVANTS.Philotus_Tim #SERVANTS.TIMON.Flaminius_Tim #SERVANTS.TIMON.Servilius_Tim #SERVANTS.Titus_Tim #SERVANTS.VARRO.1_Tim #SERVANTS.VARRO.2_Tim #Timon_Tim,5,1
3,4,67,447,#SERVANTS.Titus_Tim,#SERVANTS.Hortensius_Tim #SERVANTS.LUCIUS.1_Tim #SERVANTS.Philotus_Tim #SERVANTS.TIMON.Flaminius_Tim #SERVANTS.TIMON.Servilius_Tim #SERVANTS.Titus_Tim #SERVANTS.VARRO.1_Tim #SERVANTS.VARRO.2_Tim #Timon_Tim,3,1
3,4,67,448,#Timon_Tim,#SERVANTS.Hortensius_Tim #SERVANTS.LUCIUS.1_Tim #SERVANTS.Philotus_Tim #SERVANTS.TIMON.Flaminius_Tim #SERVANTS.TIMON.Servilius_Tim #SERVANTS.Titus_Tim #SERVANTS.VARRO.1_Tim #SERVANTS.VARRO.2_Tim #Timon_Tim,4,1
3,4,67,449,#SERVANTS.LUCIUS.1_Tim,#SERVANTS.Hortensius_Tim #SERVANTS.LUCIUS.1_Tim #SERVANTS.Philotus_Tim #SERVANTS.TIMON.Flaminius_Tim #SERVANTS.TIMON.Servilius_Tim #SERVANTS.Titus_Tim #SERVANTS.VARRO.1_Tim #SERVANTS.VARRO.2_Tim #Timon_Tim,5,1
3,4,67,450,#Timon_Tim,#SERVANTS.Hortensius_Tim #SERVANTS.LUCIUS.1_Tim #SERVANTS.Philotus_Tim #SERVANTS.TIMON.Flaminius_Tim #SERVANTS.TIMON.Servilius_Tim #SERVANTS.Titus_Tim #SERVANTS.VARRO.1_Tim #SERVANTS.VARRO.2_Tim #Timon_Tim,9,2
3,4,67,451,#SERVANTS.VARRO.1_Tim,#SERVANTS.Hortensius_Tim #SERVANTS.LUCIUS.1_Tim #SERVANTS.Philotus_Tim #SERVANTS.TIMON.Flaminius_Tim #SERVANTS.TIMON.Servilius_Tim #SERVANTS.Titus_Tim #SERVANTS.VARRO.1_Tim #SERVANTS.VARRO.2_Tim #Timon_Tim,2,1
3,4,67,452,#SERVANTS.VARRO.2_Tim,#SERVANTS.Hortensius_Tim #SERVANTS.LUCIUS.1_Tim #SERVANTS.Philotus_Tim #SERVANTS.TIMON.Flaminius_Tim #SERVANTS.TIMON.Servilius_Tim #SERVANTS.Titus_Tim #SERVANTS.VARRO.1_Tim #SERVANTS.VARRO.2_Tim #Timon_Tim,2,1
3,4,67,453,#Timon_Tim,#SERVANTS.Hortensius_Tim #SERVANTS.LUCIUS.1_Tim #SERVANTS.Philotus_Tim #SERVANTS.TIMON.Flaminius_Tim #SERVANTS.TIMON.Servilius_Tim #SERVANTS.Titus_Tim #SERVANTS.VARRO.1_Tim #SERVANTS.VARRO.2_Tim #Timon_Tim,10,1
3,4,68,454,#SERVANTS.Hortensius_Tim,#SERVANTS.Hortensius_Tim #SERVANTS.LUCIUS.1_Tim #SERVANTS.Philotus_Tim #SERVANTS.TIMON.Flaminius_Tim #SERVANTS.TIMON.Servilius_Tim #SERVANTS.Titus_Tim #SERVANTS.VARRO.1_Tim #SERVANTS.VARRO.2_Tim,25,3
3,4,69,455,#Timon_Tim,#Flavius_Tim #SERVANTS.TIMON.Flaminius_Tim #Timon_Tim,12,2
3,4,69,456,#Flavius_Tim,#Flavius_Tim #SERVANTS.TIMON.Flaminius_Tim #Timon_Tim,3,1
3,4,69,457,#Timon_Tim,#Flavius_Tim #SERVANTS.TIMON.Flaminius_Tim #Timon_Tim,6,1
3,4,69,458,#Flavius_Tim,#Flavius_Tim #SERVANTS.TIMON.Flaminius_Tim #Timon_Tim,2,1
3,4,69,459,#Timon_Tim,#Flavius_Tim #SERVANTS.TIMON.Flaminius_Tim #Timon_Tim,6,1
3,4,69,460,#Flavius_Tim,#Flavius_Tim #SERVANTS.TIMON.Flaminius_Tim #Timon_Tim,3,1
3,4,69,461,#Timon_Tim,#Flavius_Tim #SERVANTS.TIMON.Flaminius_Tim #Timon_Tim,19,3
3,4,69,462,#Flavius_Tim,#Flavius_Tim #SERVANTS.TIMON.Flaminius_Tim #Timon_Tim,21,4
3,4,69,463,#Timon_Tim,#Flavius_Tim #SERVANTS.TIMON.Flaminius_Tim #Timon_Tim,26,3
3,5,70,464,#SENATORS.0.1_Tim,#ATTENDANTS.ALCIBIADES_Tim #Alcibiades_Tim #SENATORS.0.1_Tim #SENATORS_Tim,23,3
3,5,71,465,#SENATORS.0.2_Tim,#ATTENDANTS.ALCIBIADES_Tim #Alcibiades_Tim #SENATORS.0.1_Tim #SENATORS.0.2_Tim #SENATORS_Tim,7,1
3,5,71,466,#Alcibiades_Tim,#ATTENDANTS.ALCIBIADES_Tim #Alcibiades_Tim #SENATORS.0.1_Tim #SENATORS.0.2_Tim #SENATORS_Tim,7,1
3,5,71,467,#SENATORS.0.1_Tim,#ATTENDANTS.ALCIBIADES_Tim #Alcibiades_Tim #SENATORS.0.1_Tim #SENATORS.0.2_Tim #SENATORS_Tim,2,1
3,5,71,468,#Alcibiades_Tim,#ATTENDANTS.ALCIBIADES_Tim #Alcibiades_Tim #SENATORS.0.1_Tim #SENATORS.0.2_Tim #SENATORS_Tim,128,17
3,5,71,469,#SENATORS.0.1_Tim,#ATTENDANTS.ALCIBIADES_Tim #Alcibiades_Tim #SENATORS.0.1_Tim #SENATORS.0.2_Tim #SENATORS_Tim,109,15
3,5,71,470,#Alcibiades_Tim,#ATTENDANTS.ALCIBIADES_Tim #Alcibiades_Tim #SENATORS.0.1_Tim #SENATORS.0.2_Tim #SENATORS_Tim,2,1
3,5,71,471,#SENATORS.0.1_Tim,#ATTENDANTS.ALCIBIADES_Tim #Alcibiades_Tim #SENATORS.0.1_Tim #SENATORS.0.2_Tim #SENATORS_Tim,15,2
3,5,71,472,#Alcibiades_Tim,#ATTENDANTS.ALCIBIADES_Tim #Alcibiades_Tim #SENATORS.0.1_Tim #SENATORS.0.2_Tim #SENATORS_Tim,140,19
3,5,71,473,#SENATORS.0.2_Tim,#ATTENDANTS.ALCIBIADES_Tim #Alcibiades_Tim #SENATORS.0.1_Tim #SENATORS.0.2_Tim #SENATORS_Tim,4,1
3,5,71,474,#Alcibiades_Tim,#ATTENDANTS.ALCIBIADES_Tim #Alcibiades_Tim #SENATORS.0.1_Tim #SENATORS.0.2_Tim #SENATORS_Tim,16,3
3,5,71,475,#SENATORS.0.1_Tim,#ATTENDANTS.ALCIBIADES_Tim #Alcibiades_Tim #SENATORS.0.1_Tim #SENATORS.0.2_Tim #SENATORS_Tim,2,1
3,5,71,476,#Alcibiades_Tim,#ATTENDANTS.ALCIBIADES_Tim #Alcibiades_Tim #SENATORS.0.1_Tim #SENATORS.0.2_Tim #SENATORS_Tim,33,4
3,5,71,477,#SENATORS.0.2_Tim,#ATTENDANTS.ALCIBIADES_Tim #Alcibiades_Tim #SENATORS.0.1_Tim #SENATORS.0.2_Tim #SENATORS_Tim,62,8
3,5,71,478,#SENATORS.0.1_Tim,#ATTENDANTS.ALCIBIADES_Tim #Alcibiades_Tim #SENATORS.0.1_Tim #SENATORS.0.2_Tim #SENATORS_Tim,2,1
3,5,71,479,#Alcibiades_Tim,#ATTENDANTS.ALCIBIADES_Tim #Alcibiades_Tim #SENATORS.0.1_Tim #SENATORS.0.2_Tim #SENATORS_Tim,96,11
3,5,71,480,#SENATORS.0.1_Tim,#ATTENDANTS.ALCIBIADES_Tim #Alcibiades_Tim #SENATORS.0.1_Tim #SENATORS.0.2_Tim #SENATORS_Tim,26,3
3,5,71,481,#Alcibiades_Tim,#ATTENDANTS.ALCIBIADES_Tim #Alcibiades_Tim #SENATORS.0.1_Tim #SENATORS.0.2_Tim #SENATORS_Tim,16,2
3,5,71,482,#SENATORS.0.2_Tim,#ATTENDANTS.ALCIBIADES_Tim #Alcibiades_Tim #SENATORS.0.1_Tim #SENATORS.0.2_Tim #SENATORS_Tim,1,1
3,5,71,483,#Alcibiades_Tim,#ATTENDANTS.ALCIBIADES_Tim #Alcibiades_Tim #SENATORS.0.1_Tim #SENATORS.0.2_Tim #SENATORS_Tim,5,1
3,5,72,484,#SENATORS.0.3_Tim,#ATTENDANTS.ALCIBIADES_Tim #Alcibiades_Tim #SENATORS.0.1_Tim #SENATORS.0.2_Tim #SENATORS.0.3_Tim #SENATORS_Tim,1,1
3,5,72,485,#Alcibiades_Tim,#ATTENDANTS.ALCIBIADES_Tim #Alcibiades_Tim #SENATORS.0.1_Tim #SENATORS.0.2_Tim #SENATORS.0.3_Tim #SENATORS_Tim,32,4
3,5,72,486,#SENATORS.0.1_Tim,#ATTENDANTS.ALCIBIADES_Tim #Alcibiades_Tim #SENATORS.0.1_Tim #SENATORS.0.2_Tim #SENATORS.0.3_Tim #SENATORS_Tim,17,3
3,5,72,487,#Alcibiades_Tim,#ATTENDANTS.ALCIBIADES_Tim #Alcibiades_Tim #SENATORS.0.1_Tim #SENATORS.0.2_Tim #SENATORS.0.3_Tim #SENATORS_Tim,12,3
3,5,72,488,#SENATORS.0.1_Tim,#ATTENDANTS.ALCIBIADES_Tim #Alcibiades_Tim #SENATORS.0.1_Tim #SENATORS.0.2_Tim #SENATORS.0.3_Tim #SENATORS_Tim,23,4
3,5,73,489,#Alcibiades_Tim,#ATTENDANTS.ALCIBIADES_Tim #Alcibiades_Tim #SENATORS.0.1_Tim #SENATORS.0.2_Tim #SENATORS.0.3_Tim,120,14
3,6,74,490,#FRIENDS.0.1_Tim,#FRIENDS.0.1_Tim #FRIENDS_Tim,8,1
3,6,75,491,#FRIENDS.0.2_Tim,#FRIENDS.0.1_Tim #FRIENDS.0.2_Tim #FRIENDS_Tim,18,2
3,6,75,492,#FRIENDS.0.1_Tim,#FRIENDS.0.1_Tim #FRIENDS.0.2_Tim #FRIENDS_Tim,30,3
3,6,75,493,#FRIENDS.0.2_Tim,#FRIENDS.0.1_Tim #FRIENDS.0.2_Tim #FRIENDS_Tim,11,2
3,6,75,494,#FRIENDS.0.1_Tim,#FRIENDS.0.1_Tim #FRIENDS.0.2_Tim #FRIENDS_Tim,34,4
3,6,75,495,#FRIENDS.0.2_Tim,#FRIENDS.0.1_Tim #FRIENDS.0.2_Tim #FRIENDS_Tim,33,4
3,6,75,496,#FRIENDS.0.1_Tim,#FRIENDS.0.1_Tim #FRIENDS.0.2_Tim #FRIENDS_Tim,14,2
3,6,75,497,#FRIENDS.0.2_Tim,#FRIENDS.0.1_Tim #FRIENDS.0.2_Tim #FRIENDS_Tim,11,2
3,6,75,498,#FRIENDS.0.1_Tim,#FRIENDS.0.1_Tim #FRIENDS.0.2_Tim #FRIENDS_Tim,3,1
3,6,75,499,#FRIENDS.0.2_Tim,#FRIENDS.0.1_Tim #FRIENDS.0.2_Tim #FRIENDS_Tim,3,1
3,6,75,500,#FRIENDS.0.1_Tim,#FRIENDS.0.1_Tim #FRIENDS.0.2_Tim #FRIENDS_Tim,3,1
3,6,75,501,#FRIENDS.0.2_Tim,#FRIENDS.0.1_Tim #FRIENDS.0.2_Tim #FRIENDS_Tim,5,1
3,6,76,502,#FRIENDS.0.2_Tim,#FRIENDS.0.1_Tim #FRIENDS.0.2_Tim #FRIENDS_Tim #SERVANTS.TIMON_Tim #Timon_Tim,3,1
3,6,76,503,#Timon_Tim,#FRIENDS.0.1_Tim #FRIENDS.0.2_Tim #FRIENDS_Tim #SERVANTS.TIMON_Tim #Timon_Tim,10,2
3,6,76,504,#FRIENDS.0.1_Tim,#FRIENDS.0.1_Tim #FRIENDS.0.2_Tim #FRIENDS_Tim #SERVANTS.TIMON_Tim #Timon_Tim,9,2
3,6,76,505,#FRIENDS.0.2_Tim,#FRIENDS.0.1_Tim #FRIENDS.0.2_Tim #FRIENDS_Tim #SERVANTS.TIMON_Tim #Timon_Tim,11,2
3,6,76,506,#Timon_Tim,#FRIENDS.0.1_Tim #FRIENDS.0.2_Tim #FRIENDS_Tim #SERVANTS.TIMON_Tim #Timon_Tim,41,5
3,6,76,507,#FRIENDS.0.1_Tim,#FRIENDS.0.1_Tim #FRIENDS.0.2_Tim #FRIENDS_Tim #SERVANTS.TIMON_Tim #Timon_Tim,16,2
3,6,76,508,#Timon_Tim,#FRIENDS.0.1_Tim #FRIENDS.0.2_Tim #FRIENDS_Tim #SERVANTS.TIMON_Tim #Timon_Tim,7,1
3,6,76,509,#FRIENDS.0.2_Tim,#FRIENDS.0.1_Tim #FRIENDS.0.2_Tim #FRIENDS_Tim #SERVANTS.TIMON_Tim #Timon_Tim,3,1
3,6,76,510,#Timon_Tim,#FRIENDS.0.1_Tim #FRIENDS.0.2_Tim #FRIENDS_Tim #SERVANTS.TIMON_Tim #Timon_Tim,6,1
3,6,76,511,#FRIENDS.0.2_Tim,#FRIENDS.0.1_Tim #FRIENDS.0.2_Tim #FRIENDS_Tim #SERVANTS.TIMON_Tim #Timon_Tim,26,3
3,6,76,512,#Timon_Tim,#FRIENDS.0.1_Tim #FRIENDS.0.2_Tim #FRIENDS_Tim #SERVANTS.TIMON_Tim #Timon_Tim,5,1
3,6,76,513,#FRIENDS.0.2_Tim,#FRIENDS.0.1_Tim #FRIENDS.0.2_Tim #FRIENDS_Tim #SERVANTS.TIMON_Tim #Timon_Tim,8,1
3,6,76,514,#Timon_Tim,#FRIENDS.0.1_Tim #FRIENDS.0.2_Tim #FRIENDS_Tim #SERVANTS.TIMON_Tim #Timon_Tim,12,2
3,6,76,515,#FRIENDS.0.2_Tim,#FRIENDS.0.1_Tim #FRIENDS.0.2_Tim #FRIENDS_Tim #SERVANTS.TIMON_Tim #Timon_Tim,3,1
3,6,76,516,#FRIENDS.0.1_Tim,#FRIENDS.0.1_Tim #FRIENDS.0.2_Tim #FRIENDS_Tim #SERVANTS.TIMON_Tim #Timon_Tim,5,1
3,6,77,517,#FRIENDS.0.3_Tim,#FRIENDS.0.1_Tim #FRIENDS.0.2_Tim #FRIENDS.0.3_Tim #FRIENDS_Tim #SERVANTS.TIMON_Tim #Timon_Tim,11,2
3,6,77,518,#FRIENDS.0.1_Tim,#FRIENDS.0.1_Tim #FRIENDS.0.2_Tim #FRIENDS.0.3_Tim #FRIENDS_Tim #SERVANTS.TIMON_Tim #Timon_Tim,6,1
3,6,77,519,#FRIENDS.0.3_Tim,#FRIENDS.0.1_Tim #FRIENDS.0.2_Tim #FRIENDS.0.3_Tim #FRIENDS_Tim #SERVANTS.TIMON_Tim #Timon_Tim,7,1
3,6,77,520,#FRIENDS.0.1_Tim #FRIENDS.0.2_Tim,#FRIENDS.0.1_Tim #FRIENDS.0.2_Tim #FRIENDS.0.3_Tim #FRIENDS_Tim #SERVANTS.TIMON_Tim #Timon_Tim,2,1
3,6,77,521,#FRIENDS.0.3_Tim,#FRIENDS.0.1_Tim #FRIENDS.0.2_Tim #FRIENDS.0.3_Tim #FRIENDS_Tim #SERVANTS.TIMON_Tim #Timon_Tim,6,1
3,6,77,522,#FRIENDS.0.1_Tim,#FRIENDS.0.1_Tim #FRIENDS.0.2_Tim #FRIENDS.0.3_Tim #FRIENDS_Tim #SERVANTS.TIMON_Tim #Timon_Tim,2,1
3,6,77,523,#FRIENDS.0.2_Tim,#FRIENDS.0.1_Tim #FRIENDS.0.2_Tim #FRIENDS.0.3_Tim #FRIENDS_Tim #SERVANTS.TIMON_Tim #Timon_Tim,5,1
3,6,77,524,#Timon_Tim,#FRIENDS.0.1_Tim #FRIENDS.0.2_Tim #FRIENDS.0.3_Tim #FRIENDS_Tim #SERVANTS.TIMON_Tim #Timon_Tim,7,1
3,6,77,525,#FRIENDS.0.3_Tim,#FRIENDS.0.1_Tim #FRIENDS.0.2_Tim #FRIENDS.0.3_Tim #FRIENDS_Tim #SERVANTS.TIMON_Tim #Timon_Tim,10,2
3,6,77,526,#FRIENDS.0.2_Tim,#FRIENDS.0.1_Tim #FRIENDS.0.2_Tim #FRIENDS.0.3_Tim #FRIENDS_Tim #SERVANTS.TIMON_Tim #Timon_Tim,6,1
3,6,77,527,#FRIENDS.0.3_Tim,#FRIENDS.0.1_Tim #FRIENDS.0.2_Tim #FRIENDS.0.3_Tim #FRIENDS_Tim #SERVANTS.TIMON_Tim #Timon_Tim,6,1
3,6,77,528,#FRIENDS.0.2_Tim,#FRIENDS.0.1_Tim #FRIENDS.0.2_Tim #FRIENDS.0.3_Tim #FRIENDS_Tim #SERVANTS.TIMON_Tim #Timon_Tim,7,1
3,6,77,529,#FRIENDS.0.3_Tim,#FRIENDS.0.1_Tim #FRIENDS.0.2_Tim #FRIENDS.0.3_Tim #FRIENDS_Tim #SERVANTS.TIMON_Tim #Timon_Tim,3,1
3,6,77,530,#Timon_Tim,#FRIENDS.0.1_Tim #FRIENDS.0.2_Tim #FRIENDS.0.3_Tim #FRIENDS_Tim #SERVANTS.TIMON_Tim #Timon_Tim,197,22
3,6,78,531,#FRIENDS.0_Tim,#FRIENDS.0.1_Tim #FRIENDS.0.2_Tim #FRIENDS.0.3_Tim #FRIENDS.0_Tim #FRIENDS_Tim #SERVANTS.TIMON_Tim #Timon_Tim,8,2
3,6,78,532,#Timon_Tim,#FRIENDS.0.1_Tim #FRIENDS.0.2_Tim #FRIENDS.0.3_Tim #FRIENDS.0_Tim #FRIENDS_Tim #SERVANTS.TIMON_Tim #Timon_Tim,99,17
3,6,79,533,#Timon_Tim,#FRIENDS.0.1_Tim #FRIENDS.0.2_Tim #FRIENDS.0.3_Tim #FRIENDS.0_Tim #SERVANTS.TIMON_Tim #Timon_Tim,28,4
3,6,80,534,#FRIENDS.0.1_Tim,#FRIENDS.0.1_Tim #FRIENDS.0.2_Tim #FRIENDS.0.3_Tim #FRIENDS.0_Tim #FRIENDS_Tim,4,1
3,6,80,535,#FRIENDS.0.2_Tim,#FRIENDS.0.1_Tim #FRIENDS.0.2_Tim #FRIENDS.0.3_Tim #FRIENDS.0_Tim #FRIENDS_Tim,8,2
3,6,80,536,#FRIENDS.0.3_Tim,#FRIENDS.0.1_Tim #FRIENDS.0.2_Tim #FRIENDS.0.3_Tim #FRIENDS.0_Tim #FRIENDS_Tim,6,1
3,6,81,537,#FRIENDS.0.4_Tim,#FRIENDS.0.1_Tim #FRIENDS.0.2_Tim #FRIENDS.0.3_Tim #FRIENDS.0.4_Tim #FRIENDS.0_Tim #FRIENDS_Tim,5,1
3,6,81,538,#FRIENDS.0.1_Tim,#FRIENDS.0.1_Tim #FRIENDS.0.2_Tim #FRIENDS.0.3_Tim #FRIENDS.0.4_Tim #FRIENDS.0_Tim #FRIENDS_Tim,34,4
3,6,81,539,#FRIENDS.0.2_Tim,#FRIENDS.0.1_Tim #FRIENDS.0.2_Tim #FRIENDS.0.3_Tim #FRIENDS.0.4_Tim #FRIENDS.0_Tim #FRIENDS_Tim,5,1
3,6,81,540,#FRIENDS.0.3_Tim,#FRIENDS.0.1_Tim #FRIENDS.0.2_Tim #FRIENDS.0.3_Tim #FRIENDS.0.4_Tim #FRIENDS.0_Tim #FRIENDS_Tim,2,1
3,6,81,541,#FRIENDS.0.4_Tim,#FRIENDS.0.1_Tim #FRIENDS.0.2_Tim #FRIENDS.0.3_Tim #FRIENDS.0.4_Tim #FRIENDS.0_Tim #FRIENDS_Tim,4,1
3,6,81,542,#FRIENDS.0.1_Tim,#FRIENDS.0.1_Tim #FRIENDS.0.2_Tim #FRIENDS.0.3_Tim #FRIENDS.0.4_Tim #FRIENDS.0_Tim #FRIENDS_Tim,4,1
3,6,81,543,#FRIENDS.0.2_Tim,#FRIENDS.0.1_Tim #FRIENDS.0.2_Tim #FRIENDS.0.3_Tim #FRIENDS.0.4_Tim #FRIENDS.0_Tim #FRIENDS_Tim,3,1
3,6,81,544,#FRIENDS.0.3_Tim,#FRIENDS.0.1_Tim #FRIENDS.0.2_Tim #FRIENDS.0.3_Tim #FRIENDS.0.4_Tim #FRIENDS.0_Tim #FRIENDS_Tim,6,1
3,6,81,545,#FRIENDS.0.4_Tim,#FRIENDS.0.1_Tim #FRIENDS.0.2_Tim #FRIENDS.0.3_Tim #FRIENDS.0.4_Tim #FRIENDS.0_Tim #FRIENDS_Tim,9,1
4,1,82,546,#Timon_Tim,#Timon_Tim,305,41
4,2,83,547,#SERVANTS.TIMON.0.1_Tim,#Flavius_Tim #SERVANTS.TIMON.0.1_Tim #SERVANTS.TIMON_Tim,14,2
4,2,83,548,#Flavius_Tim,#Flavius_Tim #SERVANTS.TIMON.0.1_Tim #SERVANTS.TIMON_Tim,23,3
4,2,83,549,#SERVANTS.TIMON.0.1_Tim,#Flavius_Tim #SERVANTS.TIMON.0.1_Tim #SERVANTS.TIMON_Tim,27,4
4,2,84,550,#SERVANTS.TIMON.0.2_Tim,#Flavius_Tim #SERVANTS.TIMON.0.1_Tim #SERVANTS.TIMON.0.2_Tim #SERVANTS.TIMON_Tim,53,8
4,2,85,551,#SERVANTS.TIMON.0.2_Tim,#Flavius_Tim #SERVANTS.TIMON.0.1_Tim #SERVANTS.TIMON.0.2_Tim #SERVANTS.TIMON.0_Tim #SERVANTS.TIMON_Tim,4,1
4,2,85,552,#Flavius_Tim,#Flavius_Tim #SERVANTS.TIMON.0.1_Tim #SERVANTS.TIMON.0.2_Tim #SERVANTS.TIMON.0_Tim #SERVANTS.TIMON_Tim,7,1
4,2,86,553,#SERVANTS.TIMON.0.3_Tim,#Flavius_Tim #SERVANTS.TIMON.0.1_Tim #SERVANTS.TIMON.0.2_Tim #SERVANTS.TIMON.0.3_Tim #SERVANTS.TIMON.0_Tim #SERVANTS.TIMON_Tim,47,6
4,2,86,554,#Flavius_Tim,#Flavius_Tim #SERVANTS.TIMON.0.1_Tim #SERVANTS.TIMON.0.2_Tim #SERVANTS.TIMON.0.3_Tim #SERVANTS.TIMON.0_Tim #SERVANTS.TIMON_Tim,64,9
4,2,87,555,#Flavius_Tim,#Flavius_Tim #SERVANTS.TIMON.0.1_Tim #SERVANTS.TIMON.0.2_Tim #SERVANTS.TIMON.0.3_Tim #SERVANTS.TIMON.0_Tim,173,22
4,3,88,556,#Timon_Tim,#Timon_Tim,360,53
4,3,89,557,#Alcibiades_Tim,#Alcibiades_Tim #Phrynia_Tim #Timandra_Tim #Timon_Tim,5,1
4,3,89,558,#Timon_Tim,#Alcibiades_Tim #Phrynia_Tim #Timandra_Tim #Timon_Tim,18,2
4,3,89,559,#Alcibiades_Tim,#Alcibiades_Tim #Phrynia_Tim #Timandra_Tim #Timon_Tim,15,2
4,3,89,560,#Timon_Tim,#Alcibiades_Tim #Phrynia_Tim #Timandra_Tim #Timon_Tim,22,3
4,3,89,561,#Alcibiades_Tim,#Alcibiades_Tim #Phrynia_Tim #Timandra_Tim #Timon_Tim,12,2
4,3,89,562,#Timon_Tim,#Alcibiades_Tim #Phrynia_Tim #Timandra_Tim #Timon_Tim,56,7
4,3,89,563,#Phrynia_Tim,#Alcibiades_Tim #Phrynia_Tim #Timandra_Tim #Timon_Tim,4,1
4,3,89,564,#Timon_Tim,#Alcibiades_Tim #Phrynia_Tim #Timandra_Tim #Timon_Tim,14,2
4,3,89,565,#Alcibiades_Tim,#Alcibiades_Tim #Phrynia_Tim #Timandra_Tim #Timon_Tim,8,1
4,3,89,566,#Timon_Tim,#Alcibiades_Tim #Phrynia_Tim #Timandra_Tim #Timon_Tim,25,3
4,3,89,567,#Alcibiades_Tim,#Alcibiades_Tim #Phrynia_Tim #Timandra_Tim #Timon_Tim,8,1
4,3,89,568,#Timon_Tim,#Alcibiades_Tim #Phrynia_Tim #Timandra_Tim #Timon_Tim,6,1
4,3,89,569,#Alcibiades_Tim,#Alcibiades_Tim #Phrynia_Tim #Timandra_Tim #Timon_Tim,4,1
4,3,89,570,#Timon_Tim,#Alcibiades_Tim #Phrynia_Tim #Timandra_Tim #Timon_Tim,31,4
4,3,89,571,#Alcibiades_Tim,#Alcibiades_Tim #Phrynia_Tim #Timandra_Tim #Timon_Tim,9,1
4,3,89,572,#Timon_Tim,#Alcibiades_Tim #Phrynia_Tim #Timandra_Tim #Timon_Tim,7,1
4,3,89,573,#Alcibiades_Tim,#Alcibiades_Tim #Phrynia_Tim #Timandra_Tim #Timon_Tim,9,1
4,3,89,574,#Timon_Tim,#Alcibiades_Tim #Phrynia_Tim #Timandra_Tim #Timon_Tim,10,1
4,3,89,575,#Timandra_Tim,#Alcibiades_Tim #Phrynia_Tim #Timandra_Tim #Timon_Tim,11,2
4,3,89,576,#Timon_Tim,#Alcibiades_Tim #Phrynia_Tim #Timandra_Tim #Timon_Tim,3,1
4,3,89,577,#Timandra_Tim,#Alcibiades_Tim #Phrynia_Tim #Timandra_Tim #Timon_Tim,1,1
4,3,89,578,#Timon_Tim,#Alcibiades_Tim #Phrynia_Tim #Timandra_Tim #Timon_Tim,42,5
4,3,89,579,#Timandra_Tim,#Alcibiades_Tim #Phrynia_Tim #Timandra_Tim #Timon_Tim,3,1
4,3,89,580,#Alcibiades_Tim,#Alcibiades_Tim #Phrynia_Tim #Timandra_Tim #Timon_Tim,62,8
4,3,89,581,#Timon_Tim,#Alcibiades_Tim #Phrynia_Tim #Timandra_Tim #Timon_Tim,9,1
4,3,89,582,#Alcibiades_Tim,#Alcibiades_Tim #Phrynia_Tim #Timandra_Tim #Timon_Tim,9,1
4,3,89,583,#Timon_Tim,#Alcibiades_Tim #Phrynia_Tim #Timandra_Tim #Timon_Tim,14,2
4,3,89,584,#Alcibiades_Tim,#Alcibiades_Tim #Phrynia_Tim #Timandra_Tim #Timon_Tim,10,1
4,3,89,585,#Timon_Tim,#Alcibiades_Tim #Phrynia_Tim #Timandra_Tim #Timon_Tim,6,1
4,3,89,586,#Alcibiades_Tim,#Alcibiades_Tim #Phrynia_Tim #Timandra_Tim #Timon_Tim,9,1
4,3,89,587,#Timon_Tim,#Alcibiades_Tim #Phrynia_Tim #Timandra_Tim #Timon_Tim,4,1
4,3,89,588,#Alcibiades_Tim,#Alcibiades_Tim #Phrynia_Tim #Timandra_Tim #Timon_Tim,5,1
4,3,89,589,#Timon_Tim,#Alcibiades_Tim #Phrynia_Tim #Timandra_Tim #Timon_Tim,15,2
4,3,89,590,#Alcibiades_Tim,#Alcibiades_Tim #Phrynia_Tim #Timandra_Tim #Timon_Tim,3,1
4,3,89,591,#Timon_Tim,#Alcibiades_Tim #Phrynia_Tim #Timandra_Tim #Timon_Tim,194,27
4,3,89,592,#Alcibiades_Tim,#Alcibiades_Tim #Phrynia_Tim #Timandra_Tim #Timon_Tim,15,2
4,3,89,593,#Timon_Tim,#Alcibiades_Tim #Phrynia_Tim #Timandra_Tim #Timon_Tim,10,1
4,3,89,594,#Phrynia_Tim #Timandra_Tim,#Alcibiades_Tim #Phrynia_Tim #Timandra_Tim #Timon_Tim,9,1
4,3,89,595,#Timon_Tim,#Alcibiades_Tim #Phrynia_Tim #Timandra_Tim #Timon_Tim,131,18
4,3,89,596,#Phrynia_Tim #Timandra_Tim,#Alcibiades_Tim #Phrynia_Tim #Timandra_Tim #Timon_Tim,13,2
4,3,89,597,#Timon_Tim,#Alcibiades_Tim #Phrynia_Tim #Timandra_Tim #Timon_Tim,119,17
4,3,89,598,#Phrynia_Tim #Timandra_Tim,#Alcibiades_Tim #Phrynia_Tim #Timandra_Tim #Timon_Tim,7,1
4,3,89,599,#Timon_Tim,#Alcibiades_Tim #Phrynia_Tim #Timandra_Tim #Timon_Tim,10,2
4,3,89,600,#Alcibiades_Tim,#Alcibiades_Tim #Phrynia_Tim #Timandra_Tim #Timon_Tim,16,3
4,3,89,601,#Timon_Tim,#Alcibiades_Tim #Phrynia_Tim #Timandra_Tim #Timon_Tim,9,1
4,3,89,602,#Alcibiades_Tim,#Alcibiades_Tim #Phrynia_Tim #Timandra_Tim #Timon_Tim,5,1
4,3,89,603,#Timon_Tim,#Alcibiades_Tim #Phrynia_Tim #Timandra_Tim #Timon_Tim,6,1
4,3,89,604,#Alcibiades_Tim,#Alcibiades_Tim #Phrynia_Tim #Timandra_Tim #Timon_Tim,4,1
4,3,89,605,#Timon_Tim,#Alcibiades_Tim #Phrynia_Tim #Timandra_Tim #Timon_Tim,13,2
4,3,89,606,#Alcibiades_Tim,#Alcibiades_Tim #Phrynia_Tim #Timandra_Tim #Timon_Tim,5,2
4,3,90,607,#Timon_Tim,#Timon_Tim,151,22
4,3,91,608,#Timon_Tim,#Apemantus_Tim #Timon_Tim,4,1
4,3,91,609,#Apemantus_Tim,#Apemantus_Tim #Timon_Tim,15,2
4,3,91,610,#Timon_Tim,#Apemantus_Tim #Timon_Tim,16,2
4,3,91,611,#Apemantus_Tim,#Apemantus_Tim #Timon_Tim,140,18
4,3,91,612,#Timon_Tim,#Apemantus_Tim #Timon_Tim,8,1
4,3,91,613,#Apemantus_Tim,#Apemantus_Tim #Timon_Tim,98,13
4,3,91,614,#Timon_Tim,#Apemantus_Tim #Timon_Tim,5,1
4,3,91,615,#Apemantus_Tim,#Apemantus_Tim #Timon_Tim,9,1
4,3,91,616,#Timon_Tim,#Apemantus_Tim #Timon_Tim,4,1
4,3,91,617,#Apemantus_Tim,#Apemantus_Tim #Timon_Tim,1,1
4,3,91,618,#Timon_Tim,#Apemantus_Tim #Timon_Tim,3,1
4,3,91,619,#Apemantus_Tim,#Apemantus_Tim #Timon_Tim,9,1
4,3,91,620,#Timon_Tim,#Apemantus_Tim #Timon_Tim,6,1
4,3,91,621,#Apemantus_Tim,#Apemantus_Tim #Timon_Tim,3,1
4,3,91,622,#Timon_Tim,#Apemantus_Tim #Timon_Tim,12,2
4,3,91,623,#Apemantus_Tim,#Apemantus_Tim #Timon_Tim,1,1
4,3,91,624,#Timon_Tim,#Apemantus_Tim #Timon_Tim,4,1
4,3,91,625,#Apemantus_Tim,#Apemantus_Tim #Timon_Tim,71,10
4,3,91,626,#Timon_Tim,#Apemantus_Tim #Timon_Tim,225,31
4,3,91,627,#Apemantus_Tim,#Apemantus_Tim #Timon_Tim,4,1
4,3,91,628,#Timon_Tim,#Apemantus_Tim #Timon_Tim,6,1
4,3,91,629,#Apemantus_Tim,#Apemantus_Tim #Timon_Tim,6,1
4,3,91,630,#Timon_Tim,#Apemantus_Tim #Timon_Tim,40,5
4,3,91,631,#Apemantus_Tim,#Apemantus_Tim #Timon_Tim,6,1
4,3,91,632,#Timon_Tim,#Apemantus_Tim #Timon_Tim,7,1
4,3,91,633,#Apemantus_Tim,#Apemantus_Tim #Timon_Tim,11,1
4,3,91,634,#Timon_Tim,#Apemantus_Tim #Timon_Tim,15,2
4,3,91,635,#Apemantus_Tim,#Apemantus_Tim #Timon_Tim,6,1
4,3,91,636,#Timon_Tim,#Apemantus_Tim #Timon_Tim,18,2
4,3,91,637,#Apemantus_Tim,#Apemantus_Tim #Timon_Tim,6,1
4,3,91,638,#Timon_Tim,#Apemantus_Tim #Timon_Tim,13,2
4,3,91,639,#Apemantus_Tim,#Apemantus_Tim #Timon_Tim,4,1
4,3,91,640,#Timon_Tim,#Apemantus_Tim #Timon_Tim,9,2
4,3,91,641,#Apemantus_Tim,#Apemantus_Tim #Timon_Tim,11,2
4,3,91,642,#Timon_Tim,#Apemantus_Tim #Timon_Tim,8,2
4,3,91,643,#Apemantus_Tim,#Apemantus_Tim #Timon_Tim,5,1
4,3,91,644,#Timon_Tim,#Apemantus_Tim #Timon_Tim,4,1
4,3,91,645,#Apemantus_Tim,#Apemantus_Tim #Timon_Tim,48,6
4,3,91,646,#Timon_Tim,#Apemantus_Tim #Timon_Tim,7,1
4,3,91,647,#Apemantus_Tim,#Apemantus_Tim #Timon_Tim,4,1
4,3,91,648,#Timon_Tim,#Apemantus_Tim #Timon_Tim,6,1
4,3,91,649,#Apemantus_Tim,#Apemantus_Tim #Timon_Tim,26,4
4,3,91,650,#Timon_Tim,#Apemantus_Tim #Timon_Tim,12,2
4,3,91,651,#Apemantus_Tim,#Apemantus_Tim #Timon_Tim,1,1
4,3,91,652,#Timon_Tim,#Apemantus_Tim #Timon_Tim,11,2
4,3,91,653,#Apemantus_Tim,#Apemantus_Tim #Timon_Tim,12,2
4,3,91,654,#Timon_Tim,#Apemantus_Tim #Timon_Tim,23,3
4,3,91,655,#Apemantus_Tim,#Apemantus_Tim #Timon_Tim,10,1
4,3,91,656,#Timon_Tim,#Apemantus_Tim #Timon_Tim,17,2
4,3,91,657,#Apemantus_Tim,#Apemantus_Tim #Timon_Tim,2,1
4,3,91,658,#Timon_Tim,#Apemantus_Tim #Timon_Tim,188,21
4,3,91,659,#Apemantus_Tim,#Apemantus_Tim #Timon_Tim,26,3
4,3,91,660,#Timon_Tim,#Apemantus_Tim #Timon_Tim,14,2
4,3,91,661,#Apemantus_Tim,#Apemantus_Tim #Timon_Tim,35,4
4,3,91,662,#Timon_Tim,#Apemantus_Tim #Timon_Tim,20,3
4,3,91,663,#Apemantus_Tim,#Apemantus_Tim #Timon_Tim,9,1
4,3,91,664,#Timon_Tim,#Apemantus_Tim #Timon_Tim,8,1
4,3,91,665,#Apemantus_Tim,#Apemantus_Tim #Timon_Tim,10,1
4,3,91,666,#Timon_Tim,#Apemantus_Tim #Timon_Tim,9,1
4,3,91,667,#Apemantus_Tim,#Apemantus_Tim #Timon_Tim,8,1
4,3,91,668,#Timon_Tim,#Apemantus_Tim #Timon_Tim,13,2
4,3,91,669,#Apemantus_Tim,#Apemantus_Tim #Timon_Tim,8,1
4,3,91,670,#Timon_Tim,#Apemantus_Tim #Timon_Tim,20,3
4,3,91,671,#Apemantus_Tim,#Apemantus_Tim #Timon_Tim,4,1
4,3,91,672,#Timon_Tim,#Apemantus_Tim #Timon_Tim,14,2
4,3,91,673,#Apemantus_Tim,#Apemantus_Tim #Timon_Tim,1,1
4,3,91,674,#Timon_Tim,#Apemantus_Tim #Timon_Tim,1,1
4,3,91,675,#Apemantus_Tim,#Apemantus_Tim #Timon_Tim,1,1
4,3,91,676,#Timon_Tim,#Apemantus_Tim #Timon_Tim,140,21
4,3,91,677,#Apemantus_Tim,#Apemantus_Tim #Timon_Tim,20,3
4,3,91,678,#Timon_Tim,#Apemantus_Tim #Timon_Tim,2,1
4,3,91,679,#Apemantus_Tim,#Apemantus_Tim #Timon_Tim,1,1
4,3,91,680,#Timon_Tim,#Apemantus_Tim #Timon_Tim,4,1
4,3,91,681,#Apemantus_Tim,#Apemantus_Tim #Timon_Tim,5,1
4,3,91,682,#Timon_Tim,#Apemantus_Tim #Timon_Tim,9,1
4,3,92,683,#Apemantus_Tim,#Apemantus_Tim #BANDITS.1_Tim #BANDITS.2_Tim #BANDITS.3_Tim #Timon_Tim,9,2
4,3,93,684,#BANDITS.1_Tim,#BANDITS.1_Tim #BANDITS.2_Tim #BANDITS.3_Tim #Timon_Tim,33,4
4,3,93,685,#BANDITS.2_Tim,#BANDITS.1_Tim #BANDITS.2_Tim #BANDITS.3_Tim #Timon_Tim,9,1
4,3,93,686,#BANDITS.3_Tim,#BANDITS.1_Tim #BANDITS.2_Tim #BANDITS.3_Tim #Timon_Tim,28,3
4,3,93,687,#BANDITS.2_Tim,#BANDITS.1_Tim #BANDITS.2_Tim #BANDITS.3_Tim #Timon_Tim,10,2
4,3,93,688,#BANDITS.1_Tim,#BANDITS.1_Tim #BANDITS.2_Tim #BANDITS.3_Tim #Timon_Tim,4,1
4,3,93,689,#BANDITS.2_Tim #BANDITS.3_Tim,#BANDITS.1_Tim #BANDITS.2_Tim #BANDITS.3_Tim #Timon_Tim,1,1
4,3,93,690,#BANDITS.2_Tim,#BANDITS.1_Tim #BANDITS.2_Tim #BANDITS.3_Tim #Timon_Tim,3,1
4,3,93,691,#BANDITS.3_Tim,#BANDITS.1_Tim #BANDITS.2_Tim #BANDITS.3_Tim #Timon_Tim,4,1
4,3,93,692,#BANDITS.1_Tim #BANDITS.2_Tim #BANDITS.3_Tim,#BANDITS.1_Tim #BANDITS.2_Tim #BANDITS.3_Tim #Timon_Tim,3,1
4,3,93,693,#Timon_Tim,#BANDITS.1_Tim #BANDITS.2_Tim #BANDITS.3_Tim #Timon_Tim,2,1
4,3,93,694,#BANDITS.1_Tim #BANDITS.2_Tim #BANDITS.3_Tim,#BANDITS.1_Tim #BANDITS.2_Tim #BANDITS.3_Tim #Timon_Tim,3,1
4,3,93,695,#Timon_Tim,#BANDITS.1_Tim #BANDITS.2_Tim #BANDITS.3_Tim #Timon_Tim,5,1
4,3,93,696,#BANDITS.1_Tim #BANDITS.2_Tim #BANDITS.3_Tim,#BANDITS.1_Tim #BANDITS.2_Tim #BANDITS.3_Tim #Timon_Tim,10,1
4,3,93,697,#Timon_Tim,#BANDITS.1_Tim #BANDITS.2_Tim #BANDITS.3_Tim #Timon_Tim,50,6
4,3,93,698,#BANDITS.1_Tim,#BANDITS.1_Tim #BANDITS.2_Tim #BANDITS.3_Tim #Timon_Tim,14,2
4,3,93,699,#Timon_Tim,#BANDITS.1_Tim #BANDITS.2_Tim #BANDITS.3_Tim #Timon_Tim,218,28
4,3,93,700,#BANDITS.3_Tim,#BANDITS.1_Tim #BANDITS.2_Tim #BANDITS.3_Tim #Timon_Tim,12,2
4,3,93,701,#BANDITS.1_Tim,#BANDITS.1_Tim #BANDITS.2_Tim #BANDITS.3_Tim #Timon_Tim,19,3
4,3,93,702,#BANDITS.2_Tim,#BANDITS.1_Tim #BANDITS.2_Tim #BANDITS.3_Tim #Timon_Tim,11,2
4,3,93,703,#BANDITS.1_Tim,#BANDITS.1_Tim #BANDITS.2_Tim #BANDITS.3_Tim #Timon_Tim,19,2
4,3,94,704,#Flavius_Tim,#Flavius_Tim #Timon_Tim,111,15
4,3,94,705,#Timon_Tim,#Flavius_Tim #Timon_Tim,4,1
4,3,94,706,#Flavius_Tim,#Flavius_Tim #Timon_Tim,5,1
4,3,94,707,#Timon_Tim,#Flavius_Tim #Timon_Tim,21,3
4,3,94,708,#Flavius_Tim,#Flavius_Tim #Timon_Tim,6,1
4,3,94,709,#Timon_Tim,#Flavius_Tim #Timon_Tim,24,3
4,3,94,710,#Flavius_Tim,#Flavius_Tim #Timon_Tim,21,3
4,3,94,711,#Timon_Tim,#Flavius_Tim #Timon_Tim,40,7
4,3,94,712,#Flavius_Tim,#Flavius_Tim #Timon_Tim,27,3
4,3,94,713,#Timon_Tim,#Flavius_Tim #Timon_Tim,146,21
4,3,94,714,#Flavius_Tim,#Flavius_Tim #Timon_Tim,94,13
4,3,94,715,#Timon_Tim,#Flavius_Tim #Timon_Tim,90,13
4,3,94,716,#Flavius_Tim,#Flavius_Tim #Timon_Tim,9,2
4,3,94,717,#Timon_Tim,#Flavius_Tim #Timon_Tim,23,3
5,1,95,718,#Painter_Tim,#Painter_Tim #Poet_Tim,14,2
5,1,95,719,#Poet_Tim,#Painter_Tim #Poet_Tim,18,2
5,1,95,720,#Painter_Tim,#Painter_Tim #Poet_Tim,30,4
5,1,95,721,#Poet_Tim,#Painter_Tim #Poet_Tim,13,2
5,1,95,722,#Painter_Tim,#Painter_Tim #Poet_Tim,64,7
5,1,96,723,#Poet_Tim,#Painter_Tim #Poet_Tim #Timon_Tim,8,1
5,1,96,724,#Painter_Tim,#Painter_Tim #Poet_Tim #Timon_Tim,15,2
5,1,96,725,#Poet_Tim,#Painter_Tim #Poet_Tim #Timon_Tim,15,2
5,1,96,726,#Painter_Tim,#Painter_Tim #Poet_Tim #Timon_Tim,71,8
5,1,96,727,#Timon_Tim,#Painter_Tim #Poet_Tim #Timon_Tim,13,2
5,1,96,728,#Poet_Tim,#Painter_Tim #Poet_Tim #Timon_Tim,38,5
5,1,96,729,#Timon_Tim,#Painter_Tim #Poet_Tim #Timon_Tim,27,3
5,1,96,730,#Poet_Tim,#Painter_Tim #Poet_Tim #Timon_Tim,21,3
5,1,96,731,#Painter_Tim,#Painter_Tim #Poet_Tim #Timon_Tim,18,4
5,1,96,732,#Timon_Tim,#Painter_Tim #Poet_Tim #Timon_Tim,59,8
5,1,96,733,#Poet_Tim,#Painter_Tim #Poet_Tim #Timon_Tim,3,1
5,1,96,734,#Painter_Tim,#Painter_Tim #Poet_Tim #Timon_Tim,4,1
5,1,96,735,#Timon_Tim,#Painter_Tim #Poet_Tim #Timon_Tim,9,1
5,1,96,736,#Poet_Tim,#Painter_Tim #Poet_Tim #Timon_Tim,62,10
5,1,96,737,#Timon_Tim,#Painter_Tim #Poet_Tim #Timon_Tim,25,3
5,1,96,738,#Painter_Tim,#Painter_Tim #Poet_Tim #Timon_Tim,16,3
5,1,96,739,#Timon_Tim,#Painter_Tim #Poet_Tim #Timon_Tim,5,1
5,1,96,740,#Painter_Tim,#Painter_Tim #Poet_Tim #Timon_Tim,9,1
5,1,96,741,#Timon_Tim,#Painter_Tim #Poet_Tim #Timon_Tim,18,2
5,1,96,742,#Painter_Tim #Poet_Tim,#Painter_Tim #Poet_Tim #Timon_Tim,10,1
5,1,96,743,#Timon_Tim,#Painter_Tim #Poet_Tim #Timon_Tim,19,2
5,1,96,744,#Painter_Tim,#Painter_Tim #Poet_Tim #Timon_Tim,15,2
5,1,96,745,#Timon_Tim,#Painter_Tim #Poet_Tim #Timon_Tim,20,4
5,1,96,746,#Painter_Tim,#Painter_Tim #Poet_Tim #Timon_Tim,3,1
5,1,96,747,#Timon_Tim,#Painter_Tim #Poet_Tim #Timon_Tim,59,8
5,1,96,748,#Painter_Tim #Poet_Tim,#Painter_Tim #Poet_Tim #Timon_Tim,9,2
5,1,96,749,#Timon_Tim,#Painter_Tim #Poet_Tim #Timon_Tim,4,1
5,1,96,750,#Painter_Tim #Poet_Tim,#Painter_Tim #Poet_Tim #Timon_Tim,4,1
5,1,96,751,#Timon_Tim,#Painter_Tim #Poet_Tim #Timon_Tim,3,1
5,1,96,752,#Painter_Tim #Poet_Tim,#Painter_Tim #Poet_Tim #Timon_Tim,5,1
5,1,96,753,#Timon_Tim,#Painter_Tim #Poet_Tim #Timon_Tim,14,2
5,1,96,754,#Painter_Tim #Poet_Tim,#Painter_Tim #Poet_Tim #Timon_Tim,4,1
5,1,96,755,#Timon_Tim,#Painter_Tim #Poet_Tim #Timon_Tim,29,4
5,1,96,756,#Painter_Tim,#Painter_Tim #Poet_Tim #Timon_Tim,6,1
5,1,96,757,#Poet_Tim,#Painter_Tim #Poet_Tim #Timon_Tim,2,1
5,1,96,758,#Timon_Tim,#Painter_Tim #Poet_Tim #Timon_Tim,41,5
5,1,96,759,#Painter_Tim #Poet_Tim,#Painter_Tim #Poet_Tim #Timon_Tim,8,1
5,1,96,760,#Timon_Tim,#Painter_Tim #Poet_Tim #Timon_Tim,78,14
5,1,97,761,#Flavius_Tim,#Flavius_Tim #SENATORS.1_Tim #SENATORS.2_Tim,29,4
5,1,97,762,#SENATORS.1_Tim,#Flavius_Tim #SENATORS.1_Tim #SENATORS.2_Tim,18,3
5,1,97,763,#SENATORS.2_Tim,#Flavius_Tim #SENATORS.1_Tim #SENATORS.2_Tim,46,6
5,1,97,764,#Flavius_Tim,#Flavius_Tim #SENATORS.1_Tim #SENATORS.2_Tim,34,5
5,1,98,765,#Timon_Tim,#Flavius_Tim #SENATORS.1_Tim #SENATORS.2_Tim #Timon_Tim,32,5
5,1,98,766,#SENATORS.1_Tim,#Flavius_Tim #SENATORS.1_Tim #SENATORS.2_Tim #Timon_Tim,2,1
5,1,98,767,#Timon_Tim,#Flavius_Tim #SENATORS.1_Tim #SENATORS.2_Tim #Timon_Tim,10,1
5,1,98,768,#SENATORS.1_Tim,#Flavius_Tim #SENATORS.1_Tim #SENATORS.2_Tim #Timon_Tim,7,1
5,1,98,769,#Timon_Tim,#Flavius_Tim #SENATORS.1_Tim #SENATORS.2_Tim #Timon_Tim,17,2
5,1,98,770,#SENATORS.1_Tim,#Flavius_Tim #SENATORS.1_Tim #SENATORS.2_Tim #Timon_Tim,37,6
5,1,98,771,#SENATORS.2_Tim,#Flavius_Tim #SENATORS.1_Tim #SENATORS.2_Tim #Timon_Tim,96,13
5,1,98,772,#Timon_Tim,#Flavius_Tim #SENATORS.1_Tim #SENATORS.2_Tim #Timon_Tim,29,4
5,1,98,773,#SENATORS.1_Tim,#Flavius_Tim #SENATORS.1_Tim #SENATORS.2_Tim #Timon_Tim,59,8
5,1,98,774,#SENATORS.2_Tim,#Flavius_Tim #SENATORS.1_Tim #SENATORS.2_Tim #Timon_Tim,10,2
5,1,98,775,#SENATORS.1_Tim,#Flavius_Tim #SENATORS.1_Tim #SENATORS.2_Tim #Timon_Tim,2,1
5,1,98,776,#Timon_Tim,#Flavius_Tim #SENATORS.1_Tim #SENATORS.2_Tim #Timon_Tim,136,17
5,1,98,777,#Flavius_Tim,#Flavius_Tim #SENATORS.1_Tim #SENATORS.2_Tim #Timon_Tim,5,1
5,1,98,778,#Timon_Tim,#Flavius_Tim #SENATORS.1_Tim #SENATORS.2_Tim #Timon_Tim,43,6
5,1,98,779,#SENATORS.1_Tim,#Flavius_Tim #SENATORS.1_Tim #SENATORS.2_Tim #Timon_Tim,4,1
5,1,98,780,#Timon_Tim,#Flavius_Tim #SENATORS.1_Tim #SENATORS.2_Tim #Timon_Tim,22,3
5,1,98,781,#SENATORS.1_Tim,#Flavius_Tim #SENATORS.1_Tim #SENATORS.2_Tim #Timon_Tim,3,1
5,1,98,782,#Timon_Tim,#Flavius_Tim #SENATORS.1_Tim #SENATORS.2_Tim #Timon_Tim,6,1
5,1,98,783,#SENATORS.1_Tim,#Flavius_Tim #SENATORS.1_Tim #SENATORS.2_Tim #Timon_Tim,10,2
5,1,98,784,#SENATORS.2_Tim,#Flavius_Tim #SENATORS.1_Tim #SENATORS.2_Tim #Timon_Tim,12,2
5,1,98,785,#Timon_Tim,#Flavius_Tim #SENATORS.1_Tim #SENATORS.2_Tim #Timon_Tim,54,8
5,1,98,786,#SENATORS.1_Tim,#Flavius_Tim #SENATORS.1_Tim #SENATORS.2_Tim #Timon_Tim,8,1
5,1,98,787,#Timon_Tim,#Flavius_Tim #SENATORS.1_Tim #SENATORS.2_Tim #Timon_Tim,69,8
5,1,98,788,#Flavius_Tim,#Flavius_Tim #SENATORS.1_Tim #SENATORS.2_Tim #Timon_Tim,10,1
5,1,98,789,#Timon_Tim,#Flavius_Tim #SENATORS.1_Tim #SENATORS.2_Tim #Timon_Tim,79,10
5,1,99,790,#SENATORS.1_Tim,#Flavius_Tim #SENATORS.1_Tim #SENATORS.2_Tim,7,2
5,1,99,791,#SENATORS.2_Tim,#Flavius_Tim #SENATORS.1_Tim #SENATORS.2_Tim,22,3
5,1,99,792,#SENATORS.1_Tim,#Flavius_Tim #SENATORS.1_Tim #SENATORS.2_Tim,4,1
5,2,100,793,#SENATORS.3_Tim,#MESSENGERS.X.3_Tim #SENATORS.3_Tim #SENATORS.4_Tim,12,2
5,2,100,794,#MESSENGERS.X.3_Tim,#MESSENGERS.X.3_Tim #SENATORS.3_Tim #SENATORS.4_Tim,11,3
5,2,100,795,#SENATORS.4_Tim,#MESSENGERS.X.3_Tim #SENATORS.3_Tim #SENATORS.4_Tim,9,1
5,2,100,796,#MESSENGERS.X.3_Tim,#MESSENGERS.X.3_Tim #SENATORS.3_Tim #SENATORS.4_Tim,59,8
5,2,101,797,#SENATORS.3_Tim,#MESSENGERS.X.3_Tim #SENATORS.1_Tim #SENATORS.2_Tim #SENATORS.3_Tim #SENATORS.4_Tim,4,1
5,2,101,798,#SENATORS.1_Tim,#MESSENGERS.X.3_Tim #SENATORS.1_Tim #SENATORS.2_Tim #SENATORS.3_Tim #SENATORS.4_Tim,35,4
5,3,102,799,#SOLDIERS.1_Tim,#SOLDIERS.1_Tim,84,10
5,4,103,800,#Alcibiades_Tim,#Alcibiades_Tim #SOLDIERS_Tim,10,2
5,4,104,801,#Alcibiades_Tim,#Alcibiades_Tim #SENATORS.1_Tim #SENATORS.2_Tim #SOLDIERS_Tim,87,11
5,4,104,802,#SENATORS.1_Tim,#Alcibiades_Tim #SENATORS.1_Tim #SENATORS.2_Tim #SOLDIERS_Tim,41,6
5,4,104,803,#SENATORS.2_Tim,#Alcibiades_Tim #SENATORS.1_Tim #SENATORS.2_Tim #SOLDIERS_Tim,30,5
5,4,104,804,#SENATORS.1_Tim,#Alcibiades_Tim #SENATORS.1_Tim #SENATORS.2_Tim #SOLDIERS_Tim,35,6
5,4,104,805,#SENATORS.2_Tim,#Alcibiades_Tim #SENATORS.1_Tim #SENATORS.2_Tim #SOLDIERS_Tim,67,10
5,4,104,806,#SENATORS.1_Tim,#Alcibiades_Tim #SENATORS.1_Tim #SENATORS.2_Tim #SOLDIERS_Tim,74,10
5,4,104,807,#SENATORS.2_Tim,#Alcibiades_Tim #SENATORS.1_Tim #SENATORS.2_Tim #SOLDIERS_Tim,18,3
5,4,104,808,#SENATORS.1_Tim,#Alcibiades_Tim #SENATORS.1_Tim #SENATORS.2_Tim #SOLDIERS_Tim,26,4
5,4,104,809,#SENATORS.2_Tim,#Alcibiades_Tim #SENATORS.1_Tim #SENATORS.2_Tim #SOLDIERS_Tim,41,6
5,4,104,810,#Alcibiades_Tim,#Alcibiades_Tim #SENATORS.1_Tim #SENATORS.2_Tim #SOLDIERS_Tim,68,10
5,4,104,811,#SENATORS.1_Tim #SENATORS.2_Tim,#Alcibiades_Tim #SENATORS.1_Tim #SENATORS.2_Tim #SOLDIERS_Tim,4,1
5,4,104,812,#Alcibiades_Tim,#Alcibiades_Tim #SENATORS.1_Tim #SENATORS.2_Tim #SOLDIERS_Tim,5,1
5,4,105,813,#SOLDIERS.1_Tim,#Alcibiades_Tim #SENATORS.1_Tim #SENATORS.2_Tim #SOLDIERS.1_Tim #SOLDIERS_Tim,34,5
5,4,105,814,#Alcibiades_Tim,#Alcibiades_Tim #SENATORS.1_Tim #SENATORS.2_Tim #SOLDIERS.1_Tim #SOLDIERS_Tim,137,20
