act,scene,stagegroup,setting,speaker,onstage,n_tokens,n_lines
1,1,1,1,#Saturninus_Tit,#Bassianus_Tit #Marcus_Tit #ROMANS_Tit #SENATORS_Tit #Saturninus_Tit #TRIBUNES_Tit,57,8
1,1,1,2,#Bassianus_Tit,#Bassianus_Tit #Marcus_Tit #ROMANS_Tit #SENATORS_Tit #Saturninus_Tit #TRIBUNES_Tit,59,9
1,1,1,3,#Marcus_Tit,#Bassianus_Tit #Marcus_Tit #ROMANS_Tit #SENATORS_Tit #Saturninus_Tit #TRIBUNES_Tit,200,28
1,1,1,4,#Saturninus_Tit,#Bassianus_Tit #Marcus_Tit #ROMANS_Tit #SENATORS_Tit #Saturninus_Tit #TRIBUNES_Tit,9,1
1,1,1,5,#Bassianus_Tit,#Bassianus_Tit #Marcus_Tit #ROMANS_Tit #SENATORS_Tit #Saturninus_Tit #TRIBUNES_Tit,65,9
1,1,1,6,#Saturninus_Tit,#Bassianus_Tit #Marcus_Tit #ROMANS_Tit #SENATORS_Tit #Saturninus_Tit #TRIBUNES_Tit,57,7
1,1,1,7,#Bassianus_Tit,#Bassianus_Tit #Marcus_Tit #ROMANS_Tit #SENATORS_Tit #Saturninus_Tit #TRIBUNES_Tit,6,1
1,1,2,8,#Captain_Tit,#Captain_Tit #ROMANS_Tit,41,6
1,1,3,9,#Titus_Tit,#Aaron_Tit #Alarbus_Tit #Captain_Tit #Chiron_Tit #Demetrius_Tit #Lucius_Tit #Martius_Tit #Mutius_Tit #Quintus_Tit #ROMANS.0_Tit #ROMANS_Tit #Tamora_Tit #Titus_Tit,195,26
1,1,3,10,#Lucius_Tit,#Aaron_Tit #Alarbus_Tit #Captain_Tit #Chiron_Tit #Demetrius_Tit #Lucius_Tit #Martius_Tit #Mutius_Tit #Quintus_Tit #ROMANS.0_Tit #ROMANS_Tit #Tamora_Tit #Titus_Tit,45,6
1,1,3,11,#Titus_Tit,#Aaron_Tit #Alarbus_Tit #Captain_Tit #Chiron_Tit #Demetrius_Tit #Lucius_Tit #Martius_Tit #Mutius_Tit #Quintus_Tit #ROMANS.0_Tit #ROMANS_Tit #Tamora_Tit #Titus_Tit,15,2
1,1,3,12,#Tamora_Tit,#Aaron_Tit #Alarbus_Tit #Captain_Tit #Chiron_Tit #Demetrius_Tit #Lucius_Tit #Martius_Tit #Mutius_Tit #Quintus_Tit #ROMANS.0_Tit #ROMANS_Tit #Tamora_Tit #Titus_Tit,128,17
1,1,3,13,#Titus_Tit,#Aaron_Tit #Alarbus_Tit #Captain_Tit #Chiron_Tit #Demetrius_Tit #Lucius_Tit #Martius_Tit #Mutius_Tit #Quintus_Tit #ROMANS.0_Tit #ROMANS_Tit #Tamora_Tit #Titus_Tit,45,6
1,1,3,14,#Lucius_Tit,#Aaron_Tit #Alarbus_Tit #Captain_Tit #Chiron_Tit #Demetrius_Tit #Lucius_Tit #Martius_Tit #Mutius_Tit #Quintus_Tit #ROMANS.0_Tit #ROMANS_Tit #Tamora_Tit #Titus_Tit,26,3
1,1,4,15,#Tamora_Tit,#Aaron_Tit #Captain_Tit #Chiron_Tit #Demetrius_Tit #ROMANS.0_Tit #ROMANS_Tit #Tamora_Tit #Titus_Tit,4,1
1,1,4,16,#Chiron_Tit,#Aaron_Tit #Captain_Tit #Chiron_Tit #Demetrius_Tit #ROMANS.0_Tit #ROMANS_Tit #Tamora_Tit #Titus_Tit,6,1
1,1,4,17,#Demetrius_Tit,#Aaron_Tit #Captain_Tit #Chiron_Tit #Demetrius_Tit #ROMANS.0_Tit #ROMANS_Tit #Tamora_Tit #Titus_Tit,70,10
1,1,5,18,#Lucius_Tit,#Aaron_Tit #Captain_Tit #Chiron_Tit #Demetrius_Tit #Lucius_Tit #Martius_Tit #Mutius_Tit #Quintus_Tit #ROMANS.0_Tit #ROMANS_Tit #Tamora_Tit #Titus_Tit,44,6
1,1,5,19,#Titus_Tit,#Aaron_Tit #Captain_Tit #Chiron_Tit #Demetrius_Tit #Lucius_Tit #Martius_Tit #Mutius_Tit #Quintus_Tit #ROMANS.0_Tit #ROMANS_Tit #Tamora_Tit #Titus_Tit,71,9
1,1,6,20,#Lavinia_Tit,#Aaron_Tit #Captain_Tit #Chiron_Tit #Demetrius_Tit #Lavinia_Tit #Lucius_Tit #Martius_Tit #Mutius_Tit #Quintus_Tit #ROMANS.0_Tit #ROMANS_Tit #Tamora_Tit #Titus_Tit,62,8
1,1,6,21,#Titus_Tit,#Aaron_Tit #Captain_Tit #Chiron_Tit #Demetrius_Tit #Lavinia_Tit #Lucius_Tit #Martius_Tit #Mutius_Tit #Quintus_Tit #ROMANS.0_Tit #ROMANS_Tit #Tamora_Tit #Titus_Tit,29,4
1,1,7,22,#Marcus_Tit,#Aaron_Tit #Bassianus_Tit #Captain_Tit #Chiron_Tit #Demetrius_Tit #GUARDS_Tit #Lavinia_Tit #Lucius_Tit #Marcus_Tit #Martius_Tit #Mutius_Tit #Quintus_Tit #ROMANS.0_Tit #ROMANS_Tit #SENATORS_Tit #Saturninus_Tit #TRIBUNES_Tit #Tamora_Tit #Titus_Tit,14,2
1,1,7,23,#Titus_Tit,#Aaron_Tit #Bassianus_Tit #Captain_Tit #Chiron_Tit #Demetrius_Tit #GUARDS_Tit #Lavinia_Tit #Lucius_Tit #Marcus_Tit #Martius_Tit #Mutius_Tit #Quintus_Tit #ROMANS.0_Tit #ROMANS_Tit #SENATORS_Tit #Saturninus_Tit #TRIBUNES_Tit #Tamora_Tit #Titus_Tit,6,1
1,1,7,24,#Marcus_Tit,#Aaron_Tit #Bassianus_Tit #Captain_Tit #Chiron_Tit #Demetrius_Tit #GUARDS_Tit #Lavinia_Tit #Lucius_Tit #Marcus_Tit #Martius_Tit #Mutius_Tit #Quintus_Tit #ROMANS.0_Tit #ROMANS_Tit #SENATORS_Tit #Saturninus_Tit #TRIBUNES_Tit #Tamora_Tit #Titus_Tit,112,15
1,1,7,25,#Titus_Tit,#Aaron_Tit #Bassianus_Tit #Captain_Tit #Chiron_Tit #Demetrius_Tit #GUARDS_Tit #Lavinia_Tit #Lucius_Tit #Marcus_Tit #Martius_Tit #Mutius_Tit #Quintus_Tit #ROMANS.0_Tit #ROMANS_Tit #SENATORS_Tit #Saturninus_Tit #TRIBUNES_Tit #Tamora_Tit #Titus_Tit,106,15
1,1,7,26,#Marcus_Tit,#Aaron_Tit #Bassianus_Tit #Captain_Tit #Chiron_Tit #Demetrius_Tit #GUARDS_Tit #Lavinia_Tit #Lucius_Tit #Marcus_Tit #Martius_Tit #Mutius_Tit #Quintus_Tit #ROMANS.0_Tit #ROMANS_Tit #SENATORS_Tit #Saturninus_Tit #TRIBUNES_Tit #Tamora_Tit #Titus_Tit,8,1
1,1,7,27,#Saturninus_Tit,#Aaron_Tit #Bassianus_Tit #Captain_Tit #Chiron_Tit #Demetrius_Tit #GUARDS_Tit #Lavinia_Tit #Lucius_Tit #Marcus_Tit #Martius_Tit #Mutius_Tit #Quintus_Tit #ROMANS.0_Tit #ROMANS_Tit #SENATORS_Tit #Saturninus_Tit #TRIBUNES_Tit #Tamora_Tit #Titus_Tit,7,1
1,1,7,28,#Titus_Tit,#Aaron_Tit #Bassianus_Tit #Captain_Tit #Chiron_Tit #Demetrius_Tit #GUARDS_Tit #Lavinia_Tit #Lucius_Tit #Marcus_Tit #Martius_Tit #Mutius_Tit #Quintus_Tit #ROMANS.0_Tit #ROMANS_Tit #SENATORS_Tit #Saturninus_Tit #TRIBUNES_Tit #Tamora_Tit #Titus_Tit,3,1
1,1,7,29,#Saturninus_Tit,#Aaron_Tit #Bassianus_Tit #Captain_Tit #Chiron_Tit #Demetrius_Tit #GUARDS_Tit #Lavinia_Tit #Lucius_Tit #Marcus_Tit #Martius_Tit #Mutius_Tit #Quintus_Tit #ROMANS.0_Tit #ROMANS_Tit #SENATORS_Tit #Saturninus_Tit #TRIBUNES_Tit #Tamora_Tit #Titus_Tit,32,5
1,1,7,30,#Lucius_Tit,#Aaron_Tit #Bassianus_Tit #Captain_Tit #Chiron_Tit #Demetrius_Tit #GUARDS_Tit #Lavinia_Tit #Lucius_Tit #Marcus_Tit #Martius_Tit #Mutius_Tit #Quintus_Tit #ROMANS.0_Tit #ROMANS_Tit #SENATORS_Tit #Saturninus_Tit #TRIBUNES_Tit #Tamora_Tit #Titus_Tit,12,2
1,1,7,31,#Titus_Tit,#Aaron_Tit #Bassianus_Tit #Captain_Tit #Chiron_Tit #Demetrius_Tit #GUARDS_Tit #Lavinia_Tit #Lucius_Tit #Marcus_Tit #Martius_Tit #Mutius_Tit #Quintus_Tit #ROMANS.0_Tit #ROMANS_Tit #SENATORS_Tit #Saturninus_Tit #TRIBUNES_Tit #Tamora_Tit #Titus_Tit,16,2
1,1,7,32,#Bassianus_Tit,#Aaron_Tit #Bassianus_Tit #Captain_Tit #Chiron_Tit #Demetrius_Tit #GUARDS_Tit #Lavinia_Tit #Lucius_Tit #Marcus_Tit #Martius_Tit #Mutius_Tit #Quintus_Tit #ROMANS.0_Tit #ROMANS_Tit #SENATORS_Tit #Saturninus_Tit #TRIBUNES_Tit #Tamora_Tit #Titus_Tit,38,5
1,1,7,33,#Titus_Tit,#Aaron_Tit #Bassianus_Tit #Captain_Tit #Chiron_Tit #Demetrius_Tit #GUARDS_Tit #Lavinia_Tit #Lucius_Tit #Marcus_Tit #Martius_Tit #Mutius_Tit #Quintus_Tit #ROMANS.0_Tit #ROMANS_Tit #SENATORS_Tit #Saturninus_Tit #TRIBUNES_Tit #Tamora_Tit #Titus_Tit,21,3
1,1,7,34,#TRIBUNES_Tit,#Aaron_Tit #Bassianus_Tit #Captain_Tit #Chiron_Tit #Demetrius_Tit #GUARDS_Tit #Lavinia_Tit #Lucius_Tit #Marcus_Tit #Martius_Tit #Mutius_Tit #Quintus_Tit #ROMANS.0_Tit #ROMANS_Tit #SENATORS_Tit #Saturninus_Tit #TRIBUNES_Tit #Tamora_Tit #Titus_Tit,19,3
1,1,7,35,#Titus_Tit,#Aaron_Tit #Bassianus_Tit #Captain_Tit #Chiron_Tit #Demetrius_Tit #GUARDS_Tit #Lavinia_Tit #Lucius_Tit #Marcus_Tit #Martius_Tit #Mutius_Tit #Quintus_Tit #ROMANS.0_Tit #ROMANS_Tit #SENATORS_Tit #Saturninus_Tit #TRIBUNES_Tit #Tamora_Tit #Titus_Tit,53,7
1,1,7,36,#Marcus_Tit,#Aaron_Tit #Bassianus_Tit #Captain_Tit #Chiron_Tit #Demetrius_Tit #GUARDS_Tit #Lavinia_Tit #Lucius_Tit #Marcus_Tit #Martius_Tit #Mutius_Tit #Quintus_Tit #ROMANS.0_Tit #ROMANS_Tit #SENATORS_Tit #Saturninus_Tit #TRIBUNES_Tit #Tamora_Tit #Titus_Tit,24,4
1,1,7,37,#Saturninus_Tit,#Aaron_Tit #Bassianus_Tit #Captain_Tit #Chiron_Tit #Demetrius_Tit #GUARDS_Tit #Lavinia_Tit #Lucius_Tit #Marcus_Tit #Martius_Tit #Mutius_Tit #Quintus_Tit #ROMANS.0_Tit #ROMANS_Tit #SENATORS_Tit #Saturninus_Tit #TRIBUNES_Tit #Tamora_Tit #Titus_Tit,69,10
1,1,7,38,#Titus_Tit,#Aaron_Tit #Bassianus_Tit #Captain_Tit #Chiron_Tit #Demetrius_Tit #GUARDS_Tit #Lavinia_Tit #Lucius_Tit #Marcus_Tit #Martius_Tit #Mutius_Tit #Quintus_Tit #ROMANS.0_Tit #ROMANS_Tit #SENATORS_Tit #Saturninus_Tit #TRIBUNES_Tit #Tamora_Tit #Titus_Tit,66,9
1,1,7,39,#Saturninus_Tit,#Aaron_Tit #Bassianus_Tit #Captain_Tit #Chiron_Tit #Demetrius_Tit #GUARDS_Tit #Lavinia_Tit #Lucius_Tit #Marcus_Tit #Martius_Tit #Mutius_Tit #Quintus_Tit #ROMANS.0_Tit #ROMANS_Tit #SENATORS_Tit #Saturninus_Tit #TRIBUNES_Tit #Tamora_Tit #Titus_Tit,37,5
1,1,7,40,#Titus_Tit,#Aaron_Tit #Bassianus_Tit #Captain_Tit #Chiron_Tit #Demetrius_Tit #GUARDS_Tit #Lavinia_Tit #Lucius_Tit #Marcus_Tit #Martius_Tit #Mutius_Tit #Quintus_Tit #ROMANS.0_Tit #ROMANS_Tit #SENATORS_Tit #Saturninus_Tit #TRIBUNES_Tit #Tamora_Tit #Titus_Tit,24,3
1,1,7,41,#Saturninus_Tit,#Aaron_Tit #Bassianus_Tit #Captain_Tit #Chiron_Tit #Demetrius_Tit #GUARDS_Tit #Lavinia_Tit #Lucius_Tit #Marcus_Tit #Martius_Tit #Mutius_Tit #Quintus_Tit #ROMANS.0_Tit #ROMANS_Tit #SENATORS_Tit #Saturninus_Tit #TRIBUNES_Tit #Tamora_Tit #Titus_Tit,83,11
1,1,7,42,#Lavinia_Tit,#Aaron_Tit #Bassianus_Tit #Captain_Tit #Chiron_Tit #Demetrius_Tit #GUARDS_Tit #Lavinia_Tit #Lucius_Tit #Marcus_Tit #Martius_Tit #Mutius_Tit #Quintus_Tit #ROMANS.0_Tit #ROMANS_Tit #SENATORS_Tit #Saturninus_Tit #TRIBUNES_Tit #Tamora_Tit #Titus_Tit,13,2
1,1,7,43,#Saturninus_Tit,#Aaron_Tit #Bassianus_Tit #Captain_Tit #Chiron_Tit #Demetrius_Tit #GUARDS_Tit #Lavinia_Tit #Lucius_Tit #Marcus_Tit #Martius_Tit #Mutius_Tit #Quintus_Tit #ROMANS.0_Tit #ROMANS_Tit #SENATORS_Tit #Saturninus_Tit #TRIBUNES_Tit #Tamora_Tit #Titus_Tit,22,3
1,1,8,44,#Bassianus_Tit,#Aaron_Tit #Bassianus_Tit #Captain_Tit #Chiron_Tit #Demetrius_Tit #Lavinia_Tit #Lucius_Tit #Marcus_Tit #Martius_Tit #Mutius_Tit #Quintus_Tit #ROMANS.0_Tit #ROMANS_Tit #Tamora_Tit #Titus_Tit,9,1
1,1,8,45,#Titus_Tit,#Aaron_Tit #Bassianus_Tit #Captain_Tit #Chiron_Tit #Demetrius_Tit #Lavinia_Tit #Lucius_Tit #Marcus_Tit #Martius_Tit #Mutius_Tit #Quintus_Tit #ROMANS.0_Tit #ROMANS_Tit #Tamora_Tit #Titus_Tit,9,1
1,1,8,46,#Bassianus_Tit,#Aaron_Tit #Bassianus_Tit #Captain_Tit #Chiron_Tit #Demetrius_Tit #Lavinia_Tit #Lucius_Tit #Marcus_Tit #Martius_Tit #Mutius_Tit #Quintus_Tit #ROMANS.0_Tit #ROMANS_Tit #Tamora_Tit #Titus_Tit,14,2
1,1,8,47,#Marcus_Tit,#Aaron_Tit #Bassianus_Tit #Captain_Tit #Chiron_Tit #Demetrius_Tit #Lavinia_Tit #Lucius_Tit #Marcus_Tit #Martius_Tit #Mutius_Tit #Quintus_Tit #ROMANS.0_Tit #ROMANS_Tit #Tamora_Tit #Titus_Tit,14,2
1,1,8,48,#Lucius_Tit,#Aaron_Tit #Bassianus_Tit #Captain_Tit #Chiron_Tit #Demetrius_Tit #Lavinia_Tit #Lucius_Tit #Marcus_Tit #Martius_Tit #Mutius_Tit #Quintus_Tit #ROMANS.0_Tit #ROMANS_Tit #Tamora_Tit #Titus_Tit,9,1
1,1,8,49,#Titus_Tit,#Aaron_Tit #Bassianus_Tit #Captain_Tit #Chiron_Tit #Demetrius_Tit #Lavinia_Tit #Lucius_Tit #Marcus_Tit #Martius_Tit #Mutius_Tit #Quintus_Tit #ROMANS.0_Tit #ROMANS_Tit #Tamora_Tit #Titus_Tit,7,1
1,1,9,50,#Titus_Tit,#Aaron_Tit #Bassianus_Tit #Captain_Tit #Chiron_Tit #Demetrius_Tit #GUARDS_Tit #Lavinia_Tit #Lucius_Tit #Marcus_Tit #Martius_Tit #Mutius_Tit #Quintus_Tit #ROMANS.0_Tit #ROMANS_Tit #Saturninus_Tit #Tamora_Tit #Titus_Tit,6,1
1,1,9,51,#Saturninus_Tit,#Aaron_Tit #Bassianus_Tit #Captain_Tit #Chiron_Tit #Demetrius_Tit #GUARDS_Tit #Lavinia_Tit #Lucius_Tit #Marcus_Tit #Martius_Tit #Mutius_Tit #Quintus_Tit #ROMANS.0_Tit #ROMANS_Tit #Saturninus_Tit #Tamora_Tit #Titus_Tit,3,1
1,1,9,52,#Bassianus_Tit,#Aaron_Tit #Bassianus_Tit #Captain_Tit #Chiron_Tit #Demetrius_Tit #GUARDS_Tit #Lavinia_Tit #Lucius_Tit #Marcus_Tit #Martius_Tit #Mutius_Tit #Quintus_Tit #ROMANS.0_Tit #ROMANS_Tit #Saturninus_Tit #Tamora_Tit #Titus_Tit,13,2
1,1,9,53,#Mutius_Tit,#Aaron_Tit #Bassianus_Tit #Captain_Tit #Chiron_Tit #Demetrius_Tit #GUARDS_Tit #Lavinia_Tit #Lucius_Tit #Marcus_Tit #Martius_Tit #Mutius_Tit #Quintus_Tit #ROMANS.0_Tit #ROMANS_Tit #Saturninus_Tit #Tamora_Tit #Titus_Tit,16,2
1,1,10,54,#Titus_Tit,#Aaron_Tit #Captain_Tit #Chiron_Tit #Demetrius_Tit #GUARDS_Tit #Mutius_Tit #ROMANS.0_Tit #ROMANS_Tit #Saturninus_Tit #Tamora_Tit #Titus_Tit,9,1
1,1,11,55,#Mutius_Tit,#Captain_Tit #Mutius_Tit #ROMANS.0_Tit #ROMANS_Tit #Titus_Tit,6,1
1,1,11,56,#Titus_Tit,#Captain_Tit #Mutius_Tit #ROMANS.0_Tit #ROMANS_Tit #Titus_Tit,9,2
1,1,11,57,#Mutius_Tit,#Captain_Tit #Mutius_Tit #ROMANS.0_Tit #ROMANS_Tit #Titus_Tit,3,1
1,1,12,58,#Lucius_Tit,#Captain_Tit #Lucius_Tit #Mutius_Tit #ROMANS.0_Tit #ROMANS_Tit #Titus_Tit,17,2
1,1,12,59,#Titus_Tit,#Captain_Tit #Lucius_Tit #Mutius_Tit #ROMANS.0_Tit #ROMANS_Tit #Titus_Tit,22,3
1,1,13,60,#Lucius_Tit,#Aaron_Tit #Captain_Tit #Chiron_Tit #Demetrius_Tit #Lucius_Tit #Mutius_Tit #ROMANS.0_Tit #ROMANS_Tit #Saturninus_Tit #Tamora_Tit #Titus_Tit,16,2
1,1,14,61,#Saturninus_Tit,#Aaron_Tit #Captain_Tit #Chiron_Tit #Demetrius_Tit #Mutius_Tit #ROMANS.0_Tit #ROMANS_Tit #Saturninus_Tit #Tamora_Tit #Titus_Tit,70,9
1,1,14,62,#Titus_Tit,#Aaron_Tit #Captain_Tit #Chiron_Tit #Demetrius_Tit #Mutius_Tit #ROMANS.0_Tit #ROMANS_Tit #Saturninus_Tit #Tamora_Tit #Titus_Tit,7,1
1,1,14,63,#Saturninus_Tit,#Aaron_Tit #Captain_Tit #Chiron_Tit #Demetrius_Tit #Mutius_Tit #ROMANS.0_Tit #ROMANS_Tit #Saturninus_Tit #Tamora_Tit #Titus_Tit,39,5
1,1,14,64,#Titus_Tit,#Aaron_Tit #Captain_Tit #Chiron_Tit #Demetrius_Tit #Mutius_Tit #ROMANS.0_Tit #ROMANS_Tit #Saturninus_Tit #Tamora_Tit #Titus_Tit,8,1
1,1,14,65,#Saturninus_Tit,#Aaron_Tit #Captain_Tit #Chiron_Tit #Demetrius_Tit #Mutius_Tit #ROMANS.0_Tit #ROMANS_Tit #Saturninus_Tit #Tamora_Tit #Titus_Tit,109,15
1,1,14,66,#Tamora_Tit,#Aaron_Tit #Captain_Tit #Chiron_Tit #Demetrius_Tit #Mutius_Tit #ROMANS.0_Tit #ROMANS_Tit #Saturninus_Tit #Tamora_Tit #Titus_Tit,33,4
1,1,14,67,#Saturninus_Tit,#Aaron_Tit #Captain_Tit #Chiron_Tit #Demetrius_Tit #Mutius_Tit #ROMANS.0_Tit #ROMANS_Tit #Saturninus_Tit #Tamora_Tit #Titus_Tit,34,5
1,1,15,68,#Titus_Tit,#Mutius_Tit #ROMANS.0_Tit #Titus_Tit,23,3
1,1,16,69,#Marcus_Tit,#Lucius_Tit #Marcus_Tit #Martius_Tit #Mutius_Tit #Quintus_Tit #ROMANS.0_Tit #Titus_Tit,17,2
1,1,16,70,#Titus_Tit,#Lucius_Tit #Marcus_Tit #Martius_Tit #Mutius_Tit #Quintus_Tit #ROMANS.0_Tit #Titus_Tit,27,4
1,1,16,71,#Lucius_Tit,#Lucius_Tit #Marcus_Tit #Martius_Tit #Mutius_Tit #Quintus_Tit #ROMANS.0_Tit #Titus_Tit,14,2
1,1,16,72,#Titus_Tit,#Lucius_Tit #Marcus_Tit #Martius_Tit #Mutius_Tit #Quintus_Tit #ROMANS.0_Tit #Titus_Tit,44,6
1,1,16,73,#Marcus_Tit,#Lucius_Tit #Marcus_Tit #Martius_Tit #Mutius_Tit #Quintus_Tit #ROMANS.0_Tit #Titus_Tit,22,3
1,1,16,74,#Martius_Tit,#Lucius_Tit #Marcus_Tit #Martius_Tit #Mutius_Tit #Quintus_Tit #ROMANS.0_Tit #Titus_Tit,7,1
1,1,16,75,#Titus_Tit,#Lucius_Tit #Marcus_Tit #Martius_Tit #Mutius_Tit #Quintus_Tit #ROMANS.0_Tit #Titus_Tit,9,1
1,1,16,76,#Martius_Tit,#Lucius_Tit #Marcus_Tit #Martius_Tit #Mutius_Tit #Quintus_Tit #ROMANS.0_Tit #Titus_Tit,10,1
1,1,16,77,#Titus_Tit,#Lucius_Tit #Marcus_Tit #Martius_Tit #Mutius_Tit #Quintus_Tit #ROMANS.0_Tit #Titus_Tit,8,1
1,1,16,78,#Marcus_Tit,#Lucius_Tit #Marcus_Tit #Martius_Tit #Mutius_Tit #Quintus_Tit #ROMANS.0_Tit #Titus_Tit,14,2
1,1,16,79,#Titus_Tit,#Lucius_Tit #Marcus_Tit #Martius_Tit #Mutius_Tit #Quintus_Tit #ROMANS.0_Tit #Titus_Tit,34,4
1,1,16,80,#Quintus_Tit,#Lucius_Tit #Marcus_Tit #Martius_Tit #Mutius_Tit #Quintus_Tit #ROMANS.0_Tit #Titus_Tit,8,1
1,1,16,81,#Martius_Tit,#Lucius_Tit #Marcus_Tit #Martius_Tit #Mutius_Tit #Quintus_Tit #ROMANS.0_Tit #Titus_Tit,7,1
1,1,16,82,#Marcus_Tit,#Lucius_Tit #Marcus_Tit #Martius_Tit #Mutius_Tit #Quintus_Tit #ROMANS.0_Tit #Titus_Tit,8,1
1,1,16,83,#Martius_Tit,#Lucius_Tit #Marcus_Tit #Martius_Tit #Mutius_Tit #Quintus_Tit #ROMANS.0_Tit #Titus_Tit,8,1
1,1,16,84,#Titus_Tit,#Lucius_Tit #Marcus_Tit #Martius_Tit #Mutius_Tit #Quintus_Tit #ROMANS.0_Tit #Titus_Tit,10,1
1,1,16,85,#Marcus_Tit,#Lucius_Tit #Marcus_Tit #Martius_Tit #Mutius_Tit #Quintus_Tit #ROMANS.0_Tit #Titus_Tit,7,1
1,1,16,86,#Lucius_Tit,#Lucius_Tit #Marcus_Tit #Martius_Tit #Mutius_Tit #Quintus_Tit #ROMANS.0_Tit #Titus_Tit,8,1
1,1,16,87,#Marcus_Tit,#Lucius_Tit #Marcus_Tit #Martius_Tit #Mutius_Tit #Quintus_Tit #ROMANS.0_Tit #Titus_Tit,61,9
1,1,16,88,#Titus_Tit,#Lucius_Tit #Marcus_Tit #Martius_Tit #Mutius_Tit #Quintus_Tit #ROMANS.0_Tit #Titus_Tit,28,4
1,1,17,89,#Lucius_Tit,#Lucius_Tit #Marcus_Tit #Martius_Tit #Quintus_Tit #ROMANS.0_Tit #Titus_Tit,17,2
1,1,17,90,#Lucius_Tit #Marcus_Tit #Martius_Tit #Quintus_Tit,#Lucius_Tit #Marcus_Tit #Martius_Tit #Quintus_Tit #ROMANS.0_Tit #Titus_Tit,16,2
1,1,18,91,#Marcus_Tit,#Marcus_Tit #ROMANS.0_Tit #Titus_Tit,26,3
1,1,18,92,#Titus_Tit,#Marcus_Tit #ROMANS.0_Tit #Titus_Tit,42,5
1,1,19,93,#Saturninus_Tit,#Aaron_Tit #Bassianus_Tit #Chiron_Tit #Demetrius_Tit #Lavinia_Tit #Lucius_Tit #Marcus_Tit #Martius_Tit #Quintus_Tit #ROMANS.0_Tit #Saturninus_Tit #Tamora_Tit #Titus_Tit,16,2
1,1,19,94,#Bassianus_Tit,#Aaron_Tit #Bassianus_Tit #Chiron_Tit #Demetrius_Tit #Lavinia_Tit #Lucius_Tit #Marcus_Tit #Martius_Tit #Quintus_Tit #ROMANS.0_Tit #Saturninus_Tit #Tamora_Tit #Titus_Tit,20,2
1,1,19,95,#Saturninus_Tit,#Aaron_Tit #Bassianus_Tit #Chiron_Tit #Demetrius_Tit #Lavinia_Tit #Lucius_Tit #Marcus_Tit #Martius_Tit #Quintus_Tit #ROMANS.0_Tit #Saturninus_Tit #Tamora_Tit #Titus_Tit,17,2
1,1,19,96,#Bassianus_Tit,#Aaron_Tit #Bassianus_Tit #Chiron_Tit #Demetrius_Tit #Lavinia_Tit #Lucius_Tit #Marcus_Tit #Martius_Tit #Quintus_Tit #ROMANS.0_Tit #Saturninus_Tit #Tamora_Tit #Titus_Tit,34,4
1,1,19,97,#Saturninus_Tit,#Aaron_Tit #Bassianus_Tit #Chiron_Tit #Demetrius_Tit #Lavinia_Tit #Lucius_Tit #Marcus_Tit #Martius_Tit #Quintus_Tit #ROMANS.0_Tit #Saturninus_Tit #Tamora_Tit #Titus_Tit,19,2
1,1,19,98,#Bassianus_Tit,#Aaron_Tit #Bassianus_Tit #Chiron_Tit #Demetrius_Tit #Lavinia_Tit #Lucius_Tit #Marcus_Tit #Martius_Tit #Quintus_Tit #ROMANS.0_Tit #Saturninus_Tit #Tamora_Tit #Titus_Tit,105,13
1,1,19,99,#Titus_Tit,#Aaron_Tit #Bassianus_Tit #Chiron_Tit #Demetrius_Tit #Lavinia_Tit #Lucius_Tit #Marcus_Tit #Martius_Tit #Quintus_Tit #ROMANS.0_Tit #Saturninus_Tit #Tamora_Tit #Titus_Tit,30,4
1,1,19,100,#Tamora_Tit,#Aaron_Tit #Bassianus_Tit #Chiron_Tit #Demetrius_Tit #Lavinia_Tit #Lucius_Tit #Marcus_Tit #Martius_Tit #Quintus_Tit #ROMANS.0_Tit #Saturninus_Tit #Tamora_Tit #Titus_Tit,30,4
1,1,19,101,#Saturninus_Tit,#Aaron_Tit #Bassianus_Tit #Chiron_Tit #Demetrius_Tit #Lavinia_Tit #Lucius_Tit #Marcus_Tit #Martius_Tit #Quintus_Tit #ROMANS.0_Tit #Saturninus_Tit #Tamora_Tit #Titus_Tit,12,2
1,1,19,102,#Tamora_Tit,#Aaron_Tit #Bassianus_Tit #Chiron_Tit #Demetrius_Tit #Lavinia_Tit #Lucius_Tit #Marcus_Tit #Martius_Tit #Quintus_Tit #ROMANS.0_Tit #Saturninus_Tit #Tamora_Tit #Titus_Tit,197,27
1,1,19,103,#Saturninus_Tit,#Aaron_Tit #Bassianus_Tit #Chiron_Tit #Demetrius_Tit #Lavinia_Tit #Lucius_Tit #Marcus_Tit #Martius_Tit #Quintus_Tit #ROMANS.0_Tit #Saturninus_Tit #Tamora_Tit #Titus_Tit,7,1
1,1,19,104,#Titus_Tit,#Aaron_Tit #Bassianus_Tit #Chiron_Tit #Demetrius_Tit #Lavinia_Tit #Lucius_Tit #Marcus_Tit #Martius_Tit #Quintus_Tit #ROMANS.0_Tit #Saturninus_Tit #Tamora_Tit #Titus_Tit,17,2
1,1,19,105,#Tamora_Tit,#Aaron_Tit #Bassianus_Tit #Chiron_Tit #Demetrius_Tit #Lavinia_Tit #Lucius_Tit #Marcus_Tit #Martius_Tit #Quintus_Tit #ROMANS.0_Tit #Saturninus_Tit #Tamora_Tit #Titus_Tit,86,12
1,1,19,106,#Lucius_Tit,#Aaron_Tit #Bassianus_Tit #Chiron_Tit #Demetrius_Tit #Lavinia_Tit #Lucius_Tit #Marcus_Tit #Martius_Tit #Quintus_Tit #ROMANS.0_Tit #Saturninus_Tit #Tamora_Tit #Titus_Tit,26,3
1,1,19,107,#Marcus_Tit,#Aaron_Tit #Bassianus_Tit #Chiron_Tit #Demetrius_Tit #Lavinia_Tit #Lucius_Tit #Marcus_Tit #Martius_Tit #Quintus_Tit #ROMANS.0_Tit #Saturninus_Tit #Tamora_Tit #Titus_Tit,8,1
1,1,19,108,#Saturninus_Tit,#Aaron_Tit #Bassianus_Tit #Chiron_Tit #Demetrius_Tit #Lavinia_Tit #Lucius_Tit #Marcus_Tit #Martius_Tit #Quintus_Tit #ROMANS.0_Tit #Saturninus_Tit #Tamora_Tit #Titus_Tit,8,1
1,1,19,109,#Tamora_Tit,#Aaron_Tit #Bassianus_Tit #Chiron_Tit #Demetrius_Tit #Lavinia_Tit #Lucius_Tit #Marcus_Tit #Martius_Tit #Quintus_Tit #ROMANS.0_Tit #Saturninus_Tit #Tamora_Tit #Titus_Tit,25,3
1,1,19,110,#Saturninus_Tit,#Aaron_Tit #Bassianus_Tit #Chiron_Tit #Demetrius_Tit #Lavinia_Tit #Lucius_Tit #Marcus_Tit #Martius_Tit #Quintus_Tit #ROMANS.0_Tit #Saturninus_Tit #Tamora_Tit #Titus_Tit,75,10
1,1,19,111,#Titus_Tit,#Aaron_Tit #Bassianus_Tit #Chiron_Tit #Demetrius_Tit #Lavinia_Tit #Lucius_Tit #Marcus_Tit #Martius_Tit #Quintus_Tit #ROMANS.0_Tit #Saturninus_Tit #Tamora_Tit #Titus_Tit,24,3
1,1,19,112,#Saturninus_Tit,#Aaron_Tit #Bassianus_Tit #Chiron_Tit #Demetrius_Tit #Lavinia_Tit #Lucius_Tit #Marcus_Tit #Martius_Tit #Quintus_Tit #ROMANS.0_Tit #Saturninus_Tit #Tamora_Tit #Titus_Tit,7,1
2,1,20,113,#Aaron_Tit,#Aaron_Tit,173,25
2,1,21,114,#Demetrius_Tit,#Aaron_Tit #Chiron_Tit #Demetrius_Tit,25,3
2,1,21,115,#Chiron_Tit,#Aaron_Tit #Chiron_Tit #Demetrius_Tit,65,8
2,1,21,116,#Aaron_Tit,#Aaron_Tit #Chiron_Tit #Demetrius_Tit,9,1
2,1,21,117,#Demetrius_Tit,#Aaron_Tit #Chiron_Tit #Demetrius_Tit,40,5
2,1,21,118,#Chiron_Tit,#Aaron_Tit #Chiron_Tit #Demetrius_Tit,17,2
2,1,21,119,#Demetrius_Tit,#Aaron_Tit #Chiron_Tit #Demetrius_Tit,6,1
2,1,21,120,#Aaron_Tit,#Aaron_Tit #Chiron_Tit #Demetrius_Tit,65,9
2,1,21,121,#Demetrius_Tit,#Aaron_Tit #Chiron_Tit #Demetrius_Tit,28,4
2,1,21,122,#Chiron_Tit,#Aaron_Tit #Chiron_Tit #Demetrius_Tit,22,3
2,1,21,123,#Aaron_Tit,#Aaron_Tit #Chiron_Tit #Demetrius_Tit,75,11
2,1,21,124,#Chiron_Tit,#Aaron_Tit #Chiron_Tit #Demetrius_Tit,18,2
2,1,21,125,#Demetrius_Tit,#Aaron_Tit #Chiron_Tit #Demetrius_Tit,14,2
2,1,21,126,#Aaron_Tit,#Aaron_Tit #Chiron_Tit #Demetrius_Tit,35,5
2,1,21,127,#Chiron_Tit,#Aaron_Tit #Chiron_Tit #Demetrius_Tit,13,2
2,1,21,128,#Aaron_Tit,#Aaron_Tit #Chiron_Tit #Demetrius_Tit,4,1
2,1,21,129,#Demetrius_Tit,#Aaron_Tit #Chiron_Tit #Demetrius_Tit,69,9
2,1,21,130,#Aaron_Tit,#Aaron_Tit #Chiron_Tit #Demetrius_Tit,7,1
2,1,21,131,#Demetrius_Tit,#Aaron_Tit #Chiron_Tit #Demetrius_Tit,33,4
2,1,21,132,#Aaron_Tit,#Aaron_Tit #Chiron_Tit #Demetrius_Tit,13,2
2,1,21,133,#Chiron_Tit,#Aaron_Tit #Chiron_Tit #Demetrius_Tit,6,1
2,1,21,134,#Demetrius_Tit,#Aaron_Tit #Chiron_Tit #Demetrius_Tit,5,1
2,1,21,135,#Aaron_Tit,#Aaron_Tit #Chiron_Tit #Demetrius_Tit,38,5
2,1,21,136,#Chiron_Tit,#Aaron_Tit #Chiron_Tit #Demetrius_Tit,3,1
2,1,21,137,#Demetrius_Tit,#Aaron_Tit #Chiron_Tit #Demetrius_Tit,6,1
2,1,21,138,#Aaron_Tit,#Aaron_Tit #Chiron_Tit #Demetrius_Tit,223,30
2,1,21,139,#Chiron_Tit,#Aaron_Tit #Chiron_Tit #Demetrius_Tit,7,1
2,1,21,140,#Demetrius_Tit,#Aaron_Tit #Chiron_Tit #Demetrius_Tit,24,3
2,2,22,141,#Titus_Tit,#Lucius_Tit #Marcus_Tit #Martius_Tit #Quintus_Tit #Titus_Tit,85,10
2,2,23,142,#Titus_Tit,#ATTENDANTS_Tit #Bassianus_Tit #Chiron_Tit #Demetrius_Tit #Lavinia_Tit #Lucius_Tit #Marcus_Tit #Martius_Tit #Quintus_Tit #Saturninus_Tit #Tamora_Tit #Titus_Tit,21,3
2,2,23,143,#Saturninus_Tit,#ATTENDANTS_Tit #Bassianus_Tit #Chiron_Tit #Demetrius_Tit #Lavinia_Tit #Lucius_Tit #Marcus_Tit #Martius_Tit #Quintus_Tit #Saturninus_Tit #Tamora_Tit #Titus_Tit,14,2
2,2,23,144,#Bassianus_Tit,#ATTENDANTS_Tit #Bassianus_Tit #Chiron_Tit #Demetrius_Tit #Lavinia_Tit #Lucius_Tit #Marcus_Tit #Martius_Tit #Quintus_Tit #Saturninus_Tit #Tamora_Tit #Titus_Tit,4,1
2,2,23,145,#Lavinia_Tit,#ATTENDANTS_Tit #Bassianus_Tit #Chiron_Tit #Demetrius_Tit #Lavinia_Tit #Lucius_Tit #Marcus_Tit #Martius_Tit #Quintus_Tit #Saturninus_Tit #Tamora_Tit #Titus_Tit,12,2
2,2,23,146,#Saturninus_Tit,#ATTENDANTS_Tit #Bassianus_Tit #Chiron_Tit #Demetrius_Tit #Lavinia_Tit #Lucius_Tit #Marcus_Tit #Martius_Tit #Quintus_Tit #Saturninus_Tit #Tamora_Tit #Titus_Tit,21,4
2,2,23,147,#Marcus_Tit,#ATTENDANTS_Tit #Bassianus_Tit #Chiron_Tit #Demetrius_Tit #Lavinia_Tit #Lucius_Tit #Marcus_Tit #Martius_Tit #Quintus_Tit #Saturninus_Tit #Tamora_Tit #Titus_Tit,19,3
2,2,23,148,#Titus_Tit,#ATTENDANTS_Tit #Bassianus_Tit #Chiron_Tit #Demetrius_Tit #Lavinia_Tit #Lucius_Tit #Marcus_Tit #Martius_Tit #Quintus_Tit #Saturninus_Tit #Tamora_Tit #Titus_Tit,18,2
2,2,23,149,#Demetrius_Tit,#ATTENDANTS_Tit #Bassianus_Tit #Chiron_Tit #Demetrius_Tit #Lavinia_Tit #Lucius_Tit #Marcus_Tit #Martius_Tit #Quintus_Tit #Saturninus_Tit #Tamora_Tit #Titus_Tit,18,2
2,3,24,150,#Aaron_Tit,#Aaron_Tit,68,9
2,3,25,151,#Tamora_Tit,#Aaron_Tit #Tamora_Tit,151,20
2,3,25,152,#Aaron_Tit,#Aaron_Tit #Tamora_Tit,153,21
2,3,26,153,#Tamora_Tit,#Aaron_Tit #Bassianus_Tit #Lavinia_Tit #Tamora_Tit,9,1
2,3,26,154,#Aaron_Tit,#Aaron_Tit #Bassianus_Tit #Lavinia_Tit #Tamora_Tit,23,3
2,3,27,155,#Bassianus_Tit,#Bassianus_Tit #Lavinia_Tit #Tamora_Tit,33,5
2,3,27,156,#Tamora_Tit,#Bassianus_Tit #Lavinia_Tit #Tamora_Tit,40,6
2,3,27,157,#Lavinia_Tit,#Bassianus_Tit #Lavinia_Tit #Tamora_Tit,46,6
2,3,27,158,#Bassianus_Tit,#Bassianus_Tit #Lavinia_Tit #Tamora_Tit,52,8
2,3,27,159,#Lavinia_Tit,#Bassianus_Tit #Lavinia_Tit #Tamora_Tit,36,5
2,3,27,160,#Bassianus_Tit,#Bassianus_Tit #Lavinia_Tit #Tamora_Tit,9,1
2,3,27,161,#Lavinia_Tit,#Bassianus_Tit #Lavinia_Tit #Tamora_Tit,16,2
2,3,27,162,#Tamora_Tit,#Bassianus_Tit #Lavinia_Tit #Tamora_Tit,8,1
2,3,28,163,#Demetrius_Tit,#Bassianus_Tit #Chiron_Tit #Demetrius_Tit #Lavinia_Tit #Tamora_Tit,17,2
2,3,28,164,#Tamora_Tit,#Bassianus_Tit #Chiron_Tit #Demetrius_Tit #Lavinia_Tit #Tamora_Tit,193,25
2,3,28,165,#Demetrius_Tit,#Bassianus_Tit #Chiron_Tit #Demetrius_Tit #Lavinia_Tit #Tamora_Tit,9,1
2,3,28,166,#Chiron_Tit,#Bassianus_Tit #Chiron_Tit #Demetrius_Tit #Lavinia_Tit #Tamora_Tit,10,1
2,3,28,167,#Lavinia_Tit,#Bassianus_Tit #Chiron_Tit #Demetrius_Tit #Lavinia_Tit #Tamora_Tit,15,2
2,3,28,168,#Tamora_Tit,#Bassianus_Tit #Chiron_Tit #Demetrius_Tit #Lavinia_Tit #Tamora_Tit,17,2
2,3,28,169,#Demetrius_Tit,#Bassianus_Tit #Chiron_Tit #Demetrius_Tit #Lavinia_Tit #Tamora_Tit,45,6
2,3,28,170,#Chiron_Tit,#Bassianus_Tit #Chiron_Tit #Demetrius_Tit #Lavinia_Tit #Tamora_Tit,27,3
2,3,28,171,#Tamora_Tit,#Bassianus_Tit #Chiron_Tit #Demetrius_Tit #Lavinia_Tit #Tamora_Tit,17,2
2,3,28,172,#Chiron_Tit,#Bassianus_Tit #Chiron_Tit #Demetrius_Tit #Lavinia_Tit #Tamora_Tit,21,3
2,3,28,173,#Lavinia_Tit,#Bassianus_Tit #Chiron_Tit #Demetrius_Tit #Lavinia_Tit #Tamora_Tit,7,1
2,3,28,174,#Tamora_Tit,#Bassianus_Tit #Chiron_Tit #Demetrius_Tit #Lavinia_Tit #Tamora_Tit,9,1
2,3,28,175,#Lavinia_Tit,#Bassianus_Tit #Chiron_Tit #Demetrius_Tit #Lavinia_Tit #Tamora_Tit,9,1
2,3,28,176,#Demetrius_Tit,#Bassianus_Tit #Chiron_Tit #Demetrius_Tit #Lavinia_Tit #Tamora_Tit,25,3
2,3,28,177,#Lavinia_Tit,#Bassianus_Tit #Chiron_Tit #Demetrius_Tit #Lavinia_Tit #Tamora_Tit,52,6
2,3,28,178,#Chiron_Tit,#Bassianus_Tit #Chiron_Tit #Demetrius_Tit #Lavinia_Tit #Tamora_Tit,9,1
2,3,28,179,#Lavinia_Tit,#Bassianus_Tit #Chiron_Tit #Demetrius_Tit #Lavinia_Tit #Tamora_Tit,66,8
2,3,28,180,#Tamora_Tit,#Bassianus_Tit #Chiron_Tit #Demetrius_Tit #Lavinia_Tit #Tamora_Tit,9,1
2,3,28,181,#Lavinia_Tit,#Bassianus_Tit #Chiron_Tit #Demetrius_Tit #Lavinia_Tit #Tamora_Tit,27,3
2,3,28,182,#Tamora_Tit,#Bassianus_Tit #Chiron_Tit #Demetrius_Tit #Lavinia_Tit #Tamora_Tit,54,7
2,3,28,183,#Lavinia_Tit,#Bassianus_Tit #Chiron_Tit #Demetrius_Tit #Lavinia_Tit #Tamora_Tit,34,4
2,3,28,184,#Tamora_Tit,#Bassianus_Tit #Chiron_Tit #Demetrius_Tit #Lavinia_Tit #Tamora_Tit,9,1
2,3,28,185,#Lavinia_Tit,#Bassianus_Tit #Chiron_Tit #Demetrius_Tit #Lavinia_Tit #Tamora_Tit,45,6
2,3,28,186,#Tamora_Tit,#Bassianus_Tit #Chiron_Tit #Demetrius_Tit #Lavinia_Tit #Tamora_Tit,18,2
2,3,28,187,#Demetrius_Tit,#Bassianus_Tit #Chiron_Tit #Demetrius_Tit #Lavinia_Tit #Tamora_Tit,9,1
2,3,28,188,#Lavinia_Tit,#Bassianus_Tit #Chiron_Tit #Demetrius_Tit #Lavinia_Tit #Tamora_Tit,17,3
2,3,28,189,#Chiron_Tit,#Bassianus_Tit #Chiron_Tit #Demetrius_Tit #Lavinia_Tit #Tamora_Tit,20,3
2,3,29,190,#Tamora_Tit,#Bassianus_Tit #Tamora_Tit,41,5
2,3,30,191,#Aaron_Tit,#Aaron_Tit #Bassianus_Tit #Martius_Tit #Quintus_Tit,24,3
2,3,30,192,#Quintus_Tit,#Aaron_Tit #Bassianus_Tit #Martius_Tit #Quintus_Tit,8,1
2,3,30,193,#Martius_Tit,#Aaron_Tit #Bassianus_Tit #Martius_Tit #Quintus_Tit,19,2
2,3,30,194,#Quintus_Tit,#Aaron_Tit #Bassianus_Tit #Martius_Tit #Quintus_Tit,49,6
2,3,30,195,#Martius_Tit,#Aaron_Tit #Bassianus_Tit #Martius_Tit #Quintus_Tit,15,2
2,3,30,196,#Aaron_Tit,#Aaron_Tit #Bassianus_Tit #Martius_Tit #Quintus_Tit,27,3
2,3,31,197,#Martius_Tit,#Bassianus_Tit #Martius_Tit #Quintus_Tit,15,2
2,3,31,198,#Quintus_Tit,#Bassianus_Tit #Martius_Tit #Quintus_Tit,23,3
2,3,31,199,#Martius_Tit,#Bassianus_Tit #Martius_Tit #Quintus_Tit,24,3
2,3,31,200,#Quintus_Tit,#Bassianus_Tit #Martius_Tit #Quintus_Tit,42,5
2,3,31,201,#Martius_Tit,#Bassianus_Tit #Martius_Tit #Quintus_Tit,21,3
2,3,31,202,#Quintus_Tit,#Bassianus_Tit #Martius_Tit #Quintus_Tit,10,1
2,3,31,203,#Martius_Tit,#Bassianus_Tit #Martius_Tit #Quintus_Tit,85,11
2,3,31,204,#Quintus_Tit,#Bassianus_Tit #Martius_Tit #Quintus_Tit,44,5
2,3,31,205,#Martius_Tit,#Bassianus_Tit #Martius_Tit #Quintus_Tit,9,1
2,3,31,206,#Quintus_Tit,#Bassianus_Tit #Martius_Tit #Quintus_Tit,27,3
2,3,32,207,#Saturninus_Tit,#ATTENDANTS_Tit #Aaron_Tit #Bassianus_Tit #Martius_Tit #Quintus_Tit #Saturninus_Tit,34,4
2,3,32,208,#Martius_Tit,#ATTENDANTS_Tit #Aaron_Tit #Bassianus_Tit #Martius_Tit #Quintus_Tit #Saturninus_Tit,19,3
2,3,32,209,#Saturninus_Tit,#ATTENDANTS_Tit #Aaron_Tit #Bassianus_Tit #Martius_Tit #Quintus_Tit #Saturninus_Tit,35,4
2,3,32,210,#Martius_Tit,#ATTENDANTS_Tit #Aaron_Tit #Bassianus_Tit #Martius_Tit #Quintus_Tit #Saturninus_Tit,18,2
2,3,33,211,#Tamora_Tit,#ATTENDANTS_Tit #Aaron_Tit #Bassianus_Tit #Lucius_Tit #Martius_Tit #Quintus_Tit #Saturninus_Tit #Tamora_Tit #Titus_Tit,6,1
2,3,33,212,#Saturninus_Tit,#ATTENDANTS_Tit #Aaron_Tit #Bassianus_Tit #Lucius_Tit #Martius_Tit #Quintus_Tit #Saturninus_Tit #Tamora_Tit #Titus_Tit,7,1
2,3,33,213,#Tamora_Tit,#ATTENDANTS_Tit #Aaron_Tit #Bassianus_Tit #Lucius_Tit #Martius_Tit #Quintus_Tit #Saturninus_Tit #Tamora_Tit #Titus_Tit,5,1
2,3,33,214,#Saturninus_Tit,#ATTENDANTS_Tit #Aaron_Tit #Bassianus_Tit #Lucius_Tit #Martius_Tit #Quintus_Tit #Saturninus_Tit #Tamora_Tit #Titus_Tit,14,2
2,3,33,215,#Tamora_Tit,#ATTENDANTS_Tit #Aaron_Tit #Bassianus_Tit #Lucius_Tit #Martius_Tit #Quintus_Tit #Saturninus_Tit #Tamora_Tit #Titus_Tit,29,4
2,3,33,216,#Saturninus_Tit,#ATTENDANTS_Tit #Aaron_Tit #Bassianus_Tit #Lucius_Tit #Martius_Tit #Quintus_Tit #Saturninus_Tit #Tamora_Tit #Titus_Tit,92,12
2,3,33,217,#Aaron_Tit,#ATTENDANTS_Tit #Aaron_Tit #Bassianus_Tit #Lucius_Tit #Martius_Tit #Quintus_Tit #Saturninus_Tit #Tamora_Tit #Titus_Tit,9,1
2,3,33,218,#Saturninus_Tit,#ATTENDANTS_Tit #Aaron_Tit #Bassianus_Tit #Lucius_Tit #Martius_Tit #Quintus_Tit #Saturninus_Tit #Tamora_Tit #Titus_Tit,40,5
2,3,33,219,#Tamora_Tit,#ATTENDANTS_Tit #Aaron_Tit #Bassianus_Tit #Lucius_Tit #Martius_Tit #Quintus_Tit #Saturninus_Tit #Tamora_Tit #Titus_Tit,14,2
2,3,33,220,#Titus_Tit,#ATTENDANTS_Tit #Aaron_Tit #Bassianus_Tit #Lucius_Tit #Martius_Tit #Quintus_Tit #Saturninus_Tit #Tamora_Tit #Titus_Tit,31,4
2,3,33,221,#Saturninus_Tit,#ATTENDANTS_Tit #Aaron_Tit #Bassianus_Tit #Lucius_Tit #Martius_Tit #Quintus_Tit #Saturninus_Tit #Tamora_Tit #Titus_Tit,17,2
2,3,33,222,#Tamora_Tit,#ATTENDANTS_Tit #Aaron_Tit #Bassianus_Tit #Lucius_Tit #Martius_Tit #Quintus_Tit #Saturninus_Tit #Tamora_Tit #Titus_Tit,6,1
2,3,33,223,#Titus_Tit,#ATTENDANTS_Tit #Aaron_Tit #Bassianus_Tit #Lucius_Tit #Martius_Tit #Quintus_Tit #Saturninus_Tit #Tamora_Tit #Titus_Tit,33,4
2,3,33,224,#Saturninus_Tit,#ATTENDANTS_Tit #Aaron_Tit #Bassianus_Tit #Lucius_Tit #Martius_Tit #Quintus_Tit #Saturninus_Tit #Tamora_Tit #Titus_Tit,44,5
2,3,33,225,#Tamora_Tit,#ATTENDANTS_Tit #Aaron_Tit #Bassianus_Tit #Lucius_Tit #Martius_Tit #Quintus_Tit #Saturninus_Tit #Tamora_Tit #Titus_Tit,15,2
2,3,33,226,#Titus_Tit,#ATTENDANTS_Tit #Aaron_Tit #Bassianus_Tit #Lucius_Tit #Martius_Tit #Quintus_Tit #Saturninus_Tit #Tamora_Tit #Titus_Tit,9,1
2,4,34,227,#Demetrius_Tit,#Chiron_Tit #Demetrius_Tit #Lavinia_Tit,19,2
2,4,34,228,#Chiron_Tit,#Chiron_Tit #Demetrius_Tit #Lavinia_Tit,18,2
2,4,34,229,#Demetrius_Tit,#Chiron_Tit #Demetrius_Tit #Lavinia_Tit,9,1
2,4,34,230,#Chiron_Tit,#Chiron_Tit #Demetrius_Tit #Lavinia_Tit,9,1
2,4,34,231,#Demetrius_Tit,#Chiron_Tit #Demetrius_Tit #Lavinia_Tit,19,2
2,4,34,232,#Chiron_Tit,#Chiron_Tit #Demetrius_Tit #Lavinia_Tit,9,1
2,4,34,233,#Demetrius_Tit,#Chiron_Tit #Demetrius_Tit #Lavinia_Tit,10,1
2,4,35,234,#Marcus_Tit,#Lavinia_Tit #Marcus_Tit,387,47
3,1,36,235,#Titus_Tit,#Martius_Tit #Quintus_Tit #SENATORS_Tit #TRIBUNES_Tit #Titus_Tit,84,11
3,1,37,236,#Titus_Tit,#Titus_Tit,93,11
3,1,38,237,#Titus_Tit,#Lucius_Tit #Titus_Tit,29,4
3,1,38,238,#Lucius_Tit,#Lucius_Tit #Titus_Tit,24,3
3,1,38,239,#Titus_Tit,#Lucius_Tit #Titus_Tit,16,2
3,1,38,240,#Lucius_Tit,#Lucius_Tit #Titus_Tit,8,1
3,1,38,241,#Titus_Tit,#Lucius_Tit #Titus_Tit,133,17
3,1,38,242,#Lucius_Tit,#Lucius_Tit #Titus_Tit,20,3
3,1,38,243,#Titus_Tit,#Lucius_Tit #Titus_Tit,53,7
3,1,39,244,#Marcus_Tit,#Lavinia_Tit #Lucius_Tit #Marcus_Tit #Titus_Tit,23,3
3,1,39,245,#Titus_Tit,#Lavinia_Tit #Lucius_Tit #Marcus_Tit #Titus_Tit,9,1
3,1,39,246,#Marcus_Tit,#Lavinia_Tit #Lucius_Tit #Marcus_Tit #Titus_Tit,4,1
3,1,39,247,#Titus_Tit,#Lavinia_Tit #Lucius_Tit #Marcus_Tit #Titus_Tit,5,1
3,1,39,248,#Lucius_Tit,#Lavinia_Tit #Lucius_Tit #Marcus_Tit #Titus_Tit,6,1
3,1,39,249,#Titus_Tit,#Lavinia_Tit #Lucius_Tit #Marcus_Tit #Titus_Tit,131,16
3,1,39,250,#Lucius_Tit,#Lavinia_Tit #Lucius_Tit #Marcus_Tit #Titus_Tit,7,1
3,1,39,251,#Marcus_Tit,#Lavinia_Tit #Lucius_Tit #Marcus_Tit #Titus_Tit,36,5
3,1,39,252,#Lucius_Tit,#Lavinia_Tit #Lucius_Tit #Marcus_Tit #Titus_Tit,10,1
3,1,39,253,#Marcus_Tit,#Lavinia_Tit #Lucius_Tit #Marcus_Tit #Titus_Tit,23,3
3,1,39,254,#Titus_Tit,#Lavinia_Tit #Lucius_Tit #Marcus_Tit #Titus_Tit,188,23
3,1,39,255,#Marcus_Tit,#Lavinia_Tit #Lucius_Tit #Marcus_Tit #Titus_Tit,14,2
3,1,39,256,#Titus_Tit,#Lavinia_Tit #Lucius_Tit #Marcus_Tit #Titus_Tit,171,20
3,1,39,257,#Lucius_Tit,#Lavinia_Tit #Lucius_Tit #Marcus_Tit #Titus_Tit,17,2
3,1,39,258,#Marcus_Tit,#Lavinia_Tit #Lucius_Tit #Marcus_Tit #Titus_Tit,8,1
3,1,39,259,#Titus_Tit,#Lavinia_Tit #Lucius_Tit #Marcus_Tit #Titus_Tit,25,3
3,1,39,260,#Lucius_Tit,#Lavinia_Tit #Lucius_Tit #Marcus_Tit #Titus_Tit,8,1
3,1,39,261,#Titus_Tit,#Lavinia_Tit #Lucius_Tit #Marcus_Tit #Titus_Tit,59,7
3,1,40,262,#Aaron_Tit,#Aaron_Tit #Lavinia_Tit #Lucius_Tit #Marcus_Tit #Titus_Tit,59,7
3,1,40,263,#Titus_Tit,#Aaron_Tit #Lavinia_Tit #Lucius_Tit #Marcus_Tit #Titus_Tit,41,5
3,1,40,264,#Lucius_Tit,#Aaron_Tit #Lavinia_Tit #Lucius_Tit #Marcus_Tit #Titus_Tit,42,5
3,1,40,265,#Marcus_Tit,#Aaron_Tit #Lavinia_Tit #Lucius_Tit #Marcus_Tit #Titus_Tit,55,7
3,1,40,266,#Aaron_Tit,#Aaron_Tit #Lavinia_Tit #Lucius_Tit #Marcus_Tit #Titus_Tit,16,2
3,1,40,267,#Marcus_Tit,#Aaron_Tit #Lavinia_Tit #Lucius_Tit #Marcus_Tit #Titus_Tit,4,1
3,1,40,268,#Lucius_Tit,#Aaron_Tit #Lavinia_Tit #Lucius_Tit #Marcus_Tit #Titus_Tit,6,1
3,1,40,269,#Titus_Tit,#Aaron_Tit #Lavinia_Tit #Lucius_Tit #Marcus_Tit #Titus_Tit,17,2
3,1,40,270,#Lucius_Tit,#Aaron_Tit #Lavinia_Tit #Lucius_Tit #Marcus_Tit #Titus_Tit,17,2
3,1,40,271,#Marcus_Tit,#Aaron_Tit #Lavinia_Tit #Lucius_Tit #Marcus_Tit #Titus_Tit,17,2
3,1,40,272,#Titus_Tit,#Aaron_Tit #Lavinia_Tit #Lucius_Tit #Marcus_Tit #Titus_Tit,8,1
3,1,40,273,#Lucius_Tit,#Aaron_Tit #Lavinia_Tit #Lucius_Tit #Marcus_Tit #Titus_Tit,6,1
3,1,40,274,#Marcus_Tit,#Aaron_Tit #Lavinia_Tit #Lucius_Tit #Marcus_Tit #Titus_Tit,6,1
3,1,41,275,#Titus_Tit,#Aaron_Tit #Lavinia_Tit #Titus_Tit,17,2
3,1,41,276,#Aaron_Tit,#Aaron_Tit #Lavinia_Tit #Titus_Tit,33,4
3,1,42,277,#Titus_Tit,#Aaron_Tit #Lavinia_Tit #Lucius_Tit #Marcus_Tit #Titus_Tit,65,8
3,1,42,278,#Aaron_Tit,#Aaron_Tit #Lavinia_Tit #Lucius_Tit #Marcus_Tit #Titus_Tit,53,6
3,1,43,279,#Titus_Tit,#Lavinia_Tit #Lucius_Tit #Marcus_Tit #Titus_Tit,71,10
3,1,43,280,#Marcus_Tit,#Lavinia_Tit #Lucius_Tit #Marcus_Tit #Titus_Tit,13,2
3,1,43,281,#Titus_Tit,#Lavinia_Tit #Lucius_Tit #Marcus_Tit #Titus_Tit,15,2
3,1,43,282,#Marcus_Tit,#Lavinia_Tit #Lucius_Tit #Marcus_Tit #Titus_Tit,7,1
3,1,43,283,#Titus_Tit,#Lavinia_Tit #Lucius_Tit #Marcus_Tit #Titus_Tit,123,15
3,1,44,284,#Messenger_Tit,#Lavinia_Tit #Lucius_Tit #Marcus_Tit #Messenger_Tit #Titus_Tit,56,7
3,1,45,285,#Marcus_Tit,#Lavinia_Tit #Lucius_Tit #Marcus_Tit #Titus_Tit,39,5
3,1,45,286,#Lucius_Tit,#Lavinia_Tit #Lucius_Tit #Marcus_Tit #Titus_Tit,35,4
3,1,45,287,#Marcus_Tit,#Lavinia_Tit #Lucius_Tit #Marcus_Tit #Titus_Tit,14,2
3,1,45,288,#Titus_Tit,#Lavinia_Tit #Lucius_Tit #Marcus_Tit #Titus_Tit,8,1
3,1,45,289,#Marcus_Tit,#Lavinia_Tit #Lucius_Tit #Marcus_Tit #Titus_Tit,89,11
3,1,45,290,#Titus_Tit,#Lavinia_Tit #Lucius_Tit #Marcus_Tit #Titus_Tit,3,1
3,1,45,291,#Marcus_Tit,#Lavinia_Tit #Lucius_Tit #Marcus_Tit #Titus_Tit,10,1
3,1,45,292,#Titus_Tit,#Lavinia_Tit #Lucius_Tit #Marcus_Tit #Titus_Tit,189,23
3,1,46,293,#Lucius_Tit,#Lucius_Tit,96,13
3,2,47,294,#Titus_Tit,#Lavinia_Tit #Marcus_Tit #SERVANTS_Tit #Titus_Tit #YoungLucius_Tit,164,20
3,2,47,295,#Marcus_Tit,#Lavinia_Tit #Marcus_Tit #SERVANTS_Tit #Titus_Tit #YoungLucius_Tit,16,2
3,2,47,296,#Titus_Tit,#Lavinia_Tit #Marcus_Tit #SERVANTS_Tit #Titus_Tit #YoungLucius_Tit,196,23
3,2,47,297,#YoungLucius_Tit,#Lavinia_Tit #Marcus_Tit #SERVANTS_Tit #Titus_Tit #YoungLucius_Tit,15,2
3,2,47,298,#Marcus_Tit,#Lavinia_Tit #Marcus_Tit #SERVANTS_Tit #Titus_Tit #YoungLucius_Tit,14,2
3,2,47,299,#Titus_Tit,#Lavinia_Tit #Marcus_Tit #SERVANTS_Tit #Titus_Tit #YoungLucius_Tit,25,3
3,2,47,300,#Marcus_Tit,#Lavinia_Tit #Marcus_Tit #SERVANTS_Tit #Titus_Tit #YoungLucius_Tit,10,1
3,2,47,301,#Titus_Tit,#Lavinia_Tit #Marcus_Tit #SERVANTS_Tit #Titus_Tit #YoungLucius_Tit,39,5
3,2,47,302,#Marcus_Tit,#Lavinia_Tit #Marcus_Tit #SERVANTS_Tit #Titus_Tit #YoungLucius_Tit,9,1
3,2,47,303,#Titus_Tit,#Lavinia_Tit #Marcus_Tit #SERVANTS_Tit #Titus_Tit #YoungLucius_Tit,45,7
3,2,47,304,#Marcus_Tit,#Lavinia_Tit #Marcus_Tit #SERVANTS_Tit #Titus_Tit #YoungLucius_Tit,18,2
3,2,47,305,#Titus_Tit,#Lavinia_Tit #Marcus_Tit #SERVANTS_Tit #Titus_Tit #YoungLucius_Tit,74,11
3,2,47,306,#Marcus_Tit,#Lavinia_Tit #Marcus_Tit #SERVANTS_Tit #Titus_Tit #YoungLucius_Tit,16,2
3,2,47,307,#Titus_Tit,#Lavinia_Tit #Marcus_Tit #SERVANTS_Tit #Titus_Tit #YoungLucius_Tit,43,5
4,1,48,308,#YoungLucius_Tit,#Lavinia_Tit #Marcus_Tit #Titus_Tit #YoungLucius_Tit,30,4
4,1,48,309,#Marcus_Tit,#Lavinia_Tit #Marcus_Tit #Titus_Tit #YoungLucius_Tit,9,1
4,1,48,310,#Titus_Tit,#Lavinia_Tit #Marcus_Tit #Titus_Tit #YoungLucius_Tit,10,1
4,1,48,311,#YoungLucius_Tit,#Lavinia_Tit #Marcus_Tit #Titus_Tit #YoungLucius_Tit,9,1
4,1,48,312,#Marcus_Tit,#Lavinia_Tit #Marcus_Tit #Titus_Tit #YoungLucius_Tit,8,1
4,1,48,313,#Titus_Tit,#Lavinia_Tit #Marcus_Tit #Titus_Tit #YoungLucius_Tit,47,6
4,1,48,314,#Marcus_Tit,#Lavinia_Tit #Marcus_Tit #Titus_Tit #YoungLucius_Tit,9,1
4,1,48,315,#YoungLucius_Tit,#Lavinia_Tit #Marcus_Tit #Titus_Tit #YoungLucius_Tit,108,13
4,1,48,316,#Marcus_Tit,#Lavinia_Tit #Marcus_Tit #Titus_Tit #YoungLucius_Tit,3,1
4,1,48,317,#Titus_Tit,#Lavinia_Tit #Marcus_Tit #Titus_Tit #YoungLucius_Tit,65,9
4,1,48,318,#Marcus_Tit,#Lavinia_Tit #Marcus_Tit #Titus_Tit #YoungLucius_Tit,27,3
4,1,48,319,#Titus_Tit,#Lavinia_Tit #Marcus_Tit #Titus_Tit #YoungLucius_Tit,8,1
4,1,48,320,#YoungLucius_Tit,#Lavinia_Tit #Marcus_Tit #Titus_Tit #YoungLucius_Tit,9,2
4,1,48,321,#Marcus_Tit,#Lavinia_Tit #Marcus_Tit #Titus_Tit #YoungLucius_Tit,14,2
4,1,48,322,#Titus_Tit,#Lavinia_Tit #Marcus_Tit #Titus_Tit #YoungLucius_Tit,41,5
4,1,48,323,#Marcus_Tit,#Lavinia_Tit #Marcus_Tit #Titus_Tit #YoungLucius_Tit,9,1
4,1,48,324,#Titus_Tit,#Lavinia_Tit #Marcus_Tit #Titus_Tit #YoungLucius_Tit,55,7
4,1,48,325,#Marcus_Tit,#Lavinia_Tit #Marcus_Tit #Titus_Tit #YoungLucius_Tit,15,2
4,1,48,326,#Titus_Tit,#Lavinia_Tit #Marcus_Tit #Titus_Tit #YoungLucius_Tit,35,4
4,1,48,327,#Marcus_Tit,#Lavinia_Tit #Marcus_Tit #Titus_Tit #YoungLucius_Tit,108,13
4,1,48,328,#Titus_Tit,#Lavinia_Tit #Marcus_Tit #Titus_Tit #YoungLucius_Tit,3,1
4,1,48,329,#Marcus_Tit,#Lavinia_Tit #Marcus_Tit #Titus_Tit #YoungLucius_Tit,13,2
4,1,48,330,#Titus_Tit,#Lavinia_Tit #Marcus_Tit #Titus_Tit #YoungLucius_Tit,10,2
4,1,48,331,#Marcus_Tit,#Lavinia_Tit #Marcus_Tit #Titus_Tit #YoungLucius_Tit,92,12
4,1,48,332,#Titus_Tit,#Lavinia_Tit #Marcus_Tit #Titus_Tit #YoungLucius_Tit,105,12
4,1,48,333,#YoungLucius_Tit,#Lavinia_Tit #Marcus_Tit #Titus_Tit #YoungLucius_Tit,26,3
4,1,48,334,#Marcus_Tit,#Lavinia_Tit #Marcus_Tit #Titus_Tit #YoungLucius_Tit,16,2
4,1,48,335,#YoungLucius_Tit,#Lavinia_Tit #Marcus_Tit #Titus_Tit #YoungLucius_Tit,9,1
4,1,48,336,#Titus_Tit,#Lavinia_Tit #Marcus_Tit #Titus_Tit #YoungLucius_Tit,41,5
4,1,48,337,#YoungLucius_Tit,#Lavinia_Tit #Marcus_Tit #Titus_Tit #YoungLucius_Tit,8,1
4,1,48,338,#Titus_Tit,#Lavinia_Tit #Marcus_Tit #Titus_Tit #YoungLucius_Tit,35,4
4,1,49,339,#Marcus_Tit,#Marcus_Tit,53,7
4,2,50,340,#Chiron_Tit,#Aaron_Tit #Chiron_Tit #Demetrius_Tit #SERVANTS_Tit #YoungLucius_Tit,13,2
4,2,50,341,#Aaron_Tit,#Aaron_Tit #Chiron_Tit #Demetrius_Tit #SERVANTS_Tit #YoungLucius_Tit,8,1
4,2,50,342,#YoungLucius_Tit,#Aaron_Tit #Chiron_Tit #Demetrius_Tit #SERVANTS_Tit #YoungLucius_Tit,22,3
4,2,50,343,#Demetrius_Tit,#Aaron_Tit #Chiron_Tit #Demetrius_Tit #SERVANTS_Tit #YoungLucius_Tit,6,1
4,2,50,344,#YoungLucius_Tit,#Aaron_Tit #Chiron_Tit #Demetrius_Tit #SERVANTS_Tit #YoungLucius_Tit,78,10
4,2,51,345,#Demetrius_Tit,#Aaron_Tit #Chiron_Tit #Demetrius_Tit,20,4
4,2,51,346,#Chiron_Tit,#Aaron_Tit #Chiron_Tit #Demetrius_Tit,18,2
4,2,51,347,#Aaron_Tit,#Aaron_Tit #Chiron_Tit #Demetrius_Tit,109,14
4,2,51,348,#Demetrius_Tit,#Aaron_Tit #Chiron_Tit #Demetrius_Tit,16,2
4,2,51,349,#Aaron_Tit,#Aaron_Tit #Chiron_Tit #Demetrius_Tit,14,2
4,2,51,350,#Demetrius_Tit,#Aaron_Tit #Chiron_Tit #Demetrius_Tit,18,2
4,2,51,351,#Chiron_Tit,#Aaron_Tit #Chiron_Tit #Demetrius_Tit,7,1
4,2,51,352,#Aaron_Tit,#Aaron_Tit #Chiron_Tit #Demetrius_Tit,9,1
4,2,51,353,#Chiron_Tit,#Aaron_Tit #Chiron_Tit #Demetrius_Tit,8,1
4,2,51,354,#Demetrius_Tit,#Aaron_Tit #Chiron_Tit #Demetrius_Tit,17,2
4,2,51,355,#Aaron_Tit,#Aaron_Tit #Chiron_Tit #Demetrius_Tit,10,1
4,2,51,356,#Demetrius_Tit,#Aaron_Tit #Chiron_Tit #Demetrius_Tit,7,1
4,2,51,357,#Chiron_Tit,#Aaron_Tit #Chiron_Tit #Demetrius_Tit,8,1
4,2,51,358,#Demetrius_Tit,#Aaron_Tit #Chiron_Tit #Demetrius_Tit,4,1
4,2,52,359,#Nurse_Tit,#Aaron_Tit #Chiron_Tit #Demetrius_Tit #Infant_Tit #Nurse_Tit,12,2
4,2,52,360,#Aaron_Tit,#Aaron_Tit #Chiron_Tit #Demetrius_Tit #Infant_Tit #Nurse_Tit,18,2
4,2,52,361,#Nurse_Tit,#Aaron_Tit #Chiron_Tit #Demetrius_Tit #Infant_Tit #Nurse_Tit,14,2
4,2,52,362,#Aaron_Tit,#Aaron_Tit #Chiron_Tit #Demetrius_Tit #Infant_Tit #Nurse_Tit,16,2
4,2,52,363,#Nurse_Tit,#Aaron_Tit #Chiron_Tit #Demetrius_Tit #Infant_Tit #Nurse_Tit,23,3
4,2,52,364,#Aaron_Tit,#Aaron_Tit #Chiron_Tit #Demetrius_Tit #Infant_Tit #Nurse_Tit,2,1
4,2,52,365,#Nurse_Tit,#Aaron_Tit #Chiron_Tit #Demetrius_Tit #Infant_Tit #Nurse_Tit,6,1
4,2,52,366,#Aaron_Tit,#Aaron_Tit #Chiron_Tit #Demetrius_Tit #Infant_Tit #Nurse_Tit,11,1
4,2,52,367,#Nurse_Tit,#Aaron_Tit #Chiron_Tit #Demetrius_Tit #Infant_Tit #Nurse_Tit,2,1
4,2,52,368,#Aaron_Tit,#Aaron_Tit #Chiron_Tit #Demetrius_Tit #Infant_Tit #Nurse_Tit,10,1
4,2,52,369,#Nurse_Tit,#Aaron_Tit #Chiron_Tit #Demetrius_Tit #Infant_Tit #Nurse_Tit,41,5
4,2,52,370,#Aaron_Tit,#Aaron_Tit #Chiron_Tit #Demetrius_Tit #Infant_Tit #Nurse_Tit,17,3
4,2,52,371,#Demetrius_Tit,#Aaron_Tit #Chiron_Tit #Demetrius_Tit #Infant_Tit #Nurse_Tit,5,1
4,2,52,372,#Aaron_Tit,#Aaron_Tit #Chiron_Tit #Demetrius_Tit #Infant_Tit #Nurse_Tit,6,1
4,2,52,373,#Chiron_Tit,#Aaron_Tit #Chiron_Tit #Demetrius_Tit #Infant_Tit #Nurse_Tit,5,1
4,2,52,374,#Aaron_Tit,#Aaron_Tit #Chiron_Tit #Demetrius_Tit #Infant_Tit #Nurse_Tit,6,1
4,2,52,375,#Demetrius_Tit,#Aaron_Tit #Chiron_Tit #Demetrius_Tit #Infant_Tit #Nurse_Tit,25,3
4,2,52,376,#Chiron_Tit,#Aaron_Tit #Chiron_Tit #Demetrius_Tit #Infant_Tit #Nurse_Tit,4,1
4,2,52,377,#Aaron_Tit,#Aaron_Tit #Chiron_Tit #Demetrius_Tit #Infant_Tit #Nurse_Tit,4,1
4,2,52,378,#Nurse_Tit,#Aaron_Tit #Chiron_Tit #Demetrius_Tit #Infant_Tit #Nurse_Tit,8,1
4,2,52,379,#Aaron_Tit,#Aaron_Tit #Chiron_Tit #Demetrius_Tit #Infant_Tit #Nurse_Tit,17,2
4,2,52,380,#Demetrius_Tit,#Aaron_Tit #Chiron_Tit #Demetrius_Tit #Infant_Tit #Nurse_Tit,18,2
4,2,52,381,#Aaron_Tit,#Aaron_Tit #Chiron_Tit #Demetrius_Tit #Infant_Tit #Nurse_Tit,148,19
4,2,52,382,#Demetrius_Tit,#Aaron_Tit #Chiron_Tit #Demetrius_Tit #Infant_Tit #Nurse_Tit,7,1
4,2,52,383,#Aaron_Tit,#Aaron_Tit #Chiron_Tit #Demetrius_Tit #Infant_Tit #Nurse_Tit,42,5
4,2,52,384,#Demetrius_Tit,#Aaron_Tit #Chiron_Tit #Demetrius_Tit #Infant_Tit #Nurse_Tit,7,1
4,2,52,385,#Chiron_Tit,#Aaron_Tit #Chiron_Tit #Demetrius_Tit #Infant_Tit #Nurse_Tit,8,1
4,2,52,386,#Nurse_Tit,#Aaron_Tit #Chiron_Tit #Demetrius_Tit #Infant_Tit #Nurse_Tit,9,1
4,2,52,387,#Chiron_Tit,#Aaron_Tit #Chiron_Tit #Demetrius_Tit #Infant_Tit #Nurse_Tit,7,1
4,2,52,388,#Aaron_Tit,#Aaron_Tit #Chiron_Tit #Demetrius_Tit #Infant_Tit #Nurse_Tit,99,12
4,2,52,389,#Nurse_Tit,#Aaron_Tit #Chiron_Tit #Demetrius_Tit #Infant_Tit #Nurse_Tit,8,1
4,2,52,390,#Demetrius_Tit,#Aaron_Tit #Chiron_Tit #Demetrius_Tit #Infant_Tit #Nurse_Tit,26,3
4,2,52,391,#Aaron_Tit,#Aaron_Tit #Chiron_Tit #Demetrius_Tit #Infant_Tit #Nurse_Tit,28,3
4,2,52,392,#Demetrius_Tit,#Aaron_Tit #Chiron_Tit #Demetrius_Tit #Infant_Tit #Nurse_Tit,8,1
4,2,52,393,#Aaron_Tit,#Aaron_Tit #Chiron_Tit #Demetrius_Tit #Infant_Tit #Nurse_Tit,41,6
4,2,52,394,#Nurse_Tit,#Aaron_Tit #Chiron_Tit #Demetrius_Tit #Infant_Tit #Nurse_Tit,13,2
4,2,52,395,#Aaron_Tit,#Aaron_Tit #Chiron_Tit #Demetrius_Tit #Infant_Tit #Nurse_Tit,33,4
4,2,52,396,#Demetrius_Tit,#Aaron_Tit #Chiron_Tit #Demetrius_Tit #Infant_Tit #Nurse_Tit,8,1
4,2,52,397,#Aaron_Tit,#Aaron_Tit #Chiron_Tit #Demetrius_Tit #Infant_Tit #Nurse_Tit,173,21
4,2,52,398,#Chiron_Tit,#Aaron_Tit #Chiron_Tit #Demetrius_Tit #Infant_Tit #Nurse_Tit,11,2
4,2,52,399,#Demetrius_Tit,#Aaron_Tit #Chiron_Tit #Demetrius_Tit #Infant_Tit #Nurse_Tit,13,2
4,2,53,400,#Aaron_Tit,#Aaron_Tit #Infant_Tit,79,9
4,3,54,401,#Titus_Tit,#Caius_Tit #Marcus_Tit #Publius_Tit #Sempronius_Tit #Titus_Tit #YoungLucius_Tit,185,24
4,3,54,402,#Marcus_Tit,#Caius_Tit #Marcus_Tit #Publius_Tit #Sempronius_Tit #Titus_Tit #YoungLucius_Tit,15,2
4,3,54,403,#Publius_Tit,#Caius_Tit #Marcus_Tit #Publius_Tit #Sempronius_Tit #Titus_Tit #YoungLucius_Tit,29,4
4,3,54,404,#Marcus_Tit,#Caius_Tit #Marcus_Tit #Publius_Tit #Sempronius_Tit #Titus_Tit #YoungLucius_Tit,28,5
4,3,54,405,#Titus_Tit,#Caius_Tit #Marcus_Tit #Publius_Tit #Sempronius_Tit #Titus_Tit #YoungLucius_Tit,13,2
4,3,54,406,#Publius_Tit,#Caius_Tit #Marcus_Tit #Publius_Tit #Sempronius_Tit #Titus_Tit #YoungLucius_Tit,43,5
4,3,54,407,#Titus_Tit,#Caius_Tit #Marcus_Tit #Publius_Tit #Sempronius_Tit #Titus_Tit #YoungLucius_Tit,152,20
4,3,54,408,#Marcus_Tit,#Caius_Tit #Marcus_Tit #Publius_Tit #Sempronius_Tit #Titus_Tit #YoungLucius_Tit,16,2
4,3,54,409,#Titus_Tit,#Caius_Tit #Marcus_Tit #Publius_Tit #Sempronius_Tit #Titus_Tit #YoungLucius_Tit,15,3
4,3,54,410,#Marcus_Tit,#Caius_Tit #Marcus_Tit #Publius_Tit #Sempronius_Tit #Titus_Tit #YoungLucius_Tit,16,2
4,3,54,411,#Titus_Tit,#Caius_Tit #Marcus_Tit #Publius_Tit #Sempronius_Tit #Titus_Tit #YoungLucius_Tit,18,2
4,3,54,412,#Marcus_Tit,#Caius_Tit #Marcus_Tit #Publius_Tit #Sempronius_Tit #Titus_Tit #YoungLucius_Tit,56,6
4,3,54,413,#Titus_Tit,#Caius_Tit #Marcus_Tit #Publius_Tit #Sempronius_Tit #Titus_Tit #YoungLucius_Tit,9,1
4,3,55,414,#Titus_Tit,#Caius_Tit #CountryFellow_Tit #Marcus_Tit #Publius_Tit #Sempronius_Tit #Titus_Tit #YoungLucius_Tit,23,4
4,3,55,415,#CountryFellow_Tit,#Caius_Tit #CountryFellow_Tit #Marcus_Tit #Publius_Tit #Sempronius_Tit #Titus_Tit #YoungLucius_Tit,23,3
4,3,55,416,#Titus_Tit,#Caius_Tit #CountryFellow_Tit #Marcus_Tit #Publius_Tit #Sempronius_Tit #Titus_Tit #YoungLucius_Tit,7,1
4,3,55,417,#CountryFellow_Tit,#Caius_Tit #CountryFellow_Tit #Marcus_Tit #Publius_Tit #Sempronius_Tit #Titus_Tit #YoungLucius_Tit,15,2
4,3,55,418,#Titus_Tit,#Caius_Tit #CountryFellow_Tit #Marcus_Tit #Publius_Tit #Sempronius_Tit #Titus_Tit #YoungLucius_Tit,7,1
4,3,55,419,#CountryFellow_Tit,#Caius_Tit #CountryFellow_Tit #Marcus_Tit #Publius_Tit #Sempronius_Tit #Titus_Tit #YoungLucius_Tit,7,1
4,3,55,420,#Titus_Tit,#Caius_Tit #CountryFellow_Tit #Marcus_Tit #Publius_Tit #Sempronius_Tit #Titus_Tit #YoungLucius_Tit,7,1
4,3,55,421,#CountryFellow_Tit,#Caius_Tit #CountryFellow_Tit #Marcus_Tit #Publius_Tit #Sempronius_Tit #Titus_Tit #YoungLucius_Tit,50,6
4,3,55,422,#Marcus_Tit,#Caius_Tit #CountryFellow_Tit #Marcus_Tit #Publius_Tit #Sempronius_Tit #Titus_Tit #YoungLucius_Tit,25,3
4,3,55,423,#Titus_Tit,#Caius_Tit #CountryFellow_Tit #Marcus_Tit #Publius_Tit #Sempronius_Tit #Titus_Tit #YoungLucius_Tit,13,2
4,3,55,424,#CountryFellow_Tit,#Caius_Tit #CountryFellow_Tit #Marcus_Tit #Publius_Tit #Sempronius_Tit #Titus_Tit #YoungLucius_Tit,12,2
4,3,55,425,#Titus_Tit,#Caius_Tit #CountryFellow_Tit #Marcus_Tit #Publius_Tit #Sempronius_Tit #Titus_Tit #YoungLucius_Tit,46,6
4,3,55,426,#CountryFellow_Tit,#Caius_Tit #CountryFellow_Tit #Marcus_Tit #Publius_Tit #Sempronius_Tit #Titus_Tit #YoungLucius_Tit,2,1
4,3,55,427,#Titus_Tit,#Caius_Tit #CountryFellow_Tit #Marcus_Tit #Publius_Tit #Sempronius_Tit #Titus_Tit #YoungLucius_Tit,45,5
4,3,55,428,#CountryFellow_Tit,#Caius_Tit #CountryFellow_Tit #Marcus_Tit #Publius_Tit #Sempronius_Tit #Titus_Tit #YoungLucius_Tit,7,1
4,3,55,429,#Titus_Tit,#Caius_Tit #CountryFellow_Tit #Marcus_Tit #Publius_Tit #Sempronius_Tit #Titus_Tit #YoungLucius_Tit,45,5
4,3,55,430,#CountryFellow_Tit,#Caius_Tit #CountryFellow_Tit #Marcus_Tit #Publius_Tit #Sempronius_Tit #Titus_Tit #YoungLucius_Tit,7,1
4,3,56,431,#Titus_Tit,#Caius_Tit #Marcus_Tit #Publius_Tit #Sempronius_Tit #Titus_Tit #YoungLucius_Tit,8,1
4,4,57,432,#Saturninus_Tit,#ATTENDANTS_Tit #Chiron_Tit #Demetrius_Tit #Saturninus_Tit #Tamora_Tit,199,26
4,4,57,433,#Tamora_Tit,#ATTENDANTS_Tit #Chiron_Tit #Demetrius_Tit #Saturninus_Tit #Tamora_Tit,94,14
4,4,58,434,#Tamora_Tit,#ATTENDANTS_Tit #Chiron_Tit #CountryFellow_Tit #Demetrius_Tit #Saturninus_Tit #Tamora_Tit,9,1
4,4,58,435,#CountryFellow_Tit,#ATTENDANTS_Tit #Chiron_Tit #CountryFellow_Tit #Demetrius_Tit #Saturninus_Tit #Tamora_Tit,7,2
4,4,58,436,#Tamora_Tit,#ATTENDANTS_Tit #Chiron_Tit #CountryFellow_Tit #Demetrius_Tit #Saturninus_Tit #Tamora_Tit,8,1
4,4,58,437,#CountryFellow_Tit,#ATTENDANTS_Tit #Chiron_Tit #CountryFellow_Tit #Demetrius_Tit #Saturninus_Tit #Tamora_Tit,22,3
4,4,58,438,#Saturninus_Tit,#ATTENDANTS_Tit #Chiron_Tit #CountryFellow_Tit #Demetrius_Tit #Saturninus_Tit #Tamora_Tit,8,1
4,4,58,439,#CountryFellow_Tit,#ATTENDANTS_Tit #Chiron_Tit #CountryFellow_Tit #Demetrius_Tit #Saturninus_Tit #Tamora_Tit,6,1
4,4,58,440,#Tamora_Tit,#ATTENDANTS_Tit #Chiron_Tit #CountryFellow_Tit #Demetrius_Tit #Saturninus_Tit #Tamora_Tit,6,1
4,4,58,441,#CountryFellow_Tit,#ATTENDANTS_Tit #Chiron_Tit #CountryFellow_Tit #Demetrius_Tit #Saturninus_Tit #Tamora_Tit,15,2
4,4,59,442,#Saturninus_Tit,#ATTENDANTS_Tit #Chiron_Tit #Demetrius_Tit #Saturninus_Tit #Tamora_Tit,83,11
4,4,60,443,#Saturninus_Tit,#ATTENDANTS_Tit #Aemilius_Tit #Chiron_Tit #Demetrius_Tit #Saturninus_Tit #Tamora_Tit,5,1
4,4,60,444,#Aemilius_Tit,#ATTENDANTS_Tit #Aemilius_Tit #Chiron_Tit #Demetrius_Tit #Saturninus_Tit #Tamora_Tit,51,7
4,4,60,445,#Saturninus_Tit,#ATTENDANTS_Tit #Aemilius_Tit #Chiron_Tit #Demetrius_Tit #Saturninus_Tit #Tamora_Tit,69,9
4,4,60,446,#Tamora_Tit,#ATTENDANTS_Tit #Aemilius_Tit #Chiron_Tit #Demetrius_Tit #Saturninus_Tit #Tamora_Tit,9,1
4,4,60,447,#Saturninus_Tit,#ATTENDANTS_Tit #Aemilius_Tit #Chiron_Tit #Demetrius_Tit #Saturninus_Tit #Tamora_Tit,14,2
4,4,60,448,#Tamora_Tit,#ATTENDANTS_Tit #Aemilius_Tit #Chiron_Tit #Demetrius_Tit #Saturninus_Tit #Tamora_Tit,101,13
4,4,60,449,#Saturninus_Tit,#ATTENDANTS_Tit #Aemilius_Tit #Chiron_Tit #Demetrius_Tit #Saturninus_Tit #Tamora_Tit,9,1
4,4,60,450,#Tamora_Tit,#ATTENDANTS_Tit #Aemilius_Tit #Chiron_Tit #Demetrius_Tit #Saturninus_Tit #Tamora_Tit,67,9
4,4,60,451,#Saturninus_Tit,#ATTENDANTS_Tit #Aemilius_Tit #Chiron_Tit #Demetrius_Tit #Saturninus_Tit #Tamora_Tit,23,3
4,4,60,452,#Aemilius_Tit,#ATTENDANTS_Tit #Aemilius_Tit #Chiron_Tit #Demetrius_Tit #Saturninus_Tit #Tamora_Tit,6,1
4,4,61,453,#Tamora_Tit,#ATTENDANTS_Tit #Chiron_Tit #Demetrius_Tit #Saturninus_Tit #Tamora_Tit,39,5
4,4,61,454,#Saturninus_Tit,#ATTENDANTS_Tit #Chiron_Tit #Demetrius_Tit #Saturninus_Tit #Tamora_Tit,7,1
5,1,62,455,#Lucius_Tit,#GOTHS_Tit #Lucius_Tit,56,8
5,1,63,456,#GOTHS.0.1_Tit,#GOTHS.0.1_Tit #GOTHS_Tit #Lucius_Tit,58,8
5,1,63,457,#GOTHS_Tit,#GOTHS.0.1_Tit #GOTHS_Tit #Lucius_Tit,10,1
5,1,63,458,#Lucius_Tit,#GOTHS.0.1_Tit #GOTHS_Tit #Lucius_Tit,18,2
5,1,64,459,#GOTHS.0.2_Tit,#Aaron_Tit #GOTHS.0.1_Tit #GOTHS.0.2_Tit #GOTHS_Tit #Infant_Tit #Lucius_Tit,160,20
5,1,64,460,#Lucius_Tit,#Aaron_Tit #GOTHS.0.1_Tit #GOTHS.0.2_Tit #GOTHS_Tit #Infant_Tit #Lucius_Tit,72,9
5,1,64,461,#Aaron_Tit,#Aaron_Tit #GOTHS.0.1_Tit #GOTHS.0.2_Tit #GOTHS_Tit #Infant_Tit #Lucius_Tit,9,1
5,1,64,462,#Lucius_Tit,#Aaron_Tit #GOTHS.0.1_Tit #GOTHS.0.2_Tit #GOTHS_Tit #Infant_Tit #Lucius_Tit,30,4
5,1,64,463,#Aaron_Tit,#Aaron_Tit #GOTHS.0.1_Tit #GOTHS.0.2_Tit #GOTHS_Tit #Infant_Tit #Lucius_Tit,45,6
5,1,64,464,#Lucius_Tit,#Aaron_Tit #GOTHS.0.1_Tit #GOTHS.0.2_Tit #GOTHS_Tit #Infant_Tit #Lucius_Tit,20,2
5,1,64,465,#Aaron_Tit,#Aaron_Tit #GOTHS.0.1_Tit #GOTHS.0.2_Tit #GOTHS_Tit #Infant_Tit #Lucius_Tit,63,8
5,1,64,466,#Lucius_Tit,#Aaron_Tit #GOTHS.0.1_Tit #GOTHS.0.2_Tit #GOTHS_Tit #Infant_Tit #Lucius_Tit,10,1
5,1,64,467,#Aaron_Tit,#Aaron_Tit #GOTHS.0.1_Tit #GOTHS.0.2_Tit #GOTHS_Tit #Infant_Tit #Lucius_Tit,9,1
5,1,64,468,#Lucius_Tit,#Aaron_Tit #GOTHS.0.1_Tit #GOTHS.0.2_Tit #GOTHS_Tit #Infant_Tit #Lucius_Tit,17,2
5,1,64,469,#Aaron_Tit,#Aaron_Tit #GOTHS.0.1_Tit #GOTHS.0.2_Tit #GOTHS_Tit #Infant_Tit #Lucius_Tit,109,13
5,1,64,470,#Lucius_Tit,#Aaron_Tit #GOTHS.0.1_Tit #GOTHS.0.2_Tit #GOTHS_Tit #Infant_Tit #Lucius_Tit,10,1
5,1,64,471,#Aaron_Tit,#Aaron_Tit #GOTHS.0.1_Tit #GOTHS.0.2_Tit #GOTHS_Tit #Infant_Tit #Lucius_Tit,9,1
5,1,64,472,#Lucius_Tit,#Aaron_Tit #GOTHS.0.1_Tit #GOTHS.0.2_Tit #GOTHS_Tit #Infant_Tit #Lucius_Tit,6,1
5,1,64,473,#Aaron_Tit,#Aaron_Tit #GOTHS.0.1_Tit #GOTHS.0.2_Tit #GOTHS_Tit #Infant_Tit #Lucius_Tit,43,5
5,1,64,474,#Lucius_Tit,#Aaron_Tit #GOTHS.0.1_Tit #GOTHS.0.2_Tit #GOTHS_Tit #Infant_Tit #Lucius_Tit,7,1
5,1,64,475,#Aaron_Tit,#Aaron_Tit #GOTHS.0.1_Tit #GOTHS.0.2_Tit #GOTHS_Tit #Infant_Tit #Lucius_Tit,20,3
5,1,64,476,#Lucius_Tit,#Aaron_Tit #GOTHS.0.1_Tit #GOTHS.0.2_Tit #GOTHS_Tit #Infant_Tit #Lucius_Tit,6,1
5,1,64,477,#Aaron_Tit,#Aaron_Tit #GOTHS.0.1_Tit #GOTHS.0.2_Tit #GOTHS_Tit #Infant_Tit #Lucius_Tit,193,23
5,1,65,478,#GOTHS.0_Tit,#Aaron_Tit #GOTHS.0.1_Tit #GOTHS.0.2_Tit #GOTHS.0_Tit #GOTHS_Tit #Infant_Tit #Lucius_Tit,9,1
5,1,65,479,#Aaron_Tit,#Aaron_Tit #GOTHS.0.1_Tit #GOTHS.0.2_Tit #GOTHS.0_Tit #GOTHS_Tit #Infant_Tit #Lucius_Tit,9,1
5,1,65,480,#Lucius_Tit,#Aaron_Tit #GOTHS.0.1_Tit #GOTHS.0.2_Tit #GOTHS.0_Tit #GOTHS_Tit #Infant_Tit #Lucius_Tit,8,1
5,1,65,481,#Aaron_Tit,#Aaron_Tit #GOTHS.0.1_Tit #GOTHS.0.2_Tit #GOTHS.0_Tit #GOTHS_Tit #Infant_Tit #Lucius_Tit,173,21
5,1,65,482,#Lucius_Tit,#Aaron_Tit #GOTHS.0.1_Tit #GOTHS.0.2_Tit #GOTHS.0_Tit #GOTHS_Tit #Infant_Tit #Lucius_Tit,16,2
5,1,65,483,#Aaron_Tit,#Aaron_Tit #GOTHS.0.1_Tit #GOTHS.0.2_Tit #GOTHS.0_Tit #GOTHS_Tit #Infant_Tit #Lucius_Tit,32,4
5,1,65,484,#Lucius_Tit,#Aaron_Tit #GOTHS.0.1_Tit #GOTHS.0.2_Tit #GOTHS.0_Tit #GOTHS_Tit #Infant_Tit #Lucius_Tit,10,1
5,1,66,485,#GOTHS.0_Tit,#Aaron_Tit #Aemilius_Tit #GOTHS.0.1_Tit #GOTHS.0.2_Tit #GOTHS.0_Tit #GOTHS_Tit #Infant_Tit #Lucius_Tit,15,2
5,1,66,486,#Lucius_Tit,#Aaron_Tit #Aemilius_Tit #GOTHS.0.1_Tit #GOTHS.0.2_Tit #GOTHS.0_Tit #GOTHS_Tit #Infant_Tit #Lucius_Tit,11,2
5,1,66,487,#Aemilius_Tit,#Aaron_Tit #Aemilius_Tit #GOTHS.0.1_Tit #GOTHS.0.2_Tit #GOTHS.0_Tit #GOTHS_Tit #Infant_Tit #Lucius_Tit,44,6
5,1,66,488,#GOTHS.0_Tit,#Aaron_Tit #Aemilius_Tit #GOTHS.0.1_Tit #GOTHS.0.2_Tit #GOTHS.0_Tit #GOTHS_Tit #Infant_Tit #Lucius_Tit,4,1
5,1,66,489,#Lucius_Tit,#Aaron_Tit #Aemilius_Tit #GOTHS.0.1_Tit #GOTHS.0.2_Tit #GOTHS.0_Tit #GOTHS_Tit #Infant_Tit #Lucius_Tit,20,3
5,2,67,490,#Tamora_Tit,#Chiron_Tit #Demetrius_Tit #Tamora_Tit,60,8
5,2,68,491,#Titus_Tit,#Chiron_Tit #Demetrius_Tit #Tamora_Tit #Titus_Tit,56,7
5,2,68,492,#Tamora_Tit,#Chiron_Tit #Demetrius_Tit #Tamora_Tit #Titus_Tit,8,1
5,2,68,493,#Titus_Tit,#Chiron_Tit #Demetrius_Tit #Tamora_Tit #Titus_Tit,26,3
5,2,68,494,#Tamora_Tit,#Chiron_Tit #Demetrius_Tit #Tamora_Tit #Titus_Tit,10,1
5,2,68,495,#Titus_Tit,#Chiron_Tit #Demetrius_Tit #Tamora_Tit #Titus_Tit,54,8
5,2,68,496,#Tamora_Tit,#Chiron_Tit #Demetrius_Tit #Tamora_Tit #Titus_Tit,101,13
5,2,68,497,#Titus_Tit,#Chiron_Tit #Demetrius_Tit #Tamora_Tit #Titus_Tit,16,2
5,2,68,498,#Tamora_Tit,#Chiron_Tit #Demetrius_Tit #Tamora_Tit #Titus_Tit,8,1
5,2,68,499,#Titus_Tit,#Chiron_Tit #Demetrius_Tit #Tamora_Tit #Titus_Tit,129,16
5,2,68,500,#Tamora_Tit,#Chiron_Tit #Demetrius_Tit #Tamora_Tit #Titus_Tit,8,1
5,2,68,501,#Titus_Tit,#Chiron_Tit #Demetrius_Tit #Tamora_Tit #Titus_Tit,8,1
5,2,68,502,#Tamora_Tit,#Chiron_Tit #Demetrius_Tit #Tamora_Tit #Titus_Tit,15,2
5,2,68,503,#Titus_Tit,#Chiron_Tit #Demetrius_Tit #Tamora_Tit #Titus_Tit,48,6
5,2,69,504,#Tamora_Tit,#Chiron_Tit #Demetrius_Tit #Tamora_Tit,88,11
5,2,70,505,#Titus_Tit,#Chiron_Tit #Demetrius_Tit #Tamora_Tit #Titus_Tit,90,11
5,2,70,506,#Tamora_Tit,#Chiron_Tit #Demetrius_Tit #Tamora_Tit #Titus_Tit,7,1
5,2,70,507,#Demetrius_Tit,#Chiron_Tit #Demetrius_Tit #Tamora_Tit #Titus_Tit,8,1
5,2,70,508,#Chiron_Tit,#Chiron_Tit #Demetrius_Tit #Tamora_Tit #Titus_Tit,18,2
5,2,70,509,#Tamora_Tit,#Chiron_Tit #Demetrius_Tit #Tamora_Tit #Titus_Tit,17,2
5,2,70,510,#Titus_Tit,#Chiron_Tit #Demetrius_Tit #Tamora_Tit #Titus_Tit,101,14
5,2,70,511,#Tamora_Tit,#Chiron_Tit #Demetrius_Tit #Tamora_Tit #Titus_Tit,90,11
5,2,70,512,#Titus_Tit,#Chiron_Tit #Demetrius_Tit #Tamora_Tit #Titus_Tit,7,1
5,2,71,513,#Titus_Tit,#Chiron_Tit #Demetrius_Tit #Marcus_Tit #Tamora_Tit #Titus_Tit,75,9
5,2,71,514,#Marcus_Tit,#Chiron_Tit #Demetrius_Tit #Marcus_Tit #Tamora_Tit #Titus_Tit,8,1
5,2,72,515,#Tamora_Tit,#Chiron_Tit #Demetrius_Tit #Tamora_Tit #Titus_Tit,14,2
5,2,72,516,#Titus_Tit,#Chiron_Tit #Demetrius_Tit #Tamora_Tit #Titus_Tit,24,3
5,2,72,517,#Tamora_Tit,#Chiron_Tit #Demetrius_Tit #Tamora_Tit #Titus_Tit,41,5
5,2,72,518,#Titus_Tit,#Chiron_Tit #Demetrius_Tit #Tamora_Tit #Titus_Tit,25,3
5,2,72,519,#Demetrius_Tit,#Chiron_Tit #Demetrius_Tit #Tamora_Tit #Titus_Tit,7,1
5,2,72,520,#Tamora_Tit,#Chiron_Tit #Demetrius_Tit #Tamora_Tit #Titus_Tit,13,2
5,2,72,521,#Titus_Tit,#Chiron_Tit #Demetrius_Tit #Tamora_Tit #Titus_Tit,8,1
5,2,73,522,#Chiron_Tit,#Chiron_Tit #Demetrius_Tit #Titus_Tit,9,1
5,2,73,523,#Titus_Tit,#Chiron_Tit #Demetrius_Tit #Titus_Tit,15,2
5,2,74,524,#Publius_Tit,#Caius_Tit #Chiron_Tit #Demetrius_Tit #Publius_Tit #Titus_Tit #Valentine_Tit,4,1
5,2,74,525,#Titus_Tit,#Caius_Tit #Chiron_Tit #Demetrius_Tit #Publius_Tit #Titus_Tit #Valentine_Tit,4,1
5,2,74,526,#Publius_Tit,#Caius_Tit #Chiron_Tit #Demetrius_Tit #Publius_Tit #Titus_Tit #Valentine_Tit,8,1
5,2,74,527,#Titus_Tit,#Caius_Tit #Chiron_Tit #Demetrius_Tit #Publius_Tit #Titus_Tit #Valentine_Tit,59,7
5,2,75,528,#Chiron_Tit,#Caius_Tit #Chiron_Tit #Demetrius_Tit #Publius_Tit #Valentine_Tit,7,1
5,2,75,529,#Publius_Tit,#Caius_Tit #Chiron_Tit #Demetrius_Tit #Publius_Tit #Valentine_Tit,28,3
5,2,76,530,#Titus_Tit,#Caius_Tit #Chiron_Tit #Demetrius_Tit #Lavinia_Tit #Publius_Tit #Titus_Tit #Valentine_Tit,334,42
5,3,77,531,#Lucius_Tit,#Aaron_Tit #GOTHS_Tit #Infant_Tit #Lucius_Tit #Marcus_Tit,15,2
5,3,78,532,#GOTHS.0.1_Tit,#Aaron_Tit #GOTHS.0.1_Tit #GOTHS_Tit #Infant_Tit #Lucius_Tit #Marcus_Tit,8,1
5,3,78,533,#Lucius_Tit,#Aaron_Tit #GOTHS.0.1_Tit #GOTHS_Tit #Infant_Tit #Lucius_Tit #Marcus_Tit,53,7
5,3,78,534,#Aaron_Tit,#Aaron_Tit #GOTHS.0.1_Tit #GOTHS_Tit #Infant_Tit #Lucius_Tit #Marcus_Tit,23,3
5,3,78,535,#Lucius_Tit,#Aaron_Tit #GOTHS.0.1_Tit #GOTHS_Tit #Infant_Tit #Lucius_Tit #Marcus_Tit,21,3
5,3,79,536,#Saturninus_Tit,#ATTENDANTS_Tit #Aemilius_Tit #GOTHS.0.1_Tit #GOTHS_Tit #Infant_Tit #Lucius_Tit #Marcus_Tit #Saturninus_Tit #TRIBUNES_Tit #Tamora_Tit,8,1
5,3,79,537,#Lucius_Tit,#ATTENDANTS_Tit #Aemilius_Tit #GOTHS.0.1_Tit #GOTHS_Tit #Infant_Tit #Lucius_Tit #Marcus_Tit #Saturninus_Tit #TRIBUNES_Tit #Tamora_Tit,9,1
5,3,79,538,#Marcus_Tit,#ATTENDANTS_Tit #Aemilius_Tit #GOTHS.0.1_Tit #GOTHS_Tit #Infant_Tit #Lucius_Tit #Marcus_Tit #Saturninus_Tit #TRIBUNES_Tit #Tamora_Tit,46,6
5,3,79,539,#Saturninus_Tit,#ATTENDANTS_Tit #Aemilius_Tit #GOTHS.0.1_Tit #GOTHS_Tit #Infant_Tit #Lucius_Tit #Marcus_Tit #Saturninus_Tit #TRIBUNES_Tit #Tamora_Tit,3,1
5,3,80,540,#Titus_Tit,#ATTENDANTS_Tit #Aemilius_Tit #GOTHS.0.1_Tit #GOTHS_Tit #Infant_Tit #Lavinia_Tit #Lucius_Tit #Marcus_Tit #SERVANTS_Tit #Saturninus_Tit #TRIBUNES_Tit #Tamora_Tit #Titus_Tit #YoungLucius_Tit,29,4
5,3,80,541,#Saturninus_Tit,#ATTENDANTS_Tit #Aemilius_Tit #GOTHS.0.1_Tit #GOTHS_Tit #Infant_Tit #Lavinia_Tit #Lucius_Tit #Marcus_Tit #SERVANTS_Tit #Saturninus_Tit #TRIBUNES_Tit #Tamora_Tit #Titus_Tit #YoungLucius_Tit,6,1
5,3,80,542,#Titus_Tit,#ATTENDANTS_Tit #Aemilius_Tit #GOTHS.0.1_Tit #GOTHS_Tit #Infant_Tit #Lavinia_Tit #Lucius_Tit #Marcus_Tit #SERVANTS_Tit #Saturninus_Tit #TRIBUNES_Tit #Tamora_Tit #Titus_Tit #YoungLucius_Tit,16,2
5,3,80,543,#Tamora_Tit,#ATTENDANTS_Tit #Aemilius_Tit #GOTHS.0.1_Tit #GOTHS_Tit #Infant_Tit #Lavinia_Tit #Lucius_Tit #Marcus_Tit #SERVANTS_Tit #Saturninus_Tit #TRIBUNES_Tit #Tamora_Tit #Titus_Tit #YoungLucius_Tit,7,1
5,3,80,544,#Titus_Tit,#ATTENDANTS_Tit #Aemilius_Tit #GOTHS.0.1_Tit #GOTHS_Tit #Infant_Tit #Lavinia_Tit #Lucius_Tit #Marcus_Tit #SERVANTS_Tit #Saturninus_Tit #TRIBUNES_Tit #Tamora_Tit #Titus_Tit #YoungLucius_Tit,39,5
5,3,80,545,#Saturninus_Tit,#ATTENDANTS_Tit #Aemilius_Tit #GOTHS.0.1_Tit #GOTHS_Tit #Infant_Tit #Lavinia_Tit #Lucius_Tit #Marcus_Tit #SERVANTS_Tit #Saturninus_Tit #TRIBUNES_Tit #Tamora_Tit #Titus_Tit #YoungLucius_Tit,3,1
5,3,80,546,#Titus_Tit,#ATTENDANTS_Tit #Aemilius_Tit #GOTHS.0.1_Tit #GOTHS_Tit #Infant_Tit #Lavinia_Tit #Lucius_Tit #Marcus_Tit #SERVANTS_Tit #Saturninus_Tit #TRIBUNES_Tit #Tamora_Tit #Titus_Tit #YoungLucius_Tit,4,1
5,3,80,547,#Saturninus_Tit,#ATTENDANTS_Tit #Aemilius_Tit #GOTHS.0.1_Tit #GOTHS_Tit #Infant_Tit #Lavinia_Tit #Lucius_Tit #Marcus_Tit #SERVANTS_Tit #Saturninus_Tit #TRIBUNES_Tit #Tamora_Tit #Titus_Tit #YoungLucius_Tit,16,2
5,3,80,548,#Titus_Tit,#ATTENDANTS_Tit #Aemilius_Tit #GOTHS.0.1_Tit #GOTHS_Tit #Infant_Tit #Lavinia_Tit #Lucius_Tit #Marcus_Tit #SERVANTS_Tit #Saturninus_Tit #TRIBUNES_Tit #Tamora_Tit #Titus_Tit #YoungLucius_Tit,36,5
5,3,80,549,#Saturninus_Tit,#ATTENDANTS_Tit #Aemilius_Tit #GOTHS.0.1_Tit #GOTHS_Tit #Infant_Tit #Lavinia_Tit #Lucius_Tit #Marcus_Tit #SERVANTS_Tit #Saturninus_Tit #TRIBUNES_Tit #Tamora_Tit #Titus_Tit #YoungLucius_Tit,7,1
5,3,80,550,#Titus_Tit,#ATTENDANTS_Tit #Aemilius_Tit #GOTHS.0.1_Tit #GOTHS_Tit #Infant_Tit #Lavinia_Tit #Lucius_Tit #Marcus_Tit #SERVANTS_Tit #Saturninus_Tit #TRIBUNES_Tit #Tamora_Tit #Titus_Tit #YoungLucius_Tit,35,4
5,3,80,551,#Saturninus_Tit,#ATTENDANTS_Tit #Aemilius_Tit #GOTHS.0.1_Tit #GOTHS_Tit #Infant_Tit #Lavinia_Tit #Lucius_Tit #Marcus_Tit #SERVANTS_Tit #Saturninus_Tit #TRIBUNES_Tit #Tamora_Tit #Titus_Tit #YoungLucius_Tit,9,1
5,3,80,552,#Titus_Tit,#ATTENDANTS_Tit #Aemilius_Tit #GOTHS.0.1_Tit #GOTHS_Tit #Infant_Tit #Lavinia_Tit #Lucius_Tit #Marcus_Tit #SERVANTS_Tit #Saturninus_Tit #TRIBUNES_Tit #Tamora_Tit #Titus_Tit #YoungLucius_Tit,11,2
5,3,80,553,#Tamora_Tit,#ATTENDANTS_Tit #Aemilius_Tit #GOTHS.0.1_Tit #GOTHS_Tit #Infant_Tit #Lavinia_Tit #Lucius_Tit #Marcus_Tit #SERVANTS_Tit #Saturninus_Tit #TRIBUNES_Tit #Tamora_Tit #Titus_Tit #YoungLucius_Tit,8,1
5,3,80,554,#Titus_Tit,#ATTENDANTS_Tit #Aemilius_Tit #GOTHS.0.1_Tit #GOTHS_Tit #Infant_Tit #Lavinia_Tit #Lucius_Tit #Marcus_Tit #SERVANTS_Tit #Saturninus_Tit #TRIBUNES_Tit #Tamora_Tit #Titus_Tit #YoungLucius_Tit,24,3
5,3,80,555,#Saturninus_Tit,#ATTENDANTS_Tit #Aemilius_Tit #GOTHS.0.1_Tit #GOTHS_Tit #Infant_Tit #Lavinia_Tit #Lucius_Tit #Marcus_Tit #SERVANTS_Tit #Saturninus_Tit #TRIBUNES_Tit #Tamora_Tit #Titus_Tit #YoungLucius_Tit,7,1
5,3,80,556,#Titus_Tit,#ATTENDANTS_Tit #Aemilius_Tit #GOTHS.0.1_Tit #GOTHS_Tit #Infant_Tit #Lavinia_Tit #Lucius_Tit #Marcus_Tit #SERVANTS_Tit #Saturninus_Tit #TRIBUNES_Tit #Tamora_Tit #Titus_Tit #YoungLucius_Tit,32,4
5,3,80,557,#Saturninus_Tit,#ATTENDANTS_Tit #Aemilius_Tit #GOTHS.0.1_Tit #GOTHS_Tit #Infant_Tit #Lavinia_Tit #Lucius_Tit #Marcus_Tit #SERVANTS_Tit #Saturninus_Tit #TRIBUNES_Tit #Tamora_Tit #Titus_Tit #YoungLucius_Tit,7,1
5,3,80,558,#Lucius_Tit,#ATTENDANTS_Tit #Aemilius_Tit #GOTHS.0.1_Tit #GOTHS_Tit #Infant_Tit #Lavinia_Tit #Lucius_Tit #Marcus_Tit #SERVANTS_Tit #Saturninus_Tit #TRIBUNES_Tit #Tamora_Tit #Titus_Tit #YoungLucius_Tit,17,2
5,3,80,559,#Marcus_Tit,#ATTENDANTS_Tit #Aemilius_Tit #GOTHS.0.1_Tit #GOTHS_Tit #Infant_Tit #Lavinia_Tit #Lucius_Tit #Marcus_Tit #SERVANTS_Tit #Saturninus_Tit #TRIBUNES_Tit #Tamora_Tit #Titus_Tit #YoungLucius_Tit,218,29
5,3,80,560,#Lucius_Tit,#ATTENDANTS_Tit #Aemilius_Tit #GOTHS.0.1_Tit #GOTHS_Tit #Infant_Tit #Lavinia_Tit #Lucius_Tit #Marcus_Tit #SERVANTS_Tit #Saturninus_Tit #TRIBUNES_Tit #Tamora_Tit #Titus_Tit #YoungLucius_Tit,178,23
5,3,80,561,#Marcus_Tit,#ATTENDANTS_Tit #Aemilius_Tit #GOTHS.0.1_Tit #GOTHS_Tit #Infant_Tit #Lavinia_Tit #Lucius_Tit #Marcus_Tit #SERVANTS_Tit #Saturninus_Tit #TRIBUNES_Tit #Tamora_Tit #Titus_Tit #YoungLucius_Tit,139,19
5,3,80,562,#Aemilius_Tit,#ATTENDANTS_Tit #Aemilius_Tit #GOTHS.0.1_Tit #GOTHS_Tit #Infant_Tit #Lavinia_Tit #Lucius_Tit #Marcus_Tit #SERVANTS_Tit #Saturninus_Tit #TRIBUNES_Tit #Tamora_Tit #Titus_Tit #YoungLucius_Tit,31,4
5,3,80,563,#ATTENDANTS_Tit #TRIBUNES_Tit,#ATTENDANTS_Tit #Aemilius_Tit #GOTHS.0.1_Tit #GOTHS_Tit #Infant_Tit #Lavinia_Tit #Lucius_Tit #Marcus_Tit #SERVANTS_Tit #Saturninus_Tit #TRIBUNES_Tit #Tamora_Tit #Titus_Tit #YoungLucius_Tit,6,1
5,3,80,564,#Marcus_Tit,#ATTENDANTS_Tit #Aemilius_Tit #GOTHS.0.1_Tit #GOTHS_Tit #Infant_Tit #Lavinia_Tit #Lucius_Tit #Marcus_Tit #SERVANTS_Tit #Saturninus_Tit #TRIBUNES_Tit #Tamora_Tit #Titus_Tit #YoungLucius_Tit,27,4
5,3,81,565,#ATTENDANTS_Tit #TRIBUNES_Tit,#ATTENDANTS_Tit #Aemilius_Tit #GOTHS.0.1_Tit #GOTHS_Tit #Infant_Tit #Lavinia_Tit #Lucius_Tit #Marcus_Tit #Saturninus_Tit #TRIBUNES_Tit #Tamora_Tit #Titus_Tit #YoungLucius_Tit,6,1
5,3,81,566,#Lucius_Tit,#ATTENDANTS_Tit #Aemilius_Tit #GOTHS.0.1_Tit #GOTHS_Tit #Infant_Tit #Lavinia_Tit #Lucius_Tit #Marcus_Tit #Saturninus_Tit #TRIBUNES_Tit #Tamora_Tit #Titus_Tit #YoungLucius_Tit,71,9
5,3,81,567,#Marcus_Tit,#ATTENDANTS_Tit #Aemilius_Tit #GOTHS.0.1_Tit #GOTHS_Tit #Infant_Tit #Lavinia_Tit #Lucius_Tit #Marcus_Tit #Saturninus_Tit #TRIBUNES_Tit #Tamora_Tit #Titus_Tit #YoungLucius_Tit,33,4
5,3,81,568,#Lucius_Tit,#ATTENDANTS_Tit #Aemilius_Tit #GOTHS.0.1_Tit #GOTHS_Tit #Infant_Tit #Lavinia_Tit #Lucius_Tit #Marcus_Tit #Saturninus_Tit #TRIBUNES_Tit #Tamora_Tit #Titus_Tit #YoungLucius_Tit,62,7
5,3,81,569,#Marcus_Tit,#ATTENDANTS_Tit #Aemilius_Tit #GOTHS.0.1_Tit #GOTHS_Tit #Infant_Tit #Lavinia_Tit #Lucius_Tit #Marcus_Tit #Saturninus_Tit #TRIBUNES_Tit #Tamora_Tit #Titus_Tit #YoungLucius_Tit,42,5
5,3,81,570,#YoungLucius_Tit,#ATTENDANTS_Tit #Aemilius_Tit #GOTHS.0.1_Tit #GOTHS_Tit #Infant_Tit #Lavinia_Tit #Lucius_Tit #Marcus_Tit #Saturninus_Tit #TRIBUNES_Tit #Tamora_Tit #Titus_Tit #YoungLucius_Tit,36,4
5,3,82,571,#TRIBUNES.0.1_Tit,#ATTENDANTS_Tit #Aaron_Tit #Aemilius_Tit #GOTHS.0.1_Tit #GOTHS.0_Tit #GOTHS_Tit #Infant_Tit #Lavinia_Tit #Lucius_Tit #Marcus_Tit #Saturninus_Tit #TRIBUNES.0.1_Tit #TRIBUNES_Tit #Tamora_Tit #Titus_Tit #YoungLucius_Tit,21,3
5,3,82,572,#Lucius_Tit,#ATTENDANTS_Tit #Aaron_Tit #Aemilius_Tit #GOTHS.0.1_Tit #GOTHS.0_Tit #GOTHS_Tit #Infant_Tit #Lavinia_Tit #Lucius_Tit #Marcus_Tit #Saturninus_Tit #TRIBUNES.0.1_Tit #TRIBUNES_Tit #Tamora_Tit #Titus_Tit #YoungLucius_Tit,42,5
5,3,82,573,#Aaron_Tit,#ATTENDANTS_Tit #Aaron_Tit #Aemilius_Tit #GOTHS.0.1_Tit #GOTHS.0_Tit #GOTHS_Tit #Infant_Tit #Lavinia_Tit #Lucius_Tit #Marcus_Tit #Saturninus_Tit #TRIBUNES.0.1_Tit #TRIBUNES_Tit #Tamora_Tit #Titus_Tit #YoungLucius_Tit,61,7
5,3,83,574,#Lucius_Tit,#ATTENDANTS_Tit #Aemilius_Tit #GOTHS.0.1_Tit #GOTHS_Tit #Infant_Tit #Lavinia_Tit #Lucius_Tit #Marcus_Tit #Saturninus_Tit #TRIBUNES.0.1_Tit #TRIBUNES_Tit #Tamora_Tit #Titus_Tit #YoungLucius_Tit,75,10
